-- phpMyAdmin SQL Dump
-- version 4.8.4
-- https://www.phpmyadmin.net/
--
-- Host: 127.0.0.1:3306
-- Generation Time: Jun 19, 2023 at 11:11 AM
-- Server version: 5.7.24
-- PHP Version: 7.2.14

SET SQL_MODE = "NO_AUTO_VALUE_ON_ZERO";
SET AUTOCOMMIT = 0;
START TRANSACTION;
SET time_zone = "+00:00";


/*!40101 SET @OLD_CHARACTER_SET_CLIENT=@@CHARACTER_SET_CLIENT */;
/*!40101 SET @OLD_CHARACTER_SET_RESULTS=@@CHARACTER_SET_RESULTS */;
/*!40101 SET @OLD_COLLATION_CONNECTION=@@COLLATION_CONNECTION */;
/*!40101 SET NAMES utf8mb4 */;

--
-- Database: `imes`
--

-- --------------------------------------------------------

--
-- Table structure for table `tbaccount1`
--

DROP TABLE IF EXISTS `tbaccount1`;
CREATE TABLE IF NOT EXISTS `tbaccount1` (
  `account1_id` int(11) NOT NULL AUTO_INCREMENT,
  `account1_name` varchar(50) NOT NULL,
  `account1_number` int(6) NOT NULL DEFAULT '0',
  `account1_chartAccountID` int(6) NOT NULL DEFAULT '0',
  PRIMARY KEY (`account1_id`)
) ENGINE=InnoDB AUTO_INCREMENT=6 DEFAULT CHARSET=latin1;

--
-- Dumping data for table `tbaccount1`
--

INSERT INTO `tbaccount1` (`account1_id`, `account1_name`, `account1_number`, `account1_chartAccountID`) VALUES
(1, 'ASSETS', 1000, 1),
(2, 'LIABILITIES', 2000, 1),
(3, 'EQUITY', 3000, 1),
(4, 'REVENUE', 4000, 2),
(5, 'EXPENSE', 5000, 2);

-- --------------------------------------------------------

--
-- Table structure for table `tbaccount2`
--

DROP TABLE IF EXISTS `tbaccount2`;
CREATE TABLE IF NOT EXISTS `tbaccount2` (
  `account2_id` int(11) NOT NULL AUTO_INCREMENT,
  `account2_name` varchar(50) NOT NULL,
  `account2_number` int(6) NOT NULL DEFAULT '0',
  `account2_account1ID` int(6) NOT NULL DEFAULT '0',
  PRIMARY KEY (`account2_id`)
) ENGINE=InnoDB AUTO_INCREMENT=11 DEFAULT CHARSET=latin1;

--
-- Dumping data for table `tbaccount2`
--

INSERT INTO `tbaccount2` (`account2_id`, `account2_name`, `account2_number`, `account2_account1ID`) VALUES
(1, 'CURRENT ASSET', 1100, 1),
(2, 'FIXED ASSET', 1200, 1),
(3, 'CURRENT LIABILITIES', 2100, 2),
(4, 'NON-CURRENT LIABILITIES', 2200, 2),
(5, 'OPERATING  REVENUE', 4100, 4),
(6, 'NON-OPERATING REVENUE', 4200, 4),
(7, 'COGS', 5100, 5),
(8, 'OPERATING EXPENSES', 5200, 5),
(9, 'EQUITY ACCOUNT', 3100, 3),
(10, 'NON OPERATING EXPENSE', 5300, 5);

-- --------------------------------------------------------

--
-- Table structure for table `tbaccount3`
--

DROP TABLE IF EXISTS `tbaccount3`;
CREATE TABLE IF NOT EXISTS `tbaccount3` (
  `account3_id` int(11) NOT NULL AUTO_INCREMENT,
  `account3_name` varchar(50) NOT NULL,
  `account3_number` int(6) NOT NULL DEFAULT '0',
  `account3_account2ID` int(6) NOT NULL DEFAULT '0',
  `account3_group` varchar(2) NOT NULL COMMENT 'CA = Cash Account, UT=Utilities Account',
  `account3_accountNumber` varchar(100) NOT NULL COMMENT 'account number, other identity etc',
  PRIMARY KEY (`account3_id`)
) ENGINE=InnoDB AUTO_INCREMENT=21 DEFAULT CHARSET=latin1;

--
-- Dumping data for table `tbaccount3`
--

INSERT INTO `tbaccount3` (`account3_id`, `account3_name`, `account3_number`, `account3_account2ID`, `account3_group`, `account3_accountNumber`) VALUES
(1, 'CASH ON HAND', 1102, 1, 'CA', ''),
(2, 'ACCOUNTS RECEIVABLE', 1150, 1, '', ''),
(3, 'INVENTORY', 1151, 1, '', ''),
(4, 'SALES', 4101, 5, '', ''),
(5, 'PETTY CASH', 1101, 1, '', ''),
(6, 'ACCOUNTS PAYABLE', 2101, 3, '', ''),
(7, 'MAYBANK', 1103, 1, 'CA', ''),
(8, 'PUBLIC BANK', 1104, 1, 'CA', ''),
(9, 'BANK NAME', 1105, 1, 'CA', ''),
(10, 'SALES TAX PAYABLE', 2102, 3, '', ''),
(11, 'ROUNDING ACCOUNT', 5290, 8, '', ''),
(12, 'PURCHASE ACCOUNT', 5201, 8, '', ''),
(13, 'ELECTRICITY', 5202, 8, 'UT', ''),
(14, 'WATER', 5203, 8, 'UT', ''),
(16, 'COGS', 5101, 7, '', ''),
(17, 'INCOME TAX', 5301, 10, '', ''),
(19, 'OWNERS CAPITAL', 3101, 9, '', ''),
(20, 'RETAINED EARNINGS', 3102, 9, '', '');

-- --------------------------------------------------------

--
-- Table structure for table `tbaccount4`
--

DROP TABLE IF EXISTS `tbaccount4`;
CREATE TABLE IF NOT EXISTS `tbaccount4` (
  `account4_id` int(11) NOT NULL AUTO_INCREMENT,
  `account4_account3ID` int(6) NOT NULL DEFAULT '0',
  `account4_date` date NOT NULL,
  `account4_reference` varchar(100) NOT NULL,
  `account4_documentType` varchar(4) NOT NULL,
  `account4_documentTypeID` int(10) NOT NULL DEFAULT '0',
  `account4_description` varchar(100) NOT NULL,
  `account4_debit` decimal(10,2) NOT NULL DEFAULT '0.00',
  `account4_credit` decimal(10,2) NOT NULL DEFAULT '0.00',
  `account4_sort` int(1) NOT NULL DEFAULT '1' COMMENT '0=opening/closing balance, 1 = normal ledger accounts, 2=closing balance',
  PRIMARY KEY (`account4_id`),
  KEY `account4_documentType` (`account4_documentType`)
) ENGINE=InnoDB AUTO_INCREMENT=19 DEFAULT CHARSET=latin1;

--
-- Dumping data for table `tbaccount4`
--

INSERT INTO `tbaccount4` (`account4_id`, `account4_account3ID`, `account4_date`, `account4_reference`, `account4_documentType`, `account4_documentTypeID`, `account4_description`, `account4_debit`, `account4_credit`, `account4_sort`) VALUES
(1, 5, '2023-01-01', 'AP', 'APO', 88, 'Opening Balance', '100.00', '0.00', 0),
(2, 15, '2023-01-01', 'AP', 'APO', 88, 'Opening Balance', '0.00', '100.00', 0),
(3, 1, '2023-01-01', 'AP', 'APO', 89, 'Opening Balance', '200.00', '0.00', 0),
(4, 15, '2023-01-01', 'AP', 'APO', 89, 'Opening Balance', '0.00', '200.00', 0),
(5, 7, '2023-01-01', 'AP', 'APO', 90, 'Opening Balance', '300.00', '0.00', 0),
(6, 15, '2023-01-01', 'AP', 'APO', 90, 'Opening Balance', '0.00', '300.00', 0),
(7, 8, '2023-01-01', 'AP', 'APO', 91, 'Opening Balance', '400.00', '0.00', 0),
(8, 15, '2023-01-01', 'AP', 'APO', 91, 'Opening Balance', '0.00', '400.00', 0),
(9, 9, '2023-01-01', 'AP', 'APO', 92, 'Opening Balance', '500.00', '0.00', 0),
(10, 15, '2023-01-01', 'AP', 'APO', 92, 'Opening Balance', '0.00', '500.00', 0),
(11, 2, '2023-01-01', 'AP', 'APO', 93, 'Opening Balance', '600.00', '0.00', 0),
(12, 15, '2023-01-01', 'AP', 'APO', 93, 'Opening Balance', '0.00', '600.00', 0),
(13, 3, '2023-01-01', 'AP', 'APO', 94, 'Opening Balance', '1000.00', '0.00', 0),
(14, 15, '2023-01-01', 'AP', 'APO', 94, 'Opening Balance', '0.00', '1000.00', 0),
(15, 6, '2023-01-01', 'AP', 'APO', 95, 'Opening Balance', '0.00', '200.00', 0),
(16, 10, '2023-01-01', 'AP', 'APO', 96, 'Opening Balance', '0.00', '300.00', 0),
(17, 19, '2023-01-01', 'AP', 'APO', 97, 'Opening Balance', '0.00', '450.00', 0),
(18, 20, '2023-01-01', 'AP', 'APO', 98, 'Opening Balance', '0.00', '2150.00', 0);

-- --------------------------------------------------------

--
-- Table structure for table `tbaccountingperiod`
--

DROP TABLE IF EXISTS `tbaccountingperiod`;
CREATE TABLE IF NOT EXISTS `tbaccountingperiod` (
  `accountingPeriod_id` int(11) NOT NULL AUTO_INCREMENT,
  `accountingPeriod_dateStart` date DEFAULT NULL,
  `accountingPeriod_dateEnd` date DEFAULT NULL,
  `accountingPeriod_status` varchar(1) NOT NULL DEFAULT 'o' COMMENT 'o=open, c=close, t=temporary close',
  `accountingPeriod_userID` int(11) NOT NULL DEFAULT '0' COMMENT 'user id of person who create',
  `accountingPeriod_yearInfo` varchar(50) NOT NULL COMMENT 'year info, the finacial year etc',
  PRIMARY KEY (`accountingPeriod_id`)
) ENGINE=InnoDB AUTO_INCREMENT=9 DEFAULT CHARSET=latin1;

--
-- Dumping data for table `tbaccountingperiod`
--

INSERT INTO `tbaccountingperiod` (`accountingPeriod_id`, `accountingPeriod_dateStart`, `accountingPeriod_dateEnd`, `accountingPeriod_status`, `accountingPeriod_userID`, `accountingPeriod_yearInfo`) VALUES
(8, '2023-01-01', '2023-12-31', 'o', 0, '');

-- --------------------------------------------------------

--
-- Table structure for table `tbaccountingperioddetail`
--

DROP TABLE IF EXISTS `tbaccountingperioddetail`;
CREATE TABLE IF NOT EXISTS `tbaccountingperioddetail` (
  `accountingPeriodDetail_id` int(11) NOT NULL AUTO_INCREMENT,
  `accountingPeriodDetail_accountingPeriodID` int(11) NOT NULL COMMENT 'FK from tbaccountingperiod',
  `accountingPeriodDetail_openDebitBalance` decimal(10,2) NOT NULL DEFAULT '0.00',
  `accountingPeriodDetail_closeDebitBalance` decimal(10,2) NOT NULL DEFAULT '0.00',
  `accountingPeriodDetail_openCreditBalance` decimal(10,2) NOT NULL DEFAULT '0.00',
  `accountingPeriodDetail_closeCreditBalance` decimal(10,2) NOT NULL DEFAULT '0.00',
  `accountingPeriodDetail_debitAmount` decimal(10,2) NOT NULL DEFAULT '0.00',
  `accountingPeriodDetail_creditAmount` decimal(10,2) NOT NULL DEFAULT '0.00',
  `accountingPeriodDetail_dateCreated` date DEFAULT NULL,
  `accountingPeriodDetail_generated` varchar(1) NOT NULL COMMENT 'a=auto generated, m=manual key in',
  `accountingPeriodDetail_account3ID` int(11) NOT NULL,
  PRIMARY KEY (`accountingPeriodDetail_id`)
) ENGINE=MyISAM AUTO_INCREMENT=99 DEFAULT CHARSET=latin1;

--
-- Dumping data for table `tbaccountingperioddetail`
--

INSERT INTO `tbaccountingperioddetail` (`accountingPeriodDetail_id`, `accountingPeriodDetail_accountingPeriodID`, `accountingPeriodDetail_openDebitBalance`, `accountingPeriodDetail_closeDebitBalance`, `accountingPeriodDetail_openCreditBalance`, `accountingPeriodDetail_closeCreditBalance`, `accountingPeriodDetail_debitAmount`, `accountingPeriodDetail_creditAmount`, `accountingPeriodDetail_dateCreated`, `accountingPeriodDetail_generated`, `accountingPeriodDetail_account3ID`) VALUES
(97, 8, '0.00', '0.00', '450.00', '0.00', '0.00', '0.00', '2023-01-01', 'm', 19),
(96, 8, '0.00', '0.00', '300.00', '0.00', '0.00', '0.00', '2023-01-01', 'm', 10),
(95, 8, '0.00', '0.00', '200.00', '0.00', '0.00', '0.00', '2023-01-01', 'm', 6),
(94, 8, '1000.00', '0.00', '0.00', '0.00', '0.00', '0.00', '2023-01-01', 'm', 3),
(93, 8, '600.00', '0.00', '0.00', '0.00', '0.00', '0.00', '2023-01-01', 'm', 2),
(92, 8, '500.00', '0.00', '0.00', '0.00', '0.00', '0.00', '2023-01-01', 'm', 9),
(91, 8, '400.00', '0.00', '0.00', '0.00', '0.00', '0.00', '2023-01-01', 'm', 8),
(90, 8, '300.00', '0.00', '0.00', '0.00', '0.00', '0.00', '2023-01-01', 'm', 7),
(89, 8, '200.00', '0.00', '0.00', '0.00', '0.00', '0.00', '2023-01-01', 'm', 1),
(88, 8, '100.00', '0.00', '0.00', '0.00', '0.00', '0.00', '2023-01-01', 'm', 5),
(98, 8, '0.00', '0.00', '2150.00', '0.00', '0.00', '0.00', '2023-01-01', 'm', 20);

-- --------------------------------------------------------

--
-- Table structure for table `tbchartaccount`
--

DROP TABLE IF EXISTS `tbchartaccount`;
CREATE TABLE IF NOT EXISTS `tbchartaccount` (
  `chartAccount_id` int(11) NOT NULL AUTO_INCREMENT,
  `chartAccount_name` varchar(50) NOT NULL,
  PRIMARY KEY (`chartAccount_id`)
) ENGINE=InnoDB AUTO_INCREMENT=3 DEFAULT CHARSET=latin1;

--
-- Dumping data for table `tbchartaccount`
--

INSERT INTO `tbchartaccount` (`chartAccount_id`, `chartAccount_name`) VALUES
(1, 'BALANCE SHEET'),
(2, 'INCOME STATEMENT');

-- --------------------------------------------------------

--
-- Table structure for table `tbcompany`
--

DROP TABLE IF EXISTS `tbcompany`;
CREATE TABLE IF NOT EXISTS `tbcompany` (
  `company_id` int(2) NOT NULL AUTO_INCREMENT,
  `company_name` varchar(100) NOT NULL,
  `company_no` varchar(25) NOT NULL,
  `company_address1` varchar(100) NOT NULL,
  `company_address2` varchar(100) NOT NULL,
  `company_telFax` varchar(100) NOT NULL,
  `company_quotationTerms` text NOT NULL,
  `company_purchaseOrderTerms` text NOT NULL,
  `company_deliveryOrderTerms` text NOT NULL,
  `company_invoiceTerms` text NOT NULL,
  `company_logo` varchar(50) NOT NULL,
  `company_dueDate` int(3) NOT NULL DEFAULT '0',
  PRIMARY KEY (`company_id`)
) ENGINE=InnoDB AUTO_INCREMENT=2 DEFAULT CHARSET=latin1;

--
-- Dumping data for table `tbcompany`
--

INSERT INTO `tbcompany` (`company_id`, `company_name`, `company_no`, `company_address1`, `company_address2`, `company_telFax`, `company_quotationTerms`, `company_purchaseOrderTerms`, `company_deliveryOrderTerms`, `company_invoiceTerms`, `company_logo`, `company_dueDate`) VALUES
(1, 'HYBRID TECHNOLOGIES SOLUTIONS', '002184186-A', 'NO 4 JALAN 2/3, TAMAN BAHAGIA, PETALING JAYA', '47300,  SELANGOR D.E', '+60 16 291 6107  ksnsewerageworks@gmail.com', '<p><strong>Quotation Terms</strong></p><ol><li>Quatation is valid two weeks from date above.</li><li>Payment should be made to <strong>KSN SEWERAGE ENGINEERING SERVICE</strong> &quot; at Public Bank 3122 136 534&nbsp;</li></ol>', '<p><strong>Purchase Order Terms</strong></p><ol><li>PO terms annd te ther day</li><li>f.) Hirer have to issue the Purchase Order before we can proceed the job.</li></ol>', '<p><strong>Delivery Order Terms</strong></p><p>a.) All necessary documentation permit to enter the jobsite shall be arranged by the Hirer.<br />b.) All lifting Gears to be provided by the Hirer.<br />c.) Sunday &amp; Public Holiday considered as overtime and minimum 8hrs.</p>', '<p><strong>Invoice Terms</strong></p><ul><li>Payment should be made to ( <strong>Maybank </strong>) <strong>AJ HYBRID EURO TECH</strong> <strong>512491169957</strong></li></ul>', 'logo5981.png', 15);

-- --------------------------------------------------------

--
-- Table structure for table `tbcreditnote`
--

DROP TABLE IF EXISTS `tbcreditnote`;
CREATE TABLE IF NOT EXISTS `tbcreditnote` (
  `creditNote_id` int(11) NOT NULL AUTO_INCREMENT,
  `creditNote_no` varchar(30) NOT NULL,
  `creditNote_date` date NOT NULL,
  `creditNote_invoiceID` int(11) NOT NULL,
  `creditNote_title` varchar(200) NOT NULL,
  `creditNote_from` varchar(50) NOT NULL,
  `creditNote_terms` text NOT NULL,
  `creditNote_attention` varchar(100) NOT NULL,
  `creditNote_email` varchar(100) NOT NULL,
  `creditNote_subTotal` decimal(10,2) NOT NULL DEFAULT '0.00',
  `creditNote_taxTotal` decimal(10,2) NOT NULL DEFAULT '0.00',
  `creditNote_grandTotal` decimal(10,2) NOT NULL DEFAULT '0.00',
  `creditNote_discountTotal` decimal(10,2) NOT NULL DEFAULT '0.00',
  `creditNote_totalAfterDiscount` decimal(10,2) NOT NULL DEFAULT '0.00',
  `creditNote_roundAmount` decimal(10,2) NOT NULL DEFAULT '0.00',
  `creditNote_grandTotalRound` decimal(10,2) NOT NULL DEFAULT '0.00',
  `creditNote_roundStatus` int(1) NOT NULL DEFAULT '0',
  `creditNote_content` text NOT NULL,
  PRIMARY KEY (`creditNote_id`)
) ENGINE=InnoDB AUTO_INCREMENT=5 DEFAULT CHARSET=latin1;

--
-- Dumping data for table `tbcreditnote`
--

INSERT INTO `tbcreditnote` (`creditNote_id`, `creditNote_no`, `creditNote_date`, `creditNote_invoiceID`, `creditNote_title`, `creditNote_from`, `creditNote_terms`, `creditNote_attention`, `creditNote_email`, `creditNote_subTotal`, `creditNote_taxTotal`, `creditNote_grandTotal`, `creditNote_discountTotal`, `creditNote_totalAfterDiscount`, `creditNote_roundAmount`, `creditNote_grandTotalRound`, `creditNote_roundStatus`, `creditNote_content`) VALUES
(1, 'CN/2023/349', '2023-05-01', 4, '', '', '', 'Mr Gobalan', 'gobalan2829@gmail.com', '800.00', '0.00', '800.00', '0.00', '800.00', '0.00', '800.00', 1, ''),
(3, 'CN/2023/350', '2023-05-26', 13, '', '', '', 'SISTER ENDA', 'sister_assunta@hotmail.com', '188.00', '4.68', '191.77', '0.91', '187.09', '0.00', '191.77', 0, ''),
(4, 'CN/2023/351', '2023-05-27', 26, '', '', '', 'SUHUMARAN DURAISAMY', '', '4481.95', '0.00', '4481.95', '0.00', '4481.95', '0.00', '4481.95', 0, '');

-- --------------------------------------------------------

--
-- Table structure for table `tbcreditnotedetail`
--

DROP TABLE IF EXISTS `tbcreditnotedetail`;
CREATE TABLE IF NOT EXISTS `tbcreditnotedetail` (
  `creditNoteDetail_id` int(11) NOT NULL AUTO_INCREMENT,
  `creditNoteDetail_creditNoteID` int(10) NOT NULL,
  `creditNoteDetail_no1` varchar(200) NOT NULL,
  `creditNoteDetail_no2` varchar(200) NOT NULL,
  `creditNoteDetail_no3` decimal(10,2) NOT NULL DEFAULT '0.00',
  `creditNoteDetail_no4` varchar(200) NOT NULL,
  `creditNoteDetail_bold` int(11) NOT NULL DEFAULT '0' COMMENT '0=normal, 1=bold',
  `creditNoteDetail_sortID` int(2) NOT NULL DEFAULT '0',
  `creditNoteDetail_no5` decimal(10,2) NOT NULL DEFAULT '0.00',
  `creditNoteDetail_rowTotal` decimal(10,2) NOT NULL DEFAULT '0.00',
  `creditNoteDetail_taxRateID` int(10) NOT NULL DEFAULT '0',
  `creditNoteDetail_taxPercent` decimal(10,2) NOT NULL DEFAULT '0.00',
  `creditNoteDetail_taxTotal` decimal(10,2) NOT NULL DEFAULT '0.00',
  `creditNoteDetail_rowGrandTotal` decimal(10,2) NOT NULL DEFAULT '0.00',
  `creditNoteDetail_discountPercent` decimal(10,2) NOT NULL DEFAULT '0.00',
  `creditNoteDetail_discountAmount` decimal(10,2) NOT NULL DEFAULT '0.00',
  `creditNoteDetail_rowTotalAfterDiscount` decimal(10,2) NOT NULL DEFAULT '0.00',
  PRIMARY KEY (`creditNoteDetail_id`)
) ENGINE=InnoDB AUTO_INCREMENT=39 DEFAULT CHARSET=latin1;

--
-- Dumping data for table `tbcreditnotedetail`
--

INSERT INTO `tbcreditnotedetail` (`creditNoteDetail_id`, `creditNoteDetail_creditNoteID`, `creditNoteDetail_no1`, `creditNoteDetail_no2`, `creditNoteDetail_no3`, `creditNoteDetail_no4`, `creditNoteDetail_bold`, `creditNoteDetail_sortID`, `creditNoteDetail_no5`, `creditNoteDetail_rowTotal`, `creditNoteDetail_taxRateID`, `creditNoteDetail_taxPercent`, `creditNoteDetail_taxTotal`, `creditNoteDetail_rowGrandTotal`, `creditNoteDetail_discountPercent`, `creditNoteDetail_discountAmount`, `creditNoteDetail_rowTotalAfterDiscount`) VALUES
(13, 1, '1.', 'TO SUPPLY LABOUR AND TOOLS FOR CLEAR RUSTY AND SLUDGE IN CONCRETE WATER TANK.', '12.00', 'UNITS', 0, 1, '0.00', '0.00', 2, '6.00', '0.00', '0.00', '0.00', '0.00', '0.00'),
(14, 1, '2.', 'TO SUPPLY LABOUR AND TOOLS FOR CLEAR RUSTY AND SLUDGE IN FIBER WATER TANK ( SIZE  1600 X 800 X 1600)', '12.00', 'UNITS', 0, 2, '0.00', '0.00', 4, '34.00', '0.00', '0.00', '2.00', '0.00', '0.00'),
(15, 1, '3.', 'TO SUPPLY LABOUR AND TOOLS FOR CLEAR RUSTY AND SLUDGE IN FIBER WATER TANK ( SIZE  2800 X 2000 X 3200 )', '24.00', 'UNITS', 0, 3, '0.00', '0.00', 1, '0.00', '0.00', '0.00', '0.00', '0.00', '0.00'),
(16, 1, '4.', 'BOLT & NUT FOR FITTINGS, BRACKETS ETC', '89.00', 'PCS', 0, 4, '0.00', '0.00', 4, '34.00', '0.00', '0.00', '0.00', '0.00', '0.00'),
(17, 1, '5.', 'TO SUPPLY ELBOW AND FITTINGS TO REPAIR LEAKING  (USE SCAFFFOLDING)', '2.00', '', 0, 5, '0.00', '0.00', 1, '0.00', '0.00', '0.00', '0.00', '0.00', '0.00'),
(18, 1, '6.', 'TO REMOVE ALL DEBRIS AND UNUSED PARTS / MATERIALS FROM WORKSITE AND DISPOSE AT AUTHORISED SITE', '0.00', '', 0, 6, '800.00', '800.00', 1, '0.00', '0.00', '800.00', '0.00', '0.00', '800.00'),
(19, 1, '7.', 'TO SUPPLY ALL TOOLS, MATERIALS AND SKILLED WORKERS TO COMPLETE THE JOB.', '0.00', '', 0, 7, '0.00', '0.00', 1, '0.00', '0.00', '0.00', '0.00', '0.00', '0.00'),
(20, 1, '8.', 'TO FOLLOW ALL SAFETY PROCEDURES AT WORK SITE AT ALL TIMES', '0.00', '', 0, 8, '0.00', '0.00', 1, '0.00', '0.00', '0.00', '0.00', '0.00', '0.00'),
(21, 1, '9.', 'TRANSPORT CHARGES NOT INCLDUDE IN THE INVOICE. PAID SEPARATELY', '0.00', '', 0, 9, '0.00', '0.00', 1, '0.00', '0.00', '0.00', '0.00', '0.00', '0.00'),
(22, 1, '', '', '0.00', '', 0, 10, '0.00', '0.00', 1, '0.00', '0.00', '0.00', '0.00', '0.00', '0.00'),
(23, 1, '', '', '0.00', '', 0, 11, '0.00', '0.00', 1, '0.00', '0.00', '0.00', '0.00', '0.00', '0.00'),
(24, 1, '', '', '0.00', '', 0, 12, '0.00', '0.00', 1, '0.00', '0.00', '0.00', '0.00', '0.00', '0.00'),
(29, 3, '', 'CALENDAR FOR YEAR 2023 INCLUDING STICKERS MICKEY MOUSE', '0.00', 'PCS', 0, 1, '7.00', '7.00', 1, '0.00', '0.00', '6.65', '5.00', '0.35', '6.65'),
(30, 3, '', 'CAR TINTING SERVICE - V COOL HOLLAND TYPE', '0.00', 'PCS', 0, 2, '7.00', '7.00', 1, '0.00', '0.00', '7.00', '0.00', '0.00', '7.00'),
(31, 3, '', 'LABOUR TO REPLACE PARTS & SERVICE', '0.00', 'bundles', 0, 3, '7.00', '7.00', 1, '0.00', '0.00', '6.44', '8.00', '0.56', '6.44'),
(32, 3, '', 'TO USE TOOLS AND MANUALLY ENTER THE  DRAIN TO REMOVE ALL SAND, STONES, DEBRIS ETC FROM THE SIDES AND BOTTOM OF DRAIN.', '0.00', 'LOT', 0, 4, '89.00', '89.00', 1, '0.00', '0.00', '89.00', '0.00', '0.00', '89.00'),
(33, 3, '', 'REMOVE WINDSCREEN AND TINTING WORKS DONE FOR THE WHOLE CAR', '0.00', 'UNITS', 0, 5, '78.00', '78.00', 2, '6.00', '4.68', '82.68', '0.00', '0.00', '78.00'),
(34, 4, '1', 'CALENDAR FOR YEAR 2023 INCLUDING STICKERS MICKEY MOUSE', '0.00', 'PCS', 0, 1, '50.95', '50.95', 1, '0.00', '0.00', '50.95', '0.00', '0.00', '50.95'),
(35, 4, '2', 'CAR TINTING SERVICE - V COOL HOLLAND TYPE', '0.00', 'PCS', 0, 2, '66.00', '66.00', 1, '0.00', '0.00', '66.00', '0.00', '0.00', '66.00'),
(36, 4, '3', 'PREPARE HOUSE TENANCY AGREEMENT FOR CUSTOMER FOR THE YEAR 2023 AND 2024', '0.00', 'LOT', 0, 3, '0.00', '0.00', 1, '0.00', '0.00', '0.00', '0.00', '0.00', '0.00'),
(37, 4, '4', 'TO USE TOOLS AND MANUALLY ENTER THE  DRAIN TO REMOVE ALL SAND, STONES, DEBRIS ETC FROM THE SIDES AND BOTTOM OF DRAIN.', '0.00', 'LOT', 0, 4, '3700.00', '3700.00', 1, '0.00', '0.00', '3700.00', '0.00', '0.00', '3700.00'),
(38, 4, '5', 'APPLE WATCH SMART', '0.00', 'PCS', 0, 5, '665.00', '665.00', 1, '0.00', '0.00', '665.00', '0.00', '0.00', '665.00');

-- --------------------------------------------------------

--
-- Table structure for table `tbcustomer`
--

DROP TABLE IF EXISTS `tbcustomer`;
CREATE TABLE IF NOT EXISTS `tbcustomer` (
  `customer_id` int(11) NOT NULL AUTO_INCREMENT,
  `customer_name` varchar(150) NOT NULL,
  `customer_address` varchar(250) NOT NULL,
  `customer_tel` varchar(30) NOT NULL,
  `customer_type` int(1) NOT NULL DEFAULT '1' COMMENT '1=customer, 2 = supplier 3=staff',
  `customer_email` varchar(100) NOT NULL,
  `customer_attention` varchar(50) NOT NULL,
  `customer_deliveryAddress` varchar(250) NOT NULL,
  PRIMARY KEY (`customer_id`),
  KEY `customer_name` (`customer_name`)
) ENGINE=InnoDB AUTO_INCREMENT=228 DEFAULT CHARSET=latin1;

--
-- Dumping data for table `tbcustomer`
--

INSERT INTO `tbcustomer` (`customer_id`, `customer_name`, `customer_address`, `customer_tel`, `customer_type`, `customer_email`, `customer_attention`, `customer_deliveryAddress`) VALUES
(1, 'Suhumaran Duraisamy', 'No 34 Jalan Petaling Jaya\r\nJalan 45000 Kuala Lumpur', '012 654 9809', 1, 'suhu556@gmail.com', '', ''),
(2, 'Sham Sredar', 'No 23 Jalan Kelaing', '324243511', 3, 'ewfqrwe tn tqnwt@gmail.com', '', ''),
(3, 'AMERICAN TABACCO MALAYSIA BERHAD', 'Putra Perdana', '06-7800 5640', 3, 'american_88@hotmailcom', 'Mr John Tan', 'Puchong, Selangor'),
(5, 'Jurong Port Klang Sdn Bhd', 'Lot 67 Jalan Port Kalng 56/45 Taman Berkeley Selangor', '012 654 9809', 3, 'port_klang@hotmail.com', 'Ms Prema Nair', ''),
(6, 'VENICE VISION SDN BHD', 'NO 45 JALAN SS 6/90,\r\nKELANA JAYA\r\nPETALING JAYA, SELANGOR', '03 - 5600 9067', 1, 'lim_90@gmail.com', 'Ms Lim Ah Keong', ''),
(7, 'Restoran Saji Sdn Bhd', '', '', 1, '', '', ''),
(8, 'Ayurvedic Lestari Centre Sdn Bhd', 'No 34 Jalan USJ2/3, \r\nTaman Subang Jaya, \r\nSelangor D.E, \r\nMalaysia (South East Asia)', '03-6764 0987', 1, 'ayur_90@gmail.com', 'Hariharan', ''),
(9, 'PERCETAKAN CHEMY SDN BHD', '', '', 1, '', '', ''),
(10, 'CHURCH LOURDES', '', '', 1, '', '', ''),
(11, 'JERNIH SEWERAGE MAINTENANCE SDN BHD', 'No 45 Jalan SS 3/90 Taman Bahagia PJ', '03 7865 9098', 1, 'sara_98@hotmail.com', 'Mr Saravanan', ''),
(12, 'Berjaya Eara Resources', 'No 45 Jalan SS 5/7 Taman Kelana Jaya,\r\nSelangor D.E', '012 543 9008', 2, 'berjaya_eara@yahoo.com', 'Mr Paramisivam', ''),
(13, 'Proslip Sheet (M) Sdn Bhd', 'No 90, Jalan Klang Lama 4/5,\r\nTaman Sentosa, Selangor D.E, Malaysia', '012 8884 889', 2, 'jevah89@hotmail.com', 'Mr Jeevah', 'No 344 Jalan Suruhan Jaya, Centro Building, Klang, Malaysia'),
(14, 'PUSAT NIAGA SDN BHD', 'PUCHONG, SELANGOR', '3143253532', 1, 'CCDahgfdahfj', 'MR ALI', ''),
(15, 'KSN Sewerage Engineering Services', 'No 4, Jalan SS 5C/23, Taman Kelana Jaya', '603-7865 9073', 1, 'ksnsewerageworks@gmail.com', 'Madam Kavita', ''),
(16, 'INTEL CORPORATION SDN BHD', '', '', 1, '', '', ''),
(17, 'VKPT Payroll Sdn Bhd', 'No 45 Jalan Klang Lama, 34900 Ipoh, Perak', '05-78765 0098', 1, 'vkptpayroll@yahoo.com', 'Mr Vellu', ''),
(18, 'F & N MALAYSIA BERHAD', 'NO 45 JALAN KLANG, PORT KLANG 43009 SELANGOR D.E', '05-78765 0098', 1, 'fn_malaysia@gmail.com', 'ENCIK KAMARUDDIN', 'NO 333 LOT 45 PANDAMARAN WAREHOUSE, PORT KLANG'),
(19, 'RESTORAN ACCHA CURRY HOUSE SDN BHD', '', '', 1, '', '', ''),
(20, 'PES OIL & GAS SDN BHD', 'NO 54-09 JALAN UP78/345 TAMAN SRI DAMANSARA, 56400 SELANGOR D.E', '05-876543200', 1, 'pes_oilgas@gmail.com', 'MR ALBERT', ''),
(21, 'EPSON PRECISION MALAYSIA SDN BHD', 'Lot No 1, Jalan Persiaran Industri, Taman Perindustrian Sri Damansara, \r\n52200 Kuala Lumpur', '03-6272 9078', 1, 'devi_epson@gmail.com', 'Madam Devi Nair', 'No 45 Warehouse Klang 45099 Port Klang'),
(22, 'GIANT SUPERMARKET SDN BHD (SELAYANG)', 'No 34 Jalan Puchong 45/90 Taman Puchong Prima, Selangor D.E, Malaysia', '03 7654 0098', 1, 'giant_selayang@gmail.com', 'Mr Teng Ken Fatt', 'No 112 Jalan Puchong 45/90 Taman Puchong Prima, Selangor D.E, Malaysia (Warehouse)'),
(23, 'YONG SOON FATT SDN BHD', 'LOT 1504, BATU 8 1/2 JALAN KLANG LAMA KLANG, SELANGOR D.E Malaysia', '03 56782009', 0, 'soonfatt@hotmail.com', 'Mr Alex Tan', 'Port Klang'),
(24, 'PERSATUAN TELUGU MALAYSIA (CAWANGAN KAJANG)', 'NO 56 JALAN SS 6/90, PETALING JAYA\r\nSELANGOR D.E', '03-6750 0098', 1, 'telug_assc@gmail.com', 'MR KUMAR RAO', ''),
(25, 'VIENDA RESOURCES', 'SHAH ALAM', '', 1, '', 'DATIN AIDA', ''),
(26, 'WXX 7985 ( VW POLO )', '', '', 1, '', 'DR CHOW', ''),
(27, 'SYARIKAT XYZ SDN BHD', 'LOT 1001-015 NO 80 JLN BARU\r\nSRI BUNGA KERTAS\r\n50490 KUALA LUMPUR', '', 1, '', 'Encik Joy', ''),
(28, 'WYM 8219 ( TOYOTA VELLFIRE  )', '', '', 1, '', 'DATO YM TONG', ''),
(29, 'WPN 1027 ( TOYOTA VIOS)', '', '', 1, '', 'MR CHRIS', ''),
(30, 'JAYA GROCER SDN BHD', 'NO 45, JALAM PJS 45/90,\r\nTAMAN SUBANG JAYA,\r\nSELANGOR D.E', '03-5670 98088', 1, 'jaya_grocer@hotmail.com', 'MR ALEX CHAN', ''),
(31, 'OK Radio Sdn Bhd', '', '', 1, '', '', ''),
(32, 'RAMESH SINGH', 'No 34 Jalan SS5C/23 Taman Kelana Jaya, Selangor D.E', '', 1, '', 'Mr kARPAL Singh', ''),
(33, 'DAman Crimson Management Corporation', 'Crimson Apt, 2nd Floor (Club House), No 1,Jalan PJU 1A/41, Ara Jaya,47301 Petaling Jaya,\r\nSelangor D.E', '', 1, 'dcmc.crimson@gmail.com', 'Mr.Rajan', ''),
(34, 'ROYAL PORT DICKSON YACHT CLUB', 'BATU 4 1/2 , JALAN PANTAI, SI RUSA, 71050, \r\nNEGERI SEMBILAN DK', '', 1, 'gobalan2829@gmail.com', 'Mr Gobalan', ''),
(35, 'S & J BARCODE SDN BHD', 'NO 27, FIRST FLOOR, LORONG HELANG 2, DESA PERMAI INDAH, PENANG', '012 4181 890', 1, '', 'MR DERICK', ''),
(36, 'JMB TENDERFIELDS', 'NO 1 LINGKARAN ECO MAJESTIC\r\n43500 SEMENYIH SELANGOR', '', 1, '', '', ''),
(37, 'NESTLE (M) SDN BHD', 'NO 34 JALAN TANDANG, TAMAN SENTOSA, OLD TOWN, PETALING JAYA, SELANGOR D.E', '03-8986 0098', 1, 'kenny_nestle@nestlemalaysia.com', 'MR KENNY (MANAGER)', 'NO 34 JALAN TANDANG, TAMAN SENTOSA, OLD TOWN, PETALING JAYA, SELANGOR D.E'),
(39, 'IMPIAN WATER CONSORTIUM BERHAD', '', '', 1, '', 'MR GANESON', ''),
(40, 'CITY SEWERAGE SDN BHD', '', '', 1, '', 'MR RAMESH (DATOK)', ''),
(42, 'TEST 2', '', '', 1, '', '', ''),
(44, 'VINMURA TRADING SDN BHD', '', '', 1, '', 'MR CHANDRAN', ''),
(46, 'TEST 10', '', '', 1, '', '', ''),
(47, 'TEST 11', '', '', 1, '', '', ''),
(48, 'Melati Abdul Hai', '', '', 1, '', '', ''),
(51, 'AHSN DYNAMIC (M) SDN BHD', 'No 45 Jalan Pinang, Taman Midah, 45600 Cheras, Malaysia', '03 56782191', 2, 'ahsn_90@gmail.com', 'Mr Balvinder Singh', 'No 45 Jalan Pinang, Taman Midah, 45600 Cheras, Malaysia'),
(52, 'MELEWAR STEEL (M) SDN BHD', '', '', 3, '', '', ''),
(53, 'CITY ENVIRONMENT SDN BHD', '', '', 1, '', '', ''),
(54, 'CASIO SDN BHD', 'Lot 34 Petaling garden 33400 Petaling Jaya', '03 5677 9098', 1, '', 'Ms Faridah', ''),
(55, 'PRUDENTIAL INSURANCE', '', '', 1, '', '', ''),
(56, 'PROTON BERHAD', '', '', 1, '', 'MR TEE CHONG', ''),
(57, 'IOI Properties Group Berhad', 'Level 25, IOI City Tower 2, Lebuh IRC, IOI Resort City, 62502 Putrajaya, Malaysia.', '+603-8947 6659', 1, 'shanice.wong@ioigroup.com', 'Shanice Wong  ( Contracts Executive )', ''),
(58, 'INDAH KOTA SDN BHD', '', '', 1, '', '', ''),
(59, 'RIANA GREEN JOINT MANAGEMENT BODY', 'No. 1, Jalan PJU 3/1C (Jalan Tropicana Utara)\r\n47410 Petaling Jaya', '03-78064409', 1, 'manager.rianagreen@gmail.com', 'Vegan - Building Manager', ''),
(60, 'MATSHUSHITA SDN BHD', '', '', 1, '', '', ''),
(61, 'AZAM BARU ENTERPRISE', 'NO 31 JALAN INDAH 3/8 \r\nPUCHONG INDAH \r\nPUCHONG 47150\r\nSELANGOR D.E', '05 8765 9008', 1, 'jumaatengineering@gmail.com', 'Mr Kamaruddin', ''),
(62, 'KIMGRES MARKETING SDN BHD', 'LOT 5 JALAN KILANG / JALAN 217 46050 PETALING JAYA, SELANGOR', '', 1, 'azhar.rahman@kimgres.com', 'ENCIK AZHAR', ''),
(63, 'IMPIAN WATER KONSORTIUM SDN BHD', '', '', 1, '', 'MR GANAESON', ''),
(64, 'RESTORAN YEE SUNG', '', '', 1, '', '', ''),
(65, 'IOI PROPERTIES (M) SDN BHD', '', '', 1, '', '', ''),
(66, 'INDAH WATER KORSITIUM SDN BHD', '', '', 1, '', '', ''),
(67, 'CARSOME MALAYSIA SDN BHD', 'No 45 Jalan Petaling 5/6 Taman Midah Jaya, Petaling Jaya, Selangor D.E', '03 7865 9088', 3, 'caresome_90@gmail.com', 'Mr Ramachandrean', 'Lot 4590 Warehouse Taman Midah Jaya, Petaling Jaya, Selangor D.E'),
(68, 'SPAN BERHAD', '', '', 1, '', '', ''),
(69, 'TENAGA NASIONAL BERHAD', 'NO 34 JALAN BANGSAR, KL', '012 654 8976', 1, 'guru_tnb@gmail.com', 'MR GURU PALANISAMY', 'NO 67 JALAN BENTONG KARAK, PAHANG'),
(70, 'SURUHANJAYA SYARIKAT MALAYSIA', '', '', 1, '', 'MR EZWAN', ''),
(71, 'CALTEX (M) SDN BHD', '', '', 1, '', '', ''),
(72, 'COKE COLA SDN BHD', '', '', 1, '', '', ''),
(74, 'ALAGAPAS CURRY POWDER (M) SDN BHD', 'Lot 19 Jalan Bangsar, Selangor', '03 3490 0032', 0, 'alagapas@hotmail.com', 'Mr Anamalai', ''),
(75, 'CALTEX OILS SDN BHD', '', '', 1, '', 'MR RAYMOND', ''),
(76, 'BADAN PENGURUSAN BERSAMA LAKEVILLE RESIDENCE', 'NO 68 JALAN SIBU, TAMAN WAHYU 68100 BATU CAVES, KUALA LUMPUR', '016 7876009', 2, '', 'SERI WAHYU RESINDENCE MANAGEMENT OFFICE', ''),
(77, 'UKRAINE FLOOR MILL SDN BHD', '', '', 1, '', '', ''),
(79, 'PANASONIC MALAYSIA (M) SDN BHD', 'NO 45 LOT 6690 TAMAN SRI MUDA, SHAH ALAM', '03-8909 6755', 1, 'panasonic_malaysia@gmail.com', 'MR CHANDRAN', ''),
(80, 'KELAB SUKAN GOLD SELANGOR SDN BHD', '', '', 1, '', 'MR KAMARUDDING', ''),
(81, 'AVINOR SDN BHD', 'Damansara', '012 653 9009', 0, 'avinor@gmail.com', 'Mr Zeizen', 'Klang'),
(82, 'MATSHUSHITA (M) SDN BHD', '', '', 1, '', '', ''),
(83, 'DESA DAMANSARA MANAGEMENT CORPORATION', 'NO 99 JALAN SETIAKASIH, BUKIT DAMANSARA, 50490 KUALA LUMPUR', '03 2095 5099', 1, 'desa_90@gmail.com', 'Ms Fatimah Kassim', ''),
(84, 'HAZLAN SABTU GRAB ENTERPRIZE', '', '', 1, '', '', ''),
(85, 'NASIR AIRMAS SDN BHD', '', '', 1, '', '', ''),
(87, 'RAINE HORNE & ZAKI PROPERTY MANAGEMENT SDN BHD', 'NO 10 JALAN JALIL JAYA 2 JALIL LINK, BUKIT JALIL 57000 KUALA LUMPUR', '', 1, 'timothy@rainehome.com.my', 'MR TIMOTHY', ''),
(88, 'KEN HUAT HARDWARE SDN BHD', 'NO 4 JALAN SS 2/4 TAMAN BAHAGIA, PETALING JAYA, SELANGOR', '03-8976 5434', 2, 'ken_huat89@gmail.com', 'MR HUAT', ''),
(89, 'JAYA GROCER SDN BHD', '', '', 2, '', '', ''),
(90, 'VILLAGE GROCER SDN BHD', '', '', 2, '', '', ''),
(91, 'PETRONAS BERHAD', '', '', 2, '', '', ''),
(92, 'PREMIO STATIONARY SDN BHD', '', '', 2, '', '', ''),
(93, 'RIGHTONTRACK SDN BHD', 'E-12-1, BLOCK E, PLAZA GLOMAC, \nJALAN SS7/19, KELANA JAYA, \n47300 PETALING JAYA, SELANGOR', '603-7805 2999', 1, 'info@rightontrack.com.my', '', ''),
(94, 'CLEAN SEWERS SERVICES SDN BHD', 'NO 34 JALAN SR PETALING 4/5, \nTAMAN WAHYU, \nSHAH ALAM, \nSELANGOR D.E', '03 5640 0031', 1, 'admin@clean_sewers.com', 'MR RAMESH / SHOBA', ''),
(95, 'WPR 4597 ( TOYOTA VIOS NCP42 )', '', '', 1, '', 'JAMES LOWERENCE', ''),
(96, 'COLGATE PALMOLIVE SDN BHD', '', '', 1, '', '', ''),
(97, 'MOTOROLLA SDN BHD', 'NO 45 JALAN FREE TRADE ZONE, 56000 KELANA JAYA, SELANGOR', '03-9988 7700', 1, '', 'MR SELVAM', 'NO 90 JALAN FREE TRADE ZONE, 56000 KELANA JAYA, SELANGOR'),
(99, 'PEPSI COLA', '', '', 1, '', '', ''),
(100, 'MICROSOFT SDN BHD', '', '', 1, '', '', ''),
(102, 'SDDSD', '', '', 1, '', '', ''),
(105, 'TEMPLE ISWASRI', '', '', 3, '', '', ''),
(106, 'VASANTHI', '', '', 1, '', '', ''),
(107, 'RAJU', '', '', 1, '', '', ''),
(109, 'MUTHU AIRCOND SDN BHD', '', '', 3, '', '', ''),
(111, 'EVERGLADE SDN BHD', '', '', 3, '', '', ''),
(112, 'YONG SOON hardware', '', '', 3, '', '', ''),
(114, 'APPLE COMPUTER BERHAD', '', '', 1, '', '', ''),
(115, 'TOSHIBA MANAFACTURES', '', '', 1, '', '', ''),
(116, 'Zoo Negara', '', '', 3, '', '', ''),
(117, 'RESTORAN CHUTNEY BOX', '', '', 1, '', '', ''),
(118, 'BADAN PENGURUSAN BERSAMA KENNY HILL', '', '', 3, '', '', ''),
(119, 'RESTORAN SAJI SDN BHD', 'TAMAN SIA ALAM', '03 6540 9009', 3, 'saji@gmail.com', '', ''),
(120, 'BATERY TECHNICAN SDN BHD', '', '03 4589 7665', 3, '', 'Mr Frank', ''),
(122, 'MOTROLLA', '', '', 3, '', '', ''),
(123, 'COMPUTER SALES', '', '', 3, '', '', ''),
(124, 'APPLE CHINA MADE', '', '', 3, '', '', ''),
(131, 'SERDANG MEDICAL CENTRE', 'LOT 45 TAMAN SERI SERDANG, SELANGOR', '03 9098 3450', 2, 'serdang_hospital@gmail.com', 'DR YAMESH', ''),
(132, 'INDAH WATER KONSORTIUM  BERHAD', 'LOT 73 JALAN DAMANSARA, KL', '03 4560 2003', 2, 'care@iwk.com.my', 'MR ALI KAMARUDDIN', 'LOT 73 JALAN DAMANSARA, KL'),
(139, 'PRINTING ALLEN SDN BHD', '', '', 1, '', '', ''),
(142, 'RESTORAN SPICE GARDEN', '', '', 1, '', '', ''),
(143, 'GREAT EASTERN SDN BHD', 'WISMA GREAT ESTERN, AMPANG', '03 785 9099', 1, '', 'MR TEE', ''),
(144, 'WESTERN DIGITAL (M) SDN BHD', 'KELANA JAYA, FREE TRADE ZONE', '03 7650 0091', 1, '', 'MR YOGI', ''),
(145, 'MOTOROLLA BERHAD', '', '', 1, '', 'MR PREM ANAN', ''),
(146, 'SEKOLAH MENENGAH KEBANGSAAN PEREMPUAN SRI AMAN', '', '', 1, '', 'CIKGU RAMESH', ''),
(147, 'AA PHARMACY SDN BHD', 'KELANA JAYA', '012 7654 900', 1, '', '', ''),
(148, 'AJININOMOTO SDN BHD', '', '', 1, '', '', ''),
(149, 'TESTING E232', '', '', 1, '', '', ''),
(150, 'MUTHU TESTING', '', '', 1, '', '', ''),
(151, 'SONY (M) SDN BHD', '', '', 1, '', '', ''),
(152, 'SEKOLAH MENENGAH LA SALLE PJ', 'JALAN GASING, PETALING JAYA', '03 - 6530 9870', 1, 'lasalle_pj@gmail.com', 'BRO FELIX', ''),
(153, 'SEKOLAH SERI PETALING', '', '', 1, '', '', ''),
(154, 'REGINA DELETE', '', '', 1, '', '', ''),
(156, 'SAMY DELETE', '', '', 1, '', '', ''),
(158, 'RESTORAN CHETTIES KLANG BRANCH', '', '', 1, '', '', ''),
(161, 'JUNIOR', '', '', 1, '', '', ''),
(162, 'testing', '', '', 1, '', '', ''),
(163, 'SELIYAN swaminthan', '', '', 1, '', '', ''),
(164, 'melati abdul hai', '', '', 1, '', '', ''),
(166, 'KUMAR  RAO', '', '', 1, '', '', ''),
(167, 'MARUMAN CORPORATION SDN BHD', '', '', 1, '', '', ''),
(168, 'RAMESH KARUMAN', '', '', 1, '', '', ''),
(169, 'MUTH SAMY', '', '', 1, '', '', ''),
(170, 'McDonald Sdn Bhd', '', '', 1, '', '', ''),
(171, 'GUARDIAN PHARMACY', '', '', 1, '', '', ''),
(172, 'CADBURY CDN BHD', 'PUCHONG, SELANGOR', '09 4500 2312', 2, '', 'MR LEE SOOK KENG', ''),
(173, 'muruga', '', '', 1, '', '', ''),
(174, 'PERBADANAN PENGURUSAN PANGSAPURI DESA PALMA', 'Block C, Ground Floor,\nDesa Palma Apartment\n71800 Nilai, Negeri Sembilan,\nAttention: Ms. Kithana', '', 1, '', 'MANAGEMENT OFFICE', ''),
(175, 'ENGINEERING COLLEGE', '', '', 1, '', '', ''),
(176, 'GRAND CITY RESTORAN', '', '', 1, '', '', ''),
(177, 'SAMY', '', '', 1, '', '', ''),
(178, 'MEL SYSTEMS COMPUTER SDN BHD', 'KELANA JAYA', '012 653 9434', 1, 'suhupriya@gmail.com', 'SUHUMARAN', ''),
(179, 'yogeswari', '', '', 1, '', '', ''),
(180, 'barbara', '', '', 1, '', '', ''),
(181, 'MS ALICIA LEGAL SOLITOR', '', '', 1, '', '', ''),
(182, 'thyalan', '', '', 1, '', '', ''),
(183, 'RESTORAN KRISHANA', 'KAMPUNG TUNGKU', '03 6764 8976', 1, 'restorankrishna@gmail.com', 'MR GOPAL', ''),
(184, 'MURAGESU', '', '', 1, '', '', ''),
(185, 'APPLE COMPUTERS', 'CYBERJAYA', '', 1, '', 'MR JOBS', ''),
(186, 'MALAVIKA MENON', '', '', 1, '', '', ''),
(187, 'JAPAN CORPORATION', '', '', 1, '', '', ''),
(188, 'ANITA KERESHWANAN', '', '', 1, '', '', ''),
(189, 'WKV2191', '', '012 653 9434', 1, '', 'SUHUMARAN DURAISAMY', ''),
(190, 'SRS MAINTENANCE SDN BHD', '', '', 1, '', 'MDM LOGES', ''),
(191, 'ASSUNTA SECONDARY SCHOOL', 'JALAN GASING, SELANGOR D.E', '603-7865 9002', 1, 'sister_assunta@hotmail.com', 'SISTER ENDA', ''),
(192, 'special', '', '', 1, '', '', ''),
(193, 'AYURVEDIC CENTRE SUBANG BRANCH', 'SUBANG JAYA SELANGOR', '012 654 9087', 2, 'hari@gmail.com', 'MR HARIHAREN', ''),
(195, 'MPSJ SEPANG COUNCIL', 'SEPANG', '06-8700 9865', 2, 'sepang@gov.com.my', 'ENCIK RAHMAN MOHD', ''),
(196, 'GLENEAGLE MEDICAL CENTRE', 'AMPANG', '012 5690 876', 3, 'ganesh_doctor@gmail.com', 'DOCTOR GANESH', ''),
(197, 'CARTIER WATCH SDN BHD', '', '', 1, '', 'Mr Cartier', ''),
(198, 'WEST PORT HOLDINGS SDN BHD', '', '', 1, '', 'MR GNALINGAM', ''),
(199, 'INTEL CORPORATION', '', '', 1, '', 'MR GROVE', ''),
(200, 'MICROSOFT SDN BHD', 'ampang', '03 5430 0098', 1, 'patrick@gmail.com', 'PATRICK DUTTON', 'klang'),
(201, 'NESTLE SDN BHD', 'NO 34 JALAN SS5C/34 KELANA JAYA', '03 5640 9987', 1, 'kenny_67@gmail.com', 'KENNY TAN', 'SELANGOR'),
(202, 'AAA INSURANCE SDN BHD', 'PENANG TOWN', '09 5439 0098', 1, 'aaa_insurance@gmail.com', 'MADAM AISAH', ''),
(203, 'VOLLEY BALL ASSOCIATION MALAYSIA', 'NO 34 JALAN PETALING STREET, \nKUALA LUMPUR, PENANG', '05 8900 9800', 1, 'volleyball_msia@gmail.com', 'MR KAMARUL', ''),
(204, 'fgfgfgfhfhfhfhfhf', '', '', 1, '', '', ''),
(205, 'ramesh', '', '', 1, '', '', ''),
(206, 'SEREMBAN TELUGU ASSOCIATION', '', '', 1, '', '', ''),
(207, 'RESTORAN KAYU ARA SDN BHD', '', '', 1, '', 'MR KADIR', ''),
(208, 'TNB SDN BHD', '', '', 1, '', '', ''),
(209, 'ASIAN CURRY POT SDN BHD', 'KELANA JAYA', '', 1, '', 'THOMAS RAJ', ''),
(210, 'TOYATA (M) SDN BHD', 'NO 990 JALAN YAP SENG LONG, KL', '03 4300 9951', 1, '', 'MR KARPAL SINGH', ''),
(211, 'KLINIK SIVA SDN BHD', '', '', 1, '', '', ''),
(212, 'SEKOLAH MENENGAH SUNGAI WAY (CINA)', 'SUNGAI WAY', '', 1, '', 'MS LEE SOOK LING', ''),
(213, 'SEKOLAH MENENGAH TAMIL BRICKFILED', '', '', 1, '', '', ''),
(214, 'CHURCH OF LOURDES (TAMPIN)', '', '', 1, '', '', ''),
(215, 'GEORGE KENT SDN BHD', 'PUTRA PERDANA', '03 6549 0087', 1, 'george_kent@hotmail.com', 'MR ALFRED CHONG', 'klang warehouse'),
(216, 'THE CHICKEN RICE SDN BHD', '', '', 2, '', '', ''),
(217, 'DIGI MALAYSIA SDN BHD', '', '', 1, '', '', ''),
(218, 'WATER SUPPLY SDN BHD', '', '', 2, '', '', ''),
(219, 'WATER CLEANER SDN BHD', '', '', 2, '', '', ''),
(220, 'LOTUS CINEMAS SDN BHD', '', '', 2, '', '', ''),
(221, 'LANGKAVI TOURISM SDN BHD', '', '', 2, '', '', ''),
(222, 'Arvin Samy', '', '', 2, '', '', ''),
(223, 'Muthu Samy', '', '', 2, '', '', ''),
(224, 'DATO RAVI', '', '', 1, '', '', ''),
(225, 'GREENHILL RESOURCES SDN BHD', 'No 2, Jalan Setia Indah X U13/X\nSetia Alam, 40170 Shah Alam\nSelangor', '', 1, '', '', ''),
(226, 'HP COMPUTER  COMPANY', 'LOT 3232 JALAN PUDU, KUALA LUMPUR', '03 4560 8700', 1, 'hp_computer@gmail.com', 'MR ALEX TAN', ''),
(227, 'AJK 6 ( PORSCHE PANAMERA )', '', '', 1, '', 'DR CHOW', '');

-- --------------------------------------------------------

--
-- Table structure for table `tbcustomeraccount`
--

DROP TABLE IF EXISTS `tbcustomeraccount`;
CREATE TABLE IF NOT EXISTS `tbcustomeraccount` (
  `customerAccount_id` int(11) NOT NULL AUTO_INCREMENT,
  `customerAccount_customerID` int(11) NOT NULL DEFAULT '0',
  `customerAccount_date` date NOT NULL,
  `customerAccount_reference` varchar(100) NOT NULL,
  `customerAccount_documentType` varchar(4) NOT NULL,
  `customerAccount_documentTypeID` int(11) NOT NULL DEFAULT '0',
  `customerAccount_description` varchar(100) NOT NULL,
  `customerAccount_debit` decimal(10,2) NOT NULL DEFAULT '0.00',
  `customerAccount_credit` decimal(10,2) NOT NULL DEFAULT '0.00',
  PRIMARY KEY (`customerAccount_id`)
) ENGINE=InnoDB AUTO_INCREMENT=395 DEFAULT CHARSET=latin1;

--
-- Dumping data for table `tbcustomeraccount`
--

INSERT INTO `tbcustomeraccount` (`customerAccount_id`, `customerAccount_customerID`, `customerAccount_date`, `customerAccount_reference`, `customerAccount_documentType`, `customerAccount_documentTypeID`, `customerAccount_description`, `customerAccount_debit`, `customerAccount_credit`) VALUES
(1, 51, '2023-01-21', 'IN/2023/001', 'INV', 1, 'INVOICE', '1000.00', '0.00'),
(2, 51, '2023-01-21', 'IN/2023/002', 'INV', 2, 'INVOICE', '500.00', '0.00'),
(3, 67, '2023-01-21', 'IN/2023/003', 'INV', 3, 'INVOICE', '6500.00', '0.00'),
(8, 76, '2023-01-21', 'IN/2023/004', 'INV', 4, '', '3206.00', '0.00'),
(9, 76, '2023-01-21', 'IN/2023/005', 'INV', 5, 'INVOICE', '3374.95', '0.00'),
(12, 53, '2023-01-21', 'IN/2023/009', 'INV', 7, 'INVOICE', '17000.00', '0.00'),
(16, 53, '2023-01-19', 'RPT/2023/009', 'PAY', 9, 'PAYMENT', '0.00', '4897.75'),
(18, 76, '2023-01-22', 'IN/2023/010', 'INV', 8, 'INVOICE', '6214.00', '0.00'),
(19, 80, '2023-01-22', 'IN/2023/011', 'INV', 9, 'INVOICE', '5000.00', '0.00'),
(21, 76, '2023-01-23', 'IN/2023/012', 'INV', 10, 'INVOICE', '1000.00', '0.00'),
(22, 76, '2023-01-23', 'IN/2023/015', 'INV', 11, 'INVOICE', '5600.00', '0.00'),
(23, 76, '2023-01-23', 'IN/2023/019', 'INV', 12, 'INVOICE', '3683.55', '0.00'),
(26, 67, '2023-01-24', 'IN/2023/020', 'INV', 13, 'INVOICE', '5682.05', '0.00'),
(27, 67, '2023-01-24', 'CN/2023/020', 'CN', 1, 'CREDIT NOTE', '0.00', '1589.20'),
(29, 75, '2023-01-24', 'IN/2023/021', 'INV', 14, '', '3758.50', '0.00'),
(30, 76, '2023-01-24', 'IN/2023/022', 'INV', 15, 'INVOICE', '9070.00', '0.00'),
(31, 74, '2023-01-24', 'IN/2023/023', 'INV', 16, 'INVOICE', '9517.50', '0.00'),
(32, 51, '2023-01-24', 'IN/2023/024', 'INV', 17, 'INVOICE', '10000.00', '0.00'),
(34, 61, '2023-01-25', 'IN/2023/025', 'INV', 18, 'INVOICE', '1000.00', '0.00'),
(35, 61, '2023-01-25', 'RPT/2023/016', 'PAY', 16, 'PAYMENT', '0.00', '575.00'),
(36, 81, '2023-01-26', 'IN/2023/026', 'INV', 19, 'INVOICE', '1000.00', '0.00'),
(37, 81, '2023-01-26', 'IN/2023/028', 'INV', 20, 'INVOICE', '5000.00', '0.00'),
(39, 76, '2023-01-26', 'IN/2023/029', 'INV', 21, 'INVOICE', '15000.00', '0.00'),
(58, 76, '2023-01-26', 'RPT/2023/036', 'PAY', 36, 'PAYMENT', '0.00', '3153.45'),
(61, 67, '2023-01-27', 'RPT/2023/039', 'PAY', 39, 'PAYMENT', '0.00', '300.00'),
(63, 74, '2023-01-27', 'RPT/2023/041', 'PAY', 41, 'PAYMENT', '0.00', '35.00'),
(64, 81, '2023-01-27', 'RPT/2023/042', 'PAY', 42, 'PAYMENT', '0.00', '107.00'),
(65, 67, '2023-01-27', 'RPT/2023/043', 'PAY', 43, 'PAYMENT', '0.00', '120.00'),
(66, 82, '2023-01-27', '', 'MAD', 0, 'BALANCE C/F', '15450.00', '0.00'),
(67, 51, '2023-01-28', 'IN/2023/030', 'INV', 22, 'INVOICE', '5300.00', '0.00'),
(68, 74, '2023-01-28', 'IN/2023/031', 'INV', 23, 'INVOICE', '34452.00', '0.00'),
(69, 51, '2023-01-29', 'IN/2023/032', 'INV', 24, 'INVOICE', '38692.55', '0.00'),
(70, 81, '2023-01-30', 'IN/2023/033', 'INV', 25, 'INVOICE', '38692.55', '0.00'),
(71, 81, '2023-01-30', 'RPT/2023/045', 'PAY', 44, 'PAYMENT', '0.00', '6523.00'),
(72, 81, '2023-01-30', 'IN/2023/034', 'INV', 26, 'INVOICE', '10452.50', '0.00'),
(73, 53, '2023-01-30', 'IN/2023/035', 'INV', 27, 'INVOICE', '40851.65', '0.00'),
(74, 76, '2023-01-30', 'IN/2023/036', 'INV', 28, 'INVOICE', '16239.52', '0.00'),
(75, 54, '2023-01-30', 'IN/2023/037', 'INV', 29, 'INVOICE', '9070.00', '0.00'),
(76, 51, '2023-01-30', 'IN/2023/038', 'INV', 30, 'INVOICE', '9070.00', '0.00'),
(78, 63, '2023-01-30', 'IN/2023/040', 'INV', 32, 'INVOICE', '69917.36', '0.00'),
(79, 51, '2023-01-30', 'IN/2023/041', 'INV', 33, 'INVOICE', '9617.60', '0.00'),
(80, 51, '2023-01-30', 'CN/2023/021', 'CN', 2, 'CREDIT NOTE', '0.00', '9617.60'),
(81, 74, '2023-01-30', 'IN/2023/042', 'INV', 34, 'INVOICE', '9617.60', '0.00'),
(83, 51, '2023-01-30', 'RPT/2023/046', 'PAY', 45, 'PAYMENT', '0.00', '64562.55'),
(84, 51, '2023-01-31', 'IN/2023/045', 'INV', 35, '', '3656.00', '0.00'),
(87, 63, '2023-01-31', 'RPT/2023/048', 'PAY', 47, 'PAYMENT', '0.00', '500.00'),
(88, 51, '2023-01-31', 'IN/2023/046', 'INV', 36, 'INVOICE', '9033.50', '0.00'),
(89, 51, '2023-01-31', 'RPT/2023/049', 'PAY', 48, 'PAYMENT', '0.00', '155.00'),
(99, 76, '2023-02-01', 'IN/2023/049', 'INV', 42, 'INVOICE', '9070.00', '0.00'),
(100, 40, '2023-02-01', 'IN/2023/050', 'INV', 43, 'INVOICE', '38692.55', '0.00'),
(101, 76, '2023-02-01', 'IN/2023/051', 'INV', 44, 'INVOICE', '11720.80', '0.00'),
(102, 76, '2023-02-01', 'RPT/2023/054', 'PAY', 53, 'PAYMENT', '0.00', '74126.87'),
(103, 40, '2023-02-01', 'RPT/2023/055', 'PAY', 54, 'PAYMENT', '0.00', '1000.00'),
(104, 75, '2023-02-01', 'RPT/2023/056', 'PAY', 55, 'PAYMENT', '0.00', '500.00'),
(105, 53, '2023-02-01', 'RPT/2023/057', 'PAY', 56, 'PAYMENT', '0.00', '856.00'),
(106, 81, '2023-02-01', 'IN/2023/052', 'INV', 45, 'INVOICE', '11720.79', '0.00'),
(110, 76, '2023-02-01', 'IN/2023/055', 'INV', 48, 'INVOICE', '4644.20', '0.00'),
(111, 8, '2023-02-01', 'IN/2023/056', 'INV', 49, 'INVOICE', '11720.79', '0.00'),
(112, 74, '2023-02-01', 'IN/2023/057', 'INV', 50, 'INVOICE', '11720.80', '0.00'),
(113, 51, '2023-02-01', 'IN/2023/058', 'INV', 51, 'INVOICE', '1000.00', '0.00'),
(114, 51, '2023-02-01', 'CN/2023/022', 'CN', 5, 'CREDIT NOTE', '0.00', '60.00'),
(115, 51, '2023-02-01', 'RPT/2023/059', 'PAY', 58, 'PAYMENT', '0.00', '55.00'),
(116, 83, '2023-02-02', 'IN/2023/059', 'INV', 52, '', '7000.00', '0.00'),
(117, 74, '2023-02-22', 'IN/2023/060', 'INV', 53, 'INVOICE', '999.00', '0.00'),
(118, 74, '2023-02-06', 'CN/2023/023', 'CN', 6, 'CREDIT NOTE', '0.00', '1662.40'),
(119, 74, '2023-02-06', 'IN/2023/061', 'INV', 54, '', '2636.65', '0.00'),
(121, 74, '2023-02-12', 'RPT/2023/061', 'PAY', 60, 'PAYMENT', '0.00', '57187.75'),
(122, 74, '2023-02-12', 'RPT/2023/062', 'PAY', 61, 'PAYMENT', '0.00', '500.00'),
(123, 84, '2023-02-13', '', 'MAD', 0, 'BALANCE C/F', '5600.00', '0.00'),
(124, 85, '2023-02-13', '', 'MAD', 0, 'BALANCE C/F (OVERPAID)', '0.00', '3500.00'),
(125, 61, '2023-02-15', 'IN/2023/062', 'INV', 55, 'INVOICE', '6000.00', '0.00'),
(126, 61, '2023-02-15', 'RPT/2023/063', 'PAY', 62, 'PAYMENT', '0.00', '6000.00'),
(127, 8, '2023-02-15', 'IN/2023/063', 'INV', 56, 'INVOICE', '6090.00', '0.00'),
(128, 8, '2023-02-15', 'RPT/2023/064', 'PAY', 63, 'PAYMENT', '0.00', '350.00'),
(129, 61, '2023-01-01', 'IN/2023/064', 'INV', 57, 'INVOICE', '3150.00', '0.00'),
(130, 71, '2023-01-01', 'IN/2023/065', 'INV', 58, 'INVOICE', '888.00', '0.00'),
(131, 81, '2023-01-01', 'IN/2023/066', 'INV', 59, 'INVOICE', '999.00', '0.00'),
(132, 76, '2023-01-18', 'IN/2023/067', 'INV', 60, 'INVOICE', '3136.00', '0.00'),
(133, 76, '2023-02-15', 'IN/2023/068', 'INV', 61, '', '5062.75', '0.00'),
(134, 87, '2023-02-18', '', 'MAD', 0, 'BALANCE C/F', '5000.00', '0.00'),
(135, 87, '2023-02-18', 'IN/2023/069', 'INV', 62, '', '10139.83', '0.00'),
(136, 51, '2023-02-18', 'IN/2023/070', 'INV', 63, '', '10139.83', '0.00'),
(137, 88, '2023-02-19', '', 'MAD', 0, 'BALANCE C/F', '0.00', '3500.00'),
(138, 67, '2023-02-22', 'IN/2023/071', 'INV', 64, 'INVOICE', '2330.45', '0.00'),
(139, 89, '2023-02-22', '', 'MAD', 0, 'BALANCE C/F', '0.00', '7500.00'),
(140, 90, '2023-02-22', '', 'MAD', 0, 'BALANCE C/F', '0.00', '600.00'),
(141, 71, '2023-02-23', 'IN/2023/072', 'INV', 65, 'INVOICE', '3152.90', '0.00'),
(142, 71, '2023-02-23', 'RPT/2023/065', 'PAY', 64, 'PAYMENT', '0.00', '4040.90'),
(143, 51, '2023-02-23', 'PB/2023/005', 'PB', 19, 'Payment Bill', '0.00', '350.00'),
(144, 51, '2023-02-24', 'PB/001', 'PB', 1, 'Payment Bill', '0.00', '1000.00'),
(145, 51, '2023-02-27', 'PB/005', 'PB', 2, 'Payment Bill', '0.00', '3965.80'),
(146, 91, '2023-02-25', '', 'MAD', 0, 'BALANCE C/F', '0.00', '5000.00'),
(147, 10, '2023-02-25', 'PB/006', 'PB', 3, 'Payment Bill', '0.00', '1600.00'),
(148, 91, '2023-02-25', 'PB/007', 'PB', 4, 'Payment Bill', '0.00', '1315.00'),
(149, 51, '2023-09-09', 'IN/2023/075', 'INV', 66, '', '7000.00', '0.00'),
(150, 51, '2023-02-26', 'IN/2023/076', 'INV', 67, '', '18337.40', '0.00'),
(151, 51, '2023-02-26', 'RPT/2023/067', 'PAY', 65, 'PAYMENT', '0.00', '48896.73'),
(152, 67, '2023-02-27', 'PB/008', 'PB', 5, 'Payment Bill', '0.00', '350.45'),
(153, 0, '0000-00-00', 'PB/009', 'PB', 6, 'Payment Bill', '0.00', '8457.00'),
(154, 0, '0000-00-00', 'PB/2023/001', 'PB', 7, 'Payment Bill', '0.00', '1074.95'),
(155, 51, '0000-00-00', 'PB/2023/001', 'PB', 1, 'Payment Bill', '0.00', '770.35'),
(156, 67, '2023-02-28', 'PB/2023/001', 'PB', 1, 'Payment Bill', '0.00', '5168.15'),
(157, 51, '2023-02-27', 'PB/2023/001', 'PB', 2, 'Payment Bill', '0.00', '3965.80'),
(158, 53, '2023-02-27', 'PB/2023/002', 'PB', 3, 'Payment Bill', '0.00', '45.00'),
(159, 63, '2023-02-27', 'PB/2023/003', 'PB', 4, 'Payment Bill', '0.00', '4115.80'),
(160, 61, '2023-02-27', 'PB/2023/004', 'PB', 5, 'Payment Bill', '0.00', '3965.80'),
(161, 33, '2023-02-27', 'PB/2023/005', 'PB', 6, 'Payment Bill', '0.00', '4544.35'),
(162, 51, '2023-02-27', 'PB/2023/006', 'PB', 7, 'Payment Bill', '0.00', '7350.00'),
(163, 51, '2023-02-28', 'PB/2023/007', 'PB', 8, 'Payment Bill', '0.00', '22410.00'),
(165, 53, '2023-02-28', 'PV/2023/002', 'PAYV', 2, 'PAYMENT VOUCHER', '45.00', '0.00'),
(166, 8, '2023-02-28', 'PB/2023/008', 'PB', 9, 'Payment Bill', '0.00', '4965.80'),
(168, 33, '2023-02-28', 'PB/2023/009', 'PB', 10, 'Payment Bill', '0.00', '5000.00'),
(170, 16, '2023-02-28', 'PB/2023/010', 'PB', 11, 'Payment Bill', '0.00', '5000.00'),
(171, 16, '2023-02-28', 'PV/2023/006', 'PAYV', 5, 'PAYMENT VOUCHER', '2340.45', '0.00'),
(179, 51, '2023-03-01', 'PV/2023/010', 'PAYV', 9, 'PAYMENT VOUCHER', '33125.80', '0.00'),
(180, 33, '2023-02-28', 'PV/2023/011', 'PAYV', 10, 'PAYMENT VOUCHER', '9544.35', '0.00'),
(181, 53, '2023-03-01', 'PB/2023/012', 'PB', 13, 'Payment Bill', '0.00', '371.00'),
(186, 51, '2023-03-01', 'PB/2023/003', 'PB', 3, 'Payment Bill', '0.00', '1000.00'),
(188, 67, '2023-03-01', 'PB/2023/004', 'PB', 5, 'Payment Bill', '0.00', '5000.00'),
(190, 51, '2023-03-01', 'RPT0002', 'PAYV', 2, 'PAYMENT VOUCHER', '1000.00', '0.00'),
(192, 65, '2023-03-01', 'IN/2023/100', 'INV', 70, '', '3075.35', '0.00'),
(193, 92, '2023-03-01', '', 'MAD', 0, 'BALANCE C/F', '0.00', '2500.00'),
(194, 92, '2023-03-01', 'PB/2023/005', 'PB', 6, 'Payment Bill', '0.00', '150.00'),
(196, 76, '2023-03-01', 'PB/2023/006', 'PB', 7, 'Payment Bill', '0.00', '1820.98'),
(197, 65, '2023-03-03', 'RPT/2023/069', 'PAY', 67, 'PAYMENT', '0.00', '3075.35'),
(198, 23, '2023-03-07', 'PB/2023/007', 'PB', 8, 'Payment Bill', '0.00', '600.00'),
(199, 51, '2023-03-12', 'IN/2023/101', 'INV', 71, 'INVOICE', '25095.22', '0.00'),
(200, 51, '2023-03-12', 'IN/2023/102', 'INV', 72, '', '796.15', '0.00'),
(201, 74, '2023-03-12', 'IN/2023/103', 'INV', 73, 'INVOICE', '796.15', '0.00'),
(202, 51, '2023-03-12', 'IN/2023/104', 'INV', 74, 'INVOICE', '806.65', '0.00'),
(203, 74, '2023-03-12', 'IN/2023/105', 'INV', 75, 'INVOICE', '0.00', '0.00'),
(204, 51, '2023-03-12', 'CN/2023/024', 'CN', 7, 'CREDIT NOTE', '0.00', '6407.90'),
(205, 51, '2023-03-13', 'PB/2023/008', 'PB', 9, 'Payment Bill', '0.00', '1820.98'),
(206, 74, '2023-03-13', 'PB/2023/009', 'PB', 10, 'Payment Bill', '0.00', '1820.98'),
(207, 80, '2023-03-13', 'PB/2023/010', 'PB', 11, 'Payment Bill', '0.00', '2948.75'),
(208, 87, '2023-03-13', 'IN/2023/106', 'INV', 76, 'INVOICE', '10139.83', '0.00'),
(209, 51, '2023-03-13', 'IN/2023/107', 'INV', 77, 'INVOICE', '1199.00', '0.00'),
(210, 83, '2023-03-14', 'IN/2023/108', 'INV', 78, 'INVOICE', '10139.85', '0.00'),
(211, 24, '2023-03-14', 'IN/2023/109', 'INV', 79, '', '86000.00', '0.00'),
(212, 94, '2023-03-14', 'PB/2023/011', 'PB', 12, 'Payment Bill', '0.00', '666.00'),
(213, 76, '2023-03-14', 'PB/2023/012', 'PB', 13, 'Payment Bill', '0.00', '1000.00'),
(214, 21, '2023-03-14', 'PB/2023/013', 'PB', 14, 'Payment Bill', '0.00', '1300.00'),
(215, 51, '2023-03-14', 'PB/2023/014', 'PB', 15, 'Payment Bill', '0.00', '779.15'),
(216, 61, '2023-03-14', 'PB/2023/015', 'PB', 16, 'Payment Bill', '0.00', '6868.00'),
(217, 94, '2023-03-14', 'PB/2023/016', 'PB', 17, 'Payment Bill', '0.00', '1616.00'),
(218, 79, '2023-03-14', 'PB/2023/017', 'PB', 18, 'Payment Bill', '0.00', '1717.00'),
(219, 94, '2023-03-14', 'IN/2023/110', 'INV', 80, 'INVOICE', '555.00', '0.00'),
(220, 94, '2023-03-15', 'CN/2023/025', 'CN', 8, 'CREDIT NOTE', '0.00', '62.00'),
(221, 94, '2023-03-17', 'RPT/2023/070', 'PAY', 68, 'PAYMENT', '0.00', '493.00'),
(222, 51, '2023-03-17', 'RPT/2023/071', 'PAY', 69, 'PAYMENT', '0.00', '27100.87'),
(223, 74, '2023-03-18', 'IN/2023/111', 'INV', 81, 'INVOICE', '2905.52', '0.00'),
(224, 74, '2023-03-18', 'CN/2023/026', 'CN', 9, 'CREDIT NOTE', '0.00', '2905.52'),
(225, 95, '2023-03-20', 'IN/2023/112', 'INV', 82, 'INVOICE', '6229.00', '0.00'),
(226, 24, '2023-03-22', 'IN/2023/113', 'INV', 83, '', '13050.00', '0.00'),
(227, 76, '2023-03-23', 'IN/2023/114', 'INV', 84, 'INVOICE', '1208.55', '0.00'),
(228, 76, '2023-03-23', 'RPT/2023/072', 'PAY', 70, 'PAYMENT', '0.00', '5254.55'),
(229, 34, '2023-03-23', 'IN/2023/115', 'INV', 85, '', '4241.60', '0.00'),
(230, 97, '0000-00-00', '', 'MAD', 0, '', '6000.00', '0.00'),
(231, 99, '0000-00-00', '', 'MAD', 0, '', '3999.00', '0.00'),
(232, 100, '0000-00-00', '', 'MAD', 0, '', '3999.00', '0.00'),
(233, 105, '0000-00-00', '', 'MAD', 0, '', '0.00', '45.00'),
(234, 107, '0000-00-00', '', 'MAD', 0, '', '455.00', '0.00'),
(235, 114, '0000-00-00', '', 'MAD', 0, '', '6000.00', '0.00'),
(236, 115, '0000-00-00', '', 'MAD', 0, '', '1000.00', '0.00'),
(237, 117, '2023-03-27', '', 'MAD', 0, 'BALANCE C/F', '5400.00', '0.00'),
(238, 94, '2023-03-28', 'IN/2023/116', 'INV', 86, 'INVOICE', '14344.25', '0.00'),
(239, 18, '2023-03-28', 'IN/2023/117', 'INV', 87, 'INVOICE', '14344.25', '0.00'),
(240, 132, '2023-03-28', 'PB/2023/018', 'PB', 19, 'Payment Bill', '0.00', '156.00'),
(241, 132, '2023-03-28', 'PV/2023/022', 'PAYV', 5, 'PAYMENT VOUCHER', '96.00', '0.00'),
(242, 76, '2023-03-28', 'PB/2023/019', 'PB', 20, 'Payment Bill', '0.00', '4835.00'),
(243, 76, '2023-03-28', 'PV/2023/023', 'PAYV', 6, 'PAYMENT VOUCHER', '1870.00', '0.00'),
(244, 11, '2023-03-30', 'IN/2023/118', 'INV', 88, 'INVOICE', '1600.00', '0.00'),
(245, 11, '2023-03-30', 'RPT/2023/073', 'PAY', 71, 'PAYMENT', '0.00', '650.00'),
(246, 139, '2023-03-01', '', 'MAD', 0, 'BALANCE C/F', '1200.00', '0.00'),
(247, 139, '2023-03-15', 'IN/2023/119', 'INV', 89, 'INVOICE', '679.00', '0.00'),
(248, 139, '2023-03-23', 'RPT/2023/074', 'PAY', 72, 'PAYMENT', '0.00', '679.00'),
(249, 94, '2023-04-01', 'IN/2023/120', 'INV', 90, '', '74192.95', '0.00'),
(250, 11, '2023-04-02', 'IN/2023/121', 'INV', 91, 'INVOICE', '1380.95', '0.00'),
(251, 11, '2023-04-02', 'RPT/2023/075', 'PAY', 73, 'PAYMENT', '0.00', '1730.95'),
(252, 11, '2023-04-02', 'RPT/2023/076', 'PAY', 74, 'PAYMENT', '0.00', '45.00'),
(255, 142, '2023-04-05', '', 'MAD', 0, 'BALANCE C/F', '800.00', '0.00'),
(256, 35, '2023-04-05', 'IN/2023/122', 'INV', 92, 'INVOICE', '34.00', '0.00'),
(257, 94, '2023-04-05', 'PB/2023/020', 'PB', 23, 'Payment Bill', '0.00', '20711.49'),
(258, 88, '2023-04-06', 'IN/2023/123', 'INV', 93, 'INVOICE', '4577.95', '0.00'),
(259, 88, '2023-04-06', 'CN/2023/027', 'CN', 10, 'CREDIT NOTE', '0.00', '4577.95'),
(260, 83, '2023-04-06', 'PB/2023/021', 'PB', 24, 'Payment Bill', '0.00', '105257.55'),
(261, 143, '2023-04-06', '', 'MAD', 0, 'BALANCE C/F', '1300.00', '0.00'),
(262, 144, '2023-04-06', '', 'MAD', 0, 'BALANCE C/F', '700.00', '0.00'),
(263, 145, '2023-04-06', '', 'MAD', 0, 'BALANCE C/F', '3320.00', '0.00'),
(264, 147, '2023-04-07', '', 'MAD', 0, 'BALANCE C/F', '899.00', '0.00'),
(265, 152, '2023-04-07', '', 'MAD', 0, 'BALANCE C/F', '2300.00', '0.00'),
(266, 172, '2023-04-07', '', 'MAD', 0, 'BALANCE C/F', '0.00', '700.00'),
(267, 174, '2023-04-07', 'IN/2023/124', 'INV', 94, '', '12600.00', '0.00'),
(268, 178, '2023-04-07', '', 'MAD', 0, 'BALANCE C/F', '600.00', '0.00'),
(269, 185, '2023-04-07', '', 'MAD', 0, 'BALANCE C/F', '1000.00', '0.00'),
(270, 189, '2023-04-07', 'PB/2023/022', 'PB', 25, 'Payment Bill', '0.00', '532.00'),
(271, 193, '2023-04-08', '', 'MAD', 0, 'BALANCE C/F', '0.00', '800.00'),
(272, 195, '2023-04-08', '', 'MAD', 0, 'BALANCE C/F', '0.00', '700.00'),
(273, 93, '2023-04-08', 'IN/2023/125', 'INV', 95, 'INVOICE', '0.00', '0.00'),
(274, 201, '2023-04-08', 'IN/2023/126', 'INV', 96, 'INVOICE', '3750.95', '0.00'),
(275, 132, '2023-04-08', 'IN/2023/127', 'INV', 97, 'INVOICE', '3750.95', '0.00'),
(276, 202, '2023-04-08', 'PB/2023/023', 'PB', 26, 'Payment Bill', '0.00', '0.00'),
(277, 76, '2023-04-08', 'IN/2023/128', 'INV', 98, 'INVOICE', '74192.95', '0.00'),
(278, 193, '2023-04-08', 'IN/2023/129', 'INV', 99, 'INVOICE', '4200.95', '0.00'),
(279, 51, '2023-04-12', 'IN/2023/130', 'INV', 100, '', '6641.50', '0.00'),
(280, 94, '2023-04-15', 'IN/2023/131', 'INV', 101, '', '4366.60', '0.00'),
(281, 203, '2023-04-17', '', 'MAD', 0, 'BALANCE C/F', '800.00', '0.00'),
(282, 11, '2023-04-17', 'IN/2023/132', 'INV', 102, '', '6135.80', '0.00'),
(283, 146, '2023-04-17', 'IN/2023/133', 'INV', 103, '', '7894.00', '0.00'),
(285, 94, '2023-04-17', 'PB/2023/024', 'PB', 27, 'Payment Bill', '0.00', '4963.85'),
(286, 76, '2023-04-17', 'RPT/2023/077', 'PAY', 75, 'PAYMENT', '0.00', '89888.40'),
(287, 94, '2023-04-21', 'IN/2023/139', 'INV', 104, '', '9288.70', '0.00'),
(288, 51, '2023-04-21', 'IN/2023/140', 'INV', 105, '', '8066.95', '0.00'),
(289, 51, '2023-04-21', 'RPT/2023/079', 'PAY', 76, 'PAYMENT', '0.00', '9096.70'),
(290, 207, '2023-04-21', '', 'MAD', 0, 'BALANCE C/F', '900.00', '0.00'),
(291, 94, '2023-04-24', 'RPT/2023/080', 'PAY', 77, 'PAYMENT', '0.00', '90.00'),
(292, 5, '2023-04-24', 'IN/2023/141', 'INV', 106, 'INVOICE', '107.30', '0.00'),
(293, 94, '2023-04-25', 'PB/2023/025', 'PB', 28, 'Payment Bill', '0.00', '777.00'),
(294, 11, '2023-04-25', 'PB/2023/026', 'PB', 29, 'Payment Bill', '0.00', '888.50'),
(296, 59, '2023-04-10', 'IN/2023/142', 'INV', 107, 'INVOICE', '999.00', '0.00'),
(297, 5, '2023-04-13', 'IN/2023/143', 'INV', 108, 'INVOICE', '188.00', '0.00'),
(298, 100, '2023-04-25', 'PB/2023/027', 'PB', 30, 'Payment Bill', '0.00', '1145.70'),
(299, 94, '2023-04-01', 'IN/2023/144', 'INV', 109, 'INVOICE', '500.00', '0.00'),
(300, 94, '2023-04-02', 'RPT/2023/082', 'PAY', 79, 'PAYMENT', '0.00', '375.00'),
(301, 117, '2023-04-03', 'PB/2023/028', 'PB', 31, 'Payment Bill', '0.00', '600.00'),
(302, 117, '2023-04-12', 'PV/2023/024', 'PAYV', 7, 'PAYMENT VOUCHER', '215.00', '0.00'),
(303, 59, '2023-04-20', 'IN/2023/145', 'INV', 110, 'INVOICE', '600.75', '0.00'),
(305, 76, '2023-04-25', 'IN/2023/146', 'INV', 112, 'INVOICE', '1340.03', '0.00'),
(306, 76, '2023-04-01', 'IN/2023/001', 'INV', 1, 'INVOICE', '1000.00', '0.00'),
(307, 174, '2023-04-25', 'PB/2023/029', 'PB', 32, 'Payment Bill', '0.00', '780.95'),
(308, 76, '2023-04-25', 'RPT/2023/083', 'PAY', 80, 'PAYMENT', '0.00', '66.00'),
(309, 94, '2023-04-25', 'IN/2023/002', 'INV', 2, '', '71971.04', '0.00'),
(310, 94, '2023-04-29', 'RPT/2023/084', 'PAY', 81, 'PAYMENT', '0.00', '71971.04'),
(311, 94, '2023-05-01', 'IN/2023/003', 'INV', 3, 'INVOICE', '71971.04', '0.00'),
(312, 34, '2023-05-01', 'IN/2023/004', 'INV', 4, 'INVOICE', '71971.05', '0.00'),
(313, 208, '2023-05-01', 'PB/2023/030', 'PB', 33, 'Payment Bill', '0.00', '100.00'),
(314, 34, '2023-05-01', 'CN/2023/349', 'CN', 1, 'CREDIT NOTE', '0.00', '800.00'),
(315, 34, '2023-05-01', 'RPT/2023/085', 'PAY', 82, 'PAYMENT', '0.00', '800.00'),
(316, 208, '2023-05-01', 'PV/2023/025', 'PAYV', 8, 'PAYMENT VOUCHER', '33.00', '0.00'),
(317, 34, '2023-05-01', 'RPT/2023/086', 'PAY', 83, 'PAYMENT', '0.00', '70371.05'),
(318, 209, '2023-05-01', '', 'MAD', 0, 'BALANCE C/F', '5000.00', '0.00'),
(319, 58, '2023-05-01', 'IN/2023/005', 'INV', 5, 'INVOICE', '1000.00', '0.00'),
(320, 94, '2023-05-01', 'IN/2023/006', 'INV', 6, '', '500.00', '0.00'),
(321, 193, '2023-05-01', 'IN/2023/007', 'INV', 7, '', '4824.15', '0.00'),
(322, 88, '2023-05-01', 'IN/2023/008', 'INV', 8, '', '4824.15', '0.00'),
(323, 82, '2023-05-01', 'IN/2023/009', 'INV', 9, 'INVOICE', '4824.15', '0.00'),
(324, 94, '2023-05-01', 'IN/2023/010', 'INV', 10, '', '4824.15', '0.00'),
(325, 210, '2023-05-01', 'IN/2023/011', 'INV', 11, '', '4824.15', '0.00'),
(326, 13, '2023-05-01', 'IN/2023/012', 'INV', 12, '', '4824.16', '0.00'),
(327, 191, '2023-05-01', 'IN/2023/013', 'INV', 13, '', '5440.76', '0.00'),
(328, 83, '2023-05-01', 'IN/2023/014', 'INV', 14, '', '9440.90', '0.00'),
(329, 178, '2023-05-01', 'IN/2023/015', 'INV', 15, '', '22192.08', '0.00'),
(330, 178, '2023-05-01', 'RPT/2023/087', 'PAY', 84, 'PAYMENT', '0.00', '22192.08'),
(331, 211, '2023-05-01', '', 'MAD', 0, 'BALANCE C/F', '900.00', '0.00'),
(332, 117, '2023-05-01', 'IN/2023/016', 'INV', 16, 'INVOICE', '1515.15', '0.00'),
(333, 118, '2023-05-01', 'PB/2023/031', 'PB', 34, 'Payment Bill', '0.00', '91.96'),
(334, 189, '2023-05-01', 'IN/2023/017', 'INV', 17, 'INVOICE', '4463.00', '0.00'),
(335, 214, '2023-05-05', '', 'MAD', 0, 'BALANCE C/F', '100.00', '0.00'),
(336, 94, '2023-05-06', 'PB/2023/032', 'PB', 35, 'Payment Bill', '0.00', '1083.10'),
(337, 208, '2023-05-06', 'PB/2023/033', 'PB', 36, 'Payment Bill', '0.00', '390.45'),
(338, 218, '2023-05-08', '', 'MAD', 0, 'BALANCE C/F', '0.00', '600.75'),
(340, 219, '2023-05-08', '', 'MAD', 0, 'BALANCE C/F', '0.00', '600.75'),
(341, 220, '2023-05-08', '', 'MAD', 0, 'BALANCE C/F', '0.00', '1000.00'),
(342, 221, '2023-05-08', '', 'MAD', 0, 'BALANCE C/F', '0.00', '55.00'),
(343, 76, '2023-05-08', 'IN/2023/019', 'INV', 19, '', '86000.00', '0.00'),
(344, 18, '2023-05-08', 'PB/2023/034', 'PB', 37, 'Payment Bill', '0.00', '650.00'),
(345, 222, '2023-05-08', '', 'MAD', 0, 'BALANCE C/F', '0.00', '0.25'),
(346, 202, '2023-05-08', 'PB/2023/035', 'PB', 38, 'Payment Bill', '0.00', '1045.00'),
(347, 76, '2023-05-08', 'RPT/2023/088', 'PAY', 85, 'PAYMENT', '0.00', '86000.00'),
(348, 223, '2023-05-08', '', 'MAD', 0, 'BALANCE C/F', '0.00', '333.00'),
(349, 152, '2023-05-08', 'IN/2023/020', 'INV', 20, 'INVOICE', '2494.30', '0.00'),
(350, 22, '2023-05-08', 'PB/2023/036', 'PB', 39, 'Payment Bill', '0.00', '569.00'),
(351, 132, '2023-05-08', 'IN/2023/021', 'INV', 21, '', '7200.90', '0.00'),
(352, 94, '2023-05-08', 'RPT/2023/089', 'PAY', 86, 'PAYMENT', '0.00', '56.00'),
(354, 22, '2023-05-09', 'PV/2023/026', 'PAYV', 9, 'PAYMENT VOUCHER', '569.00', '0.00'),
(355, 132, '2023-05-09', 'IN/2023/022', 'INV', 22, '', '22041.55', '0.00'),
(356, 18, '2023-05-10', 'PB/2023/037', 'PB', 40, 'Payment Bill', '0.00', '4108.55'),
(357, 18, '2023-05-10', 'PV/2023/027', 'PAYV', 10, 'PAYMENT VOUCHER', '108.55', '0.00'),
(358, 224, '2023-05-10', '', 'MAD', 0, 'BALANCE C/F', '700.00', '0.00'),
(359, 224, '2023-05-10', 'IN/2023/023', 'INV', 23, 'INVOICE', '22192.10', '0.00'),
(360, 94, '2023-05-16', 'PB/2023/038', 'PB', 41, 'Payment Bill', '0.00', '2222.00'),
(361, 225, '2023-05-18', 'IN/2023/024', 'INV', 24, '', '9500.00', '0.00'),
(363, 94, '2023-05-21', 'PV/2023/029', 'PAYV', 12, 'PAYMENT VOUCHER', '5191.00', '0.00'),
(364, 225, '2023-05-26', 'RPT/2023/090', 'PAY', 87, 'PAYMENT', '0.00', '6500.00'),
(365, 94, '2023-05-26', 'IN/2023/025', 'INV', 25, 'INVOICE', '900.00', '0.00'),
(366, 94, '2023-05-26', 'RPT/2023/091', 'PAY', 88, 'PAYMENT', '0.00', '1477.00'),
(369, 88, '2023-05-26', 'RPT003', 'PAY', 3, 'PAYMENT', '0.00', '350.00'),
(372, 191, '2023-05-26', 'CN/2023/350', 'CN', 3, 'CREDIT NOTE', '0.00', '191.77'),
(373, 225, '2023-05-26', 'PB/2023/039', 'PB', 42, 'Payment Bill', '0.00', '2000.00'),
(374, 189, '2023-05-26', 'IN/2023/026', 'INV', 26, '', '4481.95', '0.00'),
(375, 189, '2023-05-27', 'CN/2023/351', 'CN', 4, 'CREDIT NOTE', '0.00', '4481.95'),
(376, 94, '2023-05-27', 'RPT006', 'PAY', 6, 'PAYMENT', '0.00', '77162.19'),
(377, 225, '2023-05-29', 'IN/2023/027', 'INV', 27, 'INVOICE', '1000.00', '0.00'),
(378, 225, '2023-05-17', 'IN/2023/028', 'INV', 28, 'INVOICE', '890.00', '0.00'),
(379, 225, '2023-05-29', 'RPT007', 'PAY', 7, 'PAYMENT', '0.00', '231.45'),
(381, 94, '2023-05-29', 'PB/2023/040', 'PB', 43, 'Payment Bill', '0.00', '700.00'),
(382, 94, '2023-05-28', 'PB/2023/041', 'PB', 44, 'Payment Bill', '0.00', '543.00'),
(384, 94, '2023-05-30', 'PB/2023/042', 'PB', 45, 'Payment Bill', '0.00', '3000.00'),
(386, 167, '2023-05-31', 'PB/2023/043', 'PB', 46, 'Payment Bill', '0.00', '2000.00'),
(387, 146, '2023-06-01', 'IN/2023/029', 'INV', 29, '', '5147.25', '0.00'),
(388, 226, '2023-06-05', 'IN/2023/030', 'INV', 30, '', '5147.25', '0.00'),
(389, 94, '2023-06-08', 'IN/2023/0356', 'INV', 31, 'INVOICE', '5147.25', '0.00'),
(390, 11, '2023-06-08', 'IN/2023/0358', 'INV', 32, '', '5147.25', '0.00'),
(391, 118, '2023-06-08', 'IN/2023/035ko', 'INV', 33, 'INVOICE', '800.00', '0.00'),
(392, 118, '2023-06-08', 'IN/2023/035kii', 'INV', 34, 'INVOICE', '8557.30', '0.00'),
(393, 227, '2023-06-16', 'IN/2023/099', 'INV', 35, 'INVOICE', '22090.00', '0.00'),
(394, 94, '2023-06-19', 'IN/2023/100', 'INV', 36, 'INVOICE', '599.00', '0.00');

-- --------------------------------------------------------

--
-- Table structure for table `tbdeliveryorder`
--

DROP TABLE IF EXISTS `tbdeliveryorder`;
CREATE TABLE IF NOT EXISTS `tbdeliveryorder` (
  `deliveryOrder_id` int(11) NOT NULL AUTO_INCREMENT,
  `deliveryOrder_no` varchar(30) NOT NULL,
  `deliveryOrder_date` date NOT NULL,
  `deliveryOrder_customerID` int(11) NOT NULL,
  `deliveryOrder_title` varchar(200) NOT NULL,
  `deliveryOrder_from` varchar(50) NOT NULL,
  `deliveryOrder_terms` text NOT NULL,
  `deliveryOrder_attention` varchar(100) NOT NULL,
  `deliveryOrder_email` varchar(100) NOT NULL,
  `deliveryOrder_subTotal` decimal(10,2) NOT NULL DEFAULT '0.00',
  `deliveryOrder_taxTotal` decimal(10,2) NOT NULL DEFAULT '0.00',
  `deliveryOrder_grandTotal` decimal(10,2) NOT NULL DEFAULT '0.00',
  `deliveryOrder_discountTotal` decimal(10,2) NOT NULL DEFAULT '0.00',
  `deliveryOrder_totalAfterDiscount` decimal(10,2) NOT NULL DEFAULT '0.00',
  `deliveryOrder_roundAmount` decimal(10,2) NOT NULL DEFAULT '0.00',
  `deliveryOrder_grandTotalRound` decimal(10,2) NOT NULL DEFAULT '0.00',
  `deliveryOrder_roundStatus` int(1) NOT NULL DEFAULT '0',
  `deliveryOrder_content` text NOT NULL,
  `deliveryOrder_quotationNo` varchar(30) NOT NULL,
  `deliveryOrder_quotationID` int(11) NOT NULL DEFAULT '0',
  `deliveryOrder_invoiceNo` varchar(30) NOT NULL,
  `deliveryOrder_invoiceID` int(11) NOT NULL DEFAULT '0',
  PRIMARY KEY (`deliveryOrder_id`)
) ENGINE=InnoDB AUTO_INCREMENT=38 DEFAULT CHARSET=latin1;

--
-- Dumping data for table `tbdeliveryorder`
--

INSERT INTO `tbdeliveryorder` (`deliveryOrder_id`, `deliveryOrder_no`, `deliveryOrder_date`, `deliveryOrder_customerID`, `deliveryOrder_title`, `deliveryOrder_from`, `deliveryOrder_terms`, `deliveryOrder_attention`, `deliveryOrder_email`, `deliveryOrder_subTotal`, `deliveryOrder_taxTotal`, `deliveryOrder_grandTotal`, `deliveryOrder_discountTotal`, `deliveryOrder_totalAfterDiscount`, `deliveryOrder_roundAmount`, `deliveryOrder_grandTotalRound`, `deliveryOrder_roundStatus`, `deliveryOrder_content`, `deliveryOrder_quotationNo`, `deliveryOrder_quotationID`, `deliveryOrder_invoiceNo`, `deliveryOrder_invoiceID`) VALUES
(1, 'DO/2023/001', '2023-01-21', 76, '', '', '<p><strong>Delivery Order Terms</strong></p><p>a.) All necessary documentation permit to enter the jobsite shall be arranged by the Hirer.<br />b.) All lifting Gears to be provided by the Hirer.<br />c.) Sunday &amp; Public Holiday considered as overtime and minimum 8hrs.</p>', 'SERI WAHYU RESINDENCE MANAGEMENT OFFICE', '', '3206.00', '0.00', '3206.00', '0.00', '3206.00', '0.00', '3206.00', 0, '', 'QUO/2023/001', 1, 'IN/2023/004', 4),
(2, 'DO/2023/002', '2023-01-24', 75, '', '', '<p><strong>Delivery Order Terms</strong></p><p>a.) All necessary documentation permit to enter the jobsite shall be arranged by the Hirer.<br />b.) All lifting Gears to be provided by the Hirer.<br />c.) Sunday &amp; Public Holiday considered as overtime and minimum 8hrs.</p>', 'MR RAYMOND', '', '3758.50', '0.00', '3758.50', '0.00', '3758.50', '0.00', '3758.50', 0, '', 'QUO/2023/002', 2, 'IN/2023/021', 14),
(3, 'DO/2023/003', '2023-01-24', 76, '', '', '<p><strong>Delivery Order Terms</strong></p><p>a.) All necessary documentation permit to enter the jobsite shall be arranged by the Hirer.<br />b.) All lifting Gears to be provided by the Hirer.<br />c.) Sunday &amp; Public Holiday considered as overtime and minimum 8hrs.</p>', 'SERI WAHYU RESINDENCE MANAGEMENT OFFICE', '', '9220.00', '0.00', '9070.00', '150.00', '9070.00', '0.00', '9070.00', 0, '', '', 0, 'IN/2023/022', 15),
(4, 'DO/2023/004', '2023-01-31', 51, 'SEND AUTOMOTIVE PARTS TO WAREHOUSE LOCATED IN PORT KLANG ( GATE 56)', 'MS LIEW (CATHRINE)', '<p><strong>Delivery Order Terms</strong></p><p>a.) All necessary documentation permit to enter the jobsite shall be arranged by the Hirer.<br />b.) All lifting Gears to be provided by the Hirer.<br />c.) Sunday &amp; Public Holiday considered as overtime and minimum 8hrs.</p>', 'Mr Balvinder Singh', 'ahsn_90@gmail.com', '3656.00', '0.00', '3656.00', '0.00', '3656.00', '0.00', '3656.00', 0, '<p>TO</p><p>PORT KLANG MANAGER</p><p>PLEASE RELEASE ALL OUR CONTAINERS AS SOON AS POSSIBLE.</p><ul><li>CONTAINER NO 65722 - 1 UNIT</li><li>CONTAINER NO 5664BH - 3 UNITS</li></ul>', 'QUO/2023/003', 3, 'IN/2023/045', 35),
(5, 'DO/2023/005', '2023-02-01', 3, '', '', '<p><strong>Delivery Order Terms</strong></p><p>a.) All necessary documentation permit to enter the jobsite shall be arranged by the Hirer.<br />b.) All lifting Gears to be provided by the Hirer.<br />c.) Sunday &amp; Public Holiday considered as overtime and minimum 8hrs.</p>', '', '', '4328.50', '387.81', '4644.21', '72.10', '4256.40', '-0.01', '4644.20', 1, '', '', 0, '', 0),
(6, 'DO/2023/006', '2023-02-02', 83, 'BLOCKED SEWERAGE PIPING CLEARING AND MANHOLE CLEANING FOR ABOVE LOCATION', '', '<p><strong>Delivery Order Terms</strong></p><p>a.) All necessary documentation permit to enter the jobsite shall be arranged by the Hirer.<br />b.) All lifting Gears to be provided by the Hirer.<br />c.) Sunday &amp; Public Holiday considered as overtime and minimum 8hrs.</p>', '', '', '7000.00', '0.00', '7000.00', '0.00', '7000.00', '0.00', '7000.00', 0, '<p>To</p><p>Manager</p><p>DESA DAMANSARA MANAGEMENT CORPORATION</p><p>&nbsp;</p>', 'QUO/2023/005', 5, 'IN/2023/059', 52),
(7, 'DO/2023/007', '2023-02-07', 3, '', '', '<p><strong>Delivery Order Terms</strong></p><p>a.) All necessary documentation permit to enter the jobsite shall be arranged by the Hirer.<br />b.) All lifting Gears to be provided by the Hirer.<br />c.) Sunday &amp; Public Holiday considered as overtime and minimum 8hrs.</p>', '', '', '33485.00', '0.00', '33485.00', '0.00', '33485.00', '0.00', '33485.00', 0, '', '', 0, '', 0),
(8, 'DO/2023/008', '2023-02-18', 87, '', '', '<p><strong>Delivery Order Terms</strong></p><p>a.) All necessary documentation permit to enter the jobsite shall be arranged by the Hirer.<br />b.) All lifting Gears to be provided by the Hirer.<br />c.) Sunday &amp; Public Holiday considered as overtime and minimum 8hrs.</p>', 'MR TIMOTHY', 'timothy@rainehome.com.my', '8454.03', '1702.30', '10139.83', '16.50', '8437.53', '0.00', '10139.83', 0, '', 'QUO/2023/008', 8, 'IN/2023/069', 62),
(9, 'DO/2023/009', '2023-02-25', 81, '', '', '<p><strong>Delivery Order Terms</strong></p><p>a.) All necessary documentation permit to enter the jobsite shall be arranged by the Hirer.<br />b.) All lifting Gears to be provided by the Hirer.<br />c.) Sunday &amp; Public Holiday considered as overtime and minimum 8hrs.</p>', '', '', '230.00', '0.00', '230.00', '0.00', '230.00', '0.00', '230.00', 0, '', '', 0, '', 0),
(10, 'DO/2023/010', '2023-02-26', 71, '', '', '<p><strong>Delivery Order Terms</strong></p><p>a.) All necessary documentation permit to enter the jobsite shall be arranged by the Hirer.<br />b.) All lifting Gears to be provided by the Hirer.<br />c.) Sunday &amp; Public Holiday considered as overtime and minimum 8hrs.</p>', '', '', '2902.20', '366.11', '3152.91', '115.40', '2786.80', '-0.01', '3152.90', 1, '', '', 0, 'IN/2023/072', 65),
(11, 'DO/2023/016', '2023-02-26', 51, '', '', '<p><strong>Delivery Order Terms</strong></p><p>a.) All necessary documentation permit to enter the jobsite shall be arranged by the Hirer.<br />b.) All lifting Gears to be provided by the Hirer.<br />c.) Sunday &amp; Public Holiday considered as overtime and minimum 8hrs.</p>', 'Mr Balvinder Singh', 'ahsn_90@gmail.com', '18061.50', '275.91', '18337.41', '0.00', '18061.50', '-0.01', '18337.40', 1, '', 'QUO/2023/012', 12, 'IN/2023/076', 67),
(12, 'DO/2023/017', '2023-03-12', 8, '', '', '<p><strong>Delivery Order Terms</strong></p><p>a.) All necessary documentation permit to enter the jobsite shall be arranged by the Hirer.<br />b.) All lifting Gears to be provided by the Hirer.<br />c.) Sunday &amp; Public Holiday considered as overtime and minimum 8hrs.</p>', 'Hariharan', 'ayur_90@gmail.com', '646.47', '194.17', '796.14', '44.50', '601.97', '0.01', '796.15', 1, '', '', 0, '', 0),
(13, 'DO/2023/018', '2023-03-12', 51, '', '', '<p><strong>Delivery Order Terms</strong></p><p>a.) All necessary documentation permit to enter the jobsite shall be arranged by the Hirer.<br />b.) All lifting Gears to be provided by the Hirer.<br />c.) Sunday &amp; Public Holiday considered as overtime and minimum 8hrs.</p>', 'Mr Balvinder Singh', 'ahsn_90@gmail.com', '646.47', '194.17', '796.14', '44.50', '601.97', '0.01', '796.15', 1, '', '', 0, '', 0),
(14, 'DO/2023/019', '2023-03-12', 51, '', '', '<p><strong>Delivery Order Terms</strong></p><p>a.) All necessary documentation permit to enter the jobsite shall be arranged by the Hirer.<br />b.) All lifting Gears to be provided by the Hirer.<br />c.) Sunday &amp; Public Holiday considered as overtime and minimum 8hrs.</p>', 'Mr Balvinder Singh', 'ahsn_90@gmail.com', '646.47', '194.17', '796.14', '44.50', '601.97', '0.01', '796.15', 1, '', '', 0, 'IN/2023/102', 72),
(15, 'DO/2023/020', '2023-03-13', 21, '', '', '<p><strong>Delivery Order Terms</strong></p><p>a.) All necessary documentation permit to enter the jobsite shall be arranged by the Hirer.<br />b.) All lifting Gears to be provided by the Hirer.<br />c.) Sunday &amp; Public Holiday considered as overtime and minimum 8hrs.</p>', 'Madam Devi Nair', 'devi_epson@gmail.com', '617.50', '0.00', '617.50', '0.00', '617.50', '0.00', '617.50', 0, '', 'QUO/2023/024', 24, '', 0),
(16, 'DO/2023/021', '2023-03-13', 15, '', '', '<p><strong>Delivery Order Terms</strong></p><p>a.) All necessary documentation permit to enter the jobsite shall be arranged by the Hirer.<br />b.) All lifting Gears to be provided by the Hirer.<br />c.) Sunday &amp; Public Holiday considered as overtime and minimum 8hrs.</p>', 'Madam Kavita', 'ksnsewerageworks@gmail.com', '617.50', '0.00', '617.50', '0.00', '617.50', '0.00', '617.50', 0, '', '', 0, '', 0),
(17, 'DO/2023/022', '2023-03-13', 94, '', '', '<p><strong>Delivery Order Terms</strong></p><p>a.) All necessary documentation permit to enter the jobsite shall be arranged by the Hirer.<br />b.) All lifting Gears to be provided by the Hirer.<br />c.) Sunday &amp; Public Holiday considered as overtime and minimum 8hrs.</p>', 'MR RAMESH / SHOBA', 'admin@clean_sewers.com', '86000.00', '0.00', '86000.00', '0.00', '86000.00', '0.00', '86000.00', 0, '', 'QUO/2023/027', 27, '', 0),
(18, 'DO/2023/023', '2023-03-13', 92, '', '', '<p><strong>Delivery Order Terms</strong></p><p>a.) All necessary documentation permit to enter the jobsite shall be arranged by the Hirer.<br />b.) All lifting Gears to be provided by the Hirer.<br />c.) Sunday &amp; Public Holiday considered as overtime and minimum 8hrs.</p>', '', '', '1617.50', '0.00', '1617.50', '0.00', '1617.50', '0.00', '1617.50', 0, '', '', 0, '', 0),
(19, 'DO/2023/024', '2023-03-14', 22, '', '', '<p><strong>Delivery Order Terms</strong></p><p>a.) All necessary documentation permit to enter the jobsite shall be arranged by the Hirer.<br />b.) All lifting Gears to be provided by the Hirer.<br />c.) Sunday &amp; Public Holiday considered as overtime and minimum 8hrs.</p>', 'Mr Teng Ken Fatt', 'giant_selayang@gmail.com', '86000.00', '0.00', '86000.00', '0.00', '86000.00', '0.00', '86000.00', 0, '', 'QUO/2023/030', 30, '', 0),
(20, 'DO/2023/025', '2023-03-20', 95, '', 'ADRIAN', '<p><strong>Delivery Order Terms</strong></p><p>a.) All necessary documentation permit to enter the jobsite shall be arranged by the Hirer.<br />b.) All lifting Gears to be provided by the Hirer.<br />c.) Sunday &amp; Public Holiday considered as overtime and minimum 8hrs.</p>', 'JAMES LOWERENCE', '', '6229.00', '0.00', '6229.00', '0.00', '6229.00', '0.00', '6229.00', 0, '', '', 0, 'IN/2023/112', 82),
(21, 'DO/2023/026', '2023-03-23', 94, '', '', '<p><strong>Delivery Order Terms</strong></p><p>a.) All necessary documentation permit to enter the jobsite shall be arranged by the Hirer.<br />b.) All lifting Gears to be provided by the Hirer.<br />c.) Sunday &amp; Public Holiday considered as overtime and minimum 8hrs.</p>', 'MR RAMESH / SHOBA', 'admin@clean_sewers.com', '4013.95', '0.00', '4013.95', '0.00', '4013.95', '0.00', '4013.95', 0, '', '', 0, '', 0),
(22, 'DO/2023/027', '2023-04-01', 94, '', '', '<p><strong>Delivery Order Terms</strong></p><p>a.) All necessary documentation permit to enter the jobsite shall be arranged by the Hirer.<br />b.) All lifting Gears to be provided by the Hirer.<br />c.) Sunday &amp; Public Holiday considered as overtime and minimum 8hrs.</p>', 'MR RAMESH / SHOBA', 'admin@clean_sewers.com', '86000.00', '0.00', '86000.00', '0.00', '86000.00', '0.00', '86000.00', 0, '', 'QUO/2023/035', 35, 'IN/2023/120', 90),
(23, 'DO/2023/028', '2023-04-05', 51, '', '', '<p><strong>Delivery Order Terms</strong></p><p>a.) All necessary documentation permit to enter the jobsite shall be arranged by the Hirer.<br />b.) All lifting Gears to be provided by the Hirer.<br />c.) Sunday &amp; Public Holiday considered as overtime and minimum 8hrs.</p>', 'Mr Balvinder Singh', 'ahsn_90@gmail.com', '6641.50', '0.00', '6641.50', '0.00', '6641.50', '0.00', '6641.50', 0, '', '', 0, 'IN/2023/130', 100),
(24, 'DO/2023/029', '2023-04-05', 22, '', '', '<p><strong>Delivery Order Terms</strong></p><p>a.) All necessary documentation permit to enter the jobsite shall be arranged by the Hirer.<br />b.) All lifting Gears to be provided by the Hirer.<br />c.) Sunday &amp; Public Holiday considered as overtime and minimum 8hrs.</p>', 'Mr Teng Ken Fatt', 'giant_selayang@gmail.com', '6756.50', '0.00', '6756.50', '0.00', '6756.50', '0.00', '6756.50', 0, '', '', 0, '', 0),
(25, 'DO/2023/030', '2023-04-05', 11, '', '', '<p><strong>Delivery Order Terms</strong></p><p>a.) All necessary documentation permit to enter the jobsite shall be arranged by the Hirer.<br />b.) All lifting Gears to be provided by the Hirer.<br />c.) Sunday &amp; Public Holiday considered as overtime and minimum 8hrs.</p>', 'Mr Saravanan', 'sara_98@hotmail.com', '27008.00', '81.12', '27089.12', '0.00', '27008.00', '0.00', '27089.12', 0, '', 'QUO/2023/037', 38, '', 0),
(26, 'DO/2023/031', '2023-04-07', 174, 'CLEANING MANHOLES USING LORRY JETTER AND MANUAL RODDING USING TOOLS', 'Mr Suhumaran', '<p><strong>Delivery Order Terms</strong></p><p>a.) All necessary documentation permit to enter the jobsite shall be arranged by the Hirer.<br />b.) All lifting Gears to be provided by the Hirer.<br />c.) Sunday &amp; Public Holiday considered as overtime and minimum 8hrs.</p>', 'Ms. Kithana', '', '12600.00', '0.00', '12600.00', '0.00', '12600.00', '0.00', '12600.00', 0, '<p>BELOW IS LISTED OUR PRICING FOR CLEANING MANHOLES. WE HAVE TWO TYPE OF SERVICES FOR THE CLEANING WORK.</p><p>ONE USE CHEMICAL AND THE OTHER NO CHEMICALS.</p>', 'QUO-2023-038', 39, 'IN/2023/124', 94),
(27, 'DO/2023/032', '2023-04-08', 200, '', '', '<p><strong>Delivery Order Terms</strong></p><p>a.) All necessary documentation permit to enter the jobsite shall be arranged by the Hirer.<br />b.) All lifting Gears to be provided by the Hirer.<br />c.) Sunday &amp; Public Holiday considered as overtime and minimum 8hrs.</p>', 'PATRICK DUTTON', 'patrick@gmail.com', '27008.00', '81.12', '27089.12', '0.00', '27008.00', '0.00', '27089.12', 0, '', '', 0, '', 0),
(28, 'DO/2023/033', '2023-04-08', 193, '', '', '<p><strong>Delivery Order Terms</strong></p><p>a.) All necessary documentation permit to enter the jobsite shall be arranged by the Hirer.<br />b.) All lifting Gears to be provided by the Hirer.<br />c.) Sunday &amp; Public Holiday considered as overtime and minimum 8hrs.</p>', 'MR HARIHAREN', 'hari@gmail.com', '4200.95', '0.00', '4200.95', '0.00', '4200.95', '0.00', '4200.95', 0, '', '', 0, 'IN/2023/129', 99),
(29, 'DO/2023/034', '2023-04-15', 94, '', '', '<p><strong>Delivery Order Terms</strong></p><p>a.) All necessary documentation permit to enter the jobsite shall be arranged by the Hirer.<br />b.) All lifting Gears to be provided by the Hirer.<br />c.) Sunday &amp; Public Holiday considered as overtime and minimum 8hrs.</p>', 'MR RAMESH / SHOBA', 'admin@clean_sewers.com', '4366.60', '0.00', '4366.60', '0.00', '4366.60', '0.00', '4366.60', 0, '', 'QUO/2023/113', 45, 'IN/2023/131', 101),
(30, 'DO/2023/035', '2023-04-17', 146, '', '', '<p><strong>Delivery Order Terms</strong></p><p>a.) All necessary documentation permit to enter the jobsite shall be arranged by the Hirer.<br />b.) All lifting Gears to be provided by the Hirer.<br />c.) Sunday &amp; Public Holiday considered as overtime and minimum 8hrs.</p>', 'CIKGU RAMESH', '', '5155.00', '224.37', '4963.87', '415.50', '4739.50', '-0.02', '4963.85', 1, '', 'QUO/2023/115', 47, 'IN/2023/133', 103),
(31, 'DO/2023/036', '2023-05-01', 191, '', '', '<p><strong>Delivery Order Terms</strong></p><p>a.) All necessary documentation permit to enter the jobsite shall be arranged by the Hirer.<br />b.) All lifting Gears to be provided by the Hirer.<br />c.) Sunday &amp; Public Holiday considered as overtime and minimum 8hrs.</p>', 'SISTER ENDA', 'sister_assunta@hotmail.com', '4776.95', '54.24', '4824.16', '7.03', '4769.92', '0.00', '4824.16', 0, '', 'QUO/2023/128', 58, 'IN/2023/013', 13),
(32, 'DO/2023/037', '2023-05-01', 83, '', '', '<p><strong>Delivery Order Terms</strong></p><p>a.) All necessary documentation permit to enter the jobsite shall be arranged by the Hirer.<br />b.) All lifting Gears to be provided by the Hirer.<br />c.) Sunday &amp; Public Holiday considered as overtime and minimum 8hrs.</p>', 'Ms Fatimah Kassim', 'desa_90@gmail.com', '9732.30', '115.20', '9440.88', '406.62', '9325.68', '0.02', '9440.90', 1, '', '', 0, 'IN/2023/014', 14),
(33, 'DO/2023/038', '2023-05-01', 178, '', '', '<p><strong>Delivery Order Terms</strong></p><p>a.) All necessary documentation permit to enter the jobsite shall be arranged by the Hirer.<br />b.) All lifting Gears to be provided by the Hirer.<br />c.) Sunday &amp; Public Holiday considered as overtime and minimum 8hrs.</p>', 'SUHUMARAN', 'suhupriya@gmail.com', '19598.95', '2561.97', '22041.57', '119.35', '19479.60', '-0.02', '22041.55', 1, '', 'QUO/2023/129', 59, 'IN/2023/015', 15),
(34, 'DO/2023/039', '2023-05-08', 132, '', '', '<p><strong>Delivery Order Terms</strong></p><p>a.) All necessary documentation permit to enter the jobsite shall be arranged by the Hirer.<br />b.) All lifting Gears to be provided by the Hirer.<br />c.) Sunday &amp; Public Holiday considered as overtime and minimum 8hrs.</p>', 'MR ALI KAMARUDDIN', 'care@iwk.com.my', '1335.00', '431.20', '1699.45', '66.75', '1268.25', '0.00', '1699.45', 0, '', '', 0, '', 0),
(35, 'DO/2023/040', '2023-05-08', 132, '', '', '<p><strong>Delivery Order Terms</strong></p><p>a.) All necessary documentation permit to enter the jobsite shall be arranged by the Hirer.<br />b.) All lifting Gears to be provided by the Hirer.<br />c.) Sunday &amp; Public Holiday considered as overtime and minimum 8hrs.</p>', 'MR ALI KAMARUDDIN', 'care@iwk.com.my', '7251.85', '0.00', '7251.85', '0.00', '7251.85', '0.00', '7251.85', 0, '', 'QUO/2023/121', 51, 'IN/2023/021', 21),
(36, 'DO/2023/041', '2023-06-01', 146, '', '', '<p><strong>Delivery Order Terms</strong></p><p>a.) All necessary documentation permit to enter the jobsite shall be arranged by the Hirer.<br />b.) All lifting Gears to be provided by the Hirer.<br />c.) Sunday &amp; Public Holiday considered as overtime and minimum 8hrs.</p>', 'CIKGU RAMESH', '', '5370.50', '30.60', '5147.27', '253.82', '5116.68', '-0.02', '5147.25', 1, '', 'QUO/2023/135', 65, 'IN/2023/029', 29),
(37, 'DO/2023/042', '2023-06-16', 118, 'TRANSPORT AND LABOUR CHARGES FOR DESLUDGING WORK', '', '<p><strong>Delivery Order Terms</strong></p><p>a.) All necessary documentation permit to enter the jobsite shall be arranged by the Hirer.<br />b.) All lifting Gears to be provided by the Hirer.<br />c.) Sunday &amp; Public Holiday considered as overtime and minimum 8hrs.</p>', 'MR ALEX CHONG', 'kennyhill_condo1923@gmail.com', '8166.90', '12.42', '8107.32', '72.00', '8094.90', '-0.02', '8107.30', 1, '<p>WORK LOCATION : PUCHONG SETIA MALL BRANCH</p>', '', 0, 'IN/2023/035kii', 34);

-- --------------------------------------------------------

--
-- Table structure for table `tbdeliveryorderdetail`
--

DROP TABLE IF EXISTS `tbdeliveryorderdetail`;
CREATE TABLE IF NOT EXISTS `tbdeliveryorderdetail` (
  `deliveryOrderDetail_id` int(11) NOT NULL AUTO_INCREMENT,
  `deliveryOrderDetail_deliveryOrderID` int(10) NOT NULL,
  `deliveryOrderDetail_no1` varchar(200) NOT NULL,
  `deliveryOrderDetail_no2` varchar(200) NOT NULL,
  `deliveryOrderDetail_no3` decimal(10,2) NOT NULL DEFAULT '0.00',
  `deliveryOrderDetail_no4` varchar(200) NOT NULL,
  `deliveryOrderDetail_bold` int(11) NOT NULL DEFAULT '0' COMMENT '0=normal, 1=bold',
  `deliveryOrderDetail_sortID` int(2) NOT NULL DEFAULT '0',
  `deliveryOrderDetail_no5` decimal(10,2) NOT NULL DEFAULT '0.00',
  `deliveryOrderDetail_rowTotal` decimal(10,2) NOT NULL DEFAULT '0.00',
  `deliveryOrderDetail_taxRateID` int(10) NOT NULL DEFAULT '0',
  `deliveryOrderDetail_taxPercent` decimal(10,2) NOT NULL DEFAULT '0.00',
  `deliveryOrderDetail_taxTotal` decimal(10,2) NOT NULL DEFAULT '0.00',
  `deliveryOrderDetail_rowGrandTotal` decimal(10,2) NOT NULL DEFAULT '0.00',
  `deliveryOrderDetail_discountPercent` decimal(10,2) NOT NULL DEFAULT '0.00',
  `deliveryOrderDetail_discountAmount` decimal(10,2) NOT NULL DEFAULT '0.00',
  `deliveryOrderDetail_rowTotalAfterDiscount` decimal(10,2) NOT NULL DEFAULT '0.00',
  PRIMARY KEY (`deliveryOrderDetail_id`)
) ENGINE=InnoDB AUTO_INCREMENT=406 DEFAULT CHARSET=latin1;

--
-- Dumping data for table `tbdeliveryorderdetail`
--

INSERT INTO `tbdeliveryorderdetail` (`deliveryOrderDetail_id`, `deliveryOrderDetail_deliveryOrderID`, `deliveryOrderDetail_no1`, `deliveryOrderDetail_no2`, `deliveryOrderDetail_no3`, `deliveryOrderDetail_no4`, `deliveryOrderDetail_bold`, `deliveryOrderDetail_sortID`, `deliveryOrderDetail_no5`, `deliveryOrderDetail_rowTotal`, `deliveryOrderDetail_taxRateID`, `deliveryOrderDetail_taxPercent`, `deliveryOrderDetail_taxTotal`, `deliveryOrderDetail_rowGrandTotal`, `deliveryOrderDetail_discountPercent`, `deliveryOrderDetail_discountAmount`, `deliveryOrderDetail_rowTotalAfterDiscount`) VALUES
(1, 1, '', 'LABOUR TO REPLACE PARTS & SERVICE', '0.00', '', 0, 1, '56.00', '56.00', 1, '0.00', '0.00', '56.00', '0.00', '0.00', '56.00'),
(2, 1, '', 'Latest we have also include the salary range RM 4000.00  RM 5000.00 into Socso table as instructed by PERKESO. Previously it was maximum calculation until RM 4000.00 only.', '2.00', '', 0, 2, '450.00', '900.00', 1, '0.00', '0.00', '900.00', '0.00', '0.00', '900.00'),
(3, 1, '', 'NOKIA CHARGER TYPE CARBON 4598BK2', '5.00', 'UNIT', 0, 3, '450.00', '2250.00', 1, '0.00', '0.00', '2250.00', '0.00', '0.00', '2250.00'),
(4, 1, '', '', '0.00', '', 0, 4, '0.00', '0.00', 1, '0.00', '0.00', '0.00', '0.00', '0.00', '0.00'),
(5, 1, '', '', '0.00', '', 0, 5, '0.00', '0.00', 1, '0.00', '0.00', '0.00', '0.00', '0.00', '0.00'),
(6, 2, '', 'LABOUR TO REPLACE PARTS & SERVICE', '0.00', '', 0, 1, '56.00', '56.00', 1, '0.00', '0.00', '56.00', '0.00', '0.00', '56.00'),
(7, 2, '', 'Latest we have also include the salary range RM 4000.00  RM 5000.00 into Socso table as instructed by PERKESO. Previously it was maximum calculation until RM 4000.00 only.', '2.00', '', 0, 2, '450.00', '900.00', 1, '0.00', '0.00', '900.00', '0.00', '0.00', '900.00'),
(8, 2, '', 'NOKIA CHARGER TYPE CARBON 4598BK2', '5.00', 'UNIT', 0, 3, '450.00', '2250.00', 1, '0.00', '0.00', '2250.00', '0.00', '0.00', '2250.00'),
(9, 2, '', 'TOP RADIATOR HOSE ORIGINAL', '0.00', '', 0, 4, '450.00', '450.00', 1, '0.00', '0.00', '450.00', '0.00', '0.00', '450.00'),
(10, 2, '', 'AUTOMATIC TRANSMISSION FLUID', '0.00', 'unit', 0, 5, '102.50', '102.50', 1, '0.00', '0.00', '102.50', '0.00', '0.00', '102.50'),
(19, 3, '', 'DESLUDGING SERVICES FOR SLUDGE & OTHER RELATED WORKS', '0.00', '', 1, 1, '0.00', '0.00', 1, '0.00', '0.00', '0.00', '0.00', '0.00', '0.00'),
(20, 3, '1.', 'TO USE 4.5m3 DESLDUDGING TANKER TO VACUUM AND REMOVE SLUDGE / WASTE WATER INCLUDING DISPOSAL. 20/10/2022', '3.00', 'TRIPS', 0, 2, '450.00', '1350.00', 1, '0.00', '0.00', '1350.00', '0.00', '0.00', '1350.00'),
(21, 3, '2.', 'TO USE 10.00m3 DESLDUDGING TANKER TO VACUUM AND REMOVE SLUDGE / WASTE WATER INCLUDING DISPOSAL  20/10/2022', '2.00', 'TRIPS', 0, 3, '750.00', '1500.00', 1, '0.00', '0.00', '1500.00', '0.00', '0.00', '1500.00'),
(22, 3, '3.', 'REWINDING AND SERVICING WASTE WATER PUMP 16/10/2022', '0.00', '', 0, 4, '3450.00', '3450.00', 1, '0.00', '0.00', '3450.00', '0.00', '0.00', '3450.00'),
(23, 3, '4.', 'ELECTRICAL WIRING WORKS FROM PUMP TO THE ELECTRICAL PANEL BOX.', '0.00', '', 0, 5, '120.00', '120.00', 1, '0.00', '0.00', '120.00', '0.00', '0.00', '120.00'),
(24, 3, '5.', 'TO USE HIGH PRESSURE JETTER TRUCK MACHINE TO CLEAN AND BREAK ALL BLOCKAGES WITHIN THE SEWERAGE PIPELINES.', '0.00', '', 0, 6, '1800.00', '1800.00', 1, '0.00', '0.00', '1800.00', '0.00', '0.00', '1800.00'),
(25, 3, '', 'LABOUR CHARGES', '0.00', '', 1, 7, '0.00', '0.00', 1, '0.00', '0.00', '0.00', '0.00', '0.00', '0.00'),
(26, 3, '1.', 'TO USE DESLUDGING TANKER TO VACUUM AND REMOVE ALL SLUDGE / WASTE WATER TO ENABLE THE SUBMERSIBLE PUMP AND SENSOR TO BE INSTALLED.', '2.00', 'UNITS', 0, 8, '500.00', '1000.00', 1, '0.00', '0.00', '850.00', '15.00', '150.00', '850.00'),
(41, 4, '', 'LABOUR TO REPLACE PARTS & SERVICE', '0.00', '', 1, 1, '56.00', '56.00', 1, '0.00', '0.00', '56.00', '0.00', '0.00', '56.00'),
(42, 4, '', 'Latest we have also include the salary range RM 4000.00  RM 5000.00 into Socso table as instructed by PERKESO. Previously it was maximum calculation until RM 4000.00 only.', '2.00', '', 0, 2, '450.00', '900.00', 1, '0.00', '0.00', '900.00', '0.00', '0.00', '900.00'),
(43, 4, '', 'NOKIA CHARGER TYPE CARBON 4598BK2', '5.00', 'UNIT', 1, 3, '450.00', '2250.00', 1, '0.00', '0.00', '2250.00', '0.00', '0.00', '2250.00'),
(44, 4, '', '', '0.00', '', 0, 4, '0.00', '0.00', 1, '0.00', '0.00', '0.00', '0.00', '0.00', '0.00'),
(45, 4, '', 'Latest we have also include the salary range RM 4000.00  RM 5000.00 into Socso table as instructed by PERKESO. Previously it was maximum calculation until RM 4000.00 only.', '0.00', '', 0, 5, '450.00', '450.00', 1, '0.00', '0.00', '450.00', '0.00', '0.00', '450.00'),
(46, 4, '', '', '0.00', '', 0, 6, '0.00', '0.00', 1, '0.00', '0.00', '0.00', '0.00', '0.00', '0.00'),
(47, 4, '', '', '0.00', '', 0, 7, '0.00', '0.00', 1, '0.00', '0.00', '0.00', '0.00', '0.00', '0.00'),
(48, 5, '', 'LABOUR TO REPLACE PARTS & SERVICE', '12.00', '', 0, 1, '56.00', '672.00', 1, '0.00', '0.00', '638.40', '5.00', '33.60', '638.40'),
(49, 5, '', 'Screw Holland made 6 type', '5.00', '', 0, 2, '77.00', '385.00', 4, '34.00', '117.81', '464.31', '10.00', '38.50', '346.50'),
(50, 5, '', 'AUTOMATIC TRANSMISSION FLUID', '5.00', 'unit', 0, 3, '102.50', '512.50', 1, '0.00', '0.00', '512.50', '0.00', '0.00', '512.50'),
(51, 5, '', 'TOP RADIATOR HOSE ORIGINAL', '6.00', '', 0, 4, '450.00', '2700.00', 3, '10.00', '270.00', '2970.00', '0.00', '0.00', '2700.00'),
(52, 5, '', 'NOKIA CHARGER TYPE CARBON 4598BK', '1.00', 'UNIT', 0, 5, '59.00', '59.00', 1, '0.00', '0.00', '59.00', '0.00', '0.00', '59.00'),
(53, 6, '', 'MANHOLE CLEANING WORKS', '0.00', '', 0, 1, '0.00', '0.00', 1, '0.00', '0.00', '0.00', '0.00', '0.00', '0.00'),
(54, 6, '1.', 'STAFF NEED TO ENTER THE MANHOLES MANUALLY AND REMOVE ALL RUBBISH, DIRT AND SAND FROM THE BOTTOM OF MANHOLE.', '1.00', 'LOT', 0, 2, '2500.00', '2500.00', 1, '0.00', '0.00', '2500.00', '0.00', '0.00', '2500.00'),
(55, 6, '2.', 'COLLECT ALL THE RUBBISH AND SAND AND DISPOSE IN RORO RUBBISH BIN\r\nTO BE SEND TO DISPOSAL SITE USING LORRY.', '0.00', '', 0, 3, '0.00', '0.00', 1, '0.00', '0.00', '0.00', '0.00', '0.00', '0.00'),
(56, 6, '3.', 'DISPOSAL AMOUNT INCLUDED IN THE QUOTATION.', '0.00', '', 0, 4, '0.00', '0.00', 1, '0.00', '0.00', '0.00', '0.00', '0.00', '0.00'),
(57, 6, '', 'SEWERAGE PIPE CLEARING', '0.00', '', 0, 5, '0.00', '0.00', 1, '0.00', '0.00', '0.00', '0.00', '0.00', '0.00'),
(58, 6, '1.', 'USE MANUAL RODDING TO CLEAR THE BLOCKAGES', '1.00', 'LOT', 0, 6, '3500.00', '3500.00', 1, '0.00', '0.00', '3500.00', '0.00', '0.00', '3500.00'),
(59, 6, '2.', 'USE JETTING MACHINE WITH HIGH POWERED WATER PRESSURE TO CLEAR ALL BLOCKAGES.', '0.00', '', 0, 7, '0.00', '0.00', 1, '0.00', '0.00', '0.00', '0.00', '0.00', '0.00'),
(60, 6, '3.', 'REMOVE ALL THE CLEARED BLOCKAGES AND DISPOSE IN RORO BIN FOR DISPOSAL.', '0.00', '', 0, 8, '0.00', '0.00', 1, '0.00', '0.00', '0.00', '0.00', '0.00', '0.00'),
(61, 6, '', 'WORK SITE CLEANING WORKS', '0.00', '', 0, 9, '0.00', '0.00', 1, '0.00', '0.00', '0.00', '0.00', '0.00', '0.00'),
(62, 6, '1.', 'CLEAN ALL THE WORKSITE AREA OF DEBRIS, SLUDGE ETC AFTER THE WORKS IS COMPLETED.', '1.00', 'LOT', 0, 10, '1000.00', '1000.00', 1, '0.00', '0.00', '1000.00', '0.00', '0.00', '1000.00'),
(63, 6, '', 'PAYMENT TERMS', '0.00', '', 0, 11, '0.00', '0.00', 1, '0.00', '0.00', '0.00', '0.00', '0.00', '0.00'),
(64, 6, '1.', 'OFFICIAL PURCHASE ORDER NEED TO BE ISSUED BY CUSTOMER.', '0.00', '', 0, 12, '0.00', '0.00', 1, '0.00', '0.00', '0.00', '0.00', '0.00', '0.00'),
(65, 6, '2.', 'DEPOSIT AMOUNT OF 50 PERCENT OF TOTAL COST TO BE PAID BEFORE WORK STARTS.', '0.00', '', 0, 13, '0.00', '0.00', 1, '0.00', '0.00', '0.00', '0.00', '0.00', '0.00'),
(66, 6, '3.', 'BALANCE PAYMENT OF 50 PERCENT TO BE PAID WITHIN 7 DAYS OF WORK COMPLETION.', '0.00', '', 0, 14, '0.00', '0.00', 1, '0.00', '0.00', '0.00', '0.00', '0.00', '0.00'),
(67, 7, '', 'MOTOROLLA HANDPHONE MODEL X-9', '45.00', 'unit', 0, 1, '650.00', '29250.00', 1, '0.00', '0.00', '29250.00', '0.00', '0.00', '29250.00'),
(68, 7, '', 'Screw Holland made 6 type', '55.00', '', 0, 2, '77.00', '4235.00', 1, '0.00', '0.00', '4235.00', '0.00', '0.00', '4235.00'),
(69, 7, '', '', '0.00', '', 0, 3, '0.00', '0.00', 1, '0.00', '0.00', '0.00', '0.00', '0.00', '0.00'),
(70, 7, '', '', '0.00', '', 0, 4, '0.00', '0.00', 1, '0.00', '0.00', '0.00', '0.00', '0.00', '0.00'),
(71, 7, '', '', '0.00', '', 0, 5, '0.00', '0.00', 1, '0.00', '0.00', '0.00', '0.00', '0.00', '0.00'),
(72, 8, '', 'A4 Bahasa Malaysia Exam papers9', '6.00', 'pcs', 0, 1, '6.49', '38.94', 1, '0.00', '0.00', '38.94', '0.00', '0.00', '38.94'),
(73, 8, '', 'Latest we have also include the salary range RM 4000.00  RM 5000.00 into Socso table as instructed by PERKESO. Previously it was maximum calculation until RM 4000.00 only.', '6.00', '', 0, 2, '450.00', '2700.00', 1, '0.00', '0.00', '2700.00', '0.00', '0.00', '2700.00'),
(74, 8, '', 'Teak Wood furniture sofa chair', '5.00', '', 0, 3, '66.00', '330.00', 1, '0.00', '0.00', '313.50', '5.00', '16.50', '313.50'),
(75, 8, '', 'NOKIA CHARGER TYPE CARBON 4598BK', '1.00', 'UNIT', 0, 4, '59.00', '59.00', 1, '0.00', '0.00', '59.00', '0.00', '0.00', '59.00'),
(76, 8, '', 'MOTOROLLA HANDPHONE MODEL X-9', '1.00', 'unit', 0, 5, '5006.75', '5006.75', 4, '34.00', '1702.30', '6709.05', '0.00', '0.00', '5006.75'),
(77, 8, '', 'Chicken Eggs \r\nMount Road Poulty Farm', '0.00', '', 0, 6, '77.85', '77.85', 1, '0.00', '0.00', '77.85', '0.00', '0.00', '77.85'),
(78, 8, '', 'Screw Holland made 6 type', '3.00', '', 0, 7, '77.00', '231.00', 1, '0.00', '0.00', '231.00', '0.00', '0.00', '231.00'),
(79, 8, '', 'Electrical Cable Malaysia Made', '1.00', 'pc', 0, 8, '10.49', '10.49', 1, '0.00', '0.00', '10.49', '0.00', '0.00', '10.49'),
(80, 9, '', 'LABOUR TO REPLACE PARTS & SERVICE', '2.00', '', 0, 1, '56.00', '112.00', 1, '0.00', '0.00', '112.00', '0.00', '0.00', '112.00'),
(81, 9, '', 'NOKIA CHARGER TYPE CARBON 4598BK', '2.00', 'UNIT', 0, 2, '59.00', '118.00', 1, '0.00', '0.00', '118.00', '0.00', '0.00', '118.00'),
(82, 9, '', '', '0.00', '', 0, 3, '0.00', '0.00', 1, '0.00', '0.00', '0.00', '0.00', '0.00', '0.00'),
(83, 9, '', '', '0.00', '', 0, 4, '0.00', '0.00', 1, '0.00', '0.00', '0.00', '0.00', '0.00', '0.00'),
(84, 9, '', '', '0.00', '', 0, 5, '0.00', '0.00', 1, '0.00', '0.00', '0.00', '0.00', '0.00', '0.00'),
(85, 10, '', 'LABOUR TO REPLACE PARTS & SERVICE', '3.00', '', 0, 1, '56.00', '168.00', 4, '34.00', '54.84', '216.12', '4.00', '6.72', '161.28'),
(86, 10, '', 'Latest we have also include the salary range RM 4000.00  RM 5000.00 into Socso table as instructed by PERKESO. Previously it was maximum calculation until RM 4000.00 only.', '4.00', '', 0, 2, '450.00', '1800.00', 1, '0.00', '0.00', '1710.00', '5.00', '90.00', '1710.00'),
(87, 10, '', '', '0.00', '', 0, 3, '0.00', '0.00', 1, '0.00', '0.00', '0.00', '0.00', '0.00', '0.00'),
(88, 10, '', '', '0.00', '', 0, 4, '0.00', '0.00', 1, '0.00', '0.00', '0.00', '0.00', '0.00', '0.00'),
(89, 10, '', 'Chicken Eggs \r\nMount Road Poulty Farm', '12.00', '', 0, 5, '77.85', '934.20', 4, '34.00', '311.28', '1226.80', '2.00', '18.68', '915.52'),
(90, 11, '', 'LABOUR TO REPLACE PARTS & SERVICE', '1.00', '', 0, 1, '4560.00', '4560.00', 2, '6.00', '273.60', '4833.60', '0.00', '0.00', '4560.00'),
(91, 11, '', 'Screw Holland made 6 type', '2.00', '', 0, 2, '77.00', '154.00', 6, '1.50', '2.31', '156.31', '0.00', '0.00', '154.00'),
(92, 11, '', 'Latest we have also include the salary range RM 4000.00  RM 5000.00 into Socso table as instructed by PERKESO. Previously it was maximum calculation until RM 4000.00 only.', '1.00', '', 0, 3, '450.00', '450.00', 1, '0.00', '0.00', '450.00', '0.00', '0.00', '450.00'),
(93, 11, '', 'Teak Wood furniture sofa chair', '1.00', '', 0, 4, '66.00', '66.00', 1, '0.00', '0.00', '66.00', '0.00', '0.00', '66.00'),
(94, 11, '', 'Parts Repair', '0.00', '', 0, 5, '0.00', '0.00', 1, '0.00', '0.00', '0.00', '0.00', '0.00', '0.00'),
(95, 11, '1.', 'NOKIA CHARGER TYPE CARBON 4598BK', '2.00', 'UNIT', 0, 6, '59.00', '118.00', 1, '0.00', '0.00', '118.00', '0.00', '0.00', '118.00'),
(96, 11, '2.', 'MOTOROLLA HANDPHONE MODEL X-9', '2.00', 'unit', 0, 7, '5006.75', '10013.50', 1, '0.00', '0.00', '10013.50', '0.00', '0.00', '10013.50'),
(97, 11, '3.', 'TOP RADIATOR HOSE ORIGINAL', '6.00', '', 0, 8, '450.00', '2700.00', 1, '0.00', '0.00', '2700.00', '0.00', '0.00', '2700.00'),
(98, 12, '1', 'Curry Puff Flour 1.8kg', '3.00', 'packet', 0, 1, '6.49', '19.47', 2, '6.00', '1.11', '19.61', '5.00', '0.97', '18.50'),
(99, 12, '2', 'LABOUR TO REPLACE PARTS & SERVICE', '3.00', '', 0, 2, '56.00', '168.00', 4, '34.00', '54.26', '213.86', '5.00', '8.40', '159.60'),
(100, 12, '3', 'NOKIA CHARGER TYPE CARBON 4598BK', '3.00', 'UNIT', 0, 3, '59.00', '177.00', 4, '34.00', '55.97', '220.58', '7.00', '12.39', '164.61'),
(101, 12, '4', 'Teak Wood furniture sofa chair', '4.00', '', 0, 4, '66.00', '264.00', 4, '34.00', '82.58', '325.46', '8.00', '21.12', '242.88'),
(102, 12, '5', 'Jetting Works and Clear blockages with rodder machine', '3.00', 'unit', 0, 5, '6.00', '18.00', 6, '1.50', '0.25', '16.63', '9.00', '1.62', '16.38'),
(103, 13, '1', 'Curry Puff Flour 1.8kg', '3.00', 'packet', 0, 1, '6.49', '19.47', 2, '6.00', '1.11', '19.61', '5.00', '0.97', '18.50'),
(104, 13, '2', 'LABOUR TO REPLACE PARTS & SERVICE', '3.00', 'pc', 1, 2, '56.00', '168.00', 4, '34.00', '54.26', '213.86', '5.00', '8.40', '159.60'),
(105, 13, '3', 'NOKIA CHARGER TYPE CARBON 4598BK', '3.00', 'UNIT', 0, 3, '59.00', '177.00', 4, '34.00', '55.97', '220.58', '7.00', '12.39', '164.61'),
(106, 13, '4', 'Teak Wood furniture sofa chair', '4.00', 'kg', 0, 4, '66.00', '264.00', 4, '34.00', '82.58', '325.46', '8.00', '21.12', '242.88'),
(107, 13, '5', 'Jetting Works and Clear blockages with rodder machine', '3.00', 'unit', 1, 5, '6.00', '18.00', 6, '1.50', '0.25', '16.63', '9.00', '1.62', '16.38'),
(128, 14, '1', 'Curry Puff Flour 1.8kg', '3.00', 'packet', 1, 1, '6.49', '19.47', 2, '6.00', '1.11', '19.61', '5.00', '0.97', '18.50'),
(129, 14, '2', 'LABOUR TO REPLACE PARTS & SERVICE', '3.00', 'pc', 0, 2, '56.00', '168.00', 4, '34.00', '54.26', '213.86', '5.00', '8.40', '159.60'),
(130, 14, '3', 'NOKIA CHARGER TYPE CARBON 4598BK', '3.00', 'UNIT', 1, 3, '59.00', '177.00', 4, '34.00', '55.97', '220.58', '7.00', '12.39', '164.61'),
(131, 14, '4', 'Teak Wood furniture sofa chair', '4.00', 'kg', 0, 4, '66.00', '264.00', 4, '34.00', '82.58', '325.46', '8.00', '21.12', '242.88'),
(132, 14, '5', 'Jetting Works and Clear blockages with rodder machine', '3.00', 'unit', 1, 5, '6.00', '18.00', 6, '1.50', '0.25', '16.63', '9.00', '1.62', '16.38'),
(133, 15, '', 'AUTOMATIC TRANSMISSION FLUID', '0.00', 'unit', 0, 1, '102.50', '102.50', 1, '0.00', '0.00', '102.50', '0.00', '0.00', '102.50'),
(134, 15, '', 'NOKIA CHARGER TYPE CARBON 4598BK', '0.00', 'UNIT', 0, 2, '59.00', '59.00', 1, '0.00', '0.00', '59.00', '0.00', '0.00', '59.00'),
(135, 15, '', 'Latest we have also include the salary range RM 4000.00  RM 5000.00 into Socso table as instructed by PERKESO. Previously it was maximum calculation until RM 4000.00 only.', '0.00', '', 0, 3, '450.00', '450.00', 1, '0.00', '0.00', '450.00', '0.00', '0.00', '450.00'),
(136, 15, '', '', '0.00', '', 0, 4, '0.00', '0.00', 1, '0.00', '0.00', '0.00', '0.00', '0.00', '0.00'),
(137, 15, '', 'Jetting Works and Clear blockages with rodder machine', '0.00', 'unit', 0, 5, '6.00', '6.00', 1, '0.00', '0.00', '6.00', '0.00', '0.00', '6.00'),
(138, 16, '', 'AUTOMATIC TRANSMISSION FLUID', '0.00', 'unit', 1, 1, '102.50', '102.50', 1, '0.00', '0.00', '102.50', '0.00', '0.00', '102.50'),
(139, 16, '', 'NOKIA CHARGER TYPE CARBON 4598BK', '0.00', 'UNIT', 0, 2, '59.00', '59.00', 1, '0.00', '0.00', '59.00', '0.00', '0.00', '59.00'),
(140, 16, '', 'Latest we have also include the salary range RM 4000.00  RM 5000.00 into Socso table as instructed by PERKESO. Previously it was maximum calculation until RM 4000.00 only.', '0.00', '', 0, 3, '450.00', '450.00', 1, '0.00', '0.00', '450.00', '0.00', '0.00', '450.00'),
(141, 16, '', '', '0.00', '', 0, 4, '0.00', '0.00', 1, '0.00', '0.00', '0.00', '0.00', '0.00', '0.00'),
(142, 16, '', 'Jetting Works and Clear blockages with rodder machine', '0.00', 'unit', 0, 5, '6.00', '6.00', 1, '0.00', '0.00', '6.00', '0.00', '0.00', '6.00'),
(143, 17, '1.', 'TO SUPPLY LABOUR AND TOOLS FOR CLEAR RUSTY AND SLUDGE IN CONCRETE WATER TANK.', '12.00', 'UNITS', 0, 1, '1650.00', '19800.00', 1, '0.00', '0.00', '19800.00', '0.00', '0.00', '19800.00'),
(144, 17, '2.', 'TO SUPPLY LABOUR AND TOOLS FOR CLEAR RUSTY AND SLUDGE IN FIBER WATER TANK ( SIZE  1600 X 800 X 1600)', '12.00', 'UNITS', 0, 2, '0.00', '16200.00', 1, '0.00', '0.00', '16200.00', '0.00', '0.00', '16200.00'),
(145, 17, '3.', 'TO SUPPLY LABOUR AND TOOLS FOR CLEAR RUSTY AND SLUDGE IN FIBER WATER TANK ( SIZE  2800 X 2000 X 3200 )', '24.00', 'UNITS', 0, 3, '1850.00', '44400.00', 1, '0.00', '0.00', '44400.00', '0.00', '0.00', '44400.00'),
(146, 17, '4.', 'BOLT & NUT FOR FITTINGS, BRACKETS ETC', '200.00', 'PCS', 0, 4, '5.00', '1000.00', 1, '0.00', '0.00', '1000.00', '0.00', '0.00', '1000.00'),
(147, 17, '5.', 'TO SUPPLY ELBOW AND FITTINGS TO REPAIR LEAKING  (USE SCAFFFOLDING)', '2.00', '', 0, 5, '1900.00', '3800.00', 1, '0.00', '0.00', '3800.00', '0.00', '0.00', '3800.00'),
(148, 17, '6.', 'TO REMOVE ALL DEBRIS AND UNUSED PARTS / MATERIALS FROM WORKSITE AND DISPOSE AT AUTHORISED SITE', '0.00', '', 0, 6, '800.00', '800.00', 1, '0.00', '0.00', '800.00', '0.00', '0.00', '800.00'),
(149, 17, '7.', 'TO SUPPLY ALL TOOLS, MATERIALS AND SKILLED WORKERS TO COMPLETE THE JOB.', '0.00', '', 0, 7, '0.00', '0.00', 1, '0.00', '0.00', '0.00', '0.00', '0.00', '0.00'),
(150, 17, '8.', 'TO FOLLOW ALL SAFETY PROCEDURES AT WORK SITE AT ALL TIMES', '0.00', '', 0, 8, '0.00', '0.00', 1, '0.00', '0.00', '0.00', '0.00', '0.00', '0.00'),
(151, 17, '', '', '0.00', '', 0, 9, '0.00', '0.00', 1, '0.00', '0.00', '0.00', '0.00', '0.00', '0.00'),
(152, 17, '', '', '0.00', '', 0, 10, '0.00', '0.00', 1, '0.00', '0.00', '0.00', '0.00', '0.00', '0.00'),
(153, 18, '', 'AUTOMATIC TRANSMISSION FLUID', '0.00', 'unit', 1, 1, '102.50', '102.50', 1, '0.00', '0.00', '102.50', '0.00', '0.00', '102.50'),
(154, 18, '', 'NOKIA CHARGER TYPE CARBON 4598BK', '0.00', 'UNIT', 0, 2, '59.00', '59.00', 1, '0.00', '0.00', '59.00', '0.00', '0.00', '59.00'),
(155, 18, '', 'Latest we have also include the salary range RM 4000.00  RM 5000.00 into Socso table as instructed by PERKESO. Previously it was maximum calculation until RM 4000.00 only.', '0.00', '', 0, 3, '450.00', '450.00', 1, '0.00', '0.00', '450.00', '0.00', '0.00', '450.00'),
(156, 18, '', '', '0.00', '', 0, 4, '0.00', '0.00', 1, '0.00', '0.00', '0.00', '0.00', '0.00', '0.00'),
(157, 18, '', 'Jetting Works and Clear blockages with rodder machine', '0.00', 'unit', 0, 5, '6.00', '6.00', 1, '0.00', '0.00', '6.00', '0.00', '0.00', '6.00'),
(158, 18, '', '', '0.00', '', 0, 6, '1000.00', '1000.00', 1, '0.00', '0.00', '1000.00', '0.00', '0.00', '1000.00'),
(169, 19, '1.', 'TO SUPPLY LABOUR AND TOOLS FOR CLEAR RUSTY AND SLUDGE IN CONCRETE WATER TANK.', '12.00', 'UNITS', 1, 1, '1650.00', '19800.00', 1, '0.00', '0.00', '19800.00', '0.00', '0.00', '19800.00'),
(170, 19, '2.', 'TO SUPPLY LABOUR AND TOOLS FOR CLEAR RUSTY AND SLUDGE IN FIBER WATER TANK ( SIZE  1600 X 800 X 1600)', '12.00', 'UNITS', 0, 2, '0.00', '16200.00', 1, '0.00', '0.00', '16200.00', '0.00', '0.00', '16200.00'),
(171, 19, '3.', 'TO SUPPLY LABOUR AND TOOLS FOR CLEAR RUSTY AND SLUDGE IN FIBER WATER TANK ( SIZE  2800 X 2000 X 3200 )', '24.00', 'UNITS', 0, 3, '1850.00', '44400.00', 1, '0.00', '0.00', '44400.00', '0.00', '0.00', '44400.00'),
(172, 19, '4.', 'BOLT & NUT FOR FITTINGS, BRACKETS ETC', '200.00', 'PCS', 0, 4, '5.00', '1000.00', 1, '0.00', '0.00', '1000.00', '0.00', '0.00', '1000.00'),
(173, 19, '5.', 'TO SUPPLY ELBOW AND FITTINGS TO REPAIR LEAKING  (USE SCAFFFOLDING)', '2.00', '', 1, 5, '1900.00', '3800.00', 1, '0.00', '0.00', '3800.00', '0.00', '0.00', '3800.00'),
(174, 19, '6.', 'TO REMOVE ALL DEBRIS AND UNUSED PARTS / MATERIALS FROM WORKSITE AND DISPOSE AT AUTHORISED SITE', '0.00', '', 0, 6, '800.00', '800.00', 1, '0.00', '0.00', '800.00', '0.00', '0.00', '800.00'),
(175, 19, '7.', 'TO SUPPLY ALL TOOLS, MATERIALS AND SKILLED WORKERS TO COMPLETE THE JOB.', '0.00', '', 0, 7, '0.00', '0.00', 1, '0.00', '0.00', '0.00', '0.00', '0.00', '0.00'),
(176, 19, '8.', 'TO FOLLOW ALL SAFETY PROCEDURES AT WORK SITE AT ALL TIMES', '0.00', '', 0, 8, '0.00', '0.00', 1, '0.00', '0.00', '0.00', '0.00', '0.00', '0.00'),
(177, 19, '9.', 'TRANSPORT CHARGES NOT INCLDUDE IN THE INVOICE. PAID SEPARATELY', '0.00', '', 0, 9, '0.00', '0.00', 1, '0.00', '0.00', '0.00', '0.00', '0.00', '0.00'),
(178, 19, '', '', '0.00', '', 0, 10, '0.00', '0.00', 1, '0.00', '0.00', '0.00', '0.00', '0.00', '0.00'),
(179, 20, '', 'GEARBOX', '0.00', '', 0, 1, '0.00', '0.00', 1, '0.00', '0.00', '0.00', '0.00', '0.00', '0.00'),
(180, 20, '1.', 'OVERHAUL TOYOTA VIOS AUTO GEARBOX INCL LABOUR\r\n - 6 MONTHS WARRANTY\r\n - AUTO GEABOX OVERHAUL KIT ( incl )\r\n - AUTO TRANSMISSION FLUID 7L ( incl )', '0.00', '', 0, 2, '2300.00', '2300.00', 1, '0.00', '0.00', '2300.00', '0.00', '0.00', '2300.00'),
(181, 20, '', '( other parts replacement )', '0.00', '', 0, 3, '0.00', '0.00', 1, '0.00', '0.00', '0.00', '0.00', '0.00', '0.00'),
(182, 20, '2.', '- DIFFERENTIAL GEAR', '0.00', '', 0, 4, '260.00', '260.00', 1, '0.00', '0.00', '260.00', '0.00', '0.00', '260.00'),
(183, 20, '3.', '- ENGINE FLYWHEEL OIL SEAL', '0.00', '', 0, 5, '65.00', '65.00', 1, '0.00', '0.00', '65.00', '0.00', '0.00', '65.00'),
(184, 20, '', '', '0.00', '', 0, 6, '0.00', '0.00', 1, '0.00', '0.00', '0.00', '0.00', '0.00', '0.00'),
(185, 20, '', 'PARTS REPLACEMENT', '0.00', '', 0, 7, '0.00', '0.00', 1, '0.00', '0.00', '0.00', '0.00', '0.00', '0.00'),
(186, 20, '1.', 'VIOS NCP42 FRT STABILIZER BUSH', '2.00', 'PCS', 0, 8, '37.00', '74.00', 1, '0.00', '0.00', '74.00', '0.00', '0.00', '74.00'),
(187, 20, '2.', 'FRT STABILIZER LINK BUSH', '8.00', 'PCS', 0, 9, '15.00', '120.00', 1, '0.00', '0.00', '120.00', '0.00', '0.00', '120.00'),
(188, 20, '3.', 'FRT/LH & FRT/RH LOWER ARM ASSY', '2.00', 'PCS', 0, 10, '182.00', '364.00', 1, '0.00', '0.00', '364.00', '0.00', '0.00', '364.00'),
(189, 20, '4.', 'FRT ORIGINAL ABSORBER NCP42', '2.00', 'PCS', 0, 11, '240.00', '480.00', 1, '0.00', '0.00', '480.00', '0.00', '0.00', '480.00'),
(190, 20, '5.', 'FRT ORIGINAL ABSORBER MOUNTING NCP42', '2.00', 'PCS', 0, 12, '145.00', '290.00', 1, '0.00', '0.00', '290.00', '0.00', '0.00', '290.00'),
(191, 20, '6.', 'FRT ABSORBER COVER', '2.00', 'PCS', 0, 13, '32.00', '64.00', 1, '0.00', '0.00', '64.00', '0.00', '0.00', '64.00'),
(192, 20, '7.', 'FRT ABSORBER BUSH', '2.00', 'PCS', 0, 14, '20.00', '40.00', 1, '0.00', '0.00', '40.00', '0.00', '0.00', '40.00'),
(193, 20, '8.', 'RR ABSORBER NCP42', '2.00', 'PCS', 0, 15, '180.00', '360.00', 1, '0.00', '0.00', '360.00', '0.00', '0.00', '360.00'),
(194, 20, '9.', 'RR ABSORBER COVER', '2.00', 'PCS', 0, 16, '35.00', '70.00', 1, '0.00', '0.00', '70.00', '0.00', '0.00', '70.00'),
(195, 20, '10.', 'RR ABSORBER MOUNTING BUSH', '2.00', 'SET', 0, 17, '35.00', '70.00', 1, '0.00', '0.00', '70.00', '0.00', '0.00', '70.00'),
(196, 20, '11.', 'ORIGINAL TOYOTA OIL FILTER', '0.00', '', 0, 18, '24.00', '24.00', 1, '0.00', '0.00', '24.00', '0.00', '0.00', '24.00'),
(197, 20, '12.', 'SEMI SYNTHETIC ENGINE OIL', '0.00', '', 0, 19, '138.00', '138.00', 1, '0.00', '0.00', '138.00', '0.00', '0.00', '138.00'),
(198, 20, '13.', 'FBK FRT BRAKE PAD', '1.00', 'SET', 0, 20, '85.00', '85.00', 1, '0.00', '0.00', '85.00', '0.00', '0.00', '85.00'),
(199, 20, '14.', 'TOYOTA AIR FILTER', '0.00', '', 0, 21, '20.00', '20.00', 1, '0.00', '0.00', '20.00', '0.00', '0.00', '20.00'),
(200, 20, '15.', 'NCP42 FRT BRAKE DISC ROTOR BREMBO', '1.00', 'SET', 0, 22, '235.00', '235.00', 1, '0.00', '0.00', '235.00', '0.00', '0.00', '235.00'),
(201, 20, '16.', 'FRT DISC BRAKE PIN', '0.00', '', 0, 23, '120.00', '120.00', 1, '0.00', '0.00', '120.00', '0.00', '0.00', '120.00'),
(202, 20, '17.', 'VVTI VALVE SENSOR ORIGINAL HALFCUT', '0.00', '', 0, 24, '180.00', '180.00', 1, '0.00', '0.00', '180.00', '0.00', '0.00', '180.00'),
(203, 20, '', 'LABOUR CHARGES', '0.00', '', 0, 25, '0.00', '0.00', 1, '0.00', '0.00', '0.00', '0.00', '0.00', '0.00'),
(204, 20, '1.', 'PARTS REPLACEMENT & REMOVE STUCKED VVTI SENSOR FROM ENGINE HEAD', '0.00', '', 0, 26, '580.00', '580.00', 1, '0.00', '0.00', '580.00', '0.00', '0.00', '580.00'),
(205, 20, '2.', 'BRAKE PIN SERVICE', '0.00', '', 0, 27, '30.00', '30.00', 1, '0.00', '0.00', '30.00', '0.00', '0.00', '30.00'),
(206, 20, '', 'METER', '0.00', '', 0, 28, '0.00', '0.00', 1, '0.00', '0.00', '0.00', '0.00', '0.00', '0.00'),
(207, 20, '1.', 'CHECK METER\r\nREPAIR METER\r\nCHANGE BULB 3PCS\r\nCHECK WIRING METER', '0.00', '', 0, 29, '180.00', '180.00', 1, '0.00', '0.00', '180.00', '0.00', '0.00', '180.00'),
(208, 20, '', 'WHEEL ALIGNMENT', '0.00', '', 0, 30, '0.00', '0.00', 1, '0.00', '0.00', '0.00', '0.00', '0.00', '0.00'),
(209, 20, '1.', 'BALANCING\r\nCAMBER\r\nTYRE ROTATION', '0.00', '', 0, 31, '80.00', '80.00', 1, '0.00', '0.00', '80.00', '0.00', '0.00', '80.00'),
(210, 20, '', '', '0.00', '', 0, 32, '0.00', '0.00', 1, '0.00', '0.00', '0.00', '0.00', '0.00', '0.00'),
(211, 20, '', 'REMARKS', '0.00', '', 0, 33, '0.00', '0.00', 1, '0.00', '0.00', '0.00', '0.00', '0.00', '0.00'),
(212, 20, '', 'ENGINE OIL\r\nNEXT SERVICE: 371,100KM\r\n\r\nAUTO TRANSMISSION FLUID\r\nNEXT SERVICE: 384,100KM', '0.00', '', 0, 34, '0.00', '0.00', 1, '0.00', '0.00', '0.00', '0.00', '0.00', '0.00'),
(213, 21, '1', 'CALCULATOR BASIC', '0.00', 'PCS', 0, 1, '99.00', '99.00', 1, '0.00', '0.00', '99.00', '0.00', '0.00', '99.00'),
(214, 21, '2', 'CALENDAR FOR YEAR 2023 INCLUDING STICKERS MICKEY MOUSE', '0.00', 'PCS', 0, 2, '50.95', '50.95', 1, '0.00', '0.00', '50.95', '0.00', '0.00', '50.95'),
(215, 21, '3', 'CAR POLISH 2.5 LITRES', '0.00', 'BOTTLE', 0, 3, '19.00', '19.00', 1, '0.00', '0.00', '19.00', '0.00', '0.00', '19.00'),
(216, 21, '4', 'CAR AIRCOND HOSE', '0.00', '', 0, 4, '90.00', '90.00', 1, '0.00', '0.00', '90.00', '0.00', '0.00', '90.00'),
(217, 21, '5', 'COLGATE MEDIUM PACKET', '0.00', 'bottle', 0, 5, '55.00', '55.00', 1, '0.00', '0.00', '55.00', '0.00', '0.00', '55.00'),
(218, 21, '6', 'REMOVE WINDSCREEN AND TINTING WORKS DONE FOR THE WHOLE CAR', '0.00', 'UNITS', 0, 6, '0.00', '0.00', 1, '0.00', '0.00', '0.00', '0.00', '0.00', '0.00'),
(219, 21, '7', 'TO USE TOOLS AND MANUALLY ENTER THE  DRAIN TO REMOVE ALL SAND, STONES, DEBRIS ETC FROM THE SIDES AND BOTTOM OF DRAIN.', '0.00', 'LOT', 0, 7, '3700.00', '3700.00', 1, '0.00', '0.00', '3700.00', '0.00', '0.00', '3700.00'),
(220, 22, '1.', 'TO SUPPLY LABOUR AND TOOLS FOR CLEAR RUSTY AND SLUDGE IN CONCRETE WATER TANK.', '12.00', 'UNITS', 0, 1, '1650.00', '19800.00', 1, '0.00', '0.00', '19800.00', '0.00', '0.00', '19800.00'),
(221, 22, '2.', 'TO SUPPLY LABOUR AND TOOLS FOR CLEAR RUSTY AND SLUDGE IN FIBER WATER TANK ( SIZE  1600 X 800 X 1600)', '12.00', 'UNITS', 0, 2, '0.00', '16200.00', 1, '0.00', '0.00', '16200.00', '0.00', '0.00', '16200.00'),
(222, 22, '3.', 'TO SUPPLY LABOUR AND TOOLS FOR CLEAR RUSTY AND SLUDGE IN FIBER WATER TANK ( SIZE  2800 X 2000 X 3200 )', '24.00', 'UNITS', 0, 3, '1850.00', '44400.00', 1, '0.00', '0.00', '44400.00', '0.00', '0.00', '44400.00'),
(223, 22, '4.', 'BOLT & NUT FOR FITTINGS, BRACKETS ETC', '200.00', 'PCS', 0, 4, '5.00', '1000.00', 1, '0.00', '0.00', '1000.00', '0.00', '0.00', '1000.00'),
(224, 22, '5.', 'TO SUPPLY ELBOW AND FITTINGS TO REPAIR LEAKING  (USE SCAFFFOLDING)', '2.00', '', 0, 5, '1900.00', '3800.00', 1, '0.00', '0.00', '3800.00', '0.00', '0.00', '3800.00'),
(225, 22, '6.', 'TO REMOVE ALL DEBRIS AND UNUSED PARTS / MATERIALS FROM WORKSITE AND DISPOSE AT AUTHORISED SITE', '0.00', '', 0, 6, '800.00', '800.00', 1, '0.00', '0.00', '800.00', '0.00', '0.00', '800.00'),
(226, 22, '7.', 'TO SUPPLY ALL TOOLS, MATERIALS AND SKILLED WORKERS TO COMPLETE THE JOB.', '0.00', '', 0, 7, '0.00', '0.00', 1, '0.00', '0.00', '0.00', '0.00', '0.00', '0.00'),
(227, 22, '8.', 'TO FOLLOW ALL SAFETY PROCEDURES AT WORK SITE AT ALL TIMES', '0.00', '', 0, 8, '0.00', '0.00', 1, '0.00', '0.00', '0.00', '0.00', '0.00', '0.00'),
(228, 22, '9.', 'TRANSPORT CHARGES NOT INCLDUDE IN THE INVOICE. PAID SEPARATELY', '0.00', '', 0, 9, '0.00', '0.00', 1, '0.00', '0.00', '0.00', '0.00', '0.00', '0.00'),
(229, 22, '', '', '0.00', '', 0, 10, '0.00', '0.00', 1, '0.00', '0.00', '0.00', '0.00', '0.00', '0.00'),
(230, 23, '', 'CALENDAR FOR YEAR 2023 INCLUDING STICKERS MICKEY MOUSE', '0.00', 'PCS', 0, 1, '50.95', '50.95', 1, '0.00', '0.00', '50.95', '0.00', '0.00', '50.95'),
(231, 23, '', '', '0.00', '', 0, 2, '0.00', '0.00', 1, '0.00', '0.00', '0.00', '0.00', '0.00', '0.00'),
(232, 23, '', '', '0.00', '', 0, 3, '0.00', '0.00', 1, '0.00', '0.00', '0.00', '0.00', '0.00', '0.00'),
(233, 23, '', 'Apple Laptop Air', '0.00', 'unit', 0, 4, '6590.55', '6590.55', 1, '0.00', '0.00', '6590.55', '0.00', '0.00', '6590.55'),
(234, 23, '', '', '0.00', '', 0, 5, '0.00', '0.00', 1, '0.00', '0.00', '0.00', '0.00', '0.00', '0.00'),
(243, 24, '', 'CALENDAR FOR YEAR 2023 INCLUDING STICKERS MICKEY MOUSE', '0.00', 'PCS', 0, 1, '50.95', '50.95', 1, '0.00', '0.00', '50.95', '0.00', '0.00', '50.95'),
(244, 24, '', '', '0.00', '', 0, 2, '0.00', '0.00', 1, '0.00', '0.00', '0.00', '0.00', '0.00', '0.00'),
(245, 24, '', '', '0.00', '', 0, 3, '0.00', '0.00', 1, '0.00', '0.00', '0.00', '0.00', '0.00', '0.00'),
(246, 24, '', 'Apple Laptop Air', '0.00', 'unit', 0, 4, '6590.55', '6590.55', 1, '0.00', '0.00', '6590.55', '0.00', '0.00', '6590.55'),
(247, 24, '', '', '0.00', '', 0, 5, '98.00', '98.00', 1, '0.00', '0.00', '98.00', '0.00', '0.00', '98.00'),
(248, 24, '', '', '0.00', '', 0, 6, '6.00', '6.00', 1, '0.00', '0.00', '6.00', '0.00', '0.00', '6.00'),
(249, 24, '', '', '0.00', '', 0, 7, '3.00', '3.00', 1, '0.00', '0.00', '3.00', '0.00', '0.00', '3.00'),
(250, 24, '', '', '0.00', '', 0, 8, '8.00', '8.00', 1, '0.00', '0.00', '8.00', '0.00', '0.00', '8.00'),
(272, 25, '1.', 'TO SUPPLY LABOUR AND TOOLS FOR CLEAR RUSTY AND SLUDGE IN CONCRETE WATER TANK.', '12.00', 'UNITS', 1, 1, '1650.00', '19800.00', 1, '0.00', '0.00', '19800.00', '0.00', '0.00', '19800.00'),
(273, 25, '2.', 'TO SUPPLY LABOUR AND TOOLS FOR CLEAR RUSTY AND SLUDGE IN FIBER WATER TANK ( SIZE  1600 X 800 X 1600)', '12.00', 'UNITS', 0, 2, '0.00', '0.00', 1, '0.00', '0.00', '0.00', '0.00', '0.00', '0.00'),
(274, 25, '3.', 'TO SUPPLY LABOUR AND TOOLS FOR CLEAR RUSTY AND SLUDGE IN FIBER WATER TANK ( SIZE  2800 X 2000 X 3200 )', '24.00', 'UNITS', 0, 3, '67.00', '1608.00', 6, '1.50', '24.12', '1632.12', '0.00', '0.00', '1608.00'),
(275, 25, '4.', 'BOLT & NUT FOR FITTINGS, BRACKETS ETC', '200.00', 'PCS', 0, 4, '5.00', '1000.00', 1, '0.00', '0.00', '1000.00', '0.00', '0.00', '1000.00'),
(276, 25, '5.', 'TO SUPPLY ELBOW AND FITTINGS TO REPAIR LEAKING  (USE SCAFFFOLDING)', '2.00', '', 0, 5, '1900.00', '3800.00', 6, '1.50', '57.00', '3857.00', '0.00', '0.00', '3800.00'),
(277, 25, '6.', 'TO REMOVE ALL DEBRIS AND UNUSED PARTS / MATERIALS FROM WORKSITE AND DISPOSE AT AUTHORISED SITE', '0.00', '', 0, 6, '800.00', '800.00', 1, '0.00', '0.00', '800.00', '0.00', '0.00', '800.00'),
(278, 25, '7.', 'TO SUPPLY ALL TOOLS, MATERIALS AND SKILLED WORKERS TO COMPLETE THE JOB.', '0.00', '', 1, 7, '0.00', '0.00', 1, '0.00', '0.00', '0.00', '0.00', '0.00', '0.00'),
(279, 25, '8.', 'TO FOLLOW ALL SAFETY PROCEDURES AT WORK SITE AT ALL TIMES', '0.00', '', 0, 8, '0.00', '0.00', 1, '0.00', '0.00', '0.00', '0.00', '0.00', '0.00'),
(280, 25, '9.', 'TRANSPORT CHARGES NOT INCLDUDE IN THE INVOICE. PAID SEPARATELY', '0.00', '', 0, 9, '0.00', '0.00', 1, '0.00', '0.00', '0.00', '0.00', '0.00', '0.00'),
(281, 25, '', '', '0.00', '', 0, 10, '0.00', '0.00', 1, '0.00', '0.00', '0.00', '0.00', '0.00', '0.00'),
(282, 25, '', '', '0.00', '', 0, 11, '0.00', '0.00', 1, '0.00', '0.00', '0.00', '0.00', '0.00', '0.00'),
(293, 27, '1.', 'TO SUPPLY LABOUR AND TOOLS FOR CLEAR RUSTY AND SLUDGE IN CONCRETE WATER TANK.', '12.00', 'UNITS', 1, 1, '1650.00', '19800.00', 1, '0.00', '0.00', '19800.00', '0.00', '0.00', '19800.00'),
(294, 27, '2.', 'TO SUPPLY LABOUR AND TOOLS FOR CLEAR RUSTY AND SLUDGE IN FIBER WATER TANK ( SIZE  1600 X 800 X 1600)', '12.00', 'UNITS', 0, 2, '0.00', '0.00', 1, '0.00', '0.00', '0.00', '0.00', '0.00', '0.00'),
(295, 27, '3.', 'TO SUPPLY LABOUR AND TOOLS FOR CLEAR RUSTY AND SLUDGE IN FIBER WATER TANK ( SIZE  2800 X 2000 X 3200 )', '24.00', 'UNITS', 0, 3, '67.00', '1608.00', 6, '1.50', '24.12', '1632.12', '0.00', '0.00', '1608.00'),
(296, 27, '4.', 'BOLT & NUT FOR FITTINGS, BRACKETS ETC', '200.00', 'PCS', 0, 4, '5.00', '1000.00', 1, '0.00', '0.00', '1000.00', '0.00', '0.00', '1000.00'),
(297, 27, '5.', 'TO SUPPLY ELBOW AND FITTINGS TO REPAIR LEAKING  (USE SCAFFFOLDING)', '2.00', '', 0, 5, '1900.00', '3800.00', 6, '1.50', '57.00', '3857.00', '0.00', '0.00', '3800.00'),
(298, 27, '6.', 'TO REMOVE ALL DEBRIS AND UNUSED PARTS / MATERIALS FROM WORKSITE AND DISPOSE AT AUTHORISED SITE', '0.00', '', 0, 6, '800.00', '800.00', 1, '0.00', '0.00', '800.00', '0.00', '0.00', '800.00'),
(299, 27, '7.', 'TO SUPPLY ALL TOOLS, MATERIALS AND SKILLED WORKERS TO COMPLETE THE JOB.', '0.00', '', 1, 7, '0.00', '0.00', 1, '0.00', '0.00', '0.00', '0.00', '0.00', '0.00'),
(300, 27, '8.', 'TO FOLLOW ALL SAFETY PROCEDURES AT WORK SITE AT ALL TIMES', '0.00', '', 0, 8, '0.00', '0.00', 1, '0.00', '0.00', '0.00', '0.00', '0.00', '0.00'),
(301, 27, '9.', 'TRANSPORT CHARGES NOT INCLDUDE IN THE INVOICE. PAID SEPARATELY', '0.00', '', 0, 9, '0.00', '0.00', 1, '0.00', '0.00', '0.00', '0.00', '0.00', '0.00'),
(302, 27, '', '', '0.00', '', 0, 10, '0.00', '0.00', 1, '0.00', '0.00', '0.00', '0.00', '0.00', '0.00'),
(303, 27, '', '', '0.00', '', 0, 11, '0.00', '0.00', 1, '0.00', '0.00', '0.00', '0.00', '0.00', '0.00'),
(304, 28, '1', 'CALENDAR FOR YEAR 2023 INCLUDING STICKERS MICKEY MOUSE', '0.00', 'PCS', 0, 1, '50.95', '50.95', 1, '0.00', '0.00', '50.95', '0.00', '0.00', '50.95'),
(305, 28, '2', 'COMPUTER DELL XPS 15 16GB RAM 512GB SSD INTEL I9 PROCESSOR', '0.00', 'PCS', 0, 2, '0.00', '0.00', 1, '0.00', '0.00', '0.00', '0.00', '0.00', '0.00'),
(306, 28, '3', 'TO USE TOOLS AND MANUALLY ENTER THE  DRAIN TO REMOVE ALL SAND, STONES, DEBRIS ETC FROM THE SIDES AND BOTTOM OF DRAIN.', '0.00', 'LOT', 0, 3, '3700.00', '3700.00', 1, '0.00', '0.00', '3700.00', '0.00', '0.00', '3700.00'),
(307, 28, '4', 'REMOVE WINDSCREEN AND TINTING WORKS DONE FOR THE WHOLE CAR', '0.00', 'UNITS', 0, 4, '0.00', '0.00', 1, '0.00', '0.00', '0.00', '0.00', '0.00', '0.00'),
(308, 28, '5', 'TOP RADIATOR HOSE ORIGINAL', '0.00', '', 0, 5, '450.00', '450.00', 1, '0.00', '0.00', '450.00', '0.00', '0.00', '450.00'),
(319, 26, '1.', 'USE CHECMICALS TO KILL GERMS AND OTHER ALSO REDUCE THE ODOUR FROM MANHOLES', '0.00', '', 1, 1, '0.00', '0.00', 1, '0.00', '0.00', '0.00', '0.00', '0.00', '0.00'),
(320, 26, '', 'PRICE FOR SERVICE', '45.00', 'UNITS', 0, 2, '160.00', '7200.00', 1, '0.00', '0.00', '7200.00', '0.00', '0.00', '7200.00'),
(321, 26, '', '', '0.00', '', 0, 3, '0.00', '0.00', 1, '0.00', '0.00', '0.00', '0.00', '0.00', '0.00'),
(322, 26, '2.', 'NO CHEMICALS USED IN THE JETTING WATER', '45.00', 'UNITS', 0, 4, '120.00', '5400.00', 1, '0.00', '0.00', '5400.00', '0.00', '0.00', '5400.00'),
(323, 26, '', 'PRICE FOR SERVICE', '0.00', '', 0, 5, '0.00', '0.00', 1, '0.00', '0.00', '0.00', '0.00', '0.00', '0.00'),
(324, 26, '', '', '0.00', '', 0, 6, '0.00', '0.00', 1, '0.00', '0.00', '0.00', '0.00', '0.00', '0.00'),
(325, 26, '', 'PAYMENT TERMS', '0.00', '', 0, 7, '0.00', '0.00', 1, '0.00', '0.00', '0.00', '0.00', '0.00', '0.00'),
(326, 26, '1.', 'DEPOSIT AMOUNT OF RM 2,500.00 NEED TO BE PAID BEFORE WORK START.', '0.00', '', 0, 8, '0.00', '0.00', 1, '0.00', '0.00', '0.00', '0.00', '0.00', '0.00'),
(327, 26, '2.', 'BALANCE CASH PAYMENT ONCE WORK COMPLETED', '0.00', '', 0, 9, '0.00', '0.00', 1, '0.00', '0.00', '0.00', '0.00', '0.00', '0.00'),
(328, 26, '', '', '0.00', '', 0, 10, '0.00', '0.00', 1, '0.00', '0.00', '0.00', '0.00', '0.00', '0.00'),
(329, 29, '1', 'CALENDAR FOR YEAR 2023 INCLUDING STICKERS MICKEY MOUSE', '0.00', 'PCS', 0, 1, '50.95', '50.95', 1, '0.00', '0.00', '50.95', '0.00', '0.00', '50.95'),
(330, 29, '2', 'TO USE TOOLS AND MANUALLY ENTER THE  DRAIN TO REMOVE ALL SAND, STONES, DEBRIS ETC FROM THE SIDES AND BOTTOM OF DRAIN.', '0.00', 'LOT', 0, 2, '3700.00', '3700.00', 1, '0.00', '0.00', '3700.00', '0.00', '0.00', '3700.00'),
(331, 29, '3', 'CAR TINTING SERVICE - V COOL HOLLAND TYPE', '0.00', 'PCS', 0, 3, '66.00', '66.00', 1, '0.00', '0.00', '66.00', '0.00', '0.00', '66.00'),
(332, 29, '4', 'CAR AIRCOND REFILL GAS AND SERVICE', '0.00', '', 0, 4, '99.65', '99.65', 1, '0.00', '0.00', '99.65', '0.00', '0.00', '99.65'),
(333, 29, '5', 'TOP RADIATOR HOSE ORIGINAL', '0.00', '', 0, 5, '450.00', '450.00', 1, '0.00', '0.00', '450.00', '0.00', '0.00', '450.00'),
(334, 30, '', 'CALENDAR FOR YEAR 2023 INCLUDING STICKERS MICKEY MOUSE', '100.00', 'PCS', 0, 1, '41.55', '4155.00', 2, '6.00', '224.37', '3963.87', '10.00', '415.50', '3739.50'),
(335, 30, '', '', '0.00', '', 0, 2, '1000.00', '1000.00', 1, '0.00', '0.00', '1000.00', '0.00', '0.00', '1000.00'),
(336, 30, '', '', '0.00', '', 0, 3, '0.00', '0.00', 1, '0.00', '0.00', '0.00', '0.00', '0.00', '0.00'),
(337, 30, '', '', '0.00', '', 0, 4, '0.00', '0.00', 1, '0.00', '0.00', '0.00', '0.00', '0.00', '0.00'),
(338, 30, '', '', '0.00', '', 0, 5, '0.00', '0.00', 1, '0.00', '0.00', '0.00', '0.00', '0.00', '0.00'),
(339, 31, '', 'CALENDAR FOR YEAR 2023 INCLUDING STICKERS MICKEY MOUSE', '0.00', 'PCS', 0, 1, '50.95', '50.95', 1, '0.00', '0.00', '48.40', '5.00', '2.55', '48.40'),
(340, 31, '', 'CAR TINTING SERVICE - V COOL HOLLAND TYPE', '0.00', 'PCS', 0, 2, '66.00', '66.00', 1, '0.00', '0.00', '66.00', '0.00', '0.00', '66.00'),
(341, 31, '', 'LABOUR TO REPLACE PARTS & SERVICE', '0.00', 'bundles', 0, 3, '56.00', '56.00', 1, '0.00', '0.00', '51.52', '8.00', '4.48', '51.52'),
(342, 31, '', 'TO USE TOOLS AND MANUALLY ENTER THE  DRAIN TO REMOVE ALL SAND, STONES, DEBRIS ETC FROM THE SIDES AND BOTTOM OF DRAIN.', '0.00', 'LOT', 0, 4, '3700.00', '3700.00', 1, '0.00', '0.00', '3700.00', '0.00', '0.00', '3700.00'),
(343, 31, '', 'REMOVE WINDSCREEN AND TINTING WORKS DONE FOR THE WHOLE CAR', '0.00', 'UNITS', 0, 5, '904.00', '904.00', 2, '6.00', '54.24', '958.24', '0.00', '0.00', '904.00'),
(344, 32, '', 'CALENDAR FOR YEAR 2023 INCLUDING STICKERS MICKEY MOUSE', '34.00', 'PCS', 0, 1, '50.95', '1732.30', 1, '0.00', '0.00', '1645.68', '5.00', '86.61', '1645.68'),
(345, 32, '', '', '0.00', '', 0, 2, '0.00', '0.00', 1, '0.00', '0.00', '0.00', '0.00', '0.00', '0.00'),
(346, 32, '', 'REMOVE WINDSCREEN AND TINTING WORKS DONE FOR THE WHOLE CAR', '0.00', 'UNITS', 0, 3, '8000.00', '8000.00', 6, '1.50', '115.20', '7795.20', '4.00', '320.00', '7680.00'),
(347, 32, '', '', '0.00', '', 0, 4, '0.00', '0.00', 1, '0.00', '0.00', '0.00', '0.00', '0.00', '0.00'),
(348, 32, '', '', '0.00', '', 0, 5, '0.00', '0.00', 1, '0.00', '0.00', '0.00', '0.00', '0.00', '0.00'),
(367, 33, '1', 'CALENDAR FOR YEAR 2023 INCLUDING STICKERS MICKEY MOUSE', '0.00', 'PCS', 0, 1, '50.95', '50.95', 1, '0.00', '0.00', '48.40', '5.00', '2.55', '48.40'),
(368, 33, '2', 'CAR TINTING SERVICE - V COOL HOLLAND TYPE', '0.00', 'PCS', 0, 2, '66.00', '66.00', 1, '0.00', '0.00', '66.00', '0.00', '0.00', '66.00'),
(369, 33, '3', 'LABOUR TO REPLACE PARTS & SERVICE', '0.00', 'bundles', 0, 3, '56.00', '56.00', 1, '0.00', '0.00', '51.52', '8.00', '4.48', '51.52'),
(370, 33, '4', 'TO USE TOOLS AND MANUALLY ENTER THE  DRAIN TO REMOVE ALL SAND, STONES, DEBRIS ETC FROM THE SIDES AND BOTTOM OF DRAIN.', '0.00', 'LOT', 0, 4, '3700.00', '3700.00', 1, '0.00', '0.00', '3700.00', '0.00', '0.00', '3700.00'),
(371, 33, '5', 'REMOVE WINDSCREEN AND TINTING WORKS DONE FOR THE WHOLE CAR', '0.00', 'UNITS', 0, 5, '904.00', '904.00', 2, '6.00', '54.24', '958.24', '0.00', '0.00', '904.00'),
(372, 33, '', '', '0.00', '', 0, 6, '34.00', '34.00', 1, '0.00', '0.00', '34.00', '0.00', '0.00', '34.00'),
(373, 33, '', '', '4.00', '', 0, 7, '1872.00', '7488.00', 4, '34.00', '2507.73', '9883.41', '0.00', '112.32', '7375.68'),
(374, 33, '', '', '0.00', '', 0, 8, '7000.00', '7000.00', 1, '0.00', '0.00', '7000.00', '0.00', '0.00', '7000.00'),
(375, 33, '', '', '0.00', '', 0, 9, '300.00', '300.00', 1, '0.00', '0.00', '300.00', '0.00', '0.00', '300.00'),
(376, 34, '', '', '3.00', '', 0, 1, '445.00', '1335.00', 4, '34.00', '431.20', '1699.45', '5.00', '66.75', '1268.25'),
(377, 34, '', '', '0.00', '', 0, 2, '0.00', '0.00', 1, '0.00', '0.00', '0.00', '0.00', '0.00', '0.00'),
(378, 34, '', '', '0.00', '', 0, 3, '0.00', '0.00', 1, '0.00', '0.00', '0.00', '0.00', '0.00', '0.00'),
(379, 34, '', '', '0.00', '', 0, 4, '0.00', '0.00', 1, '0.00', '0.00', '0.00', '0.00', '0.00', '0.00'),
(380, 34, '', '', '0.00', '', 0, 5, '0.00', '0.00', 1, '0.00', '0.00', '0.00', '0.00', '0.00', '0.00'),
(381, 35, '', 'CALENDAR FOR YEAR 2023 INCLUDING STICKERS MICKEY MOUSE', '0.00', 'PCS', 0, 1, '50.95', '50.95', 1, '0.00', '0.00', '50.95', '0.00', '0.00', '50.95'),
(382, 35, '', 'TO USE TOOLS AND MANUALLY ENTER THE  DRAIN TO REMOVE ALL SAND, STONES, DEBRIS ETC FROM THE SIDES AND BOTTOM OF DRAIN.', '0.00', 'LOT', 0, 2, '3700.00', '3700.00', 1, '0.00', '0.00', '3700.00', '0.00', '0.00', '3700.00'),
(383, 35, '', 'PREPARE HOUSE TENANCY AGREEMENT FOR CUSTOMER FOR THE YEAR 2023 AND 2024', '0.00', 'LOT', 0, 3, '0.00', '0.00', 1, '0.00', '0.00', '0.00', '0.00', '0.00', '0.00'),
(384, 35, '', 'REMOVE WINDSCREEN AND TINTING WORKS DONE FOR THE WHOLE CAR', '0.00', 'UNITS', 0, 4, '0.00', '0.00', 1, '0.00', '0.00', '0.00', '0.00', '0.00', '0.00'),
(385, 35, '', 'BEZA CAR Malaysia Made', '0.00', 'PCS', 0, 5, '3500.90', '3500.90', 1, '0.00', '0.00', '3500.90', '0.00', '0.00', '3500.90'),
(386, 36, '1', 'MAZDA X5 TYRE CHANGE 175/90PSI JAPAN MADE', '0.00', 'PCS', 0, 1, '130.50', '130.50', 1, '0.00', '0.00', '123.97', '5.00', '6.53', '123.97'),
(387, 36, '2', 'TO USE TOOLS AND MANUALLY ENTER THE  DRAIN TO REMOVE ALL SAND, STONES, DEBRIS ETC FROM THE SIDES AND BOTTOM OF DRAIN.', '0.00', 'LOT', 0, 2, '3700.00', '3700.00', 1, '0.00', '0.00', '3515.00', '5.00', '185.00', '3515.00'),
(388, 36, '3', 'REMOVE WINDSCREEN AND TINTING WORKS DONE FOR THE WHOLE CAR', '0.00', 'UNITS', 0, 3, '90.00', '90.00', 4, '34.00', '30.60', '120.60', '0.00', '0.00', '90.00'),
(389, 36, '4', 'TO USE TOOLS AND MANUALLY ENTER THE  DRAIN TO REMOVE ALL SAND, STONES, DEBRIS ETC FROM THE SIDES AND BOTTOM OF DRAIN.', '0.00', 'LOT', 0, 4, '560.00', '560.00', 1, '0.00', '0.00', '560.00', '0.00', '0.00', '560.00'),
(390, 36, '5', 'TO USE TOOLS AND MANUALLY ENTER THE  DRAIN TO REMOVE ALL SAND, STONES, DEBRIS ETC FROM THE SIDES AND BOTTOM OF DRAIN.', '0.00', 'LOT', 0, 5, '890.00', '890.00', 1, '0.00', '0.00', '827.70', '7.00', '62.30', '827.70'),
(397, 37, '', 'CALENDAR FOR YEAR 2023 INCLUDING STICKERS MICKEY MOUSE', '0.00', '', 0, 1, '0.00', '0.00', 1, '0.00', '0.00', '0.00', '0.00', '0.00', '0.00'),
(398, 37, '1.', 'PREPARE HOUSE TENANCY AGREEMENT FOR CUSTOMER FOR THE YEAR 2023 AND 2024', '0.00', 'LOT', 0, 2, '900.00', '900.00', 6, '1.50', '12.42', '840.42', '8.00', '72.00', '828.00'),
(399, 37, '2.', 'CAR TINTING SERVICE - V COOL HOLLAND TYPE', '0.00', 'PCS', 0, 3, '66.00', '66.00', 1, '0.00', '0.00', '66.00', '0.00', '0.00', '66.00'),
(400, 37, '3.', 'TO USE TOOLS AND MANUALLY ENTER THE  DRAIN TO REMOVE ALL SAND, STONES, DEBRIS ETC FROM THE SIDES AND BOTTOM OF DRAIN.', '0.00', 'LOT', 0, 4, '3700.00', '3700.00', 1, '0.00', '0.00', '3700.00', '0.00', '0.00', '3700.00'),
(401, 37, '4.', 'TEAK WOOD IKEA TABLE 5 X 7 FEET', '0.00', 'PCS', 0, 5, '0.00', '0.00', 1, '0.00', '0.00', '0.00', '0.00', '0.00', '0.00'),
(402, 37, '5.', 'BEZA CAR Malaysia Made', '0.00', 'PCS', 0, 6, '3500.90', '3500.90', 1, '0.00', '0.00', '3500.90', '0.00', '0.00', '3500.90'),
(403, 37, '', '', '0.00', '', 0, 7, '0.00', '0.00', 1, '0.00', '0.00', '0.00', '0.00', '0.00', '0.00'),
(404, 37, '', '', '0.00', '', 0, 8, '0.00', '0.00', 1, '0.00', '0.00', '0.00', '0.00', '0.00', '0.00'),
(405, 37, '', '', '0.00', '', 0, 9, '0.00', '0.00', 1, '0.00', '0.00', '0.00', '0.00', '0.00', '0.00');

-- --------------------------------------------------------

--
-- Table structure for table `tbinvoice`
--

DROP TABLE IF EXISTS `tbinvoice`;
CREATE TABLE IF NOT EXISTS `tbinvoice` (
  `invoice_id` int(11) NOT NULL AUTO_INCREMENT,
  `invoice_no` varchar(30) NOT NULL,
  `invoice_date` date NOT NULL,
  `invoice_customerID` int(11) NOT NULL,
  `invoice_title` varchar(200) NOT NULL,
  `invoice_from` varchar(50) NOT NULL,
  `invoice_terms` text NOT NULL,
  `invoice_attention` varchar(100) NOT NULL,
  `invoice_email` varchar(100) NOT NULL,
  `invoice_subTotal` decimal(10,2) NOT NULL DEFAULT '0.00',
  `invoice_taxTotal` decimal(10,2) NOT NULL DEFAULT '0.00',
  `invoice_grandTotal` decimal(10,2) NOT NULL DEFAULT '0.00',
  `invoice_discountTotal` decimal(10,2) NOT NULL DEFAULT '0.00',
  `invoice_totalAfterDiscount` decimal(10,2) NOT NULL DEFAULT '0.00',
  `invoice_roundAmount` decimal(10,2) NOT NULL DEFAULT '0.00',
  `invoice_grandTotalRound` decimal(10,2) NOT NULL DEFAULT '0.00',
  `invoice_roundStatus` int(1) NOT NULL DEFAULT '0',
  `invoice_content` text NOT NULL,
  `invoice_quotationNo` varchar(30) NOT NULL,
  `invoice_quotationID` int(11) NOT NULL DEFAULT '0',
  `invoice_deliveryOrderNo` varchar(30) NOT NULL,
  `invoice_deliveryOrderID` int(11) NOT NULL DEFAULT '0',
  `invoice_dueDate` date NOT NULL,
  `invoice_dueDateNo` int(3) NOT NULL DEFAULT '0',
  `invoice_creditNote` decimal(10,2) NOT NULL DEFAULT '0.00',
  `invoice_debitNote` decimal(10,2) NOT NULL DEFAULT '0.00',
  `invoice_paid` decimal(10,2) NOT NULL DEFAULT '0.00',
  `invoice_status` varchar(1) NOT NULL DEFAULT 'a' COMMENT 'a = active, c = cancelled',
  PRIMARY KEY (`invoice_id`)
) ENGINE=InnoDB AUTO_INCREMENT=37 DEFAULT CHARSET=latin1;

--
-- Dumping data for table `tbinvoice`
--

INSERT INTO `tbinvoice` (`invoice_id`, `invoice_no`, `invoice_date`, `invoice_customerID`, `invoice_title`, `invoice_from`, `invoice_terms`, `invoice_attention`, `invoice_email`, `invoice_subTotal`, `invoice_taxTotal`, `invoice_grandTotal`, `invoice_discountTotal`, `invoice_totalAfterDiscount`, `invoice_roundAmount`, `invoice_grandTotalRound`, `invoice_roundStatus`, `invoice_content`, `invoice_quotationNo`, `invoice_quotationID`, `invoice_deliveryOrderNo`, `invoice_deliveryOrderID`, `invoice_dueDate`, `invoice_dueDateNo`, `invoice_creditNote`, `invoice_debitNote`, `invoice_paid`, `invoice_status`) VALUES
(1, 'IN/2023/001', '2023-04-01', 76, '', '', '<p><strong>Invoice Terms</strong></p><ul><li>Payment should be made to ( <strong>Maybank </strong>) <strong>AJ HYBRID EURO TECH</strong> <strong>512491169957</strong></li></ul>', 'SERI WAHYU RESINDENCE MANAGEMENT OFFICE', '', '1000.01', '0.00', '1000.01', '0.00', '1000.01', '-0.01', '1000.00', 1, '', '', 0, '', 0, '2023-04-16', 15, '0.00', '0.00', '66.00', 'a'),
(2, 'IN/2023/002', '2023-04-25', 94, '', 'MS VASANTHI KAUR', '<p><strong>Invoice Terms</strong></p><ul><li>Payment should be made to ( <strong>Maybank </strong>) <strong>AJ HYBRID EURO TECH</strong> <strong>512491169957</strong></li></ul>', 'MR RAMESH / SHOBA', 'admin@clean_sewers.com', '70301.00', '1691.16', '71971.04', '21.12', '70279.88', '0.00', '71971.04', 0, '', 'QUO/2023/036', 37, '', 0, '2023-05-10', 15, '0.00', '0.00', '71971.04', 'a'),
(3, 'IN/2023/003', '2023-05-01', 94, '', '', '<p><strong>Invoice Terms</strong></p><ul><li>Payment should be made to ( <strong>Maybank </strong>) <strong>AJ HYBRID EURO TECH</strong> <strong>512491169957</strong></li></ul>', 'MR RAMESH / SHOBA', 'admin@clean_sewers.com', '70301.00', '1691.16', '71971.04', '21.12', '70279.88', '0.00', '71971.04', 0, '', '', 0, '', 0, '2023-05-16', 15, '0.00', '0.00', '71971.04', 'a'),
(4, 'IN/2023/004', '2023-05-01', 34, '', '', '<p><strong>Invoice Terms</strong></p><ul><li>Payment should be made to ( <strong>Maybank </strong>) <strong>AJ HYBRID EURO TECH</strong> <strong>512491169957</strong></li></ul>', 'Mr Gobalan', 'gobalan2829@gmail.com', '70301.00', '1691.16', '71971.04', '21.12', '70279.88', '0.01', '71971.05', 1, '', '', 0, '', 0, '2023-05-16', 15, '800.00', '0.00', '71171.05', 'a'),
(5, 'IN/2023/005', '2023-05-01', 58, '', '', '<p><strong>Invoice Terms</strong></p><ul><li>Payment should be made to ( <strong>Maybank </strong>) <strong>AJ HYBRID EURO TECH</strong> <strong>512491169957</strong></li></ul>', '', '', '1000.00', '0.00', '1000.00', '0.00', '1000.00', '0.00', '1000.00', 0, '', '', 0, '', 0, '2023-05-16', 15, '0.00', '0.00', '0.00', 'a'),
(6, 'IN/2023/006', '2023-05-01', 94, '', '', '<p><strong>Invoice Terms</strong></p><ul><li>Payment should be made to ( <strong>Maybank </strong>) <strong>AJ HYBRID EURO TECH</strong> <strong>512491169957</strong></li></ul>', 'MR RAMESH / SHOBA', 'admin@clean_sewers.com', '500.00', '0.00', '500.00', '0.00', '500.00', '0.00', '500.00', 0, '', 'QUO/2023/122', 52, '', 0, '2023-05-16', 15, '0.00', '0.00', '500.00', 'a'),
(7, 'IN/2023/007', '2023-05-01', 193, '', '', '<p><strong>Invoice Terms</strong></p><ul><li>Payment should be made to ( <strong>Maybank </strong>) <strong>AJ HYBRID EURO TECH</strong> <strong>512491169957</strong></li></ul>', 'MR HARIHAREN', 'hari@gmail.com', '4776.95', '54.24', '4824.16', '7.03', '4769.92', '-0.01', '4824.15', 1, '', 'QUO/2023/123', 53, '', 0, '2023-05-16', 15, '0.00', '0.00', '0.00', 'a'),
(8, 'IN/2023/008', '2023-05-01', 88, '', '', '<p><strong>Invoice Terms</strong></p><ul><li>Payment should be made to ( <strong>Maybank </strong>) <strong>AJ HYBRID EURO TECH</strong> <strong>512491169957</strong></li></ul>', 'MR HUAT', 'ken_huat89@gmail.com', '4776.95', '54.24', '4824.16', '7.03', '4769.92', '-0.01', '4824.15', 1, '', 'QUO/2023/124', 54, '', 0, '2023-05-16', 15, '0.00', '0.00', '350.00', 'a'),
(9, 'IN/2023/009', '2023-05-01', 82, '', '', '<p><strong>Invoice Terms</strong></p><ul><li>Payment should be made to ( <strong>Maybank </strong>) <strong>AJ HYBRID EURO TECH</strong> <strong>512491169957</strong></li></ul>', '', '', '4776.95', '54.24', '4824.16', '7.03', '4769.92', '-0.01', '4824.15', 1, '', '', 0, '', 0, '2023-05-16', 15, '0.00', '0.00', '0.00', 'a'),
(10, 'IN/2023/010', '2023-05-01', 94, '', '', '<p><strong>Invoice Terms</strong></p><ul><li>Payment should be made to ( <strong>Maybank </strong>) <strong>AJ HYBRID EURO TECH</strong> <strong>512491169957</strong></li></ul>', 'MR RAMESH / SHOBA', 'admin@clean_sewers.com', '4776.95', '54.24', '4824.16', '7.03', '4769.92', '-0.01', '4824.15', 1, '', 'QUO/2023/125', 55, '', 0, '2023-05-16', 15, '0.00', '0.00', '4824.15', 'a'),
(11, 'IN/2023/011', '2023-05-01', 210, '', '', '<p><strong>Invoice Terms</strong></p><ul><li>Payment should be made to ( <strong>Maybank </strong>) <strong>AJ HYBRID EURO TECH</strong> <strong>512491169957</strong></li></ul>', 'MR KARPAL SINGH', '', '4776.95', '54.24', '4824.16', '7.03', '4769.92', '-0.01', '4824.15', 1, '', 'QUO/2023/126', 56, '', 0, '2023-05-16', 15, '0.00', '0.00', '0.00', 'a'),
(12, 'IN/2023/012', '2023-05-01', 13, '', '', '<p><strong>Invoice Terms</strong></p><ul><li>Payment should be made to ( <strong>Maybank </strong>) <strong>AJ HYBRID EURO TECH</strong> <strong>512491169957</strong></li></ul>', 'Mr Jeevah', 'jevah89@hotmail.com', '4776.95', '54.24', '4824.16', '7.03', '4769.92', '0.00', '4824.16', 0, '', 'QUO/2023/127', 57, '', 0, '2023-05-16', 15, '0.00', '0.00', '0.00', 'a'),
(13, 'IN/2023/013', '2023-05-01', 191, '', '', '<p><strong>Invoice Terms</strong></p><ul><li>Payment should be made to ( <strong>Maybank </strong>) <strong>AJ HYBRID EURO TECH</strong> <strong>512491169957</strong></li></ul>', 'SISTER ENDA', '', '5426.00', '54.24', '5440.76', '39.48', '5386.52', '0.00', '5440.76', 0, '', 'QUO/2023/128', 58, 'DO/2023/036', 31, '2023-05-16', 15, '191.77', '0.00', '0.00', 'a'),
(14, 'IN/2023/014', '2023-05-01', 83, '', '', '<p><strong>Invoice Terms</strong></p><ul><li>Payment should be made to ( <strong>Maybank </strong>) <strong>AJ HYBRID EURO TECH</strong> <strong>512491169957</strong></li></ul>', 'Ms Fatimah Kassim', '', '9732.30', '115.20', '9440.88', '406.62', '9325.68', '0.02', '9440.90', 1, '', '', 0, 'DO/2023/037', 32, '2023-05-16', 15, '0.00', '0.00', '0.00', 'a'),
(15, 'IN/2023/015', '2023-05-01', 178, '', '', '<p><strong>Invoice Terms</strong></p><ul><li>Payment should be made to ( <strong>Maybank </strong>) <strong>AJ HYBRID EURO TECH</strong> <strong>512491169957</strong></li></ul>', 'SUHUMARAN', '', '19598.95', '2600.16', '22192.08', '7.03', '19591.92', '0.00', '22192.08', 0, '', 'QUO/2023/129', 59, 'DO/2023/038', 33, '2023-05-16', 15, '0.00', '0.00', '22192.08', 'a'),
(16, 'IN/2023/016', '2023-05-01', 117, '', '', '<p><strong>Invoice Terms</strong></p><ul><li>Payment should be made to ( <strong>Maybank </strong>) <strong>AJ HYBRID EURO TECH</strong> <strong>512491169957</strong></li></ul>', '', '', '1515.15', '0.00', '1515.15', '0.00', '1515.15', '0.00', '1515.15', 0, '', '', 0, '', 0, '2023-05-16', 15, '0.00', '0.00', '0.00', 'a'),
(17, 'IN/2023/017', '2023-05-01', 189, '', '', '<p><strong>Invoice Terms</strong></p><ul><li>Payment should be made to ( <strong>Maybank </strong>) <strong>AJ HYBRID EURO TECH</strong> <strong>512491169957</strong></li></ul>', 'SUHUMARAN DURAISAMY', '', '4463.00', '0.00', '4463.00', '0.00', '4463.00', '0.00', '4463.00', 0, '', '', 0, '', 0, '2023-05-16', 15, '0.00', '0.00', '0.00', 'a'),
(19, 'IN/2023/019', '2023-05-08', 76, 'RESIDENTIAL WATER TANK CLEANING AND SERVICE', '', '<p><strong>Invoice Terms</strong></p><ul><li>Payment should be made to ( <strong>Maybank </strong>) <strong>AJ HYBRID EURO TECH</strong> <strong>512491169957</strong></li></ul>', 'MS PREMA (BUILDING MANAGER)', '', '86000.00', '0.00', '86000.00', '0.00', '86000.00', '0.00', '86000.00', 0, '', 'QUO/2023/026', 26, '', 0, '2023-05-23', 15, '0.00', '0.00', '86000.00', 'a'),
(20, 'IN/2023/020', '2023-05-08', 152, '', '', '<p><strong>Invoice Terms</strong></p><ul><li>Payment should be made to ( <strong>Maybank </strong>) <strong>AJ HYBRID EURO TECH</strong> <strong>512491169957</strong></li></ul>', 'BRO FELIX', 'lasalle_pj@gmail.com', '2590.75', '35.98', '2494.28', '132.44', '2458.30', '0.02', '2494.30', 1, '', '', 0, '', 0, '2023-05-23', 15, '0.00', '0.00', '0.00', 'a'),
(21, 'IN/2023/021', '2023-05-08', 132, '', '', '<p><strong>Invoice Terms</strong></p><ul><li>Payment should be made to ( <strong>Maybank </strong>) <strong>AJ HYBRID EURO TECH</strong> <strong>512491169957</strong></li></ul>', 'MR ALI KAMARUDDIN', '', '7200.90', '0.00', '7200.90', '0.00', '7200.90', '0.00', '7200.90', 0, '', 'QUO/2023/121', 51, 'DO/2023/040', 35, '2023-05-23', 15, '0.00', '0.00', '0.00', 'a'),
(22, 'IN/2023/022', '2023-05-09', 132, '', '', '<p><strong>Invoice Terms</strong></p><ul><li>Payment should be made to ( <strong>Maybank </strong>) <strong>AJ HYBRID EURO TECH</strong> <strong>512491169957</strong></li></ul>', 'MR ALI KAMARUDDIN', 'care@iwk.com.my', '19598.95', '2561.97', '22041.57', '119.35', '19479.60', '-0.02', '22041.55', 1, '', 'QUO/2023/130', 60, '', 0, '2023-05-24', 15, '0.00', '0.00', '0.00', 'a'),
(23, 'IN/2023/023', '2023-05-10', 224, '', '', '<p><strong>Invoice Terms</strong></p><ul><li>Payment should be made to ( <strong>Maybank </strong>) <strong>AJ HYBRID EURO TECH</strong> <strong>512491169957</strong></li></ul>', '', '', '19598.95', '2600.16', '22192.08', '7.03', '19591.92', '0.02', '22192.10', 1, '', '', 0, '', 0, '2023-05-25', 15, '0.00', '0.00', '0.00', 'a'),
(24, 'IN/2023/024', '2023-05-18', 225, 'GREASE TANK HAS RISEN ABOVE CERTAIN SPECIFIED HEIGHT DUE TO SAND, DEBRIS ENTERING UNDER IT', '', '<p><strong>Invoice Terms</strong></p><ul><li>Payment should be made to ( <strong>Maybank </strong>) <strong>AJ HYBRID EURO TECH</strong> <strong>512491169957</strong></li></ul>', 'MR KAMARUDDIN', '', '9500.00', '0.00', '9500.00', '0.00', '9500.00', '0.00', '9500.00', 0, '', 'QUO/2023/131', 61, '', 0, '2023-06-02', 15, '0.00', '0.00', '6556.70', 'a'),
(25, 'IN/2023/025', '2023-05-26', 94, '', '', '<p><strong>Invoice Terms</strong></p><ul><li>Payment should be made to ( <strong>Maybank </strong>) <strong>AJ HYBRID EURO TECH</strong> <strong>512491169957</strong></li></ul>', 'MR RAMESH / SHOBA', 'admin@clean_sewers.com', '900.00', '0.00', '900.00', '0.00', '900.00', '0.00', '900.00', 0, '', '', 0, '', 0, '2023-06-10', 15, '0.00', '0.00', '900.00', 'a'),
(26, 'IN/2023/026', '2023-05-26', 189, '', '', '<p><strong>Invoice Terms</strong></p><ul><li>Payment should be made to ( <strong>Maybank </strong>) <strong>AJ HYBRID EURO TECH</strong> <strong>512491169957</strong></li></ul>', 'SUHUMARAN DURAISAMY', '', '4481.95', '0.00', '4481.95', '0.00', '4481.95', '0.00', '4481.95', 0, '', 'QUO/2023/133', 63, '', 0, '2023-06-10', 15, '4481.95', '0.00', '0.00', 'a'),
(27, 'IN/2023/027', '2023-05-29', 225, '', '', '<p><strong>Invoice Terms</strong></p><ul><li>Payment should be made to ( <strong>Maybank </strong>) <strong>AJ HYBRID EURO TECH</strong> <strong>512491169957</strong></li></ul>', '', '', '1000.00', '0.00', '1000.00', '0.00', '1000.00', '0.00', '1000.00', 0, '', '', 0, '', 0, '2023-06-13', 15, '0.00', '0.00', '84.75', 'a'),
(28, 'IN/2023/028', '2023-05-17', 225, '', '', '<p><strong>Invoice Terms</strong></p><ul><li>Payment should be made to ( <strong>Maybank </strong>) <strong>AJ HYBRID EURO TECH</strong> <strong>512491169957</strong></li></ul>', '', '', '890.00', '0.00', '890.00', '0.00', '890.00', '0.00', '890.00', 0, '', '', 0, '', 0, '2023-06-01', 15, '0.00', '0.00', '90.00', 'a'),
(29, 'IN/2023/029', '2023-06-01', 146, '', '', '<p><strong>Invoice Terms</strong></p><ul><li>Payment should be made to ( <strong>Maybank </strong>) <strong>AJ HYBRID EURO TECH</strong> <strong>512491169957</strong></li></ul>', 'CIKGU RAMESH', '', '5370.50', '30.60', '5147.27', '253.82', '5116.68', '-0.02', '5147.25', 1, '', 'QUO/2023/135', 65, 'DO/2023/041', 36, '2023-06-16', 15, '0.00', '0.00', '0.00', 'a'),
(30, 'IN/2023/030', '2023-06-05', 226, '', '', '<p><strong>Invoice Terms</strong></p><ul><li>Payment should be made to ( <strong>Maybank </strong>) <strong>AJ HYBRID EURO TECH</strong> <strong>512491169957</strong></li></ul>', 'MR ALEX TAN', 'hp_computer@gmail.com', '5370.50', '30.60', '5147.27', '253.82', '5116.68', '-0.02', '5147.25', 1, '', 'QUO/2023/134', 64, '', 0, '2023-06-20', 15, '0.00', '0.00', '0.00', 'a'),
(31, 'IN/2023/0356', '2023-06-08', 94, '', '', '<p><strong>Invoice Terms</strong></p><ul><li>Payment should be made to ( <strong>Maybank </strong>) <strong>AJ HYBRID EURO TECH</strong> <strong>512491169957</strong></li></ul>', 'MR RAMESH / SHOBA', 'admin@clean_sewers.com', '5370.50', '30.60', '5147.27', '253.82', '5116.68', '-0.02', '5147.25', 1, '', '', 0, '', 0, '2023-06-23', 15, '0.00', '0.00', '0.00', 'a'),
(32, 'IN/2023/0358', '2023-06-08', 11, '', '', '<p><strong>Invoice Terms</strong></p><ul><li>Payment should be made to ( <strong>Maybank </strong>) <strong>AJ HYBRID EURO TECH</strong> <strong>512491169957</strong></li></ul>', 'Mr Saravanan', 'sara_98@hotmail.com', '5370.50', '30.60', '5147.27', '253.82', '5116.68', '-0.02', '5147.25', 1, '', 'QUO/2023/136', 66, '', 0, '2023-06-23', 15, '0.00', '0.00', '0.00', 'a'),
(33, 'IN/2023/035ko', '2023-06-08', 118, '', '', '<p><strong>Invoice Terms</strong></p><ul><li>Payment should be made to ( <strong>Maybank </strong>) <strong>AJ HYBRID EURO TECH</strong> <strong>512491169957</strong></li></ul>', '', '', '800.00', '0.00', '800.00', '0.00', '800.00', '0.00', '800.00', 0, '', '', 0, '', 0, '2023-06-23', 15, '0.00', '0.00', '0.00', 'a'),
(34, 'IN/2023/035kii', '2023-06-08', 118, 'TRANSPORT AND LABOUR CHARGES FOR DESLUDGING WORK', '', '<p><strong>Invoice Terms</strong></p><ul><li>Payment should be made to ( <strong>Maybank </strong>) <strong>AJ HYBRID EURO TECH</strong> <strong>512491169957</strong></li></ul>', 'MR ALEX CHONG', 'kennyhill_condo1923@gmail.com', '8616.90', '12.42', '8557.32', '72.00', '8544.90', '-0.02', '8557.30', 1, '<p>WORK LOCATION : PUCHONG SETIA MALL BRANCH</p>', '', 0, 'DO/2023/042', 37, '2023-07-08', 30, '0.00', '0.00', '0.00', 'a'),
(35, 'IN/2023/099', '2023-06-16', 227, '', '', '<p><strong>REMARK </strong></p><ol><li>&nbsp;REFILL PETROL ON QUARTER TANK. RON97 ONLY</li><li>&nbsp;REPLACE REAR TYRE</li><li>&nbsp;ENGINE MOUNTING</li></ol><p><strong>Invoice Terms</strong></p><ul><li>Payment should be made to ( <strong>Maybank </strong>) <strong>AJ HYBRID EURO TECH</strong> <strong>512491169957</strong></li></ul>', 'DR CHOW', '', '22090.00', '0.00', '22090.00', '0.00', '22090.00', '0.00', '22090.00', 0, '', '', 0, '', 0, '2023-07-01', 15, '0.00', '0.00', '0.00', 'a'),
(36, 'IN/2023/100', '2023-06-19', 94, '', '', '<p><strong>Invoice Terms</strong></p><ul><li>Payment should be made to ( <strong>Maybank </strong>) <strong>AJ HYBRID EURO TECH</strong> <strong>512491169957</strong></li></ul>', 'MR RAMESH / SHOBA', 'admin@clean_sewers.com', '599.00', '0.00', '599.00', '0.00', '599.00', '0.00', '599.00', 0, '', '', 0, '', 0, '2023-07-04', 15, '0.00', '0.00', '0.00', 'a');

-- --------------------------------------------------------

--
-- Table structure for table `tbinvoicedetail`
--

DROP TABLE IF EXISTS `tbinvoicedetail`;
CREATE TABLE IF NOT EXISTS `tbinvoicedetail` (
  `invoiceDetail_id` int(11) NOT NULL AUTO_INCREMENT,
  `invoiceDetail_invoiceID` int(10) NOT NULL,
  `invoiceDetail_no1` varchar(200) NOT NULL,
  `invoiceDetail_no2` varchar(200) NOT NULL,
  `invoiceDetail_no3` decimal(10,2) NOT NULL DEFAULT '0.00',
  `invoiceDetail_no4` varchar(200) NOT NULL,
  `invoiceDetail_bold` int(11) NOT NULL DEFAULT '0' COMMENT '0=normal, 1=bold',
  `invoiceDetail_sortID` int(2) NOT NULL DEFAULT '0',
  `invoiceDetail_no5` decimal(10,2) NOT NULL DEFAULT '0.00',
  `invoiceDetail_rowTotal` decimal(10,2) NOT NULL DEFAULT '0.00',
  `invoiceDetail_taxRateID` int(10) NOT NULL DEFAULT '0',
  `invoiceDetail_taxPercent` decimal(10,2) NOT NULL DEFAULT '0.00',
  `invoiceDetail_taxTotal` decimal(10,2) NOT NULL DEFAULT '0.00',
  `invoiceDetail_rowGrandTotal` decimal(10,2) NOT NULL DEFAULT '0.00',
  `invoiceDetail_discountPercent` decimal(10,2) NOT NULL DEFAULT '0.00',
  `invoiceDetail_discountAmount` decimal(10,2) NOT NULL DEFAULT '0.00',
  `invoiceDetail_rowTotalAfterDiscount` decimal(10,2) NOT NULL DEFAULT '0.00',
  PRIMARY KEY (`invoiceDetail_id`)
) ENGINE=InnoDB AUTO_INCREMENT=570 DEFAULT CHARSET=latin1;

--
-- Dumping data for table `tbinvoicedetail`
--

INSERT INTO `tbinvoicedetail` (`invoiceDetail_id`, `invoiceDetail_invoiceID`, `invoiceDetail_no1`, `invoiceDetail_no2`, `invoiceDetail_no3`, `invoiceDetail_no4`, `invoiceDetail_bold`, `invoiceDetail_sortID`, `invoiceDetail_no5`, `invoiceDetail_rowTotal`, `invoiceDetail_taxRateID`, `invoiceDetail_taxPercent`, `invoiceDetail_taxTotal`, `invoiceDetail_rowGrandTotal`, `invoiceDetail_discountPercent`, `invoiceDetail_discountAmount`, `invoiceDetail_rowTotalAfterDiscount`) VALUES
(61, 1, '', '', '0.00', '', 0, 1, '1000.01', '1000.01', 1, '0.00', '0.00', '1000.01', '0.00', '0.00', '1000.01'),
(62, 1, '', '', '0.00', '', 0, 2, '0.00', '0.00', 1, '0.00', '0.00', '0.00', '0.00', '0.00', '0.00'),
(63, 1, '', '', '0.00', '', 0, 3, '0.00', '0.00', 1, '0.00', '0.00', '0.00', '0.00', '0.00', '0.00'),
(64, 1, '', '', '0.00', '', 0, 4, '0.00', '0.00', 1, '0.00', '0.00', '0.00', '0.00', '0.00', '0.00'),
(65, 1, '', '', '0.00', '', 0, 5, '0.00', '0.00', 1, '0.00', '0.00', '0.00', '0.00', '0.00', '0.00'),
(90, 2, '1.', 'TO SUPPLY LABOUR AND TOOLS FOR CLEAR RUSTY AND SLUDGE IN CONCRETE WATER TANK.', '12.00', 'UNITS', 0, 1, '1650.00', '19800.00', 2, '6.00', '1188.00', '20988.00', '0.00', '0.00', '19800.00'),
(91, 2, '2.', 'TO SUPPLY LABOUR AND TOOLS FOR CLEAR RUSTY AND SLUDGE IN FIBER WATER TANK ( SIZE  1600 X 800 X 1600)', '12.00', 'UNITS', 0, 2, '88.00', '1056.00', 4, '34.00', '351.86', '1386.74', '2.00', '21.12', '1034.88'),
(92, 2, '3.', 'TO SUPPLY LABOUR AND TOOLS FOR CLEAR RUSTY AND SLUDGE IN FIBER WATER TANK ( SIZE  2800 X 2000 X 3200 )', '24.00', 'UNITS', 0, 3, '1850.00', '44400.00', 1, '0.00', '0.00', '44400.00', '0.00', '0.00', '44400.00'),
(93, 2, '4.', 'BOLT & NUT FOR FITTINGS, BRACKETS ETC', '89.00', 'PCS', 0, 4, '5.00', '445.00', 4, '34.00', '151.30', '596.30', '0.00', '0.00', '445.00'),
(94, 2, '5.', 'TO SUPPLY ELBOW AND FITTINGS TO REPAIR LEAKING  (USE SCAFFFOLDING)', '2.00', '', 0, 5, '1900.00', '3800.00', 1, '0.00', '0.00', '3800.00', '0.00', '0.00', '3800.00'),
(95, 2, '6.', 'TO REMOVE ALL DEBRIS AND UNUSED PARTS / MATERIALS FROM WORKSITE AND DISPOSE AT AUTHORISED SITE', '0.00', '', 0, 6, '800.00', '800.00', 1, '0.00', '0.00', '800.00', '0.00', '0.00', '800.00'),
(96, 2, '7.', 'TO SUPPLY ALL TOOLS, MATERIALS AND SKILLED WORKERS TO COMPLETE THE JOB.', '0.00', '', 0, 7, '0.00', '0.00', 1, '0.00', '0.00', '0.00', '0.00', '0.00', '0.00'),
(97, 2, '8.', 'TO FOLLOW ALL SAFETY PROCEDURES AT WORK SITE AT ALL TIMES', '0.00', '', 0, 8, '0.00', '0.00', 1, '0.00', '0.00', '0.00', '0.00', '0.00', '0.00'),
(98, 2, '9.', 'TRANSPORT CHARGES NOT INCLDUDE IN THE INVOICE. PAID SEPARATELY', '0.00', '', 0, 9, '0.00', '0.00', 1, '0.00', '0.00', '0.00', '0.00', '0.00', '0.00'),
(99, 2, '', '', '0.00', '', 0, 10, '0.00', '0.00', 1, '0.00', '0.00', '0.00', '0.00', '0.00', '0.00'),
(100, 2, '', '', '0.00', '', 0, 11, '0.00', '0.00', 1, '0.00', '0.00', '0.00', '0.00', '0.00', '0.00'),
(101, 2, '', '', '0.00', '', 0, 12, '0.00', '0.00', 1, '0.00', '0.00', '0.00', '0.00', '0.00', '0.00'),
(102, 3, '1.', 'TO SUPPLY LABOUR AND TOOLS FOR CLEAR RUSTY AND SLUDGE IN CONCRETE WATER TANK.', '12.00', 'UNITS', 0, 1, '1650.00', '19800.00', 2, '6.00', '1188.00', '20988.00', '0.00', '0.00', '19800.00'),
(103, 3, '2.', 'TO SUPPLY LABOUR AND TOOLS FOR CLEAR RUSTY AND SLUDGE IN FIBER WATER TANK ( SIZE  1600 X 800 X 1600)', '12.00', 'UNITS', 0, 2, '88.00', '1056.00', 4, '34.00', '351.86', '1386.74', '2.00', '21.12', '1034.88'),
(104, 3, '3.', 'TO SUPPLY LABOUR AND TOOLS FOR CLEAR RUSTY AND SLUDGE IN FIBER WATER TANK ( SIZE  2800 X 2000 X 3200 )', '24.00', 'UNITS', 0, 3, '1850.00', '44400.00', 1, '0.00', '0.00', '44400.00', '0.00', '0.00', '44400.00'),
(105, 3, '4.', 'BOLT & NUT FOR FITTINGS, BRACKETS ETC', '89.00', 'PCS', 0, 4, '5.00', '445.00', 4, '34.00', '151.30', '596.30', '0.00', '0.00', '445.00'),
(106, 3, '5.', 'TO SUPPLY ELBOW AND FITTINGS TO REPAIR LEAKING  (USE SCAFFFOLDING)', '2.00', '', 0, 5, '1900.00', '3800.00', 1, '0.00', '0.00', '3800.00', '0.00', '0.00', '3800.00'),
(107, 3, '6.', 'TO REMOVE ALL DEBRIS AND UNUSED PARTS / MATERIALS FROM WORKSITE AND DISPOSE AT AUTHORISED SITE', '0.00', '', 0, 6, '800.00', '800.00', 1, '0.00', '0.00', '800.00', '0.00', '0.00', '800.00'),
(108, 3, '7.', 'TO SUPPLY ALL TOOLS, MATERIALS AND SKILLED WORKERS TO COMPLETE THE JOB.', '0.00', '', 0, 7, '0.00', '0.00', 1, '0.00', '0.00', '0.00', '0.00', '0.00', '0.00'),
(109, 3, '8.', 'TO FOLLOW ALL SAFETY PROCEDURES AT WORK SITE AT ALL TIMES', '0.00', '', 0, 8, '0.00', '0.00', 1, '0.00', '0.00', '0.00', '0.00', '0.00', '0.00'),
(110, 3, '9.', 'TRANSPORT CHARGES NOT INCLDUDE IN THE INVOICE. PAID SEPARATELY', '0.00', '', 0, 9, '0.00', '0.00', 1, '0.00', '0.00', '0.00', '0.00', '0.00', '0.00'),
(111, 3, '', '', '0.00', '', 0, 10, '0.00', '0.00', 1, '0.00', '0.00', '0.00', '0.00', '0.00', '0.00'),
(112, 3, '', '', '0.00', '', 0, 11, '0.00', '0.00', 1, '0.00', '0.00', '0.00', '0.00', '0.00', '0.00'),
(113, 3, '', '', '0.00', '', 0, 12, '0.00', '0.00', 1, '0.00', '0.00', '0.00', '0.00', '0.00', '0.00'),
(162, 4, '1.', 'TO SUPPLY LABOUR AND TOOLS FOR CLEAR RUSTY AND SLUDGE IN CONCRETE WATER TANK.', '12.00', 'UNITS', 0, 1, '1650.00', '19800.00', 2, '6.00', '1188.00', '20988.00', '0.00', '0.00', '19800.00'),
(163, 4, '2.', 'TO SUPPLY LABOUR AND TOOLS FOR CLEAR RUSTY AND SLUDGE IN FIBER WATER TANK ( SIZE  1600 X 800 X 1600)', '12.00', 'UNITS', 0, 2, '88.00', '1056.00', 4, '34.00', '351.86', '1386.74', '2.00', '21.12', '1034.88'),
(164, 4, '3.', 'TO SUPPLY LABOUR AND TOOLS FOR CLEAR RUSTY AND SLUDGE IN FIBER WATER TANK ( SIZE  2800 X 2000 X 3200 )', '24.00', 'UNITS', 0, 3, '1850.00', '44400.00', 1, '0.00', '0.00', '44400.00', '0.00', '0.00', '44400.00'),
(165, 4, '4.', 'BOLT & NUT FOR FITTINGS, BRACKETS ETC', '89.00', 'PCS', 0, 4, '5.00', '445.00', 4, '34.00', '151.30', '596.30', '0.00', '0.00', '445.00'),
(166, 4, '5.', 'TO SUPPLY ELBOW AND FITTINGS TO REPAIR LEAKING  (USE SCAFFFOLDING)', '2.00', '', 0, 5, '1900.00', '3800.00', 1, '0.00', '0.00', '3800.00', '0.00', '0.00', '3800.00'),
(167, 4, '6.', 'TO REMOVE ALL DEBRIS AND UNUSED PARTS / MATERIALS FROM WORKSITE AND DISPOSE AT AUTHORISED SITE', '0.00', '', 0, 6, '800.00', '800.00', 1, '0.00', '0.00', '800.00', '0.00', '0.00', '800.00'),
(168, 4, '7.', 'TO SUPPLY ALL TOOLS, MATERIALS AND SKILLED WORKERS TO COMPLETE THE JOB.', '0.00', '', 0, 7, '0.00', '0.00', 1, '0.00', '0.00', '0.00', '0.00', '0.00', '0.00'),
(169, 4, '8.', 'TO FOLLOW ALL SAFETY PROCEDURES AT WORK SITE AT ALL TIMES', '0.00', '', 0, 8, '0.00', '0.00', 1, '0.00', '0.00', '0.00', '0.00', '0.00', '0.00'),
(170, 4, '9.', 'TRANSPORT CHARGES NOT INCLDUDE IN THE INVOICE. PAID SEPARATELY', '0.00', '', 0, 9, '0.00', '0.00', 1, '0.00', '0.00', '0.00', '0.00', '0.00', '0.00'),
(171, 4, '', '', '0.00', '', 0, 10, '0.00', '0.00', 1, '0.00', '0.00', '0.00', '0.00', '0.00', '0.00'),
(172, 4, '', '', '0.00', '', 0, 11, '0.00', '0.00', 1, '0.00', '0.00', '0.00', '0.00', '0.00', '0.00'),
(173, 4, '', '', '0.00', '', 0, 12, '0.00', '0.00', 1, '0.00', '0.00', '0.00', '0.00', '0.00', '0.00'),
(174, 5, '', '', '0.00', '', 0, 1, '1000.00', '1000.00', 1, '0.00', '0.00', '1000.00', '0.00', '0.00', '1000.00'),
(175, 5, '', '', '0.00', '', 0, 2, '0.00', '0.00', 1, '0.00', '0.00', '0.00', '0.00', '0.00', '0.00'),
(176, 5, '', '', '0.00', '', 0, 3, '0.00', '0.00', 1, '0.00', '0.00', '0.00', '0.00', '0.00', '0.00'),
(177, 5, '', '', '0.00', '', 0, 4, '0.00', '0.00', 1, '0.00', '0.00', '0.00', '0.00', '0.00', '0.00'),
(178, 5, '', '', '0.00', '', 0, 5, '0.00', '0.00', 1, '0.00', '0.00', '0.00', '0.00', '0.00', '0.00'),
(179, 6, '', '', '0.00', '', 0, 1, '500.00', '500.00', 1, '0.00', '0.00', '500.00', '0.00', '0.00', '500.00'),
(180, 6, '', '', '0.00', '', 0, 2, '0.00', '0.00', 1, '0.00', '0.00', '0.00', '0.00', '0.00', '0.00'),
(181, 6, '', '', '0.00', '', 0, 3, '0.00', '0.00', 1, '0.00', '0.00', '0.00', '0.00', '0.00', '0.00'),
(182, 6, '', '', '0.00', '', 0, 4, '0.00', '0.00', 1, '0.00', '0.00', '0.00', '0.00', '0.00', '0.00'),
(183, 6, '', '', '0.00', '', 0, 5, '0.00', '0.00', 1, '0.00', '0.00', '0.00', '0.00', '0.00', '0.00'),
(184, 7, '', 'CALENDAR FOR YEAR 2023 INCLUDING STICKERS MICKEY MOUSE', '0.00', 'PCS', 0, 1, '50.95', '50.95', 1, '0.00', '0.00', '48.40', '5.00', '2.55', '48.40'),
(185, 7, '', 'CAR TINTING SERVICE - V COOL HOLLAND TYPE', '0.00', 'PCS', 0, 2, '66.00', '66.00', 1, '0.00', '0.00', '66.00', '0.00', '0.00', '66.00'),
(186, 7, '', 'LABOUR TO REPLACE PARTS & SERVICE', '0.00', 'bundles', 0, 3, '56.00', '56.00', 1, '0.00', '0.00', '51.52', '8.00', '4.48', '51.52'),
(187, 7, '', 'TO USE TOOLS AND MANUALLY ENTER THE  DRAIN TO REMOVE ALL SAND, STONES, DEBRIS ETC FROM THE SIDES AND BOTTOM OF DRAIN.', '0.00', 'LOT', 0, 4, '3700.00', '3700.00', 1, '0.00', '0.00', '3700.00', '0.00', '0.00', '3700.00'),
(188, 7, '', 'REMOVE WINDSCREEN AND TINTING WORKS DONE FOR THE WHOLE CAR', '0.00', 'UNITS', 0, 5, '904.00', '904.00', 2, '6.00', '54.24', '958.24', '0.00', '0.00', '904.00'),
(189, 8, '', 'CALENDAR FOR YEAR 2023 INCLUDING STICKERS MICKEY MOUSE', '0.00', 'PCS', 0, 1, '50.95', '50.95', 1, '0.00', '0.00', '48.40', '5.00', '2.55', '48.40'),
(190, 8, '', 'CAR TINTING SERVICE - V COOL HOLLAND TYPE', '0.00', 'PCS', 0, 2, '66.00', '66.00', 1, '0.00', '0.00', '66.00', '0.00', '0.00', '66.00'),
(191, 8, '', 'LABOUR TO REPLACE PARTS & SERVICE', '0.00', 'bundles', 0, 3, '56.00', '56.00', 1, '0.00', '0.00', '51.52', '8.00', '4.48', '51.52'),
(192, 8, '', 'TO USE TOOLS AND MANUALLY ENTER THE  DRAIN TO REMOVE ALL SAND, STONES, DEBRIS ETC FROM THE SIDES AND BOTTOM OF DRAIN.', '0.00', 'LOT', 0, 4, '3700.00', '3700.00', 1, '0.00', '0.00', '3700.00', '0.00', '0.00', '3700.00'),
(193, 8, '', 'REMOVE WINDSCREEN AND TINTING WORKS DONE FOR THE WHOLE CAR', '0.00', 'UNITS', 0, 5, '904.00', '904.00', 2, '6.00', '54.24', '958.24', '0.00', '0.00', '904.00'),
(194, 9, '', 'CALENDAR FOR YEAR 2023 INCLUDING STICKERS MICKEY MOUSE', '0.00', 'PCS', 0, 1, '50.95', '50.95', 1, '0.00', '0.00', '48.40', '5.00', '2.55', '48.40'),
(195, 9, '', 'CAR TINTING SERVICE - V COOL HOLLAND TYPE', '0.00', 'PCS', 0, 2, '66.00', '66.00', 1, '0.00', '0.00', '66.00', '0.00', '0.00', '66.00'),
(196, 9, '', 'LABOUR TO REPLACE PARTS & SERVICE', '0.00', 'bundles', 0, 3, '56.00', '56.00', 1, '0.00', '0.00', '51.52', '8.00', '4.48', '51.52'),
(197, 9, '', 'TO USE TOOLS AND MANUALLY ENTER THE  DRAIN TO REMOVE ALL SAND, STONES, DEBRIS ETC FROM THE SIDES AND BOTTOM OF DRAIN.', '0.00', 'LOT', 0, 4, '3700.00', '3700.00', 1, '0.00', '0.00', '3700.00', '0.00', '0.00', '3700.00'),
(198, 9, '', 'REMOVE WINDSCREEN AND TINTING WORKS DONE FOR THE WHOLE CAR', '0.00', 'UNITS', 0, 5, '904.00', '904.00', 2, '6.00', '54.24', '958.24', '0.00', '0.00', '904.00'),
(199, 10, '', 'CALENDAR FOR YEAR 2023 INCLUDING STICKERS MICKEY MOUSE', '0.00', 'PCS', 0, 1, '50.95', '50.95', 1, '0.00', '0.00', '48.40', '5.00', '2.55', '48.40'),
(200, 10, '', 'CAR TINTING SERVICE - V COOL HOLLAND TYPE', '0.00', 'PCS', 0, 2, '66.00', '66.00', 1, '0.00', '0.00', '66.00', '0.00', '0.00', '66.00'),
(201, 10, '', 'LABOUR TO REPLACE PARTS & SERVICE', '0.00', 'bundles', 0, 3, '56.00', '56.00', 1, '0.00', '0.00', '51.52', '8.00', '4.48', '51.52'),
(202, 10, '', 'TO USE TOOLS AND MANUALLY ENTER THE  DRAIN TO REMOVE ALL SAND, STONES, DEBRIS ETC FROM THE SIDES AND BOTTOM OF DRAIN.', '0.00', 'LOT', 0, 4, '3700.00', '3700.00', 1, '0.00', '0.00', '3700.00', '0.00', '0.00', '3700.00'),
(203, 10, '', 'REMOVE WINDSCREEN AND TINTING WORKS DONE FOR THE WHOLE CAR', '0.00', 'UNITS', 0, 5, '904.00', '904.00', 2, '6.00', '54.24', '958.24', '0.00', '0.00', '904.00'),
(204, 11, '', 'CALENDAR FOR YEAR 2023 INCLUDING STICKERS MICKEY MOUSE', '0.00', 'PCS', 0, 1, '50.95', '50.95', 1, '0.00', '0.00', '48.40', '5.00', '2.55', '48.40'),
(205, 11, '', 'CAR TINTING SERVICE - V COOL HOLLAND TYPE', '0.00', 'PCS', 0, 2, '66.00', '66.00', 1, '0.00', '0.00', '66.00', '0.00', '0.00', '66.00'),
(206, 11, '', 'LABOUR TO REPLACE PARTS & SERVICE', '0.00', 'bundles', 0, 3, '56.00', '56.00', 1, '0.00', '0.00', '51.52', '8.00', '4.48', '51.52'),
(207, 11, '', 'TO USE TOOLS AND MANUALLY ENTER THE  DRAIN TO REMOVE ALL SAND, STONES, DEBRIS ETC FROM THE SIDES AND BOTTOM OF DRAIN.', '0.00', 'LOT', 0, 4, '3700.00', '3700.00', 1, '0.00', '0.00', '3700.00', '0.00', '0.00', '3700.00'),
(208, 11, '', 'REMOVE WINDSCREEN AND TINTING WORKS DONE FOR THE WHOLE CAR', '0.00', 'UNITS', 0, 5, '904.00', '904.00', 2, '6.00', '54.24', '958.24', '0.00', '0.00', '904.00'),
(209, 12, '', 'CALENDAR FOR YEAR 2023 INCLUDING STICKERS MICKEY MOUSE', '0.00', 'PCS', 0, 1, '50.95', '50.95', 1, '0.00', '0.00', '48.40', '5.00', '2.55', '48.40'),
(210, 12, '', 'CAR TINTING SERVICE - V COOL HOLLAND TYPE', '0.00', 'PCS', 0, 2, '66.00', '66.00', 1, '0.00', '0.00', '66.00', '0.00', '0.00', '66.00'),
(211, 12, '', 'LABOUR TO REPLACE PARTS & SERVICE', '0.00', 'bundles', 0, 3, '56.00', '56.00', 1, '0.00', '0.00', '51.52', '8.00', '4.48', '51.52'),
(212, 12, '', 'TO USE TOOLS AND MANUALLY ENTER THE  DRAIN TO REMOVE ALL SAND, STONES, DEBRIS ETC FROM THE SIDES AND BOTTOM OF DRAIN.', '0.00', 'LOT', 0, 4, '3700.00', '3700.00', 1, '0.00', '0.00', '3700.00', '0.00', '0.00', '3700.00'),
(213, 12, '', 'REMOVE WINDSCREEN AND TINTING WORKS DONE FOR THE WHOLE CAR', '0.00', 'UNITS', 0, 5, '904.00', '904.00', 2, '6.00', '54.24', '958.24', '0.00', '0.00', '904.00'),
(219, 13, '', 'CALENDAR FOR YEAR 2023 INCLUDING STICKERS MICKEY MOUSE', '0.00', 'PCS', 0, 1, '700.00', '700.00', 1, '0.00', '0.00', '665.00', '5.00', '35.00', '665.00'),
(220, 13, '', 'CAR TINTING SERVICE - V COOL HOLLAND TYPE', '0.00', 'PCS', 0, 2, '66.00', '66.00', 1, '0.00', '0.00', '66.00', '0.00', '0.00', '66.00'),
(221, 13, '', 'LABOUR TO REPLACE PARTS & SERVICE', '0.00', 'bundles', 0, 3, '56.00', '56.00', 1, '0.00', '0.00', '51.52', '8.00', '4.48', '51.52'),
(222, 13, '', 'TO USE TOOLS AND MANUALLY ENTER THE  DRAIN TO REMOVE ALL SAND, STONES, DEBRIS ETC FROM THE SIDES AND BOTTOM OF DRAIN.', '0.00', 'LOT', 0, 4, '3700.00', '3700.00', 1, '0.00', '0.00', '3700.00', '0.00', '0.00', '3700.00'),
(223, 13, '', 'REMOVE WINDSCREEN AND TINTING WORKS DONE FOR THE WHOLE CAR', '0.00', 'UNITS', 0, 5, '904.00', '904.00', 2, '6.00', '54.24', '958.24', '0.00', '0.00', '904.00'),
(224, 14, '', 'CALENDAR FOR YEAR 2023 INCLUDING STICKERS MICKEY MOUSE', '34.00', 'PCS', 0, 1, '50.95', '1732.30', 1, '0.00', '0.00', '1645.68', '5.00', '86.61', '1645.68'),
(225, 14, '', '', '0.00', '', 0, 2, '0.00', '0.00', 1, '0.00', '0.00', '0.00', '0.00', '0.00', '0.00'),
(226, 14, '', 'REMOVE WINDSCREEN AND TINTING WORKS DONE FOR THE WHOLE CAR', '0.00', 'UNITS', 0, 3, '8000.00', '8000.00', 6, '1.50', '115.20', '7795.20', '4.00', '320.00', '7680.00'),
(227, 14, '', '', '0.00', '', 0, 4, '0.00', '0.00', 1, '0.00', '0.00', '0.00', '0.00', '0.00', '0.00'),
(228, 14, '', '', '0.00', '', 0, 5, '0.00', '0.00', 1, '0.00', '0.00', '0.00', '0.00', '0.00', '0.00'),
(238, 15, '', 'CALENDAR FOR YEAR 2023 INCLUDING STICKERS MICKEY MOUSE', '0.00', 'PCS', 0, 1, '50.95', '50.95', 1, '0.00', '0.00', '48.40', '5.00', '2.55', '48.40'),
(239, 15, '', 'CAR TINTING SERVICE - V COOL HOLLAND TYPE', '0.00', 'PCS', 0, 2, '66.00', '66.00', 1, '0.00', '0.00', '66.00', '0.00', '0.00', '66.00'),
(240, 15, '', 'LABOUR TO REPLACE PARTS & SERVICE', '0.00', 'bundles', 0, 3, '56.00', '56.00', 1, '0.00', '0.00', '51.52', '8.00', '4.48', '51.52'),
(241, 15, '', 'TO USE TOOLS AND MANUALLY ENTER THE  DRAIN TO REMOVE ALL SAND, STONES, DEBRIS ETC FROM THE SIDES AND BOTTOM OF DRAIN.', '0.00', 'LOT', 0, 4, '3700.00', '3700.00', 1, '0.00', '0.00', '3700.00', '0.00', '0.00', '3700.00'),
(242, 15, '', 'REMOVE WINDSCREEN AND TINTING WORKS DONE FOR THE WHOLE CAR', '0.00', 'UNITS', 0, 5, '904.00', '904.00', 2, '6.00', '54.24', '958.24', '0.00', '0.00', '904.00'),
(243, 15, '', '', '0.00', '', 0, 6, '34.00', '34.00', 1, '0.00', '0.00', '34.00', '0.00', '0.00', '34.00'),
(244, 15, '', '', '4.00', '', 0, 7, '1872.00', '7488.00', 4, '34.00', '2545.92', '10033.92', '0.00', '0.00', '7488.00'),
(245, 15, '', '', '0.00', '', 0, 8, '7000.00', '7000.00', 1, '0.00', '0.00', '7000.00', '0.00', '0.00', '7000.00'),
(246, 15, '', '', '0.00', '', 0, 9, '300.00', '300.00', 1, '0.00', '0.00', '300.00', '0.00', '0.00', '300.00'),
(247, 16, '', '', '0.00', '', 0, 1, '1515.15', '1515.15', 1, '0.00', '0.00', '1515.15', '0.00', '0.00', '1515.15'),
(248, 16, '', '', '0.00', '', 0, 2, '0.00', '0.00', 1, '0.00', '0.00', '0.00', '0.00', '0.00', '0.00'),
(249, 16, '', '', '0.00', '', 0, 3, '0.00', '0.00', 1, '0.00', '0.00', '0.00', '0.00', '0.00', '0.00'),
(250, 16, '', '', '0.00', '', 0, 4, '0.00', '0.00', 1, '0.00', '0.00', '0.00', '0.00', '0.00', '0.00'),
(251, 16, '', '', '0.00', '', 0, 5, '0.00', '0.00', 1, '0.00', '0.00', '0.00', '0.00', '0.00', '0.00'),
(252, 17, '', 'FRANCE PERFUME ( LAVENDAR SMELL)', '0.00', '', 0, 1, '98.00', '98.00', 1, '0.00', '0.00', '98.00', '0.00', '0.00', '98.00'),
(253, 17, '', 'PREPARE HOUSE TENANCY AGREEMENT FOR CUSTOMER FOR THE YEAR 2023 AND 2024', '0.00', 'LOT', 0, 2, '0.00', '0.00', 1, '0.00', '0.00', '0.00', '0.00', '0.00', '0.00'),
(254, 17, '', 'PREPARE HOUSE TENANCY AGREEMENT FOR CUSTOMER FOR THE YEAR 2023 AND 2024', '0.00', 'LOT', 0, 3, '0.00', '0.00', 1, '0.00', '0.00', '0.00', '0.00', '0.00', '0.00'),
(255, 17, '', 'REMOVE WINDSCREEN AND TINTING WORKS DONE FOR THE WHOLE CAR', '0.00', 'UNITS', 0, 4, '0.00', '0.00', 1, '0.00', '0.00', '0.00', '0.00', '0.00', '0.00'),
(256, 17, '', 'TO USE TOOLS AND MANUALLY ENTER THE  DRAIN TO REMOVE ALL SAND, STONES, DEBRIS ETC FROM THE SIDES AND BOTTOM OF DRAIN.', '0.00', 'LOT', 0, 5, '3700.00', '3700.00', 1, '0.00', '0.00', '3700.00', '0.00', '0.00', '3700.00'),
(257, 17, '', 'APPLE WATCH SMART', '0.00', 'PCS', 0, 6, '665.00', '665.00', 1, '0.00', '0.00', '665.00', '0.00', '0.00', '665.00'),
(258, 17, '', '', '0.00', '', 0, 7, '0.00', '0.00', 1, '0.00', '0.00', '0.00', '0.00', '0.00', '0.00'),
(259, 17, '', 'TEAK WOOD IKEA TABLE 5 X 7 FEET', '0.00', 'PCS', 0, 8, '0.00', '0.00', 1, '0.00', '0.00', '0.00', '0.00', '0.00', '0.00'),
(270, 19, '1.', 'TO SUPPLY LABOUR AND TOOLS FOR CLEAR RUSTY AND SLUDGE IN CONCRETE WATER TANK.', '12.00', 'UNITS', 0, 1, '1650.00', '19800.00', 1, '0.00', '0.00', '19800.00', '0.00', '0.00', '19800.00'),
(271, 19, '2.', 'TO SUPPLY LABOUR AND TOOLS FOR CLEAR RUSTY AND SLUDGE IN FIBER WATER TANK ( SIZE  1600 X 800 X 1600)', '12.00', 'UNITS', 0, 2, '0.00', '16200.00', 1, '0.00', '0.00', '16200.00', '0.00', '0.00', '16200.00'),
(272, 19, '3.', 'TO SUPPLY LABOUR AND TOOLS FOR CLEAR RUSTY AND SLUDGE IN FIBER WATER TANK ( SIZE  2800 X 2000 X 3200 )', '24.00', 'UNITS', 0, 3, '1850.00', '44400.00', 1, '0.00', '0.00', '44400.00', '0.00', '0.00', '44400.00'),
(273, 19, '4.', 'BOLT & NUT FOR FITTINGS, BRACKETS ETC', '200.00', 'PCS', 0, 4, '5.00', '1000.00', 1, '0.00', '0.00', '1000.00', '0.00', '0.00', '1000.00'),
(274, 19, '5.', 'TO SUPPLY ELBOW AND FITTINGS TO REPAIR LEAKING  (USE SCAFFFOLDING)', '2.00', '', 0, 5, '1900.00', '3800.00', 1, '0.00', '0.00', '3800.00', '0.00', '0.00', '3800.00'),
(275, 19, '6.', 'TO REMOVE ALL DEBRIS AND UNUSED PARTS / MATERIALS FROM WORKSITE AND DISPOSE AT AUTHORISED SITE', '0.00', '', 0, 6, '800.00', '800.00', 1, '0.00', '0.00', '800.00', '0.00', '0.00', '800.00'),
(276, 19, '7.', 'TO SUPPLY ALL TOOLS, MATERIALS AND SKILLED WORKERS TO COMPLETE THE JOB.', '0.00', '', 0, 7, '0.00', '0.00', 1, '0.00', '0.00', '0.00', '0.00', '0.00', '0.00'),
(277, 19, '8.', 'TO FOLLOW ALL SAFETY PROCEDURES AT WORK SITE AT ALL TIMES', '0.00', '', 0, 8, '0.00', '0.00', 1, '0.00', '0.00', '0.00', '0.00', '0.00', '0.00'),
(278, 19, '', '', '0.00', '', 0, 9, '0.00', '0.00', 1, '0.00', '0.00', '0.00', '0.00', '0.00', '0.00'),
(279, 19, '', '', '0.00', '', 0, 10, '0.00', '0.00', 1, '0.00', '0.00', '0.00', '0.00', '0.00', '0.00'),
(280, 20, '', '', '0.00', '', 0, 1, '234.00', '234.00', 1, '0.00', '0.00', '219.96', '6.00', '14.04', '219.96'),
(281, 20, '', '', '0.00', '', 0, 2, '56.75', '56.75', 2, '6.00', '3.20', '56.54', '6.00', '3.40', '53.34'),
(282, 20, '', '', '0.00', '', 0, 3, '2300.00', '2300.00', 6, '1.50', '32.77', '2217.78', '5.00', '115.00', '2185.00'),
(283, 20, '', '', '0.00', '', 0, 4, '0.00', '0.00', 1, '0.00', '0.00', '0.00', '0.00', '0.00', '0.00'),
(284, 20, '', '', '0.00', '', 0, 5, '0.00', '0.00', 1, '0.00', '0.00', '0.00', '0.00', '0.00', '0.00'),
(295, 21, '', 'CALENDAR FOR YEAR 2023 INCLUDING STICKERS MICKEY MOUSE', '0.00', '', 1, 1, '0.00', '0.00', 1, '0.00', '0.00', '0.00', '0.00', '0.00', '0.00'),
(296, 21, '1', 'TO USE TOOLS AND MANUALLY ENTER THE  DRAIN TO REMOVE ALL SAND, STONES, DEBRIS ETC FROM THE SIDES AND BOTTOM OF DRAIN.', '0.00', 'LOT', 0, 2, '3700.00', '3700.00', 1, '0.00', '0.00', '3700.00', '0.00', '0.00', '3700.00'),
(297, 21, '2', 'PREPARE HOUSE TENANCY AGREEMENT FOR CUSTOMER FOR THE YEAR 2023 AND 2024', '0.00', 'LOT', 0, 3, '0.00', '0.00', 1, '0.00', '0.00', '0.00', '0.00', '0.00', '0.00'),
(298, 21, '3', 'REMOVE WINDSCREEN AND TINTING WORKS DONE FOR THE WHOLE CAR', '0.00', 'UNITS', 0, 4, '0.00', '0.00', 1, '0.00', '0.00', '0.00', '0.00', '0.00', '0.00'),
(299, 21, '4', 'BEZA CAR Malaysia Made', '0.00', 'PCS', 0, 5, '3500.90', '3500.90', 1, '0.00', '0.00', '3500.90', '0.00', '0.00', '3500.90'),
(300, 21, '', '', '0.00', '', 0, 6, '0.00', '0.00', 1, '0.00', '0.00', '0.00', '0.00', '0.00', '0.00'),
(301, 21, '', '', '0.00', '', 0, 7, '0.00', '0.00', 1, '0.00', '0.00', '0.00', '0.00', '0.00', '0.00'),
(302, 21, '', '', '0.00', '', 0, 8, '0.00', '0.00', 1, '0.00', '0.00', '0.00', '0.00', '0.00', '0.00'),
(303, 22, '', 'CALENDAR FOR YEAR 2023 INCLUDING STICKERS MICKEY MOUSE', '0.00', 'PCS', 0, 1, '50.95', '50.95', 1, '0.00', '0.00', '48.40', '5.00', '2.55', '48.40'),
(304, 22, '', 'CAR TINTING SERVICE - V COOL HOLLAND TYPE', '0.00', 'PCS', 0, 2, '66.00', '66.00', 1, '0.00', '0.00', '66.00', '0.00', '0.00', '66.00'),
(305, 22, '', 'LABOUR TO REPLACE PARTS & SERVICE', '0.00', 'bundles', 0, 3, '56.00', '56.00', 1, '0.00', '0.00', '51.52', '8.00', '4.48', '51.52'),
(306, 22, '', 'TO USE TOOLS AND MANUALLY ENTER THE  DRAIN TO REMOVE ALL SAND, STONES, DEBRIS ETC FROM THE SIDES AND BOTTOM OF DRAIN.', '0.00', 'LOT', 0, 4, '3700.00', '3700.00', 1, '0.00', '0.00', '3700.00', '0.00', '0.00', '3700.00'),
(307, 22, '', 'REMOVE WINDSCREEN AND TINTING WORKS DONE FOR THE WHOLE CAR', '0.00', 'UNITS', 0, 5, '904.00', '904.00', 2, '6.00', '54.24', '958.24', '0.00', '0.00', '904.00'),
(308, 22, '', '', '0.00', '', 0, 6, '34.00', '34.00', 1, '0.00', '0.00', '34.00', '0.00', '0.00', '34.00'),
(309, 22, '', '', '4.00', '', 0, 7, '1872.00', '7488.00', 4, '34.00', '2507.73', '9883.41', '0.00', '112.32', '7375.68'),
(310, 22, '', '', '0.00', '', 0, 8, '7000.00', '7000.00', 1, '0.00', '0.00', '7000.00', '0.00', '0.00', '7000.00'),
(311, 22, '', '', '0.00', '', 0, 9, '300.00', '300.00', 1, '0.00', '0.00', '300.00', '0.00', '0.00', '300.00'),
(312, 23, '', 'CALENDAR FOR YEAR 2023 INCLUDING STICKERS MICKEY MOUSE', '0.00', 'PCS', 0, 1, '50.95', '50.95', 1, '0.00', '0.00', '48.40', '5.00', '2.55', '48.40'),
(313, 23, '', 'CAR TINTING SERVICE - V COOL HOLLAND TYPE', '0.00', 'PCS', 0, 2, '66.00', '66.00', 1, '0.00', '0.00', '66.00', '0.00', '0.00', '66.00'),
(314, 23, '', 'LABOUR TO REPLACE PARTS & SERVICE', '0.00', 'bundles', 0, 3, '56.00', '56.00', 1, '0.00', '0.00', '51.52', '8.00', '4.48', '51.52'),
(315, 23, '', 'TO USE TOOLS AND MANUALLY ENTER THE  DRAIN TO REMOVE ALL SAND, STONES, DEBRIS ETC FROM THE SIDES AND BOTTOM OF DRAIN.', '0.00', 'LOT', 0, 4, '3700.00', '3700.00', 1, '0.00', '0.00', '3700.00', '0.00', '0.00', '3700.00'),
(316, 23, '', 'REMOVE WINDSCREEN AND TINTING WORKS DONE FOR THE WHOLE CAR', '0.00', 'UNITS', 0, 5, '904.00', '904.00', 2, '6.00', '54.24', '958.24', '0.00', '0.00', '904.00'),
(317, 23, '', '', '0.00', '', 0, 6, '34.00', '34.00', 1, '0.00', '0.00', '34.00', '0.00', '0.00', '34.00'),
(318, 23, '', '', '4.00', '', 0, 7, '1872.00', '7488.00', 4, '34.00', '2545.92', '10033.92', '0.00', '0.00', '7488.00'),
(319, 23, '', '', '0.00', '', 0, 8, '7000.00', '7000.00', 1, '0.00', '0.00', '7000.00', '0.00', '0.00', '7000.00'),
(320, 23, '', '', '0.00', '', 0, 9, '300.00', '300.00', 1, '0.00', '0.00', '300.00', '0.00', '0.00', '300.00'),
(321, 24, '1.', 'TO USE BASEMENT TANKER TO DESLUDGE AND REMOVE L/S 9,500.00 GREASE SLUDE WASTE FROM GREASE TANK. THE GREASE WASTE WILL BE TRANSPORTED OUTSIDE AND TRANSFERRED TO 10m3 TANKER PARKED OUTSIDE BUILDING.', '0.00', 'L/S', 0, 1, '9500.00', '9500.00', 1, '0.00', '0.00', '9500.00', '0.00', '0.00', '9500.00'),
(322, 24, '2.', 'ONCE THE GREASE TANK IS EMPTY, WE WILL USE SPECIAL JACKING TOOL TO LIFT UP THE GREASE TANK. ONCE THE TANK HAS BEEN LIFTED, NEED TO REMOVE ALL THE DEBRIS, EXCESS SAND AND STONES ETC', '0.00', '', 0, 2, '0.00', '0.00', 1, '0.00', '0.00', '0.00', '0.00', '0.00', '0.00'),
(323, 24, '3.', 'THEN NEED TO REFILL THE BOTTOM WITH NEW SAND, CRUSH STONES.', '0.00', '', 0, 3, '0.00', '0.00', 1, '0.00', '0.00', '0.00', '0.00', '0.00', '0.00'),
(324, 24, '4.', 'NEED TO LOWER THE GREASE TANK INTO THE GROUND AND ADD BRACKETS ETC TO HOLD IT IN PLACE.', '0.00', '', 0, 4, '0.00', '0.00', 1, '0.00', '0.00', '0.00', '0.00', '0.00', '0.00'),
(325, 24, '5.', 'TO SUPPLY AND INSTALL NEW INLET AND OUTLET PIPING FOR THE GREASE TANK.', '0.00', '', 0, 5, '0.00', '0.00', 1, '0.00', '0.00', '0.00', '0.00', '0.00', '0.00'),
(326, 24, '6.', 'TO USE JETTER TRUCK MACHINE TO COMPLETELY CLEAN AND CLEAR THE INLET AND OUTLET PIPING.\r\nJETTING METHOD USES VERY HIGH PRESSURE WATER JET FLOW TO THROUGHLY CLEAN INSIDE THE PIPES.', '0.00', '', 0, 6, '0.00', '0.00', 1, '0.00', '0.00', '0.00', '0.00', '0.00', '0.00'),
(327, 24, '7.', 'TO SUPPLY BASEMENT TANKER, DESLUDGING TANKER, JETTER TRUCK, TOOLS, MATERIALS & SKILLED WORKERS', '0.00', '', 0, 7, '0.00', '0.00', 1, '0.00', '0.00', '0.00', '0.00', '0.00', '0.00'),
(328, 24, '8.', 'ALL SAFETY PROCEDURES FOLLOWED AT ALL TIMES AT WORK SITE.', '0.00', '', 0, 8, '0.00', '0.00', 1, '0.00', '0.00', '0.00', '0.00', '0.00', '0.00'),
(329, 25, '', '', '0.00', '', 0, 1, '900.00', '900.00', 1, '0.00', '0.00', '900.00', '0.00', '0.00', '900.00'),
(330, 25, '', '', '0.00', '', 0, 2, '0.00', '0.00', 1, '0.00', '0.00', '0.00', '0.00', '0.00', '0.00'),
(331, 25, '', '', '0.00', '', 0, 3, '0.00', '0.00', 1, '0.00', '0.00', '0.00', '0.00', '0.00', '0.00'),
(332, 25, '', '', '0.00', '', 0, 4, '0.00', '0.00', 1, '0.00', '0.00', '0.00', '0.00', '0.00', '0.00'),
(333, 25, '', '', '0.00', '', 0, 5, '0.00', '0.00', 1, '0.00', '0.00', '0.00', '0.00', '0.00', '0.00'),
(334, 26, '1', 'CALENDAR FOR YEAR 2023 INCLUDING STICKERS MICKEY MOUSE', '0.00', 'PCS', 0, 1, '50.95', '50.95', 1, '0.00', '0.00', '50.95', '0.00', '0.00', '50.95'),
(335, 26, '2', 'CAR TINTING SERVICE - V COOL HOLLAND TYPE', '0.00', 'PCS', 0, 2, '66.00', '66.00', 1, '0.00', '0.00', '66.00', '0.00', '0.00', '66.00'),
(336, 26, '3', 'PREPARE HOUSE TENANCY AGREEMENT FOR CUSTOMER FOR THE YEAR 2023 AND 2024', '0.00', 'LOT', 0, 3, '0.00', '0.00', 1, '0.00', '0.00', '0.00', '0.00', '0.00', '0.00'),
(337, 26, '4', 'TO USE TOOLS AND MANUALLY ENTER THE  DRAIN TO REMOVE ALL SAND, STONES, DEBRIS ETC FROM THE SIDES AND BOTTOM OF DRAIN.', '0.00', 'LOT', 0, 4, '3700.00', '3700.00', 1, '0.00', '0.00', '3700.00', '0.00', '0.00', '3700.00'),
(338, 26, '5', 'APPLE WATCH SMART', '0.00', 'PCS', 0, 5, '665.00', '665.00', 1, '0.00', '0.00', '665.00', '0.00', '0.00', '665.00'),
(339, 27, '', '', '0.00', '', 0, 1, '1000.00', '1000.00', 1, '0.00', '0.00', '1000.00', '0.00', '0.00', '1000.00'),
(340, 27, '', '', '0.00', '', 0, 2, '0.00', '0.00', 1, '0.00', '0.00', '0.00', '0.00', '0.00', '0.00'),
(341, 27, '', '', '0.00', '', 0, 3, '0.00', '0.00', 1, '0.00', '0.00', '0.00', '0.00', '0.00', '0.00'),
(342, 27, '', '', '0.00', '', 0, 4, '0.00', '0.00', 1, '0.00', '0.00', '0.00', '0.00', '0.00', '0.00'),
(343, 27, '', '', '0.00', '', 0, 5, '0.00', '0.00', 1, '0.00', '0.00', '0.00', '0.00', '0.00', '0.00'),
(344, 28, '', '', '0.00', '', 0, 1, '890.00', '890.00', 1, '0.00', '0.00', '890.00', '0.00', '0.00', '890.00'),
(345, 28, '', '', '0.00', '', 0, 2, '0.00', '0.00', 1, '0.00', '0.00', '0.00', '0.00', '0.00', '0.00'),
(346, 28, '', '', '0.00', '', 0, 3, '0.00', '0.00', 1, '0.00', '0.00', '0.00', '0.00', '0.00', '0.00'),
(347, 28, '', '', '0.00', '', 0, 4, '0.00', '0.00', 1, '0.00', '0.00', '0.00', '0.00', '0.00', '0.00'),
(348, 28, '', '', '0.00', '', 0, 5, '0.00', '0.00', 1, '0.00', '0.00', '0.00', '0.00', '0.00', '0.00'),
(349, 29, '1', 'MAZDA X5 TYRE CHANGE 175/90PSI JAPAN MADE', '0.00', 'PCS', 0, 1, '130.50', '130.50', 1, '0.00', '0.00', '123.97', '5.00', '6.53', '123.97'),
(350, 29, '2', 'TO USE TOOLS AND MANUALLY ENTER THE  DRAIN TO REMOVE ALL SAND, STONES, DEBRIS ETC FROM THE SIDES AND BOTTOM OF DRAIN.', '0.00', 'LOT', 0, 2, '3700.00', '3700.00', 1, '0.00', '0.00', '3515.00', '5.00', '185.00', '3515.00'),
(351, 29, '3', 'REMOVE WINDSCREEN AND TINTING WORKS DONE FOR THE WHOLE CAR', '0.00', 'UNITS', 0, 3, '90.00', '90.00', 4, '34.00', '30.60', '120.60', '0.00', '0.00', '90.00'),
(352, 29, '4', 'TO USE TOOLS AND MANUALLY ENTER THE  DRAIN TO REMOVE ALL SAND, STONES, DEBRIS ETC FROM THE SIDES AND BOTTOM OF DRAIN.', '0.00', 'LOT', 0, 4, '560.00', '560.00', 1, '0.00', '0.00', '560.00', '0.00', '0.00', '560.00'),
(353, 29, '5', 'TO USE TOOLS AND MANUALLY ENTER THE  DRAIN TO REMOVE ALL SAND, STONES, DEBRIS ETC FROM THE SIDES AND BOTTOM OF DRAIN.', '0.00', 'LOT', 0, 5, '890.00', '890.00', 1, '0.00', '0.00', '827.70', '7.00', '62.30', '827.70'),
(354, 30, '1', 'MAZDA X5 TYRE CHANGE 175/90PSI JAPAN MADE', '0.00', 'PCS', 0, 1, '130.50', '130.50', 1, '0.00', '0.00', '123.97', '5.00', '6.53', '123.97'),
(355, 30, '2', 'TO USE TOOLS AND MANUALLY ENTER THE  DRAIN TO REMOVE ALL SAND, STONES, DEBRIS ETC FROM THE SIDES AND BOTTOM OF DRAIN.', '0.00', 'LOT', 0, 2, '3700.00', '3700.00', 1, '0.00', '0.00', '3515.00', '5.00', '185.00', '3515.00'),
(356, 30, '3', 'REMOVE WINDSCREEN AND TINTING WORKS DONE FOR THE WHOLE CAR', '0.00', 'UNITS', 0, 3, '90.00', '90.00', 4, '34.00', '30.60', '120.60', '0.00', '0.00', '90.00'),
(357, 30, '4', 'TO USE TOOLS AND MANUALLY ENTER THE  DRAIN TO REMOVE ALL SAND, STONES, DEBRIS ETC FROM THE SIDES AND BOTTOM OF DRAIN.', '0.00', 'LOT', 0, 4, '560.00', '560.00', 1, '0.00', '0.00', '560.00', '0.00', '0.00', '560.00'),
(358, 30, '5', 'TO USE TOOLS AND MANUALLY ENTER THE  DRAIN TO REMOVE ALL SAND, STONES, DEBRIS ETC FROM THE SIDES AND BOTTOM OF DRAIN.', '0.00', 'LOT', 0, 5, '890.00', '890.00', 1, '0.00', '0.00', '827.70', '7.00', '62.30', '827.70'),
(359, 31, '1', 'MAZDA X5 TYRE CHANGE 175/90PSI JAPAN MADE', '0.00', 'PCS', 0, 1, '130.50', '130.50', 1, '0.00', '0.00', '123.97', '5.00', '6.53', '123.97'),
(360, 31, '2', 'TO USE TOOLS AND MANUALLY ENTER THE  DRAIN TO REMOVE ALL SAND, STONES, DEBRIS ETC FROM THE SIDES AND BOTTOM OF DRAIN.', '0.00', 'LOT', 0, 2, '3700.00', '3700.00', 1, '0.00', '0.00', '3515.00', '5.00', '185.00', '3515.00'),
(361, 31, '3', 'REMOVE WINDSCREEN AND TINTING WORKS DONE FOR THE WHOLE CAR', '0.00', 'UNITS', 0, 3, '90.00', '90.00', 4, '34.00', '30.60', '120.60', '0.00', '0.00', '90.00'),
(362, 31, '4', 'TO USE TOOLS AND MANUALLY ENTER THE  DRAIN TO REMOVE ALL SAND, STONES, DEBRIS ETC FROM THE SIDES AND BOTTOM OF DRAIN.', '0.00', 'LOT', 0, 4, '560.00', '560.00', 1, '0.00', '0.00', '560.00', '0.00', '0.00', '560.00'),
(363, 31, '5', 'TO USE TOOLS AND MANUALLY ENTER THE  DRAIN TO REMOVE ALL SAND, STONES, DEBRIS ETC FROM THE SIDES AND BOTTOM OF DRAIN.', '0.00', 'LOT', 0, 5, '890.00', '890.00', 1, '0.00', '0.00', '827.70', '7.00', '62.30', '827.70'),
(364, 32, '1', 'MAZDA X5 TYRE CHANGE 175/90PSI JAPAN MADE', '0.00', 'PCS', 0, 1, '130.50', '130.50', 1, '0.00', '0.00', '123.97', '5.00', '6.53', '123.97'),
(365, 32, '2', 'TO USE TOOLS AND MANUALLY ENTER THE  DRAIN TO REMOVE ALL SAND, STONES, DEBRIS ETC FROM THE SIDES AND BOTTOM OF DRAIN.', '0.00', 'LOT', 0, 2, '3700.00', '3700.00', 1, '0.00', '0.00', '3515.00', '5.00', '185.00', '3515.00'),
(366, 32, '3', 'REMOVE WINDSCREEN AND TINTING WORKS DONE FOR THE WHOLE CAR', '0.00', 'UNITS', 0, 3, '90.00', '90.00', 4, '34.00', '30.60', '120.60', '0.00', '0.00', '90.00'),
(367, 32, '4', 'TO USE TOOLS AND MANUALLY ENTER THE  DRAIN TO REMOVE ALL SAND, STONES, DEBRIS ETC FROM THE SIDES AND BOTTOM OF DRAIN.', '0.00', 'LOT', 0, 4, '560.00', '560.00', 1, '0.00', '0.00', '560.00', '0.00', '0.00', '560.00'),
(368, 32, '5', 'TO USE TOOLS AND MANUALLY ENTER THE  DRAIN TO REMOVE ALL SAND, STONES, DEBRIS ETC FROM THE SIDES AND BOTTOM OF DRAIN.', '0.00', 'LOT', 0, 5, '890.00', '890.00', 1, '0.00', '0.00', '827.70', '7.00', '62.30', '827.70'),
(369, 33, '', '', '0.00', '', 0, 1, '800.00', '800.00', 1, '0.00', '0.00', '800.00', '0.00', '0.00', '800.00'),
(370, 33, '', '', '0.00', '', 0, 2, '0.00', '0.00', 1, '0.00', '0.00', '0.00', '0.00', '0.00', '0.00'),
(371, 33, '', '', '0.00', '', 0, 3, '0.00', '0.00', 1, '0.00', '0.00', '0.00', '0.00', '0.00', '0.00'),
(372, 33, '', '', '0.00', '', 0, 4, '0.00', '0.00', 1, '0.00', '0.00', '0.00', '0.00', '0.00', '0.00'),
(373, 33, '', '', '0.00', '', 0, 5, '0.00', '0.00', 1, '0.00', '0.00', '0.00', '0.00', '0.00', '0.00'),
(413, 34, '', 'CALENDAR FOR YEAR 2023 INCLUDING STICKERS MICKEY MOUSE', '0.00', '', 1, 1, '0.00', '0.00', 1, '0.00', '0.00', '0.00', '0.00', '0.00', '0.00'),
(414, 34, '1.', 'PREPARE HOUSE TENANCY AGREEMENT FOR CUSTOMER FOR THE YEAR 2023 AND 2024', '0.00', 'LOT', 0, 2, '900.00', '900.00', 6, '1.50', '12.42', '840.42', '8.00', '72.00', '828.00'),
(415, 34, '2.', 'CAR TINTING SERVICE - V COOL HOLLAND TYPE', '0.00', 'PCS', 0, 3, '66.00', '66.00', 1, '0.00', '0.00', '66.00', '0.00', '0.00', '66.00'),
(416, 34, '3.', 'TO USE TOOLS AND MANUALLY ENTER THE  DRAIN TO REMOVE ALL SAND, STONES, DEBRIS ETC FROM THE SIDES AND BOTTOM OF DRAIN.', '0.00', 'LOT', 0, 4, '3700.00', '3700.00', 1, '0.00', '0.00', '3700.00', '0.00', '0.00', '3700.00'),
(417, 34, '4.', 'TEAK WOOD IKEA TABLE 5 X 7 FEET', '0.00', 'PCS', 0, 5, '0.00', '0.00', 1, '0.00', '0.00', '0.00', '0.00', '0.00', '0.00'),
(418, 34, '5.', 'BEZA CAR Malaysia Made', '0.00', 'PCS', 0, 6, '3500.90', '3500.90', 1, '0.00', '0.00', '3500.90', '0.00', '0.00', '3500.90'),
(419, 34, '', 'LABOUR', '0.00', '', 1, 7, '0.00', '0.00', 1, '0.00', '0.00', '0.00', '0.00', '0.00', '0.00'),
(420, 34, '1.', 'CAR DENT KNOCKING AND PAINTING', '0.00', 'LOT', 0, 8, '0.00', '0.00', 1, '0.00', '0.00', '0.00', '0.00', '0.00', '0.00'),
(421, 34, '2.', 'TOP RADIATOR HOSE ORIGINAL', '0.00', '', 0, 9, '450.00', '450.00', 1, '0.00', '0.00', '450.00', '0.00', '0.00', '450.00'),
(422, 34, '', '', '0.00', '', 0, 10, '0.00', '0.00', 1, '0.00', '0.00', '0.00', '0.00', '0.00', '0.00'),
(547, 35, '1.', 'HIGH PRESSURE FUEL PUMP ORIGINAL', '0.00', '', 0, 1, '6850.00', '6850.00', 1, '0.00', '0.00', '6850.00', '0.00', '0.00', '6850.00'),
(548, 35, '2.', 'FUEL FILTER FLANGE RH', '0.00', '', 0, 2, '1480.00', '1480.00', 1, '0.00', '0.00', '1480.00', '0.00', '0.00', '1480.00'),
(549, 35, '3.', 'FUEL PUMP RH', '0.00', '', 0, 3, '2220.00', '2220.00', 1, '0.00', '0.00', '2220.00', '0.00', '0.00', '2220.00'),
(550, 35, '4.', 'SEAL, FUEL PUMP LH', '0.00', '', 0, 4, '85.00', '85.00', 1, '0.00', '0.00', '85.00', '0.00', '0.00', '85.00'),
(551, 35, '5.', 'VALVE COVER GASKET ELRING LH', '0.00', '', 0, 5, '230.00', '230.00', 1, '0.00', '0.00', '230.00', '0.00', '0.00', '230.00'),
(552, 35, '6.', 'VALVE COVER GASKET ELRING RH', '0.00', '', 0, 6, '230.00', '230.00', 1, '0.00', '0.00', '230.00', '0.00', '0.00', '230.00'),
(553, 35, '7.', 'PLUG SEAL', '6.00', '', 0, 7, '70.00', '420.00', 1, '0.00', '0.00', '420.00', '0.00', '0.00', '420.00'),
(554, 35, '8.', 'FUEL FLANGE (REAR)', '0.00', '', 0, 8, '1830.00', '1830.00', 1, '0.00', '0.00', '1830.00', '0.00', '0.00', '1830.00'),
(555, 35, '9.', 'SEAL FUEL PUMP RR', '0.00', '', 0, 9, '0.00', '0.00', 1, '0.00', '0.00', '0.00', '0.00', '0.00', '0.00'),
(556, 35, '10.', 'OIL SEPERATOR ORIGINAL', '0.00', '', 0, 10, '85.00', '85.00', 1, '0.00', '0.00', '85.00', '0.00', '0.00', '85.00'),
(557, 35, '11.', 'SPARK PLUG', '0.00', '', 0, 11, '1420.00', '1420.00', 1, '0.00', '0.00', '1420.00', '0.00', '0.00', '1420.00'),
(558, 35, '12.', 'LONGSHAFT PORSCHE', '6.00', '', 0, 12, '90.00', '540.00', 1, '0.00', '0.00', '540.00', '0.00', '0.00', '540.00'),
(559, 35, '13.', 'DRIVESHAFT REBUILD', '0.00', '', 0, 13, '5000.00', '5000.00', 1, '0.00', '0.00', '5000.00', '0.00', '0.00', '5000.00'),
(560, 35, '14.', 'FRONT TYRE SET CONTINENTAL MC6', '2.00', '', 0, 14, '300.00', '600.00', 1, '0.00', '0.00', '600.00', '0.00', '0.00', '600.00'),
(561, 35, '', 'LABOUR', '0.00', '', 1, 15, '0.00', '0.00', 1, '0.00', '0.00', '0.00', '0.00', '0.00', '0.00'),
(562, 35, '', '- TO REPLACE HIGH PRESSURE FUEL PUMP, SETTING AND CODING\r\n- REPLACE VALVE COVER GASKET\r\n- REPLACE PLUG SEAL BANK 1 & BANK 2,\r\n- REPLACE SPARK PLUGS\r\n- REPLACE LEFT FUEL PUMP, FUEL FILTER,', '0.00', '', 0, 16, '1100.00', '1100.00', 1, '0.00', '0.00', '1100.00', '0.00', '0.00', '1100.00'),
(563, 35, '', '- REPLACE REAR FUEL PUMP,\r\n- SUCTION & DISPOSE FUEL TANK FUEL,.\r\n- REPLACE LONGSHAFT,\r\n- REMOVE & INSTALL DRIVESHAFT,\r\n- REPLACE OIL SEPERATOR, ENGINE WASH', '0.00', '', 0, 17, '0.00', '0.00', 1, '0.00', '0.00', '0.00', '0.00', '0.00', '0.00'),
(564, 35, '', '', '0.00', '', 0, 18, '0.00', '0.00', 1, '0.00', '0.00', '0.00', '0.00', '0.00', '0.00'),
(565, 36, '', '', '0.00', '', 0, 1, '599.00', '599.00', 1, '0.00', '0.00', '599.00', '0.00', '0.00', '599.00'),
(566, 36, '', '', '0.00', '', 0, 2, '0.00', '0.00', 1, '0.00', '0.00', '0.00', '0.00', '0.00', '0.00'),
(567, 36, '', '', '0.00', '', 0, 3, '0.00', '0.00', 1, '0.00', '0.00', '0.00', '0.00', '0.00', '0.00'),
(568, 36, '', '', '0.00', '', 0, 4, '0.00', '0.00', 1, '0.00', '0.00', '0.00', '0.00', '0.00', '0.00'),
(569, 36, '', '', '0.00', '', 0, 5, '0.00', '0.00', 1, '0.00', '0.00', '0.00', '0.00', '0.00', '0.00');

-- --------------------------------------------------------

--
-- Table structure for table `tbpayment`
--

DROP TABLE IF EXISTS `tbpayment`;
CREATE TABLE IF NOT EXISTS `tbpayment` (
  `payment_id` int(11) NOT NULL AUTO_INCREMENT,
  `payment_no` varchar(30) NOT NULL,
  `payment_date` date NOT NULL,
  `payment_paymentMethodID` int(11) NOT NULL DEFAULT '0',
  `payment_chequeInfo` varchar(100) NOT NULL,
  `payment_amount` decimal(10,2) NOT NULL DEFAULT '0.00',
  `payment_userID` int(11) NOT NULL,
  `payment_remark` varchar(100) NOT NULL,
  `payment_status` int(1) NOT NULL DEFAULT '1' COMMENT '1=paid, 0=cancel, 2=post date',
  `payment_cancelDate` date DEFAULT NULL,
  `payment_cancelReason` varchar(150) NOT NULL,
  `payment_cancelUserID` int(11) NOT NULL,
  `payment_customerID` int(11) NOT NULL,
  PRIMARY KEY (`payment_id`)
) ENGINE=InnoDB AUTO_INCREMENT=9 DEFAULT CHARSET=latin1;

--
-- Dumping data for table `tbpayment`
--

INSERT INTO `tbpayment` (`payment_id`, `payment_no`, `payment_date`, `payment_paymentMethodID`, `payment_chequeInfo`, `payment_amount`, `payment_userID`, `payment_remark`, `payment_status`, `payment_cancelDate`, `payment_cancelReason`, `payment_cancelUserID`, `payment_customerID`) VALUES
(1, 'RPT001', '2023-05-26', 1, '', '22192.10', 4, '', 0, NULL, '', 0, 224),
(2, 'RPT002', '2023-05-26', 1, '', '700.00', 4, '', 0, NULL, '', 0, 83),
(3, 'RPT003', '2023-05-26', 3, '5662442', '350.00', 4, '', 1, NULL, '', 0, 88),
(4, 'RPT004', '2023-05-26', 3, '5630091', '298.00', 4, '', 0, NULL, '', 0, 94),
(5, 'RPT005', '2023-05-26', 4, '5662442GTT', '76864.19', 4, '', 0, NULL, '', 0, 94),
(6, 'RPT006', '2023-05-27', 2, '30000567', '77162.19', 4, '', 1, NULL, '', 0, 94),
(7, 'RPT007', '2023-05-29', 6, 'PAY888/784', '231.45', 4, '', 1, NULL, '', 0, 225),
(8, 'RPT008', '2023-05-29', 3, 'PAY888/9884', '4658.55', 4, 'PAYMENT COLLECTED BY MDM CHARDIKA NAIR', 0, NULL, '', 0, 225);

-- --------------------------------------------------------

--
-- Table structure for table `tbpaymentdetail`
--

DROP TABLE IF EXISTS `tbpaymentdetail`;
CREATE TABLE IF NOT EXISTS `tbpaymentdetail` (
  `paymentDetail_id` int(11) NOT NULL AUTO_INCREMENT,
  `paymentDetail_paymentID` int(11) NOT NULL,
  `paymentDetail_invoiceID` int(11) NOT NULL,
  `paymentDetail_amount` decimal(10,2) NOT NULL,
  PRIMARY KEY (`paymentDetail_id`)
) ENGINE=InnoDB AUTO_INCREMENT=19 DEFAULT CHARSET=latin1;

--
-- Dumping data for table `tbpaymentdetail`
--

INSERT INTO `tbpaymentdetail` (`paymentDetail_id`, `paymentDetail_paymentID`, `paymentDetail_invoiceID`, `paymentDetail_amount`) VALUES
(1, 1, 23, '22192.10'),
(2, 2, 14, '700.00'),
(3, 3, 8, '350.00'),
(4, 4, 3, '88.00'),
(5, 4, 6, '99.00'),
(6, 4, 10, '111.00'),
(7, 5, 3, '71828.04'),
(8, 5, 6, '368.00'),
(9, 5, 10, '4668.15'),
(10, 6, 3, '71916.04'),
(11, 6, 6, '467.00'),
(12, 6, 10, '4779.15'),
(13, 7, 28, '90.00'),
(14, 7, 24, '56.70'),
(15, 7, 27, '84.75'),
(16, 8, 28, '800.00'),
(17, 8, 24, '2943.30'),
(18, 8, 27, '915.25');

-- --------------------------------------------------------

--
-- Table structure for table `tbpaymentmethod`
--

DROP TABLE IF EXISTS `tbpaymentmethod`;
CREATE TABLE IF NOT EXISTS `tbpaymentmethod` (
  `paymentMethod_id` int(11) NOT NULL AUTO_INCREMENT,
  `paymentMethod_name` varchar(50) NOT NULL,
  PRIMARY KEY (`paymentMethod_id`)
) ENGINE=InnoDB AUTO_INCREMENT=7 DEFAULT CHARSET=latin1;

--
-- Dumping data for table `tbpaymentmethod`
--

INSERT INTO `tbpaymentmethod` (`paymentMethod_id`, `paymentMethod_name`) VALUES
(1, 'CASH'),
(2, 'CHEQUE'),
(3, 'BANK TRANSFER'),
(4, 'DEBIT CARD'),
(5, 'CREDIT CARD'),
(6, 'MOBILE PAYMENTS');

-- --------------------------------------------------------

--
-- Table structure for table `tbpaymentvoucher`
--

DROP TABLE IF EXISTS `tbpaymentvoucher`;
CREATE TABLE IF NOT EXISTS `tbpaymentvoucher` (
  `paymentVoucher_id` int(11) NOT NULL AUTO_INCREMENT,
  `paymentVoucher_no` varchar(30) NOT NULL,
  `paymentVoucher_date` date NOT NULL,
  `paymentVoucher_paymentMethodID` int(11) NOT NULL DEFAULT '0',
  `paymentVoucher_chequeInfo` varchar(100) NOT NULL,
  `paymentVoucher_amount` decimal(10,2) NOT NULL DEFAULT '0.00',
  `paymentVoucher_userID` int(11) NOT NULL,
  `paymentVoucher_remark` varchar(100) NOT NULL,
  `paymentVoucher_status` int(1) NOT NULL DEFAULT '1' COMMENT '1=paid, 0=cancel, 2=post date',
  `paymentVoucher_cancelDate` date DEFAULT NULL,
  `paymentVoucher_cancelReason` varchar(150) NOT NULL,
  `paymentVoucher_cancelUserID` int(11) NOT NULL,
  `paymentVoucher_customerID` int(11) NOT NULL,
  PRIMARY KEY (`paymentVoucher_id`)
) ENGINE=InnoDB AUTO_INCREMENT=15 DEFAULT CHARSET=latin1;

--
-- Dumping data for table `tbpaymentvoucher`
--

INSERT INTO `tbpaymentvoucher` (`paymentVoucher_id`, `paymentVoucher_no`, `paymentVoucher_date`, `paymentVoucher_paymentMethodID`, `paymentVoucher_chequeInfo`, `paymentVoucher_amount`, `paymentVoucher_userID`, `paymentVoucher_remark`, `paymentVoucher_status`, `paymentVoucher_cancelDate`, `paymentVoucher_cancelReason`, `paymentVoucher_cancelUserID`, `paymentVoucher_customerID`) VALUES
(1, 'RPT0001', '2023-03-01', 1, '', '2000.00', 4, '', 0, NULL, '', 0, 74),
(2, 'RPT0002', '2023-03-01', 1, '', '1000.00', 4, '', 1, NULL, '', 0, 51),
(3, 'RPT0003', '2023-03-01', 1, '', '2000.00', 4, '', 0, NULL, '', 0, 74),
(4, 'PV/2023/021', '2023-03-01', 2, 'maybank 76052121', '150.00', 4, '', 0, NULL, '', 0, 92),
(5, 'PV/2023/022', '2023-03-28', 3, '', '96.00', 4, 'pay tungakan first', 1, NULL, '', 0, 132),
(6, 'PV/2023/023', '2023-03-28', 3, '', '1870.00', 4, 'pay tungakan first', 1, NULL, '', 0, 76),
(7, 'PV/2023/024', '2023-04-12', 2, '43155466', '215.00', 4, '', 1, NULL, '', 0, 117),
(8, 'PV/2023/025', '2023-05-01', 2, '650009845', '33.00', 4, '', 1, NULL, '', 0, 208),
(9, 'PV/2023/026', '2023-05-09', 1, '', '569.00', 4, '', 1, NULL, '', 0, 22),
(10, 'PV/2023/027', '2023-05-10', 1, '', '108.55', 4, '', 1, NULL, '', 0, 18),
(11, 'PV/2023/028', '2023-05-20', 1, '', '26848.44', 4, '', 0, NULL, '', 0, 94),
(12, 'PV/2023/029', '2023-05-21', 1, '', '5191.00', 4, '', 1, NULL, '', 0, 94),
(13, 'PV/2023/030', '2023-05-29', 3, '434566900', '133.45', 4, 'PAYMENT RELEASED BY MS SHOBA', 0, NULL, '', 0, 94),
(14, 'PV/2023/031', '2023-05-30', 3, 'TY23094235', '4109.55', 4, 'Payment collected by Anita', 0, NULL, '', 0, 94);

-- --------------------------------------------------------

--
-- Table structure for table `tbpaymentvoucherdetail`
--

DROP TABLE IF EXISTS `tbpaymentvoucherdetail`;
CREATE TABLE IF NOT EXISTS `tbpaymentvoucherdetail` (
  `paymentVoucherDetail_id` int(11) NOT NULL AUTO_INCREMENT,
  `paymentVoucherDetail_paymentVoucherID` int(11) NOT NULL,
  `paymentVoucherDetail_purchaseBillID` int(11) NOT NULL,
  `paymentVoucherDetail_amount` decimal(10,2) NOT NULL,
  PRIMARY KEY (`paymentVoucherDetail_id`)
) ENGINE=InnoDB AUTO_INCREMENT=26 DEFAULT CHARSET=latin1;

--
-- Dumping data for table `tbpaymentvoucherdetail`
--

INSERT INTO `tbpaymentvoucherdetail` (`paymentVoucherDetail_id`, `paymentVoucherDetail_paymentVoucherID`, `paymentVoucherDetail_purchaseBillID`, `paymentVoucherDetail_amount`) VALUES
(1, 1, 2, '2000.00'),
(2, 2, 3, '1000.00'),
(3, 3, 2, '2000.00'),
(4, 4, 6, '150.00'),
(5, 5, 19, '96.00'),
(6, 6, 7, '1000.00'),
(7, 6, 13, '535.00'),
(8, 6, 20, '335.00'),
(9, 7, 31, '215.00'),
(10, 8, 33, '33.00'),
(11, 9, 39, '569.00'),
(12, 10, 40, '108.55'),
(13, 11, 17, '90.00'),
(14, 11, 23, '20711.49'),
(15, 11, 27, '4963.85'),
(16, 11, 35, '1083.10'),
(17, 12, 12, '666.00'),
(18, 12, 17, '1526.00'),
(19, 12, 28, '777.00'),
(20, 12, 41, '2222.00'),
(21, 13, 44, '34.00'),
(22, 13, 43, '99.45'),
(23, 14, 44, '509.00'),
(24, 14, 43, '600.55'),
(25, 14, 45, '3000.00');

-- --------------------------------------------------------

--
-- Table structure for table `tbproduct`
--

DROP TABLE IF EXISTS `tbproduct`;
CREATE TABLE IF NOT EXISTS `tbproduct` (
  `product_id` int(11) NOT NULL AUTO_INCREMENT,
  `product_code` varchar(30) NOT NULL,
  `product_name` varchar(200) NOT NULL,
  `product_description` varchar(200) NOT NULL,
  `product_type` varchar(1) NOT NULL DEFAULT 'p' COMMENT 'p=product, s=service',
  `product_buyingPrice` decimal(10,2) NOT NULL DEFAULT '0.00',
  `product_sellingPrice` decimal(10,2) NOT NULL DEFAULT '0.00',
  `product_stock` decimal(10,2) NOT NULL DEFAULT '0.00',
  `product_uom` varchar(15) NOT NULL,
  PRIMARY KEY (`product_id`)
) ENGINE=InnoDB AUTO_INCREMENT=99 DEFAULT CHARSET=latin1;

--
-- Dumping data for table `tbproduct`
--

INSERT INTO `tbproduct` (`product_id`, `product_code`, `product_name`, `product_description`, `product_type`, `product_buyingPrice`, `product_sellingPrice`, `product_stock`, `product_uom`) VALUES
(36, '', 'Desludging Tanker 10 cubic metres (Cina Made)', '', 's', '77.00', '99.00', '0.00', 'units'),
(37, '', 'Jetting Works and Clear blockages with rodder machine', '', 'p', '5.00', '6.00', '0.00', 'unit'),
(38, '', 'MOTOROLLA HANDPHONE MODEL X-9', '', 'p', '1340.00', '5006.75', '0.00', 'unit'),
(43, '', 'LABOUR TO REPLACE PARTS & SERVICE', '', 's', '45.00', '56.00', '0.00', 'bundles'),
(44, '', 'TOP RADIATOR HOSE ORIGINAL', '', 'p', '345.00', '450.00', '0.00', ''),
(45, '', 'NOKIA CHARGER TYPE CARBON 4598BK', '', 'p', '50.00', '59.00', '0.00', 'UNIT'),
(48, '', 'TO USE TOOLS AND MANUALLY ENTER THE  DRAIN TO REMOVE ALL SAND, STONES, DEBRIS ETC FROM THE SIDES AND BOTTOM OF DRAIN.', '', 's', '3400.00', '3700.00', '0.00', 'LOT'),
(55, '', 'REMOVE WINDSCREEN AND TINTING WORKS DONE FOR THE WHOLE CAR', '', 's', '0.00', '0.00', '0.00', 'UNITS'),
(56, '', 'COMPUTER DELL XPS 15 16GB RAM 512GB SSD INTEL I9 PROCESSOR', '', 'p', '0.00', '0.00', '0.00', 'PCS'),
(57, '', 'PREPARE HOUSE TENANCY AGREEMENT FOR CUSTOMER FOR THE YEAR 2023 AND 2024', '', 's', '800.00', '900.00', '0.00', 'LOT'),
(58, '', 'CAR DENT KNOCKING AND PAINTING', '', 's', '0.00', '0.00', '0.00', 'LOT'),
(59, '', 'TEAK WOOD IKEA TABLE 5 X 7 FEET', '', 's', '0.00', '0.00', '0.00', 'PCS'),
(61, '', 'KUFAAN CHEESE PASTRY', '', 'p', '15.00', '30.00', '0.00', 'PCS'),
(62, '', 'COLGATE MEDIUM PACKET', '', 'p', '33.00', '55.00', '0.00', 'bottle'),
(69, '', 'CHANGE CAR TYRES', '', 's', '55.00', '66.00', '0.00', 'PERSON'),
(70, '', 'COMPUTER HP 16GB RAM 256 GB RAM JAPAN MADE', '', 'p', '500.00', '100.00', '0.00', 'PC'),
(71, '', 'MILO TIN BIG ( MADE IN HOLLAND)', '', 'p', '55.00', '66.00', '0.00', 'TIN'),
(73, '', 'RATTAN CHAIR (japan made)', '', 's', '55.00', '99.00', '0.00', 'PCS'),
(74, '', 'STEEL CHAIR', '', 'p', '33.00', '209.50', '0.00', 'UNIT'),
(75, '', 'PLASTIC CHAIR', '', 's', '32.50', '421.00', '0.00', 'CRATE'),
(76, '', 'CAR AIRCOND REFILL GAS AND SERVICE', '', 's', '77.00', '99.65', '0.00', ''),
(77, '', 'EYE CHECKUP', '', 's', '33.00', '90.00', '0.00', ''),
(78, '', 'LADDER', '', 'p', '36.00', '55.00', '0.00', ''),
(79, '', 'DHLD PACKAGE DELIVERY CHARGES', '', 's', '23.50', '50.00', '0.00', 'LOT'),
(80, '', 'COLORED PAPER A4', '', 'p', '3.50', '5.00', '0.00', ''),
(81, '', 'GRAND TURISMO 2.4', '', 'p', '11500.00', '12000.00', '0.00', 'UNIT'),
(82, '', 'CALENDAR FOR YEAR 2023 INCLUDING STICKERS MICKEY MOUSE', '', 'p', '41.55', '50.95', '0.00', 'PCS'),
(83, '', 'CAR POLISH 2.5 LITRES', '', 'p', '16.90', '19.00', '0.00', 'BOTTLE'),
(84, '', 'CAR TINTING SERVICE - V COOL HOLLAND TYPE', '', 'p', '100.00', '66.00', '0.00', 'PCS'),
(85, '', 'MAZDA X5 TYRE CHANGE 175/90PSI JAPAN MADE', '', 's', '100.00', '130.50', '0.00', 'PCS'),
(86, '', 'CAR AIRCOND HOSE 99', '', 'p', '45.00', '65.65', '0.00', 'UNITS'),
(87, '', 'CAR CARBURATOR CHANGE', '', 's', '0.00', '33.00', '0.00', ''),
(91, '', 'FRANCE PERFUME ( LAVENDAR SMELL)', '', 's', '67.00', '98.00', '0.00', ''),
(92, '', 'FRAGRANCE SHAMPOO', '', 's', '55.00', '78.95', '0.00', 'PCS'),
(93, '', 'BEZA CAR Malaysia Made', '', 'p', '2500.45', '3500.90', '0.00', 'PCS'),
(94, '', 'BUTTER CHICKEN', '', 'p', '56.00', '67.55', '0.00', 'pcs'),
(95, '', 'CABBAGE PRODUCE', '', 's', '34.00', '77.00', '0.00', ''),
(96, '', 'APPLE CIDER', '', 'p', '99.00', '111.00', '0.00', 'bottles'),
(97, '', 'Apple Laptop Air', '', 'p', '4500.00', '6590.55', '0.00', 'unit'),
(98, '', 'APPLE WATCH SMART', '', 'p', '450.00', '665.00', '0.00', 'PCS');

-- --------------------------------------------------------

--
-- Table structure for table `tbproject`
--

DROP TABLE IF EXISTS `tbproject`;
CREATE TABLE IF NOT EXISTS `tbproject` (
  `project_id` int(11) NOT NULL AUTO_INCREMENT,
  `project_name` varchar(100) NOT NULL,
  `project_status` int(1) NOT NULL DEFAULT '1',
  PRIMARY KEY (`project_id`)
) ENGINE=InnoDB AUTO_INCREMENT=2 DEFAULT CHARSET=latin1;

--
-- Dumping data for table `tbproject`
--

INSERT INTO `tbproject` (`project_id`, `project_name`, `project_status`) VALUES
(1, 'No Project', 1);

-- --------------------------------------------------------

--
-- Table structure for table `tbpurchasebill`
--

DROP TABLE IF EXISTS `tbpurchasebill`;
CREATE TABLE IF NOT EXISTS `tbpurchasebill` (
  `purchaseBill_id` int(11) NOT NULL AUTO_INCREMENT,
  `purchaseBill_no` varchar(30) NOT NULL,
  `purchaseBill_date` date NOT NULL,
  `purchaseBill_customerID` int(11) NOT NULL,
  `purchaseBill_title` varchar(200) NOT NULL,
  `purchaseBill_from` varchar(50) NOT NULL,
  `purchaseBill_terms` text NOT NULL,
  `purchaseBill_attention` varchar(100) NOT NULL,
  `purchaseBill_email` varchar(100) NOT NULL,
  `purchaseBill_subTotal` decimal(10,2) NOT NULL DEFAULT '0.00',
  `purchaseBill_taxTotal` decimal(10,2) NOT NULL DEFAULT '0.00',
  `purchaseBill_grandTotal` decimal(10,2) NOT NULL DEFAULT '0.00',
  `purchaseBill_discountTotal` decimal(10,2) NOT NULL DEFAULT '0.00',
  `purchaseBill_totalAfterDiscount` decimal(10,2) NOT NULL DEFAULT '0.00',
  `purchaseBill_roundAmount` decimal(10,2) NOT NULL DEFAULT '0.00',
  `purchaseBill_grandTotalRound` decimal(10,2) NOT NULL DEFAULT '0.00',
  `purchaseBill_roundStatus` int(1) NOT NULL DEFAULT '0',
  `purchaseBill_content` text NOT NULL,
  `purchaseBill_account3ID` int(6) NOT NULL,
  `purchaseBill_customerInvoiceNo` varchar(80) NOT NULL,
  `purchaseBill_purchaseOrderID` int(11) NOT NULL DEFAULT '0',
  `purchaseBill_purchaseOrderNo` varchar(30) NOT NULL,
  `purchaseBill_paid` decimal(10,2) NOT NULL DEFAULT '0.00',
  `purchaseBill_status` varchar(1) NOT NULL DEFAULT 'a' COMMENT 'a=active, c=cancel',
  PRIMARY KEY (`purchaseBill_id`)
) ENGINE=InnoDB AUTO_INCREMENT=47 DEFAULT CHARSET=latin1;

--
-- Dumping data for table `tbpurchasebill`
--

INSERT INTO `tbpurchasebill` (`purchaseBill_id`, `purchaseBill_no`, `purchaseBill_date`, `purchaseBill_customerID`, `purchaseBill_title`, `purchaseBill_from`, `purchaseBill_terms`, `purchaseBill_attention`, `purchaseBill_email`, `purchaseBill_subTotal`, `purchaseBill_taxTotal`, `purchaseBill_grandTotal`, `purchaseBill_discountTotal`, `purchaseBill_totalAfterDiscount`, `purchaseBill_roundAmount`, `purchaseBill_grandTotalRound`, `purchaseBill_roundStatus`, `purchaseBill_content`, `purchaseBill_account3ID`, `purchaseBill_customerInvoiceNo`, `purchaseBill_purchaseOrderID`, `purchaseBill_purchaseOrderNo`, `purchaseBill_paid`, `purchaseBill_status`) VALUES
(2, 'PB/2023/002', '2023-03-01', 74, '', '', '<p><strong>Purchase Order Terms</strong></p><ol><li>PO terms annd te ther day</li><li>f.) Hirer have to issue the Purchase Order before we can proceed the job.</li></ol>', '', '', '0.00', '0.00', '0.00', '0.00', '0.00', '0.00', '0.00', 0, '', 12, '', 0, '', '0.00', 'c'),
(3, 'PB/2023/003', '2023-03-01', 51, '', '', '<p><strong>Purchase Order Terms</strong></p><ol><li>PO terms annd te ther day</li><li>f.) Hirer have to issue the Purchase Order before we can proceed the job.</li></ol>', 'Mr Balvinder Singh', 'ahsn_90@gmail.com', '1000.00', '0.00', '1000.00', '0.00', '1000.00', '0.00', '1000.00', 0, '', 12, '', 1, 'PO/2023/001', '1000.00', 'a'),
(5, 'PB/2023/004', '2023-03-01', 67, '', '', '<p><strong>Purchase Order Terms</strong></p><ol><li>PO terms annd te ther day</li><li>f.) Hirer have to issue the Purchase Order before we can proceed the job.</li></ol>', 'Mr Ramachandrean', 'caresome_90@gmail.com', '5000.00', '0.00', '5000.00', '0.00', '5000.00', '0.00', '5000.00', 0, '', 12, '', 4, 'PO/2023/004', '0.00', 'a'),
(6, 'PB/2023/005', '2023-03-01', 92, '', '', '<p><strong>Purchase Order Terms</strong></p><ol><li>PO terms annd te ther day</li><li>f.) Hirer have to issue the Purchase Order before we can proceed the job.</li></ol>', '', '', '150.00', '0.00', '150.00', '0.00', '150.00', '0.00', '150.00', 0, '', 12, '', 5, 'PO/2023/005', '0.00', 'a'),
(7, 'PB/2023/006', '2023-03-01', 76, '', '', '<p><strong>Purchase Order Terms</strong></p><ol><li>PO terms annd te ther day</li><li>f.) Hirer have to issue the Purchase Order before we can proceed the job.</li></ol>', 'SERI WAHYU RESINDENCE MANAGEMENT OFFICE', '', '1820.98', '0.00', '1820.98', '0.00', '1820.98', '0.00', '1820.98', 0, '', 12, '', 11, 'PO/2023/011', '1000.00', 'a'),
(8, 'PB/2023/007', '2023-03-07', 23, '', '', '<p><strong>Purchase Order Terms</strong></p><ol><li>PO terms annd te ther day</li><li>f.) Hirer have to issue the Purchase Order before we can proceed the job.</li></ol>', '', '', '600.00', '0.00', '600.00', '0.00', '600.00', '0.00', '600.00', 0, '', 12, '', 28, 'PO/2023/028', '0.00', 'a'),
(9, 'PB/2023/008', '2023-03-13', 51, '', '', '<p><strong>Purchase Order Terms</strong></p><ol><li>PO terms annd te ther day</li><li>f.) Hirer have to issue the Purchase Order before we can proceed the job.</li></ol>', 'Mr Balvinder Singh', 'ahsn_90@gmail.com', '1820.98', '0.00', '1820.98', '0.00', '1820.98', '0.00', '1820.98', 0, '', 12, '', 0, '', '0.00', 'a'),
(10, 'PB/2023/009', '2023-03-13', 74, '', '', '<p><strong>Purchase Order Terms</strong></p><ol><li>PO terms annd te ther day</li><li>f.) Hirer have to issue the Purchase Order before we can proceed the job.</li></ol>', '', '', '1820.98', '0.00', '1820.98', '0.00', '1820.98', '0.00', '1820.98', 0, '', 12, '', 0, '', '0.00', 'a'),
(11, 'PB/2023/010', '2023-03-13', 80, '', '', '<p><strong>Purchase Order Terms</strong></p><ol><li>PO terms annd te ther day</li><li>f.) Hirer have to issue the Purchase Order before we can proceed the job.</li></ol>', 'MR KAMARUDDING', '', '2998.00', '85.82', '2948.74', '135.08', '2862.92', '0.01', '2948.75', 1, '<p>PLEASE SEND ALL THE MEDICINES AFTER CHECKING ALL EXPIRY DATES AND THE TRANSPORT CONDITIONS.</p><p>SEND TO PORT KLANG WAREHOUES 45B LOT 675</p>', 12, '', 40, 'PO/2023/040', '0.00', 'a'),
(12, 'PB/2023/011', '2023-03-14', 94, '', '', '<p><strong>Purchase Order Terms</strong></p><ol><li>PO terms annd te ther day</li><li>f.) Hirer have to issue the Purchase Order before we can proceed the job.</li></ol>', 'MR RAMESH / SHOBA', 'admin@clean_sewers.com', '666.00', '0.00', '666.00', '0.00', '666.00', '0.00', '666.00', 0, '', 12, '', 0, '', '666.00', 'a'),
(13, 'PB/2023/012', '2023-03-14', 76, '', '', '<p><strong>Purchase Order Terms</strong></p><ol><li>PO terms annd te ther day</li><li>f.) Hirer have to issue the Purchase Order before we can proceed the job.</li></ol>', 'SERI WAHYU RESINDENCE MANAGEMENT OFFICE', '', '1000.00', '0.00', '1000.00', '0.00', '1000.00', '0.00', '1000.00', 0, '', 12, '', 0, '', '535.00', 'a'),
(14, 'PB/2023/013', '2023-03-14', 21, '', '', '<p><strong>Purchase Order Terms</strong></p><ol><li>PO terms annd te ther day</li><li>f.) Hirer have to issue the Purchase Order before we can proceed the job.</li></ol>', 'Madam Devi Nair', 'devi_epson@gmail.com', '1300.00', '0.00', '1300.00', '0.00', '1300.00', '0.00', '1300.00', 0, '', 12, '', 0, '', '0.00', 'a'),
(15, 'PB/2023/014', '2023-03-14', 51, 'PURCHASE OF MEDICINES FROM INDIA KERALA ( TY466663)', '', '<p><strong>Purchase Order Terms</strong></p><ol><li>PO terms annd te ther day</li><li>f.) Hirer have to issue the Purchase Order before we can proceed the job.</li></ol>', 'Mr Balvinder Singh', 'ahsn_90@gmail.com', '748.00', '53.75', '779.17', '22.58', '725.42', '-0.02', '779.15', 1, '<p>PLEASE SEND ALL THE MEDICINES AFTER CHECKING ALL EXPIRY DATES AND THE TRANSPORT CONDITIONS.</p><p>SEND TO PORT KLANG WAREHOUES 45B LOT 675</p>', 12, '', 39, 'PO/2023/039', '0.00', 'a'),
(16, 'PB/2023/015', '2023-03-14', 61, '', '', '<p><strong>Purchase Order Terms</strong></p><ol><li>PO terms annd te ther day</li><li>f.) Hirer have to issue the Purchase Order before we can proceed the job.</li></ol>', 'Mr Kamaruddin', 'jumaatengineering@gmail.com', '6868.00', '0.00', '6868.00', '0.00', '6868.00', '0.00', '6868.00', 0, '', 12, '', 0, '', '0.00', 'a'),
(17, 'PB/2023/016', '2023-03-14', 94, '', '', '<p><strong>Purchase Order Terms</strong></p><ol><li>PO terms annd te ther day</li><li>f.) Hirer have to issue the Purchase Order before we can proceed the job.</li></ol>', 'MR RAMESH / SHOBA', 'admin@clean_sewers.com', '1616.00', '0.00', '1616.00', '0.00', '1616.00', '0.00', '1616.00', 0, '', 12, '', 0, '', '1526.00', 'a'),
(18, 'PB/2023/017', '2023-03-14', 79, '', '', '<p><strong>Purchase Order Terms</strong></p><ol><li>PO terms annd te ther day</li><li>f.) Hirer have to issue the Purchase Order before we can proceed the job.</li></ol>', 'MR CHANDRAN', 'panasonic_malaysia@gmail.com', '1717.00', '0.00', '1717.00', '0.00', '1717.00', '0.00', '1717.00', 0, '', 12, '', 0, '', '0.00', 'a'),
(19, 'PB/2023/018', '2023-03-28', 132, '', '', '<p><strong>Purchase Order Terms</strong></p><ol><li>PO terms annd te ther day</li><li>f.) Hirer have to issue the Purchase Order before we can proceed the job.</li></ol>', 'MR ALI KAMARUDDIN', 'care@iwk.com.my', '156.00', '0.00', '156.00', '0.00', '156.00', '0.00', '156.00', 0, '', 14, 'Z0174887', 0, '', '96.00', 'a'),
(20, 'PB/2023/019', '2023-03-28', 76, '', 'IN-0994045', '<p><strong>Purchase Order Terms</strong></p><ol><li>PO terms annd te ther day</li><li>f.) Hirer have to issue the Purchase Order before we can proceed the job.</li></ol>', 'SERI WAHYU RESINDENCE MANAGEMENT OFFICE', '', '4835.00', '0.00', '4835.00', '0.00', '4835.00', '0.00', '4835.00', 0, '', 12, '', 51, 'PO/2023/053', '335.00', 'a'),
(23, 'PB/2023/020', '2023-04-05', 94, '', '', '<p><strong>Purchase Order Terms</strong></p><ol><li>PO terms annd te ther day</li><li>f.) Hirer have to issue the Purchase Order before we can proceed the job.</li></ol>', 'MR RAMESH / SHOBA', 'admin@clean_sewers.com', '20708.45', '3.04', '20711.49', '0.00', '20708.45', '0.00', '20711.49', 0, '', 12, '', 56, 'PO/2023/057', '0.00', 'a'),
(24, 'PB/2023/021', '2023-04-06', 83, '', '', '<p><strong>Purchase Order Terms</strong></p><ol><li>PO terms annd te ther day</li><li>f.) Hirer have to issue the Purchase Order before we can proceed the job.</li></ol>', 'Ms Fatimah Kassim', 'desa_90@gmail.com', '105257.55', '0.00', '105257.55', '0.00', '105257.55', '0.00', '105257.55', 0, '', 12, '', 0, '', '0.00', 'a'),
(25, 'PB/2023/022', '2023-04-07', 189, '', '', '<p><strong>Purchase Order Terms</strong></p><ol><li>PO terms annd te ther day</li><li>f.) Hirer have to issue the Purchase Order before we can proceed the job.</li></ol>', 'SUHUMARAN DURAISAMY', '', '560.00', '0.00', '532.00', '28.00', '532.00', '0.00', '532.00', 0, '', 12, '', 80, 'PO/2023/080', '0.00', 'a'),
(26, 'PB/2023/023', '2023-04-08', 202, '', '', '<p><strong>Purchase Order Terms</strong></p><ol><li>PO terms annd te ther day</li><li>f.) Hirer have to issue the Purchase Order before we can proceed the job.</li></ol>', 'MADAM AISAH', 'aaa_insurance@gmail.com', '0.00', '0.00', '0.00', '0.00', '0.00', '0.00', '0.00', 0, '', 12, '', 0, '', '0.00', 'a'),
(27, 'PB/2023/024', '2023-04-17', 94, '', '', '<p><strong>Purchase Order Terms</strong></p><ol><li>PO terms annd te ther day</li><li>f.) Hirer have to issue the Purchase Order before we can proceed the job.</li></ol>', 'MR RAMESH / SHOBA', 'admin@clean_sewers.com', '5155.00', '224.37', '4963.87', '415.50', '4739.50', '-0.02', '4963.85', 1, '', 12, '', 90, 'PO/2023/090', '0.00', 'a'),
(28, 'PB/2023/025', '2023-04-25', 94, '', '', '<p><strong>Purchase Order Terms</strong></p><ol><li>PO terms annd te ther day</li><li>f.) Hirer have to issue the Purchase Order before we can proceed the job.</li></ol>', 'MR RAMESH / SHOBA', 'admin@clean_sewers.com', '777.00', '0.00', '777.00', '0.00', '777.00', '0.00', '777.00', 0, '', 13, '', 0, '', '777.00', 'a'),
(29, 'PB/2023/026', '2023-04-25', 11, '', '', '<p><strong>Purchase Order Terms</strong></p><ol><li>PO terms annd te ther day</li><li>f.) Hirer have to issue the Purchase Order before we can proceed the job.</li></ol>', 'Mr Saravanan', 'sara_98@hotmail.com', '888.50', '0.00', '888.50', '0.00', '888.50', '0.00', '888.50', 0, '', 12, '', 93, 'PO/2023/100', '0.00', 'a'),
(30, 'PB/2023/027', '2023-04-25', 100, '', '', '<p><strong>Purchase Order Terms</strong></p><ol><li>PO terms annd te ther day</li><li>f.) Hirer have to issue the Purchase Order before we can proceed the job.</li></ol>', '', '', '900.00', '290.70', '1145.70', '45.00', '855.00', '0.00', '1145.70', 0, '', 13, '', 0, '', '0.00', 'a'),
(31, 'PB/2023/028', '2023-04-03', 117, '', '', '<p><strong>Purchase Order Terms</strong></p><ol><li>PO terms annd te ther day</li><li>f.) Hirer have to issue the Purchase Order before we can proceed the job.</li></ol>', '', '', '600.00', '0.00', '600.00', '0.00', '600.00', '0.00', '600.00', 0, '', 13, '', 0, '', '215.00', 'a'),
(32, 'PB/2023/029', '2023-04-25', 174, '', '', '<p><strong>Purchase Order Terms</strong></p><ol><li>PO terms annd te ther day</li><li>f.) Hirer have to issue the Purchase Order before we can proceed the job.</li></ol>', 'MANAGEMENT OFFICE', '', '780.95', '0.00', '780.95', '0.00', '780.95', '0.00', '780.95', 0, '', 14, '', 0, '', '0.00', 'a'),
(33, 'PB/2023/030', '2023-05-01', 208, '', '', '<p><strong>Purchase Order Terms</strong></p><ol><li>PO terms annd te ther day</li><li>f.) Hirer have to issue the Purchase Order before we can proceed the job.</li></ol>', '', '', '100.00', '0.00', '100.00', '0.00', '100.00', '0.00', '100.00', 0, '', 13, '', 0, '', '33.00', 'a'),
(34, 'PB/2023/031', '2023-05-01', 118, '', '', '<p><strong>Purchase Order Terms</strong></p><ol><li>PO terms annd te ther day</li><li>f.) Hirer have to issue the Purchase Order before we can proceed the job.</li></ol>', '', '', '88.00', '8.36', '91.96', '4.40', '83.60', '0.00', '91.96', 0, '', 12, '', 94, 'PO/2023/101', '0.00', 'a'),
(35, 'PB/2023/032', '2023-05-06', 94, '', '', '<p><strong>Purchase Order Terms</strong></p><ol><li>PO terms annd te ther day</li><li>f.) Hirer have to issue the Purchase Order before we can proceed the job.</li></ol>', 'MR RAMESH / SHOBA', 'admin@clean_sewers.com', '1083.10', '0.00', '1083.10', '0.00', '1083.10', '0.00', '1083.10', 0, '', 12, '', 0, '', '0.00', 'a'),
(36, 'PB/2023/033', '2023-05-06', 208, '', '', '<p><strong>Purchase Order Terms</strong></p><ol><li>PO terms annd te ther day</li><li>f.) Hirer have to issue the Purchase Order before we can proceed the job.</li></ol>', '', '', '390.45', '0.00', '390.45', '0.00', '390.45', '0.00', '390.45', 0, '', 13, '', 0, '', '0.00', 'a'),
(37, 'PB/2023/034', '2023-05-08', 18, '', '', '<p><strong>Purchase Order Terms</strong></p><ol><li>PO terms annd te ther day</li><li>f.) Hirer have to issue the Purchase Order before we can proceed the job.</li></ol>', 'ENCIK KAMARUDDIN', 'fn_malaysia@gmail.com', '650.00', '0.00', '650.00', '0.00', '650.00', '0.00', '650.00', 0, '', 12, '', 0, '', '0.00', 'a'),
(38, 'PB/2023/035', '2023-05-08', 202, '', '', '<p><strong>Purchase Order Terms</strong></p><ol><li>PO terms annd te ther day</li><li>f.) Hirer have to issue the Purchase Order before we can proceed the job.</li></ol>', 'MADAM AISAH', 'aaa_insurance@gmail.com', '1000.00', '95.00', '1045.00', '50.00', '950.00', '0.00', '1045.00', 0, '', 12, '', 95, 'PO/2023/102', '0.00', 'a'),
(39, 'PB/2023/036', '2023-05-08', 22, '', '', '<p><strong>Purchase Order Terms</strong></p><ol><li>PO terms annd te ther day</li><li>f.) Hirer have to issue the Purchase Order before we can proceed the job.</li></ol>', 'Mr Teng Ken Fatt', 'giant_selayang@gmail.com', '569.00', '0.00', '569.00', '0.00', '569.00', '0.00', '569.00', 0, '', 13, '', 96, 'PO/2023/103', '569.00', 'a'),
(40, 'PB/2023/037', '2023-05-10', 18, '', '', '<p><strong>Purchase Order Terms</strong></p><ol><li>PO terms annd te ther day</li><li>f.) Hirer have to issue the Purchase Order before we can proceed the job.</li></ol>', 'ENCIK KAMARUDDIN', 'fn_malaysia@gmail.com', '4108.55', '0.00', '4108.55', '0.00', '4108.55', '0.00', '4108.55', 0, '', 12, '', 97, 'PO/2023/104', '108.55', 'a'),
(41, 'PB/2023/038', '2023-05-16', 94, '', '', '<p><strong>Purchase Order Terms</strong></p><ol><li>PO terms annd te ther day</li><li>f.) Hirer have to issue the Purchase Order before we can proceed the job.</li></ol>', 'MR RAMESH / SHOBA', 'admin@clean_sewers.com', '2222.00', '0.00', '2222.00', '0.00', '2222.00', '0.00', '2222.00', 0, '', 12, '', 0, '', '2222.00', 'a'),
(42, 'PB/2023/039', '2023-05-26', 225, 'PURCHASE ORDER FOR PHARMACY IN TELUK INTAN', '', '<p><strong>Purchase Order Terms</strong></p><ol><li>PO terms annd te ther day</li><li>f.) Hirer have to issue the Purchase Order before we can proceed the job.</li></ol>', '', '', '2000.00', '0.00', '2000.00', '0.00', '2000.00', '0.00', '2000.00', 0, '', 12, '', 98, 'PO/2023/105', '0.00', 'a'),
(43, 'PB/2023/040', '2023-05-29', 94, '', '', '<p><strong>Purchase Order Terms</strong></p><ol><li>PO terms annd te ther day</li><li>f.) Hirer have to issue the Purchase Order before we can proceed the job.</li></ol>', 'MR RAMESH / SHOBA', 'admin@clean_sewers.com', '700.00', '0.00', '700.00', '0.00', '700.00', '0.00', '700.00', 0, '', 12, 'HUY099R7654', 99, 'PO/2023/106', '0.00', 'a'),
(44, 'PB/2023/041', '2023-05-28', 94, '', '', '<p><strong>Purchase Order Terms</strong></p><ol><li>PO terms annd te ther day</li><li>f.) Hirer have to issue the Purchase Order before we can proceed the job.</li></ol>', 'MR RAMESH / SHOBA', 'admin@clean_sewers.com', '543.00', '0.00', '543.00', '0.00', '543.00', '0.00', '543.00', 0, '', 13, 'HUY099945', 0, '', '0.00', 'a'),
(45, 'PB/2023/042', '2023-05-30', 94, '', '', '<p><strong>Purchase Order Terms</strong></p><ol><li>PO terms annd te ther day</li><li>f.) Hirer have to issue the Purchase Order before we can proceed the job.</li></ol>', 'MR RAMESH / SHOBA', 'admin@clean_sewers.com', '3000.00', '0.00', '3000.00', '0.00', '3000.00', '0.00', '3000.00', 0, '', 12, 'CIN09945', 0, '', '0.00', 'a'),
(46, 'PB/2023/043', '2023-05-31', 167, '', '', '<p><strong>Purchase Order Terms</strong></p><ol><li>PO terms annd te ther day</li><li>f.) Hirer have to issue the Purchase Order before we can proceed the job.</li></ol>', '', '', '2000.00', '0.00', '2000.00', '0.00', '2000.00', '0.00', '2000.00', 0, '', 12, '', 100, 'PO/2023/107', '0.00', 'a');

-- --------------------------------------------------------

--
-- Table structure for table `tbpurchasebilldetail`
--

DROP TABLE IF EXISTS `tbpurchasebilldetail`;
CREATE TABLE IF NOT EXISTS `tbpurchasebilldetail` (
  `purchaseBillDetail_id` int(11) NOT NULL AUTO_INCREMENT,
  `purchaseBillDetail_purchaseBillID` int(10) NOT NULL,
  `purchaseBillDetail_no1` varchar(200) NOT NULL,
  `purchaseBillDetail_no2` varchar(200) NOT NULL,
  `purchaseBillDetail_no3` decimal(10,2) NOT NULL DEFAULT '0.00',
  `purchaseBillDetail_no4` varchar(200) NOT NULL,
  `purchaseBillDetail_bold` int(11) NOT NULL DEFAULT '0' COMMENT '0=normal, 1=bold',
  `purchaseBillDetail_sortID` int(2) NOT NULL DEFAULT '0',
  `purchaseBillDetail_no5` decimal(10,2) NOT NULL DEFAULT '0.00',
  `purchaseBillDetail_rowTotal` decimal(10,2) NOT NULL DEFAULT '0.00',
  `purchaseBillDetail_taxRateID` int(10) NOT NULL DEFAULT '0',
  `purchaseBillDetail_taxPercent` decimal(10,2) NOT NULL DEFAULT '0.00',
  `purchaseBillDetail_taxTotal` decimal(10,2) NOT NULL DEFAULT '0.00',
  `purchaseBillDetail_rowGrandTotal` decimal(10,2) NOT NULL DEFAULT '0.00',
  `purchaseBillDetail_discountPercent` decimal(10,2) NOT NULL DEFAULT '0.00',
  `purchaseBillDetail_discountAmount` decimal(10,2) NOT NULL DEFAULT '0.00',
  `purchaseBillDetail_rowTotalAfterDiscount` decimal(10,2) NOT NULL DEFAULT '0.00',
  PRIMARY KEY (`purchaseBillDetail_id`),
  KEY `purchaseBillDetail_purchaseBillID` (`purchaseBillDetail_purchaseBillID`)
) ENGINE=InnoDB AUTO_INCREMENT=298 DEFAULT CHARSET=latin1;

--
-- Dumping data for table `tbpurchasebilldetail`
--

INSERT INTO `tbpurchasebilldetail` (`purchaseBillDetail_id`, `purchaseBillDetail_purchaseBillID`, `purchaseBillDetail_no1`, `purchaseBillDetail_no2`, `purchaseBillDetail_no3`, `purchaseBillDetail_no4`, `purchaseBillDetail_bold`, `purchaseBillDetail_sortID`, `purchaseBillDetail_no5`, `purchaseBillDetail_rowTotal`, `purchaseBillDetail_taxRateID`, `purchaseBillDetail_taxPercent`, `purchaseBillDetail_taxTotal`, `purchaseBillDetail_rowGrandTotal`, `purchaseBillDetail_discountPercent`, `purchaseBillDetail_discountAmount`, `purchaseBillDetail_rowTotalAfterDiscount`) VALUES
(6, 2, '', '', '0.00', '', 0, 1, '1000.00', '1000.00', 1, '0.00', '0.00', '1000.00', '0.00', '0.00', '1000.00'),
(7, 2, '', '', '0.00', '', 0, 2, '1000.00', '1000.00', 1, '0.00', '0.00', '1000.00', '0.00', '0.00', '1000.00'),
(8, 2, '', '', '0.00', '', 0, 3, '0.00', '0.00', 1, '0.00', '0.00', '0.00', '0.00', '0.00', '0.00'),
(9, 2, '', '', '0.00', '', 0, 4, '0.00', '0.00', 1, '0.00', '0.00', '0.00', '0.00', '0.00', '0.00'),
(10, 2, '', '', '0.00', '', 0, 5, '0.00', '0.00', 1, '0.00', '0.00', '0.00', '0.00', '0.00', '0.00'),
(11, 3, '', '', '0.00', '', 0, 1, '1000.00', '1000.00', 1, '0.00', '0.00', '1000.00', '0.00', '0.00', '1000.00'),
(12, 3, '', '', '0.00', '', 0, 2, '0.00', '0.00', 1, '0.00', '0.00', '0.00', '0.00', '0.00', '0.00'),
(13, 3, '', '', '0.00', '', 0, 3, '0.00', '0.00', 1, '0.00', '0.00', '0.00', '0.00', '0.00', '0.00'),
(14, 3, '', '', '0.00', '', 0, 4, '0.00', '0.00', 1, '0.00', '0.00', '0.00', '0.00', '0.00', '0.00'),
(15, 3, '', '', '0.00', '', 0, 5, '0.00', '0.00', 1, '0.00', '0.00', '0.00', '0.00', '0.00', '0.00'),
(21, 5, '', '', '0.00', '', 0, 1, '5000.00', '5000.00', 1, '0.00', '0.00', '5000.00', '0.00', '0.00', '5000.00'),
(22, 5, '', '', '0.00', '', 0, 2, '0.00', '0.00', 1, '0.00', '0.00', '0.00', '0.00', '0.00', '0.00'),
(23, 5, '', '', '0.00', '', 0, 3, '0.00', '0.00', 1, '0.00', '0.00', '0.00', '0.00', '0.00', '0.00'),
(24, 5, '', '', '0.00', '', 0, 4, '0.00', '0.00', 1, '0.00', '0.00', '0.00', '0.00', '0.00', '0.00'),
(25, 5, '', '', '0.00', '', 0, 5, '0.00', '0.00', 1, '0.00', '0.00', '0.00', '0.00', '0.00', '0.00'),
(26, 6, '', 'Jetting Works and Clear blockages with rodder machine', '30.00', 'unit', 0, 1, '5.00', '150.00', 1, '0.00', '0.00', '150.00', '0.00', '0.00', '150.00'),
(27, 6, '', '', '0.00', '', 0, 2, '0.00', '0.00', 1, '0.00', '0.00', '0.00', '0.00', '0.00', '0.00'),
(28, 6, '', '', '0.00', '', 0, 3, '0.00', '0.00', 1, '0.00', '0.00', '0.00', '0.00', '0.00', '0.00'),
(29, 6, '', '', '0.00', '', 0, 4, '0.00', '0.00', 1, '0.00', '0.00', '0.00', '0.00', '0.00', '0.00'),
(30, 6, '', '', '0.00', '', 0, 5, '0.00', '0.00', 1, '0.00', '0.00', '0.00', '0.00', '0.00', '0.00'),
(31, 7, '1', 'Jetting Works and Clear blockages with rodder machine', '2.00', 'unit', 0, 1, '5.00', '10.00', 1, '0.00', '0.00', '10.00', '0.00', '0.00', '10.00'),
(32, 7, '2', 'A4 Bahasa Malaysia Exam papers9', '2.00', 'pcs', 0, 2, '5.49', '10.98', 1, '0.00', '0.00', '10.98', '0.00', '0.00', '10.98'),
(33, 7, '3', 'Latest we have also include the salary range RM 4000.00  RM 5000.00 into Socso table as instructed by PERKESO. Previously it was maximum calculation until RM 4000.00 only.', '1.00', '', 0, 3, '0.00', '0.00', 1, '0.00', '0.00', '0.00', '0.00', '0.00', '0.00'),
(34, 7, '4', 'Jetting Works and Clear blockages with rodder machine', '1.00', 'unit', 0, 4, '5.00', '5.00', 1, '0.00', '0.00', '5.00', '0.00', '0.00', '5.00'),
(35, 7, '5', 'NOKIA CHARGER TYPE CARBON 4598BK', '0.00', 'UNIT', 0, 5, '50.00', '50.00', 1, '0.00', '0.00', '50.00', '0.00', '0.00', '50.00'),
(36, 7, '5', 'MOTOROLLA HANDPHONE MODEL X-9', '0.00', 'unit', 0, 6, '1340.00', '1340.00', 1, '0.00', '0.00', '1340.00', '0.00', '0.00', '1340.00'),
(37, 7, '1', 'Screw Holland made 6 type', '0.00', '', 0, 7, '55.00', '55.00', 1, '0.00', '0.00', '55.00', '0.00', '0.00', '55.00'),
(38, 7, '2', 'NOKIA CHARGER TYPE CARBON 4598BK', '0.00', 'UNIT', 0, 8, '50.00', '50.00', 1, '0.00', '0.00', '50.00', '0.00', '0.00', '50.00'),
(39, 7, '3', 'TOP RADIATOR HOSE ORIGINAL', '0.00', '', 0, 9, '300.00', '300.00', 1, '0.00', '0.00', '300.00', '0.00', '0.00', '300.00'),
(40, 8, '', 'RENTAL OPTION', '0.00', '', 0, 1, '0.00', '0.00', 1, '0.00', '0.00', '0.00', '0.00', '0.00', '0.00'),
(41, 8, '', 'Contract Renewal\r\n6 - Month Subscription Fee\r\nSubscription Date : March 2023 - August 2023', '0.00', '', 0, 2, '0.00', '0.00', 1, '0.00', '0.00', '0.00', '0.00', '0.00', '0.00'),
(42, 8, '', 'Vehicle List:', '0.00', '', 0, 3, '0.00', '0.00', 1, '0.00', '0.00', '0.00', '0.00', '0.00', '0.00'),
(43, 8, '1.', 'WEN 9196 (139)', '1.00', 'unit', 0, 4, '300.00', '300.00', 1, '0.00', '0.00', '300.00', '0.00', '0.00', '300.00'),
(44, 8, '2.', 'MDB 9196 (140)', '1.00', 'unit', 0, 5, '300.00', '300.00', 1, '0.00', '0.00', '300.00', '0.00', '0.00', '300.00'),
(45, 8, '', '', '0.00', '', 0, 6, '0.00', '0.00', 1, '0.00', '0.00', '0.00', '0.00', '0.00', '0.00'),
(46, 8, '', '', '0.00', '', 0, 7, '0.00', '0.00', 1, '0.00', '0.00', '0.00', '0.00', '0.00', '0.00'),
(47, 8, '', '', '0.00', '', 0, 8, '0.00', '0.00', 1, '0.00', '0.00', '0.00', '0.00', '0.00', '0.00'),
(48, 8, '', '', '0.00', '', 0, 9, '0.00', '0.00', 1, '0.00', '0.00', '0.00', '0.00', '0.00', '0.00'),
(49, 8, '', '', '0.00', '', 0, 10, '0.00', '0.00', 1, '0.00', '0.00', '0.00', '0.00', '0.00', '0.00'),
(50, 9, '1', 'Jetting Works and Clear blockages with rodder machine', '2.00', 'unit', 1, 1, '5.00', '10.00', 1, '0.00', '0.00', '10.00', '0.00', '0.00', '10.00'),
(51, 9, '2', 'A4 Bahasa Malaysia Exam papers9', '2.00', 'pcs', 0, 2, '5.49', '10.98', 1, '0.00', '0.00', '10.98', '0.00', '0.00', '10.98'),
(52, 9, '3', 'Latest we have also include the salary range RM 4000.00  RM 5000.00 into Socso table as instructed by PERKESO. Previously it was maximum calculation until RM 4000.00 only.', '1.00', '', 0, 3, '0.00', '0.00', 1, '0.00', '0.00', '0.00', '0.00', '0.00', '0.00'),
(53, 9, '4', 'Jetting Works and Clear blockages with rodder machine', '1.00', 'unit', 0, 4, '5.00', '5.00', 1, '0.00', '0.00', '5.00', '0.00', '0.00', '5.00'),
(54, 9, '5', 'NOKIA CHARGER TYPE CARBON 4598BK', '0.00', 'UNIT', 0, 5, '50.00', '50.00', 1, '0.00', '0.00', '50.00', '0.00', '0.00', '50.00'),
(55, 9, '5', 'MOTOROLLA HANDPHONE MODEL X-9', '0.00', 'unit', 1, 6, '1340.00', '1340.00', 1, '0.00', '0.00', '1340.00', '0.00', '0.00', '1340.00'),
(56, 9, '1', 'Screw Holland made 6 type', '0.00', '', 0, 7, '55.00', '55.00', 1, '0.00', '0.00', '55.00', '0.00', '0.00', '55.00'),
(57, 9, '2', 'NOKIA CHARGER TYPE CARBON 4598BK', '0.00', 'UNIT', 0, 8, '50.00', '50.00', 1, '0.00', '0.00', '50.00', '0.00', '0.00', '50.00'),
(58, 9, '3', 'TOP RADIATOR HOSE ORIGINAL', '0.00', '', 1, 9, '300.00', '300.00', 1, '0.00', '0.00', '300.00', '0.00', '0.00', '300.00'),
(59, 10, '1', 'Jetting Works and Clear blockages with rodder machine', '2.00', 'unit', 1, 1, '5.00', '10.00', 1, '0.00', '0.00', '10.00', '0.00', '0.00', '10.00'),
(60, 10, '2', 'A4 Bahasa Malaysia Exam papers9', '2.00', 'pcs', 0, 2, '5.49', '10.98', 1, '0.00', '0.00', '10.98', '0.00', '0.00', '10.98'),
(61, 10, '3', 'Latest we have also include the salary range RM 4000.00  RM 5000.00 into Socso table as instructed by PERKESO. Previously it was maximum calculation until RM 4000.00 only.', '1.00', '', 0, 3, '0.00', '0.00', 1, '0.00', '0.00', '0.00', '0.00', '0.00', '0.00'),
(62, 10, '4', 'Jetting Works and Clear blockages with rodder machine', '1.00', 'unit', 0, 4, '5.00', '5.00', 1, '0.00', '0.00', '5.00', '0.00', '0.00', '5.00'),
(63, 10, '5', 'NOKIA CHARGER TYPE CARBON 4598BK', '0.00', 'UNIT', 0, 5, '50.00', '50.00', 1, '0.00', '0.00', '50.00', '0.00', '0.00', '50.00'),
(64, 10, '5', 'MOTOROLLA HANDPHONE MODEL X-9', '0.00', 'unit', 1, 6, '1340.00', '1340.00', 1, '0.00', '0.00', '1340.00', '0.00', '0.00', '1340.00'),
(65, 10, '1', 'Screw Holland made 6 type', '0.00', '', 0, 7, '55.00', '55.00', 1, '0.00', '0.00', '55.00', '0.00', '0.00', '55.00'),
(66, 10, '2', 'NOKIA CHARGER TYPE CARBON 4598BK', '0.00', 'UNIT', 0, 8, '50.00', '50.00', 1, '0.00', '0.00', '50.00', '0.00', '0.00', '50.00'),
(67, 10, '3', 'TOP RADIATOR HOSE ORIGINAL', '0.00', '', 1, 9, '300.00', '300.00', 1, '0.00', '0.00', '300.00', '0.00', '0.00', '300.00'),
(68, 11, '1', 'TABLET', '45.00', 'pc', 0, 1, '50.00', '2250.00', 6, '1.50', '32.06', '2169.56', '5.00', '112.50', '2137.50'),
(69, 11, '1.', 'AUTOMATIC TRANSMISSION FLUID', '2.00', 'unit', 0, 2, '89.00', '178.00', 1, '0.00', '0.00', '167.32', '6.00', '10.68', '167.32'),
(70, 11, '2.', 'NOKIA CHARGER TYPE CARBON 4598BK', '2.00', 'UNIT', 0, 3, '50.00', '100.00', 1, '0.00', '0.00', '100.00', '0.00', '0.00', '100.00'),
(71, 11, '3.', 'Jetting Works and Clear blockages with rodder machine', '5.00', 'unit', 0, 4, '5.00', '25.00', 1, '0.00', '0.00', '25.00', '0.00', '0.00', '25.00'),
(72, 11, '', 'OINTMENT', '0.00', '', 0, 5, '0.00', '0.00', 1, '0.00', '0.00', '0.00', '0.00', '0.00', '0.00'),
(73, 11, '1.', 'Teak Wood furniture sofa chair', '5.00', '', 0, 6, '34.00', '170.00', 4, '34.00', '53.75', '211.85', '7.00', '11.90', '158.10'),
(74, 11, '2.', 'Screw Holland made 6 type', '5.00', '', 0, 7, '55.00', '275.00', 1, '0.00', '0.00', '275.00', '0.00', '0.00', '275.00'),
(75, 11, '', 'Latest we have also include the salary range RM 4000.00  RM 5000.00 into Socso table as instructed by PERKESO. Previously it was maximum calculation until RM 4000.00 only.', '13.00', '', 0, 8, '0.00', '0.00', 1, '0.00', '0.00', '0.00', '0.00', '0.00', '0.00'),
(76, 11, '', '', '0.00', '', 0, 9, '0.00', '0.00', 1, '0.00', '0.00', '0.00', '0.00', '0.00', '0.00'),
(77, 11, '', '', '0.00', '', 0, 10, '0.00', '0.00', 1, '0.00', '0.00', '0.00', '0.00', '0.00', '0.00'),
(78, 11, '', '', '0.00', '', 0, 11, '0.00', '0.00', 1, '0.00', '0.00', '0.00', '0.00', '0.00', '0.00'),
(79, 11, '', '', '0.00', '', 0, 12, '0.00', '0.00', 1, '0.00', '0.00', '0.00', '0.00', '0.00', '0.00'),
(80, 11, '', '', '0.00', '', 0, 13, '0.00', '0.00', 1, '0.00', '0.00', '0.00', '0.00', '0.00', '0.00'),
(81, 11, '', 'Latest we have also include the salary range RM 4000.00  RM 5000.00 into Socso table as instructed by PERKESO. Previously it was maximum calculation until RM 4000.00 only.', '0.00', '', 0, 14, '0.00', '0.00', 1, '0.00', '0.00', '0.00', '0.00', '0.00', '0.00'),
(82, 12, '', '', '0.00', '', 0, 1, '666.00', '666.00', 1, '0.00', '0.00', '666.00', '0.00', '0.00', '666.00'),
(83, 12, '', '', '0.00', '', 0, 2, '0.00', '0.00', 1, '0.00', '0.00', '0.00', '0.00', '0.00', '0.00'),
(84, 12, '', '', '0.00', '', 0, 3, '0.00', '0.00', 1, '0.00', '0.00', '0.00', '0.00', '0.00', '0.00'),
(85, 12, '', '', '0.00', '', 0, 4, '0.00', '0.00', 1, '0.00', '0.00', '0.00', '0.00', '0.00', '0.00'),
(86, 12, '', '', '0.00', '', 0, 5, '0.00', '0.00', 1, '0.00', '0.00', '0.00', '0.00', '0.00', '0.00'),
(87, 13, '', '', '0.00', '', 0, 1, '1000.00', '1000.00', 1, '0.00', '0.00', '1000.00', '0.00', '0.00', '1000.00'),
(88, 13, '', '', '0.00', '', 0, 2, '0.00', '0.00', 1, '0.00', '0.00', '0.00', '0.00', '0.00', '0.00'),
(89, 13, '', '', '0.00', '', 0, 3, '0.00', '0.00', 1, '0.00', '0.00', '0.00', '0.00', '0.00', '0.00'),
(90, 13, '', '', '0.00', '', 0, 4, '0.00', '0.00', 1, '0.00', '0.00', '0.00', '0.00', '0.00', '0.00'),
(91, 13, '', '', '0.00', '', 0, 5, '0.00', '0.00', 1, '0.00', '0.00', '0.00', '0.00', '0.00', '0.00'),
(92, 14, '', '', '0.00', '', 0, 1, '1300.00', '1300.00', 1, '0.00', '0.00', '1300.00', '0.00', '0.00', '1300.00'),
(93, 14, '', '', '0.00', '', 0, 2, '0.00', '0.00', 1, '0.00', '0.00', '0.00', '0.00', '0.00', '0.00'),
(94, 14, '', '', '0.00', '', 0, 3, '0.00', '0.00', 1, '0.00', '0.00', '0.00', '0.00', '0.00', '0.00'),
(95, 14, '', '', '0.00', '', 0, 4, '0.00', '0.00', 1, '0.00', '0.00', '0.00', '0.00', '0.00', '0.00'),
(96, 14, '', '', '0.00', '', 0, 5, '0.00', '0.00', 1, '0.00', '0.00', '0.00', '0.00', '0.00', '0.00'),
(97, 15, '', 'TABLET', '0.00', '', 0, 1, '0.00', '0.00', 3, '10.00', '0.00', '0.00', '0.00', '0.00', '0.00'),
(98, 15, '1.', 'AUTOMATIC TRANSMISSION FLUID', '2.00', 'unit', 0, 2, '89.00', '178.00', 1, '0.00', '0.00', '167.32', '6.00', '10.68', '167.32'),
(99, 15, '2.', 'NOKIA CHARGER TYPE CARBON 4598BK', '2.00', 'UNIT', 0, 3, '50.00', '100.00', 1, '0.00', '0.00', '100.00', '0.00', '0.00', '100.00'),
(100, 15, '3.', 'Jetting Works and Clear blockages with rodder machine', '5.00', 'unit', 0, 4, '5.00', '25.00', 1, '0.00', '0.00', '25.00', '0.00', '0.00', '25.00'),
(101, 15, '', 'OINTMENT', '0.00', '', 0, 5, '0.00', '0.00', 1, '0.00', '0.00', '0.00', '0.00', '0.00', '0.00'),
(102, 15, '1.', 'Teak Wood furniture sofa chair', '5.00', '', 0, 6, '34.00', '170.00', 4, '34.00', '53.75', '211.85', '7.00', '11.90', '158.10'),
(103, 15, '2.', 'Screw Holland made 6 type', '5.00', '', 0, 7, '55.00', '275.00', 1, '0.00', '0.00', '275.00', '0.00', '0.00', '275.00'),
(104, 15, '', 'Latest we have also include the salary range RM 4000.00  RM 5000.00 into Socso table as instructed by PERKESO. Previously it was maximum calculation until RM 4000.00 only.', '13.00', '', 0, 8, '0.00', '0.00', 1, '0.00', '0.00', '0.00', '0.00', '0.00', '0.00'),
(105, 15, '', '', '0.00', '', 0, 9, '0.00', '0.00', 1, '0.00', '0.00', '0.00', '0.00', '0.00', '0.00'),
(106, 15, '', '', '0.00', '', 0, 10, '0.00', '0.00', 1, '0.00', '0.00', '0.00', '0.00', '0.00', '0.00'),
(107, 15, '', '', '0.00', '', 0, 11, '0.00', '0.00', 1, '0.00', '0.00', '0.00', '0.00', '0.00', '0.00'),
(108, 15, '', '', '0.00', '', 0, 12, '0.00', '0.00', 1, '0.00', '0.00', '0.00', '0.00', '0.00', '0.00'),
(109, 15, '', '', '0.00', '', 0, 13, '0.00', '0.00', 1, '0.00', '0.00', '0.00', '0.00', '0.00', '0.00'),
(110, 15, '', '', '0.00', '', 0, 14, '0.00', '0.00', 1, '0.00', '0.00', '0.00', '0.00', '0.00', '0.00'),
(111, 16, '', '', '0.00', '', 0, 1, '6868.00', '6868.00', 1, '0.00', '0.00', '6868.00', '0.00', '0.00', '6868.00'),
(112, 16, '', '', '0.00', '', 0, 2, '0.00', '0.00', 1, '0.00', '0.00', '0.00', '0.00', '0.00', '0.00'),
(113, 16, '', '', '0.00', '', 0, 3, '0.00', '0.00', 1, '0.00', '0.00', '0.00', '0.00', '0.00', '0.00'),
(114, 16, '', '', '0.00', '', 0, 4, '0.00', '0.00', 1, '0.00', '0.00', '0.00', '0.00', '0.00', '0.00'),
(115, 16, '', '', '0.00', '', 0, 5, '0.00', '0.00', 1, '0.00', '0.00', '0.00', '0.00', '0.00', '0.00'),
(116, 17, '', '', '0.00', '', 0, 1, '1616.00', '1616.00', 1, '0.00', '0.00', '1616.00', '0.00', '0.00', '1616.00'),
(117, 17, '', '', '0.00', '', 0, 2, '0.00', '0.00', 1, '0.00', '0.00', '0.00', '0.00', '0.00', '0.00'),
(118, 17, '', '', '0.00', '', 0, 3, '0.00', '0.00', 1, '0.00', '0.00', '0.00', '0.00', '0.00', '0.00'),
(119, 17, '', '', '0.00', '', 0, 4, '0.00', '0.00', 1, '0.00', '0.00', '0.00', '0.00', '0.00', '0.00'),
(120, 17, '', '', '0.00', '', 0, 5, '0.00', '0.00', 1, '0.00', '0.00', '0.00', '0.00', '0.00', '0.00'),
(121, 18, '', '', '0.00', '', 0, 1, '1717.00', '1717.00', 1, '0.00', '0.00', '1717.00', '0.00', '0.00', '1717.00'),
(122, 18, '', '', '0.00', '', 0, 2, '0.00', '0.00', 1, '0.00', '0.00', '0.00', '0.00', '0.00', '0.00'),
(123, 18, '', '', '0.00', '', 0, 3, '0.00', '0.00', 1, '0.00', '0.00', '0.00', '0.00', '0.00', '0.00'),
(124, 18, '', '', '0.00', '', 0, 4, '0.00', '0.00', 1, '0.00', '0.00', '0.00', '0.00', '0.00', '0.00'),
(125, 18, '', '', '0.00', '', 0, 5, '0.00', '0.00', 1, '0.00', '0.00', '0.00', '0.00', '0.00', '0.00'),
(126, 19, '', 'Januari 2023 to Jun 2023', '0.00', '', 0, 1, '60.00', '60.00', 1, '0.00', '0.00', '60.00', '0.00', '0.00', '60.00'),
(127, 19, '', 'Tungakan', '0.00', '', 0, 2, '96.00', '96.00', 1, '0.00', '0.00', '96.00', '0.00', '0.00', '96.00'),
(128, 19, '', '', '0.00', '', 0, 3, '0.00', '0.00', 1, '0.00', '0.00', '0.00', '0.00', '0.00', '0.00'),
(129, 19, '', '', '0.00', '', 0, 4, '0.00', '0.00', 1, '0.00', '0.00', '0.00', '0.00', '0.00', '0.00'),
(130, 19, '', '', '0.00', '', 0, 5, '0.00', '0.00', 1, '0.00', '0.00', '0.00', '0.00', '0.00', '0.00'),
(131, 20, '', 'Latest we have also include the salary range RM 4000.00  RM 5000.00 into Socso table as instructed by PERKESO. Previously it was maximum calculation until RM 4000.00 only.', '0.00', '', 0, 1, '0.00', '0.00', 1, '0.00', '0.00', '0.00', '0.00', '0.00', '0.00'),
(132, 20, '', 'NOKIA CHARGER TYPE CARBON 4598BK', '0.00', 'UNIT', 0, 2, '50.00', '50.00', 1, '0.00', '0.00', '50.00', '0.00', '0.00', '50.00'),
(133, 20, '', 'TO USE TOOLS AND MANUALLY ENTER THE  DRAIN TO REMOVE ALL SAND, STONES, DEBRIS ETC FROM THE SIDES AND BOTTOM OF DRAIN.', '0.00', 'LOT', 0, 3, '3400.00', '3400.00', 1, '0.00', '0.00', '3400.00', '0.00', '0.00', '3400.00'),
(134, 20, '', 'MOTOROLLA HANDPHONE MODEL X-9', '0.00', 'unit', 0, 4, '1340.00', '1340.00', 1, '0.00', '0.00', '1340.00', '0.00', '0.00', '1340.00'),
(135, 20, '', 'LABOUR TO REPLACE PARTS & SERVICE', '0.00', '', 0, 5, '45.00', '45.00', 1, '0.00', '0.00', '45.00', '0.00', '0.00', '45.00'),
(136, 20, '', '', '0.00', '', 0, 6, '0.00', '0.00', 1, '0.00', '0.00', '0.00', '0.00', '0.00', '0.00'),
(137, 20, '', '', '0.00', '', 0, 7, '0.00', '0.00', 1, '0.00', '0.00', '0.00', '0.00', '0.00', '0.00'),
(148, 23, '', 'APPLE WATCH SMART', '0.00', 'PCS', 0, 1, '450.00', '450.00', 1, '0.00', '0.00', '450.00', '0.00', '0.00', '450.00'),
(149, 23, '', 'CALENDAR FOR YEAR 2023 INCLUDING STICKERS MICKEY MOUSE', '5.00', 'PCS', 0, 2, '41.55', '207.75', 1, '0.00', '0.00', '207.75', '0.00', '0.00', '207.75'),
(150, 23, '', 'CAR TINTING SERVICE - V COOL HOLLAND TYPE', '51.00', 'PCS', 0, 3, '100.00', '5100.00', 1, '0.00', '0.00', '5100.00', '0.00', '0.00', '5100.00'),
(151, 23, '', 'CAR POLISH 2.5 LITRES', '3.00', 'BOTTLE', 0, 4, '16.90', '50.70', 2, '6.00', '3.04', '53.74', '0.00', '0.00', '50.70'),
(152, 23, '', 'PREPARE HOUSE TENANCY AGREEMENT FOR CUSTOMER FOR THE YEAR 2023 AND 2024', '0.00', 'LOT', 0, 5, '0.00', '0.00', 1, '0.00', '0.00', '0.00', '0.00', '0.00', '0.00'),
(153, 23, '', 'GRAND TURISMO 2.4', '0.00', 'UNIT', 0, 6, '11500.00', '11500.00', 1, '0.00', '0.00', '11500.00', '0.00', '0.00', '11500.00'),
(154, 23, '', 'COMPUTER DELL XPS 15 16GB RAM 512GB SSD INTEL I9 PROCESSOR', '0.00', 'PCS', 0, 7, '0.00', '0.00', 1, '0.00', '0.00', '0.00', '0.00', '0.00', '0.00'),
(155, 23, '', 'TO USE TOOLS AND MANUALLY ENTER THE  DRAIN TO REMOVE ALL SAND, STONES, DEBRIS ETC FROM THE SIDES AND BOTTOM OF DRAIN.', '0.00', 'LOT', 0, 8, '3400.00', '3400.00', 1, '0.00', '0.00', '3400.00', '0.00', '0.00', '3400.00'),
(156, 24, '', 'CALENDAR FOR YEAR 2023 INCLUDING STICKERS MICKEY MOUSE', '0.00', 'PCS', 0, 1, '41.55', '41.55', 1, '0.00', '0.00', '41.55', '0.00', '0.00', '41.55'),
(157, 24, '', 'COMPUTER DELL XPS 15 16GB RAM 512GB SSD INTEL I9 PROCESSOR', '12.00', 'PCS', 0, 2, '8768.00', '105216.00', 1, '0.00', '0.00', '105216.00', '0.00', '0.00', '105216.00'),
(158, 24, '', '', '0.00', '', 0, 3, '0.00', '0.00', 1, '0.00', '0.00', '0.00', '0.00', '0.00', '0.00'),
(159, 24, '', '', '0.00', '', 0, 4, '0.00', '0.00', 1, '0.00', '0.00', '0.00', '0.00', '0.00', '0.00'),
(160, 24, '', '', '0.00', '', 0, 5, '0.00', '0.00', 1, '0.00', '0.00', '0.00', '0.00', '0.00', '0.00'),
(161, 24, '', '', '0.00', '', 0, 6, '0.00', '0.00', 1, '0.00', '0.00', '0.00', '0.00', '0.00', '0.00'),
(162, 24, '', '', '0.00', '', 0, 7, '0.00', '0.00', 1, '0.00', '0.00', '0.00', '0.00', '0.00', '0.00'),
(163, 25, '', 'REMOVE WINDSCREEN AND TINTING WORKS DONE FOR THE WHOLE CAR', '2.00', 'UNITS', 0, 1, '80.00', '160.00', 1, '0.00', '0.00', '152.00', '5.00', '8.00', '152.00'),
(164, 25, '', 'CAR TINTING SERVICE - V COOL HOLLAND TYPE', '4.00', 'PCS', 0, 2, '100.00', '400.00', 1, '0.00', '0.00', '380.00', '5.00', '20.00', '380.00'),
(165, 25, '', '', '0.00', '', 0, 3, '0.00', '0.00', 1, '0.00', '0.00', '0.00', '0.00', '0.00', '0.00'),
(166, 25, '', '', '0.00', '', 0, 4, '0.00', '0.00', 1, '0.00', '0.00', '0.00', '0.00', '0.00', '0.00'),
(167, 25, '', '', '0.00', '', 0, 5, '0.00', '0.00', 1, '0.00', '0.00', '0.00', '0.00', '0.00', '0.00'),
(168, 26, '', '', '0.00', '', 0, 1, '0.00', '0.00', 1, '0.00', '0.00', '0.00', '0.00', '0.00', '0.00'),
(169, 26, '', '', '0.00', '', 0, 2, '0.00', '0.00', 1, '0.00', '0.00', '0.00', '0.00', '0.00', '0.00'),
(170, 26, '', '', '0.00', '', 0, 3, '0.00', '0.00', 1, '0.00', '0.00', '0.00', '0.00', '0.00', '0.00'),
(171, 26, '', '', '0.00', '', 0, 4, '0.00', '0.00', 1, '0.00', '0.00', '0.00', '0.00', '0.00', '0.00'),
(172, 26, '', '', '0.00', '', 0, 5, '0.00', '0.00', 1, '0.00', '0.00', '0.00', '0.00', '0.00', '0.00'),
(173, 27, '1.', 'CALENDAR FOR YEAR 2023 INCLUDING STICKERS MICKEY MOUSE', '100.00', 'PCS', 0, 1, '41.55', '4155.00', 2, '6.00', '224.37', '3963.87', '10.00', '415.50', '3739.50'),
(174, 27, '', '', '0.00', '', 0, 2, '1000.00', '1000.00', 1, '0.00', '0.00', '1000.00', '0.00', '0.00', '1000.00'),
(175, 27, '', '', '0.00', '', 0, 3, '0.00', '0.00', 1, '0.00', '0.00', '0.00', '0.00', '0.00', '0.00'),
(176, 27, '', '', '0.00', '', 0, 4, '0.00', '0.00', 1, '0.00', '0.00', '0.00', '0.00', '0.00', '0.00'),
(177, 27, '', '', '0.00', '', 0, 5, '0.00', '0.00', 1, '0.00', '0.00', '0.00', '0.00', '0.00', '0.00'),
(178, 28, '', '', '0.00', '', 0, 1, '777.00', '777.00', 1, '0.00', '0.00', '777.00', '0.00', '0.00', '777.00'),
(179, 28, '', '', '0.00', '', 0, 2, '0.00', '0.00', 1, '0.00', '0.00', '0.00', '0.00', '0.00', '0.00'),
(180, 28, '', '', '0.00', '', 0, 3, '0.00', '0.00', 1, '0.00', '0.00', '0.00', '0.00', '0.00', '0.00'),
(181, 28, '', '', '0.00', '', 0, 4, '0.00', '0.00', 1, '0.00', '0.00', '0.00', '0.00', '0.00', '0.00'),
(182, 28, '', '', '0.00', '', 0, 5, '0.00', '0.00', 1, '0.00', '0.00', '0.00', '0.00', '0.00', '0.00'),
(183, 29, '', '', '0.00', '', 0, 1, '888.50', '888.50', 1, '0.00', '0.00', '888.50', '0.00', '0.00', '888.50'),
(184, 29, '', '', '0.00', '', 0, 2, '0.00', '0.00', 1, '0.00', '0.00', '0.00', '0.00', '0.00', '0.00'),
(185, 29, '', '', '0.00', '', 0, 3, '0.00', '0.00', 1, '0.00', '0.00', '0.00', '0.00', '0.00', '0.00'),
(186, 29, '', '', '0.00', '', 0, 4, '0.00', '0.00', 1, '0.00', '0.00', '0.00', '0.00', '0.00', '0.00'),
(187, 29, '', '', '0.00', '', 0, 5, '0.00', '0.00', 1, '0.00', '0.00', '0.00', '0.00', '0.00', '0.00'),
(188, 30, '', '', '0.00', '', 0, 1, '900.00', '900.00', 4, '34.00', '290.70', '1145.70', '5.00', '45.00', '855.00'),
(189, 30, '', '', '0.00', '', 0, 2, '0.00', '0.00', 1, '0.00', '0.00', '0.00', '0.00', '0.00', '0.00'),
(190, 30, '', '', '0.00', '', 0, 3, '0.00', '0.00', 1, '0.00', '0.00', '0.00', '0.00', '0.00', '0.00'),
(191, 30, '', '', '0.00', '', 0, 4, '0.00', '0.00', 1, '0.00', '0.00', '0.00', '0.00', '0.00', '0.00'),
(192, 30, '', '', '0.00', '', 0, 5, '0.00', '0.00', 1, '0.00', '0.00', '0.00', '0.00', '0.00', '0.00'),
(193, 31, '', '', '0.00', '', 0, 1, '600.00', '600.00', 1, '0.00', '0.00', '600.00', '0.00', '0.00', '600.00'),
(194, 31, '', '', '0.00', '', 0, 2, '0.00', '0.00', 1, '0.00', '0.00', '0.00', '0.00', '0.00', '0.00'),
(195, 31, '', '', '0.00', '', 0, 3, '0.00', '0.00', 1, '0.00', '0.00', '0.00', '0.00', '0.00', '0.00'),
(196, 31, '', '', '0.00', '', 0, 4, '0.00', '0.00', 1, '0.00', '0.00', '0.00', '0.00', '0.00', '0.00'),
(197, 31, '', '', '0.00', '', 0, 5, '0.00', '0.00', 1, '0.00', '0.00', '0.00', '0.00', '0.00', '0.00'),
(198, 32, '', '', '0.00', '', 0, 1, '780.95', '780.95', 1, '0.00', '0.00', '780.95', '0.00', '0.00', '780.95'),
(199, 32, '', '', '0.00', '', 0, 2, '0.00', '0.00', 1, '0.00', '0.00', '0.00', '0.00', '0.00', '0.00'),
(200, 32, '', '', '0.00', '', 0, 3, '0.00', '0.00', 1, '0.00', '0.00', '0.00', '0.00', '0.00', '0.00'),
(201, 32, '', '', '0.00', '', 0, 4, '0.00', '0.00', 1, '0.00', '0.00', '0.00', '0.00', '0.00', '0.00'),
(202, 32, '', '', '0.00', '', 0, 5, '0.00', '0.00', 1, '0.00', '0.00', '0.00', '0.00', '0.00', '0.00'),
(203, 33, '', '', '0.00', '', 0, 1, '100.00', '100.00', 1, '0.00', '0.00', '100.00', '0.00', '0.00', '100.00'),
(204, 33, '', '', '0.00', '', 0, 2, '0.00', '0.00', 1, '0.00', '0.00', '0.00', '0.00', '0.00', '0.00'),
(205, 33, '', '', '0.00', '', 0, 3, '0.00', '0.00', 1, '0.00', '0.00', '0.00', '0.00', '0.00', '0.00'),
(206, 33, '', '', '0.00', '', 0, 4, '0.00', '0.00', 1, '0.00', '0.00', '0.00', '0.00', '0.00', '0.00'),
(207, 33, '', '', '0.00', '', 0, 5, '0.00', '0.00', 1, '0.00', '0.00', '0.00', '0.00', '0.00', '0.00'),
(218, 34, '', '', '0.00', '', 0, 1, '88.00', '88.00', 3, '10.00', '8.36', '91.96', '5.00', '4.40', '83.60'),
(219, 34, '', '', '0.00', '', 0, 2, '0.00', '0.00', 1, '0.00', '0.00', '0.00', '0.00', '0.00', '0.00'),
(220, 34, '', '', '0.00', '', 0, 3, '0.00', '0.00', 1, '0.00', '0.00', '0.00', '0.00', '0.00', '0.00'),
(221, 34, '', '', '0.00', '', 0, 4, '0.00', '0.00', 1, '0.00', '0.00', '0.00', '0.00', '0.00', '0.00'),
(222, 34, '', '', '0.00', '', 0, 5, '0.00', '0.00', 1, '0.00', '0.00', '0.00', '0.00', '0.00', '0.00'),
(223, 35, '', 'CALENDAR FOR YEAR 2023 INCLUDING STICKERS MICKEY MOUSE', '2.00', 'PCS', 0, 1, '41.55', '83.10', 1, '0.00', '0.00', '83.10', '0.00', '0.00', '83.10'),
(224, 35, '', 'REMOVE WINDSCREEN AND TINTING WORKS DONE FOR THE WHOLE CAR', '2.00', 'UNITS', 0, 2, '0.00', '0.00', 1, '0.00', '0.00', '0.00', '0.00', '0.00', '0.00'),
(225, 35, '', 'COMPUTER HP 16GB RAM 256 GB RAM JAPAN MADE', '2.00', 'PC', 0, 3, '500.00', '1000.00', 1, '0.00', '0.00', '1000.00', '0.00', '0.00', '1000.00'),
(226, 35, '', '', '0.00', '', 0, 4, '0.00', '0.00', 1, '0.00', '0.00', '0.00', '0.00', '0.00', '0.00'),
(227, 35, '', '', '0.00', '', 0, 5, '0.00', '0.00', 1, '0.00', '0.00', '0.00', '0.00', '0.00', '0.00'),
(228, 36, '', '', '0.00', '', 0, 1, '390.45', '390.45', 1, '0.00', '0.00', '390.45', '0.00', '0.00', '390.45'),
(229, 36, '', '', '0.00', '', 0, 2, '0.00', '0.00', 1, '0.00', '0.00', '0.00', '0.00', '0.00', '0.00'),
(230, 36, '', '', '0.00', '', 0, 3, '0.00', '0.00', 1, '0.00', '0.00', '0.00', '0.00', '0.00', '0.00'),
(231, 36, '', '', '0.00', '', 0, 4, '0.00', '0.00', 1, '0.00', '0.00', '0.00', '0.00', '0.00', '0.00'),
(232, 36, '', '', '0.00', '', 0, 5, '0.00', '0.00', 1, '0.00', '0.00', '0.00', '0.00', '0.00', '0.00'),
(233, 37, '', '', '0.00', '', 0, 1, '650.00', '650.00', 1, '0.00', '0.00', '650.00', '0.00', '0.00', '650.00'),
(234, 37, '', '', '0.00', '', 0, 2, '0.00', '0.00', 1, '0.00', '0.00', '0.00', '0.00', '0.00', '0.00'),
(235, 37, '', '', '0.00', '', 0, 3, '0.00', '0.00', 1, '0.00', '0.00', '0.00', '0.00', '0.00', '0.00'),
(236, 37, '', '', '0.00', '', 0, 4, '0.00', '0.00', 1, '0.00', '0.00', '0.00', '0.00', '0.00', '0.00'),
(237, 37, '', '', '0.00', '', 0, 5, '0.00', '0.00', 1, '0.00', '0.00', '0.00', '0.00', '0.00', '0.00'),
(238, 38, '', '', '0.00', '', 0, 1, '1000.00', '1000.00', 3, '10.00', '95.00', '1045.00', '5.00', '50.00', '950.00'),
(239, 38, '', '', '0.00', '', 0, 2, '0.00', '0.00', 1, '0.00', '0.00', '0.00', '0.00', '0.00', '0.00'),
(240, 38, '', '', '0.00', '', 0, 3, '0.00', '0.00', 1, '0.00', '0.00', '0.00', '0.00', '0.00', '0.00'),
(241, 38, '', '', '0.00', '', 0, 4, '0.00', '0.00', 1, '0.00', '0.00', '0.00', '0.00', '0.00', '0.00'),
(242, 38, '', '', '0.00', '', 0, 5, '0.00', '0.00', 1, '0.00', '0.00', '0.00', '0.00', '0.00', '0.00'),
(243, 39, '', '', '0.00', '', 0, 1, '569.00', '569.00', 1, '0.00', '0.00', '569.00', '0.00', '0.00', '569.00'),
(244, 39, '', '', '0.00', '', 0, 2, '0.00', '0.00', 1, '0.00', '0.00', '0.00', '0.00', '0.00', '0.00'),
(245, 39, '', '', '0.00', '', 0, 3, '0.00', '0.00', 1, '0.00', '0.00', '0.00', '0.00', '0.00', '0.00'),
(246, 39, '', '', '0.00', '', 0, 4, '0.00', '0.00', 1, '0.00', '0.00', '0.00', '0.00', '0.00', '0.00'),
(247, 39, '', '', '0.00', '', 0, 5, '0.00', '0.00', 1, '0.00', '0.00', '0.00', '0.00', '0.00', '0.00'),
(253, 40, '', 'CALENDAR FOR YEAR 2023 INCLUDING STICKERS MICKEY MOUSE', '0.00', 'PCS', 0, 1, '41.55', '41.55', 1, '0.00', '0.00', '41.55', '0.00', '0.00', '41.55'),
(254, 40, '', 'CAR TINTING SERVICE - V COOL HOLLAND TYPE', '0.00', 'PCS', 0, 2, '100.00', '100.00', 1, '0.00', '0.00', '100.00', '0.00', '0.00', '100.00'),
(255, 40, '', 'COMPUTER HP 16GB RAM 256 GB RAM JAPAN MADE', '0.00', 'PC', 0, 3, '500.00', '500.00', 1, '0.00', '0.00', '500.00', '0.00', '0.00', '500.00'),
(256, 40, '', 'FRANCE PERFUME ( LAVENDAR SMELL)', '0.00', '', 0, 4, '67.00', '67.00', 1, '0.00', '0.00', '67.00', '0.00', '0.00', '67.00'),
(257, 40, '', 'TO USE TOOLS AND MANUALLY ENTER THE  DRAIN TO REMOVE ALL SAND, STONES, DEBRIS ETC FROM THE SIDES AND BOTTOM OF DRAIN.', '0.00', 'LOT', 0, 5, '3400.00', '3400.00', 1, '0.00', '0.00', '3400.00', '0.00', '0.00', '3400.00'),
(258, 41, '', '', '0.00', '', 0, 1, '2222.00', '2222.00', 1, '0.00', '0.00', '2222.00', '0.00', '0.00', '2222.00'),
(259, 41, '', '', '0.00', '', 0, 2, '0.00', '0.00', 1, '0.00', '0.00', '0.00', '0.00', '0.00', '0.00'),
(260, 41, '', '', '0.00', '', 0, 3, '0.00', '0.00', 1, '0.00', '0.00', '0.00', '0.00', '0.00', '0.00'),
(261, 41, '', '', '0.00', '', 0, 4, '0.00', '0.00', 1, '0.00', '0.00', '0.00', '0.00', '0.00', '0.00'),
(262, 41, '', '', '0.00', '', 0, 5, '0.00', '0.00', 1, '0.00', '0.00', '0.00', '0.00', '0.00', '0.00'),
(263, 42, '', '', '0.00', '', 0, 1, '2000.00', '2000.00', 1, '0.00', '0.00', '2000.00', '0.00', '0.00', '2000.00'),
(264, 42, '', '', '0.00', '', 0, 2, '0.00', '0.00', 1, '0.00', '0.00', '0.00', '0.00', '0.00', '0.00'),
(265, 42, '', '', '0.00', '', 0, 3, '0.00', '0.00', 1, '0.00', '0.00', '0.00', '0.00', '0.00', '0.00'),
(266, 42, '', '', '0.00', '', 0, 4, '0.00', '0.00', 1, '0.00', '0.00', '0.00', '0.00', '0.00', '0.00'),
(267, 42, '', '', '0.00', '', 0, 5, '0.00', '0.00', 1, '0.00', '0.00', '0.00', '0.00', '0.00', '0.00'),
(278, 45, '', '', '0.00', '', 0, 1, '3000.00', '3000.00', 1, '0.00', '0.00', '3000.00', '0.00', '0.00', '3000.00'),
(279, 45, '', '', '0.00', '', 0, 2, '0.00', '0.00', 1, '0.00', '0.00', '0.00', '0.00', '0.00', '0.00'),
(280, 45, '', '', '0.00', '', 0, 3, '0.00', '0.00', 1, '0.00', '0.00', '0.00', '0.00', '0.00', '0.00'),
(281, 45, '', '', '0.00', '', 0, 4, '0.00', '0.00', 1, '0.00', '0.00', '0.00', '0.00', '0.00', '0.00'),
(282, 45, '', '', '0.00', '', 0, 5, '0.00', '0.00', 1, '0.00', '0.00', '0.00', '0.00', '0.00', '0.00'),
(283, 44, '', '', '0.00', '', 0, 1, '543.00', '543.00', 1, '0.00', '0.00', '543.00', '0.00', '0.00', '543.00'),
(284, 44, '', '', '0.00', '', 0, 2, '0.00', '0.00', 1, '0.00', '0.00', '0.00', '0.00', '0.00', '0.00'),
(285, 44, '', '', '0.00', '', 0, 3, '0.00', '0.00', 1, '0.00', '0.00', '0.00', '0.00', '0.00', '0.00'),
(286, 44, '', '', '0.00', '', 0, 4, '0.00', '0.00', 1, '0.00', '0.00', '0.00', '0.00', '0.00', '0.00'),
(287, 44, '', '', '0.00', '', 0, 5, '0.00', '0.00', 1, '0.00', '0.00', '0.00', '0.00', '0.00', '0.00'),
(288, 43, '', '', '0.00', '', 0, 1, '700.00', '700.00', 1, '0.00', '0.00', '700.00', '0.00', '0.00', '700.00'),
(289, 43, '', '', '0.00', '', 0, 2, '0.00', '0.00', 1, '0.00', '0.00', '0.00', '0.00', '0.00', '0.00'),
(290, 43, '', '', '0.00', '', 0, 3, '0.00', '0.00', 1, '0.00', '0.00', '0.00', '0.00', '0.00', '0.00'),
(291, 43, '', '', '0.00', '', 0, 4, '0.00', '0.00', 1, '0.00', '0.00', '0.00', '0.00', '0.00', '0.00'),
(292, 43, '', '', '0.00', '', 0, 5, '0.00', '0.00', 1, '0.00', '0.00', '0.00', '0.00', '0.00', '0.00'),
(293, 46, '', '', '0.00', '', 0, 1, '2000.00', '2000.00', 1, '0.00', '0.00', '2000.00', '0.00', '0.00', '2000.00'),
(294, 46, '', '', '0.00', '', 0, 2, '0.00', '0.00', 1, '0.00', '0.00', '0.00', '0.00', '0.00', '0.00'),
(295, 46, '', '', '0.00', '', 0, 3, '0.00', '0.00', 1, '0.00', '0.00', '0.00', '0.00', '0.00', '0.00'),
(296, 46, '', '', '0.00', '', 0, 4, '0.00', '0.00', 1, '0.00', '0.00', '0.00', '0.00', '0.00', '0.00'),
(297, 46, '', '', '0.00', '', 0, 5, '0.00', '0.00', 1, '0.00', '0.00', '0.00', '0.00', '0.00', '0.00');

-- --------------------------------------------------------

--
-- Table structure for table `tbpurchaseorder`
--

DROP TABLE IF EXISTS `tbpurchaseorder`;
CREATE TABLE IF NOT EXISTS `tbpurchaseorder` (
  `purchaseOrder_id` int(11) NOT NULL AUTO_INCREMENT,
  `purchaseOrder_no` varchar(30) NOT NULL,
  `purchaseOrder_date` date NOT NULL,
  `purchaseOrder_customerID` int(11) NOT NULL,
  `purchaseOrder_title` varchar(200) NOT NULL,
  `purchaseOrder_from` varchar(50) NOT NULL,
  `purchaseOrder_terms` text NOT NULL,
  `purchaseOrder_attention` varchar(100) NOT NULL,
  `purchaseOrder_email` varchar(100) NOT NULL,
  `purchaseOrder_subTotal` decimal(10,2) NOT NULL DEFAULT '0.00',
  `purchaseOrder_taxTotal` decimal(10,2) NOT NULL DEFAULT '0.00',
  `purchaseOrder_grandTotal` decimal(10,2) NOT NULL DEFAULT '0.00',
  `purchaseOrder_discountTotal` decimal(10,2) NOT NULL DEFAULT '0.00',
  `purchaseOrder_totalAfterDiscount` decimal(10,2) NOT NULL DEFAULT '0.00',
  `purchaseOrder_roundAmount` decimal(10,2) NOT NULL DEFAULT '0.00',
  `purchaseOrder_grandTotalRound` decimal(10,2) NOT NULL DEFAULT '0.00',
  `purchaseOrder_roundStatus` int(1) NOT NULL DEFAULT '0',
  `purchaseOrder_content` text NOT NULL,
  `purchaseOrder_purchaseBillID` int(11) NOT NULL DEFAULT '0',
  `purchaseOrder_purchaseBillNo` varchar(30) NOT NULL,
  PRIMARY KEY (`purchaseOrder_id`)
) ENGINE=InnoDB AUTO_INCREMENT=103 DEFAULT CHARSET=latin1;

--
-- Dumping data for table `tbpurchaseorder`
--

INSERT INTO `tbpurchaseorder` (`purchaseOrder_id`, `purchaseOrder_no`, `purchaseOrder_date`, `purchaseOrder_customerID`, `purchaseOrder_title`, `purchaseOrder_from`, `purchaseOrder_terms`, `purchaseOrder_attention`, `purchaseOrder_email`, `purchaseOrder_subTotal`, `purchaseOrder_taxTotal`, `purchaseOrder_grandTotal`, `purchaseOrder_discountTotal`, `purchaseOrder_totalAfterDiscount`, `purchaseOrder_roundAmount`, `purchaseOrder_grandTotalRound`, `purchaseOrder_roundStatus`, `purchaseOrder_content`, `purchaseOrder_purchaseBillID`, `purchaseOrder_purchaseBillNo`) VALUES
(1, 'PO/2023/001', '2023-03-01', 51, '', '', '<p><strong>Purchase Order Terms</strong></p><ol><li>PO terms annd te ther day</li><li>f.) Hirer have to issue the Purchase Order before we can proceed the job.</li></ol>', 'Mr Balvinder Singh', 'ahsn_90@gmail.com', '132.49', '0.00', '132.49', '0.00', '132.49', '0.00', '132.49', 0, '', 3, 'PB/2023/003'),
(2, 'PO/2023/002', '2023-03-01', 74, '', '', '<p><strong>Purchase Order Terms</strong></p><ol><li>PO terms annd te ther day</li><li>f.) Hirer have to issue the Purchase Order before we can proceed the job.</li></ol>', '', '', '2000.00', '0.00', '2000.00', '0.00', '2000.00', '0.00', '2000.00', 0, '', 0, ''),
(3, 'PO/2023/003', '2023-03-01', 3, '', '', '<p><strong>Purchase Order Terms</strong></p><ol><li>PO terms annd te ther day</li><li>f.) Hirer have to issue the Purchase Order before we can proceed the job.</li></ol>', '', '', '3000.00', '0.00', '3000.00', '0.00', '3000.00', '0.00', '3000.00', 0, '', 0, ''),
(4, 'PO/2023/004', '2023-03-01', 67, '', '', '<p><strong>Purchase Order Terms</strong></p><ol><li>PO terms annd te ther day</li><li>f.) Hirer have to issue the Purchase Order before we can proceed the job.</li></ol>', 'Mr Ramachandrean', 'caresome_90@gmail.com', '5000.00', '0.00', '5000.00', '0.00', '5000.00', '0.00', '5000.00', 0, '', 5, 'PB/2023/004'),
(5, 'PO/2023/005', '2023-03-01', 92, '', '', '<p><strong>Purchase Order Terms</strong></p><ol><li>PO terms annd te ther day</li><li>f.) Hirer have to issue the Purchase Order before we can proceed the job.</li></ol>', '', '', '150.00', '0.00', '150.00', '0.00', '150.00', '0.00', '150.00', 0, '', 6, 'PB/2023/005'),
(6, 'PO/2023/006', '2023-03-01', 51, '', '', '<p><strong>Purchase Order Terms</strong></p><ol><li>PO terms annd te ther day</li><li>f.) Hirer have to issue the Purchase Order before we can proceed the job.</li></ol>', 'Mr Balvinder Singh', 'ahsn_90@gmail.com', '16.47', '0.23', '15.88', '0.82', '15.65', '0.00', '15.88', 0, '', 0, ''),
(7, 'PO/2023/007', '2023-03-01', 83, '', '', '<p><strong>Purchase Order Terms</strong></p><ol><li>PO terms annd te ther day</li><li>f.) Hirer have to issue the Purchase Order before we can proceed the job.</li></ol>', '', '', '1440.00', '0.00', '1440.00', '0.00', '1440.00', '0.00', '1440.00', 0, '', 0, ''),
(8, 'PO/2023/008', '2023-03-01', 51, '', '', '<p><strong>Purchase Order Terms</strong></p><ol><li>PO terms annd te ther day</li><li>f.) Hirer have to issue the Purchase Order before we can proceed the job.</li></ol>', 'Mr Balvinder Singh', 'ahsn_90@gmail.com', '177.49', '0.00', '177.49', '0.00', '177.49', '0.00', '177.49', 0, '', 0, ''),
(9, 'PO/2023/009', '2023-03-01', 75, '', '', '<p><strong>Purchase Order Terms</strong></p><ol><li>PO terms annd te ther day</li><li>f.) Hirer have to issue the Purchase Order before we can proceed the job.</li></ol>', 'MR RAYMOND', '', '127.00', '0.00', '127.00', '0.00', '127.00', '0.00', '127.00', 0, '', 0, ''),
(10, 'PO/2023/010', '2023-03-01', 8, '', '', '<p><strong>Purchase Order Terms</strong></p><ol><li>PO terms annd te ther day</li><li>f.) Hirer have to issue the Purchase Order before we can proceed the job.</li></ol>', 'Hariharan', 'ayur_90@gmail.com', '127.00', '0.00', '127.00', '0.00', '127.00', '0.00', '127.00', 0, '', 0, ''),
(11, 'PO/2023/011', '2023-03-01', 76, '', '', '<p><strong>Purchase Order Terms</strong></p><ol><li>PO terms annd te ther day</li><li>f.) Hirer have to issue the Purchase Order before we can proceed the job.</li></ol>', 'SERI WAHYU RESINDENCE MANAGEMENT OFFICE', '', '1942.98', '0.00', '1942.98', '0.00', '1942.98', '0.00', '1942.98', 0, '', 7, 'PB/2023/006'),
(12, 'PO/2023/012', '2023-03-01', 81, '', '', '<p><strong>Purchase Order Terms</strong></p><ol><li>PO terms annd te ther day</li><li>f.) Hirer have to issue the Purchase Order before we can proceed the job.</li></ol>', '', '', '1192.98', '16.83', '1209.81', '0.00', '1192.98', '-0.01', '1209.80', 1, '', 0, ''),
(13, 'PO/2023/013', '2023-03-02', 40, '', '', '<p><strong>Purchase Order Terms</strong></p><ol><li>PO terms annd te ther day</li><li>f.) Hirer have to issue the Purchase Order before we can proceed the job.</li></ol>', 'MR RAMESH (DATOK)', '', '4172.00', '1309.00', '5472.99', '8.01', '4163.99', '0.01', '5473.00', 1, '', 0, ''),
(14, 'PO/2023/014', '2023-03-02', 8, '', '', '<p><strong>Purchase Order Terms</strong></p><ol><li>PO terms annd te ther day</li><li>f.) Hirer have to issue the Purchase Order before we can proceed the job.</li></ol>', 'Hariharan', 'ayur_90@gmail.com', '77.00', '0.00', '77.00', '0.00', '77.00', '0.00', '77.00', 0, '', 0, ''),
(15, 'PO/2023/015', '2023-03-02', 3, '', '', '<p><strong>Purchase Order Terms</strong></p><ol><li>PO terms annd te ther day</li><li>f.) Hirer have to issue the Purchase Order before we can proceed the job.</li></ol>', '', '', '6000.00', '0.00', '6000.00', '0.00', '6000.00', '0.00', '6000.00', 0, '', 0, ''),
(16, 'PO/2023/016', '2023-03-02', 51, '', '', '<p><strong>Purchase Order Terms</strong></p><ol><li>PO terms annd te ther day</li><li>f.) Hirer have to issue the Purchase Order before we can proceed the job.</li></ol>', 'Mr Balvinder Singh', 'ahsn_90@gmail.com', '8859.94', '101.25', '8211.19', '750.00', '8109.94', '0.00', '8211.19', 0, '', 0, ''),
(17, 'PO/2023/017', '2023-03-02', 76, '', '', '<p><strong>Purchase Order Terms</strong></p><ol><li>PO terms annd te ther day</li><li>f.) Hirer have to issue the Purchase Order before we can proceed the job.</li></ol>', 'SERI WAHYU RESINDENCE MANAGEMENT OFFICE', '', '474.45', '16.13', '490.58', '0.00', '474.45', '0.02', '490.60', 1, '', 0, ''),
(18, 'PO/2023/018', '2023-03-02', 81, '', '', '<p><strong>Purchase Order Terms</strong></p><ol><li>PO terms annd te ther day</li><li>f.) Hirer have to issue the Purchase Order before we can proceed the job.</li></ol>', '', '', '0.00', '0.00', '0.00', '0.00', '0.00', '0.00', '0.00', 0, '<p>testing</p>', 0, ''),
(19, 'PO/2023/019', '2023-03-03', 71, '', '', '<p><strong>Purchase Order Terms</strong></p><ol><li>PO terms annd te ther day</li><li>f.) Hirer have to issue the Purchase Order before we can proceed the job.</li></ol>', '', '', '1735.00', '0.00', '1735.00', '0.00', '1735.00', '0.00', '1735.00', 0, '', 0, ''),
(20, 'PO/2023/020', '2023-03-03', 93, 'Oncore Fleet Solution Version 3.0 Half Year Fee', '', '<p><strong>Purchase Order Terms</strong></p><ol><li>PO terms annd te ther day</li><li>f.) Hirer have to issue the Purchase Order before we can proceed the job.</li></ol>', 'MR ANAND MUNIANDY', 'info@rightontrack.com.my', '600.00', '0.00', '600.00', '0.00', '600.00', '0.00', '600.00', 0, '', 0, ''),
(21, 'PO/2023/021', '2023-03-05', 75, '', '', '<p><strong>Purchase Order Terms</strong></p><ol><li>PO terms annd te ther day</li><li>f.) Hirer have to issue the Purchase Order before we can proceed the job.</li></ol>', '', 'jumaatengineering@gmail.com', '888.00', '0.00', '888.00', '0.00', '888.00', '0.00', '888.00', 0, '', 0, ''),
(22, 'PO/2023/022', '2023-03-06', 12, '', '', '<p><strong>Purchase Order Terms</strong></p><ol><li>PO terms annd te ther day</li><li>f.) Hirer have to issue the Purchase Order before we can proceed the job.</li></ol>', 'Mr Paramisivam', 'berjaya_eara@yahoo.com', '99.00', '0.00', '99.00', '0.00', '99.00', '0.00', '99.00', 0, '', 0, ''),
(23, 'PO/2023/023', '2023-03-06', 11, '', '', '<p><strong>Purchase Order Terms</strong></p><ol><li>PO terms annd te ther day</li><li>f.) Hirer have to issue the Purchase Order before we can proceed the job.</li></ol>', 'reqdsdsd', '', '555.00', '0.00', '555.00', '0.00', '555.00', '0.00', '555.00', 0, '', 0, ''),
(24, 'PO/2023/024', '2023-03-06', 33, '', '', '<p><strong>Purchase Order Terms</strong></p><ol><li>PO terms annd te ther day</li><li>f.) Hirer have to issue the Purchase Order before we can proceed the job.</li></ol>', 'Hariharan', 'ayur_90@gmail.com', '2277.00', '0.00', '2277.00', '0.00', '2277.00', '0.00', '2277.00', 0, '', 0, ''),
(25, 'PO/2023/025', '2023-03-07', 51, '', '', '<p><strong>Purchase Order Terms</strong></p><ol><li>PO terms annd te ther day</li><li>f.) Hirer have to issue the Purchase Order before we can proceed the job.</li></ol>', 'undefined', 'ahsn_90@gmail.com', '267.45', '0.00', '267.45', '0.00', '267.45', '0.00', '267.45', 0, '', 0, ''),
(26, 'PO/2023/026', '2023-03-07', 11, '', '', '<p><strong>Purchase Order Terms</strong></p><ol><li>PO terms annd te ther day</li><li>f.) Hirer have to issue the Purchase Order before we can proceed the job.</li></ol>', 'Mr Saravanan', 'sara_98@hotmail.com', '2562.00', '703.80', '3265.80', '0.00', '2562.00', '0.00', '3265.80', 0, '', 0, ''),
(27, 'PO/2023/027', '2023-03-07', 67, '', '', '<p><strong>Purchase Order Terms</strong></p><ol><li>PO terms annd te ther day</li><li>f.) Hirer have to issue the Purchase Order before we can proceed the job.</li></ol>', 'Mr Ramachandrean', 'caresome_90@gmail.com', '6000.00', '0.00', '5400.00', '600.00', '5400.00', '0.00', '5400.00', 0, '', 0, ''),
(28, 'PO/2023/028', '2023-03-07', 23, '', '', '<p><strong>Purchase Order Terms</strong></p><ol><li>PO terms annd te ther day</li><li>f.) Hirer have to issue the Purchase Order before we can proceed the job.</li></ol>', '', '', '600.00', '0.00', '600.00', '0.00', '600.00', '0.00', '600.00', 0, '', 8, 'PB/2023/007'),
(29, 'PO/2023/029', '2023-03-09', 51, '', '', '<p><strong>Purchase Order Terms</strong></p><ol><li>PO terms annd te ther day</li><li>f.) Hirer have to issue the Purchase Order before we can proceed the job.</li></ol>', 'Mr Balvinder Singh', 'ahsn_90@gmail.com', '1277.00', '0.00', '1277.00', '0.00', '1277.00', '0.00', '1277.00', 0, '', 0, ''),
(30, 'PO/2023/030', '2023-03-08', 11, '', '', '<p><strong>Purchase Order Terms</strong></p><ol><li>PO terms annd te ther day</li><li>f.) Hirer have to issue the Purchase Order before we can proceed the job.</li></ol>', 'Mr Saravanan', 'sara_98@hotmail.com', '600.00', '0.00', '600.00', '0.00', '600.00', '0.00', '600.00', 0, '', 0, ''),
(31, 'PO/2023/031', '2023-03-09', 76, '', '', '<p><strong>Purchase Order Terms</strong></p><ol><li>PO terms annd te ther day</li><li>f.) Hirer have to issue the Purchase Order before we can proceed the job.</li></ol>', 'SERI WAHYU RESINDENCE MANAGEMENT OFFICE', '', '4177.00', '1.53', '4178.53', '0.00', '4177.00', '0.02', '4178.55', 1, '', 0, ''),
(32, 'PO/2023/032', '2023-03-09', 11, '', '', '<p><strong>Purchase Order Terms</strong></p><ol><li>PO terms annd te ther day</li><li>f.) Hirer have to issue the Purchase Order before we can proceed the job.</li></ol>', 'Mr Saravanan', 'sara_98@hotmail.com', '4177.00', '1.53', '4178.53', '0.00', '4177.00', '0.02', '4178.55', 1, '', 0, ''),
(33, 'PO/2023/033', '2023-03-11', 94, '', '', '<p><strong>Purchase Order Terms</strong></p><ol><li>PO terms annd te ther day</li><li>f.) Hirer have to issue the Purchase Order before we can proceed the job.</li></ol>', 'MR RAMESH / SHOBA', 'admin@clean_sewers.com', '333.00', '0.00', '333.00', '0.00', '333.00', '0.00', '333.00', 0, '', 0, ''),
(34, 'PO/2023/034', '2023-03-11', 54, '', '', '<p><strong>Purchase Order Terms</strong></p><ol><li>PO terms annd te ther day</li><li>f.) Hirer have to issue the Purchase Order before we can proceed the job.</li></ol>', 'Ms Faridah Binti Noor', '', '400.00', '0.00', '400.00', '0.00', '400.00', '0.00', '400.00', 0, '', 0, ''),
(35, 'PO/2023/035', '2023-03-11', 82, '', '', '<p><strong>Purchase Order Terms</strong></p><ol><li>PO terms annd te ther day</li><li>f.) Hirer have to issue the Purchase Order before we can proceed the job.</li></ol>', '', '', '0.00', '0.00', '0.00', '0.00', '0.00', '0.00', '0.00', 0, '', 0, ''),
(36, 'PO/2023/036', '2023-03-12', 76, '', '', '<p><strong>Purchase Order Terms</strong></p><ol><li>PO terms annd te ther day</li><li>f.) Hirer have to issue the Purchase Order before we can proceed the job.</li></ol>', 'SERI WAHYU RESINDENCE MANAGEMENT OFFICE', '', '900.00', '12.42', '840.42', '72.00', '828.00', '-0.02', '840.40', 1, '', 0, ''),
(37, 'PO/2023/037', '2023-03-12', 21, '', '', '<p><strong>Purchase Order Terms</strong></p><ol><li>PO terms annd te ther day</li><li>f.) Hirer have to issue the Purchase Order before we can proceed the job.</li></ol>', 'Madam Devi Nair', 'devi_epson@gmail.com', '900.00', '12.42', '840.42', '72.00', '828.00', '-0.02', '840.40', 1, '', 0, ''),
(38, 'PO/2023/038', '2023-03-12', 21, '', '', '<p><strong>Purchase Order Terms</strong></p><ol><li>PO terms annd te ther day</li><li>f.) Hirer have to issue the Purchase Order before we can proceed the job.</li></ol>', 'Madam Devi Nair', 'devi_epson@gmail.com', '1277.00', '0.00', '1277.00', '0.00', '1277.00', '0.00', '1277.00', 0, '', 0, ''),
(39, 'PO/2023/039', '2023-03-12', 51, 'PURCHASE OF MEDICINES FROM INDIA KERALA ( TY466663)', '', '<p><strong>Purchase Order Terms</strong></p><ol><li>PO terms annd te ther day</li><li>f.) Hirer have to issue the Purchase Order before we can proceed the job.</li></ol>', 'Mr Balvinder Singh', 'ahsn_90@gmail.com', '748.00', '53.75', '779.17', '22.58', '725.42', '-0.02', '779.15', 1, '<p>PLEASE SEND ALL THE MEDICINES AFTER CHECKING ALL EXPIRY DATES AND THE TRANSPORT CONDITIONS.</p><p>SEND TO PORT KLANG WAREHOUES 45B LOT 675</p>', 15, 'PB/2023/014'),
(40, 'PO/2023/040', '2023-03-12', 80, '', '', '<p><strong>Purchase Order Terms</strong></p><ol><li>PO terms annd te ther day</li><li>f.) Hirer have to issue the Purchase Order before we can proceed the job.</li></ol>', 'MR KAMARUDDING', '', '2998.00', '85.82', '2948.74', '135.08', '2862.92', '0.01', '2948.75', 1, '<p>PLEASE SEND ALL THE MEDICINES AFTER CHECKING ALL EXPIRY DATES AND THE TRANSPORT CONDITIONS.</p><p>SEND TO PORT KLANG WAREHOUES 45B LOT 675</p>', 11, 'PB/2023/010'),
(41, 'PO/2023/041', '2023-03-14', 94, '', '', '<p><strong>Purchase Order Terms</strong></p><ol><li>PO terms annd te ther day</li><li>f.) Hirer have to issue the Purchase Order before we can proceed the job.</li></ol>', 'MR RAMESH / SHOBA', 'admin@clean_sewers.com', '360.00', '0.00', '360.00', '0.00', '360.00', '0.00', '360.00', 0, '', 0, ''),
(42, 'PO/2023/042', '2023-03-14', 94, '', '', '<p><strong>Purchase Order Terms</strong></p><ol><li>PO terms annd te ther day</li><li>f.) Hirer have to issue the Purchase Order before we can proceed the job.</li></ol>', 'MR RAMESH / SHOBA', 'admin@clean_sewers.com', '484.00', '0.00', '484.00', '0.00', '484.00', '0.00', '484.00', 0, '', 0, ''),
(43, 'PO/2023/045', '2023-03-15', 82, '', '', '<p><strong>Purchase Order Terms</strong></p><ol><li>PO terms annd te ther day</li><li>f.) Hirer have to issue the Purchase Order before we can proceed the job.</li></ol>', '', '', '189.00', '0.00', '189.00', '0.00', '189.00', '0.00', '189.00', 0, '', 0, ''),
(44, 'PO/2023/046', '2023-03-15', 94, '', '', '<p><strong>Purchase Order Terms</strong></p><ol><li>PO terms annd te ther day</li><li>f.) Hirer have to issue the Purchase Order before we can proceed the job.</li></ol>', 'MR RAMESH / SHOBA', 'admin@clean_sewers.com', '6944.00', '0.00', '6944.00', '0.00', '6944.00', '0.00', '6944.00', 0, '', 0, ''),
(45, 'PO/2023/047', '2023-03-15', 21, '', '', '<p><strong>Purchase Order Terms</strong></p><ol><li>PO terms annd te ther day</li><li>f.) Hirer have to issue the Purchase Order before we can proceed the job.</li></ol>', 'Madam Devi Nair', 'devi_epson@gmail.com', '409.98', '0.00', '409.98', '0.00', '409.98', '0.00', '409.98', 0, '', 0, ''),
(46, 'PO/2023/048', '2023-03-16', 21, '', '', '<p><strong>Purchase Order Terms</strong></p><ol><li>PO terms annd te ther day</li><li>f.) Hirer have to issue the Purchase Order before we can proceed the job.</li></ol>', 'Madam Devi Nair', 'devi_epson@gmail.com', '148.49', '0.00', '148.49', '0.00', '148.49', '0.00', '148.49', 0, '', 0, ''),
(47, 'PO/2023/049', '2023-03-17', 76, 'DRAINAGE CLEANING AND OTHER RELATED WORKS', 'MR PREM ANAN', '<p><strong>Purchase Order Terms</strong></p><ol><li>PO terms annd te ther day</li><li>f.) Hirer have to issue the Purchase Order before we can proceed the job.</li></ol>', 'SERI WAHYU RESINDENCE MANAGEMENT OFFICE', '', '10647.00', '0.00', '10647.00', '0.00', '10647.00', '0.00', '10647.00', 0, '', 0, ''),
(48, 'PO/2023/050', '2023-03-17', 11, '', '', '<p><strong>Purchase Order Terms</strong></p><ol><li>PO terms annd te ther day</li><li>f.) Hirer have to issue the Purchase Order before we can proceed the job.</li></ol>', 'Mr Saravanan', 'sara_98@hotmail.com', '3445.00', '204.00', '3646.30', '2.70', '3442.30', '0.00', '3646.30', 0, '', 0, ''),
(49, 'PO/2023/051', '2023-03-17', 76, '', '', '<p><strong>Purchase Order Terms</strong></p><ol><li>PO terms annd te ther day</li><li>f.) Hirer have to issue the Purchase Order before we can proceed the job.</li></ol>', 'SERI WAHYU RESINDENCE MANAGEMENT OFFICE', '', '3522.00', '204.00', '3723.30', '2.70', '3519.30', '0.00', '3723.30', 0, '', 0, ''),
(50, 'PO/2023/052', '2023-03-18', 51, '', '', '<p><strong>Purchase Order Terms</strong></p><ol><li>PO terms annd te ther day</li><li>f.) Hirer have to issue the Purchase Order before we can proceed the job.</li></ol>', 'Mr Balvinder Singh', 'ahsn_90@gmail.com', '3522.00', '204.00', '3723.30', '2.70', '3519.30', '0.00', '3723.30', 0, '', 0, ''),
(51, 'PO/2023/053', '2023-03-18', 76, '', 'IN-0994045', '<p><strong>Purchase Order Terms</strong></p><ol><li>PO terms annd te ther day</li><li>f.) Hirer have to issue the Purchase Order before we can proceed the job.</li></ol>', 'SERI WAHYU RESINDENCE MANAGEMENT OFFICE', '', '4835.00', '0.00', '4835.00', '0.00', '4835.00', '0.00', '4835.00', 0, '', 20, 'PB/2023/019'),
(52, 'PO/2023/054', '2023-03-18', 11, '', '', '<p><strong>Purchase Order Terms</strong></p><ol><li>PO terms annd te ther day</li><li>f.) Hirer have to issue the Purchase Order before we can proceed the job.</li></ol>', 'Mr Saravanan', 'sara_98@hotmail.com', '3522.00', '204.00', '3723.30', '2.70', '3519.30', '0.00', '3723.30', 0, '', 0, ''),
(55, 'PO/2023/056', '2023-04-05', 35, '', '', '<p><strong>Purchase Order Terms</strong></p><ol><li>PO terms annd te ther day</li><li>f.) Hirer have to issue the Purchase Order before we can proceed the job.</li></ol>', 'MR DERICK', '', '5808.45', '3.04', '5811.49', '0.00', '5808.45', '0.00', '5811.49', 0, '', 0, ''),
(56, 'PO/2023/057', '2023-04-05', 94, '', '', '<p><strong>Purchase Order Terms</strong></p><ol><li>PO terms annd te ther day</li><li>f.) Hirer have to issue the Purchase Order before we can proceed the job.</li></ol>', 'MR RAMESH / SHOBA', 'admin@clean_sewers.com', '20708.45', '3.04', '20711.49', '0.00', '20708.45', '0.00', '20711.49', 0, '', 23, 'PB/2023/020'),
(57, 'PO/2023/058', '2023-04-05', 22, '', '', '<p><strong>Purchase Order Terms</strong></p><ol><li>PO terms annd te ther day</li><li>f.) Hirer have to issue the Purchase Order before we can proceed the job.</li></ol>', 'Mr Teng Ken Fatt', 'giant_selayang@gmail.com', '6708.45', '200.58', '6828.03', '81.00', '6627.45', '0.02', '6828.05', 1, '', 0, ''),
(58, 'PO/2023/059', '2023-04-05', 3, '', '', '<p><strong>Purchase Order Terms</strong></p><ol><li>PO terms annd te ther day</li><li>&nbsp;Hirer have to issue the Purchase Order before we can proceed the job.</li></ol>', 'Mr John Tan', 'american_88@hotmailcom', '11525.00', '216.96', '11603.46', '138.50', '11386.50', '-0.01', '11603.45', 1, '', 0, ''),
(59, 'PO/2023/060', '2023-04-05', 76, '', '', '<p><strong>Purchase Order Terms</strong></p><ol><li>PO terms annd te ther day</li><li>f.) Hirer have to issue the Purchase Order before we can proceed the job.</li></ol>', 'SERI WAHYU RESINDENCE MANAGEMENT OFFICE', '', '117.10', '0.00', '117.10', '0.00', '117.10', '0.00', '117.10', 0, '', 0, ''),
(60, 'PO/2023/061', '2023-04-06', 118, '', 'MR KENNY ONG', '<p><strong>Purchase Order Terms</strong></p><ol><li>PO terms annd te ther day</li><li>f.) Hirer have to issue the Purchase Order before we can proceed the job.</li></ol>', '', 'desa_90@gmail.com', '3583.10', '26.84', '3605.78', '4.16', '3578.95', '0.02', '3605.80', 1, '', 0, ''),
(61, 'PO/2023/062', '2023-04-07', 156, '', '', '<p><strong>Purchase Order Terms</strong></p><ol><li>PO terms annd te ther day</li><li>f.) Hirer have to issue the Purchase Order before we can proceed the job.</li></ol>', '', '', '0.00', '0.00', '0.00', '0.00', '0.00', '0.00', '0.00', 0, '', 0, ''),
(62, 'PO/2023/063', '2023-04-07', 84, '', '', '<p><strong>Purchase Order Terms</strong></p><ol><li>PO terms annd te ther day</li><li>f.) Hirer have to issue the Purchase Order before we can proceed the job.</li></ol>', '', '', '0.00', '0.00', '0.00', '0.00', '0.00', '0.00', '0.00', 0, '', 0, ''),
(63, 'PO/2023/064', '2023-04-07', 158, '', '', '<p><strong>Purchase Order Terms</strong></p><ol><li>PO terms annd te ther day</li><li>&nbsp;Hirer have to issue the Purchase Order before we can proceed the job.</li></ol>', '', '', '11525.00', '216.96', '11603.46', '138.50', '11386.50', '-0.01', '11603.45', 1, '', 0, ''),
(64, 'PO/2023/065', '2023-04-07', 74, '', '', '<p><strong>Purchase Order Terms</strong></p><ol><li>PO terms annd te ther day</li><li>&nbsp;Hirer have to issue the Purchase Order before we can proceed the job.</li></ol>', 'Mr Anamalai', 'alagapas@hotmail.com', '11525.00', '216.96', '11603.46', '138.50', '11386.50', '-0.01', '11603.45', 1, '', 0, ''),
(66, 'PO/2023/066', '2023-04-07', 94, '', '', '<p><strong>Purchase Order Terms</strong></p><ol><li>PO terms annd te ther day</li><li>f.) Hirer have to issue the Purchase Order before we can proceed the job.</li></ol>', 'MR RAMESH / SHOBA', 'admin@clean_sewers.com', '34.00', '0.00', '34.00', '0.00', '34.00', '0.00', '34.00', 0, '', 0, ''),
(67, 'PO/2023/067', '2023-04-07', 59, '', '', '<p><strong>Purchase Order Terms</strong></p><ol><li>PO terms annd te ther day</li><li>f.) Hirer have to issue the Purchase Order before we can proceed the job.</li></ol>', 'Vegan - Building Manager', 'manager.rianagreen@gmail.com', '0.00', '0.00', '0.00', '0.00', '0.00', '0.00', '0.00', 0, '', 0, ''),
(68, 'PO/2023/068', '2023-04-07', 93, '', '', '<p><strong>Purchase Order Terms</strong></p><ol><li>PO terms annd te ther day</li><li>&nbsp;Hirer have to issue the Purchase Order before we can proceed the job.</li></ol>', '', 'info@rightontrack.com.my', '11525.00', '216.96', '11603.46', '138.50', '11386.50', '-0.01', '11603.45', 1, '', 0, ''),
(69, 'PO/2023/069', '2023-04-07', 166, '', '', '<p><strong>Purchase Order Terms</strong></p><ol><li>PO terms annd te ther day</li><li>f.) Hirer have to issue the Purchase Order before we can proceed the job.</li></ol>', '', '', '0.00', '0.00', '0.00', '0.00', '0.00', '0.00', '0.00', 0, '', 0, ''),
(70, 'PO/2023/070', '2023-04-07', 169, '', '', '<p><strong>Purchase Order Terms</strong></p><ol><li>PO terms annd te ther day</li><li>f.) Hirer have to issue the Purchase Order before we can proceed the job.</li></ol>', '', '', '60.00', '0.00', '60.00', '0.00', '60.00', '0.00', '60.00', 0, '', 0, ''),
(71, 'PO/2023/071', '2023-04-07', 132, '', '', '<p><strong>Purchase Order Terms</strong></p><ol><li>PO terms annd te ther day</li><li>f.) Hirer have to issue the Purchase Order before we can proceed the job.</li></ol>', 'MR ALI KAMARUDDIN', 'care@iwk.com.my', '3987.55', '185.64', '4173.19', '0.00', '3987.55', '0.01', '4173.20', 1, '', 0, ''),
(72, 'PO/2023/072', '2023-04-07', 82, '', 'MR SUHU', '<p><strong>Purchase Order Terms</strong></p><ol><li>PO terms annd te ther day</li><li>f.) Hirer have to issue the Purchase Order before we can proceed the job.</li></ol>', 'MR BALAN', '', '3441.55', '0.00', '3441.55', '0.00', '3441.55', '0.00', '3441.55', 0, '', 0, ''),
(73, 'PO/2023/073', '2023-04-07', 170, '', '', '<p><strong>Purchase Order Terms</strong></p><ol><li>PO terms annd te ther day</li><li>f.) Hirer have to issue the Purchase Order before we can proceed the job.</li></ol>', '', '', '17163.55', '0.00', '17163.55', '0.00', '17163.55', '0.00', '17163.55', 0, '', 0, ''),
(74, 'PO/2023/074', '2023-04-07', 171, '', '', '<p><strong>Purchase Order Terms</strong></p><ol><li>PO terms annd te ther day</li><li>f.) Hirer have to issue the Purchase Order before we can proceed the job.</li></ol>', '', '', '999.00', '0.00', '999.00', '0.00', '999.00', '0.00', '999.00', 0, '', 0, ''),
(75, 'PO/2023/075', '2023-04-07', 172, '', '', '<p><strong>Purchase Order Terms</strong></p><ol><li>PO terms annd te ther day</li><li>f.) Hirer have to issue the Purchase Order before we can proceed the job.</li></ol>', 'MR LEE SOOK KENG', '', '17163.55', '0.00', '17163.55', '0.00', '17163.55', '0.00', '17163.55', 0, '', 0, ''),
(76, 'PO/2023/076', '2023-04-07', 178, '', '', '<p><strong>Purchase Order Terms</strong></p><ol><li>PO terms annd te ther day</li><li>f.) Hirer have to issue the Purchase Order before we can proceed the job.</li></ol>', 'SUHUMARAN', 'suhupriya@gmail.com', '941.55', '0.00', '941.55', '0.00', '941.55', '0.00', '941.55', 0, '', 0, ''),
(77, 'PO/2023/077', '2023-04-07', 185, '', '', '<p><strong>Purchase Order Terms</strong></p><ol><li>PO terms annd te ther day</li><li>f.) Hirer have to issue the Purchase Order before we can proceed the job.</li></ol>', 'MR JOBS', '', '1075.55', '16.74', '1042.29', '50.00', '1025.55', '0.01', '1042.30', 1, '', 0, ''),
(78, 'PO/2023/078', '2023-04-07', 94, '', '', '<p><strong>Purchase Order Terms</strong></p><ol><li>PO terms annd te ther day</li><li>&nbsp;Hirer have to issue the Purchase Order before we can proceed the job.</li></ol>', 'MR RAMESH / SHOBA', 'admin@clean_sewers.com', '11525.00', '216.96', '11603.46', '138.50', '11386.50', '-0.01', '11603.45', 1, '', 0, ''),
(79, 'PO/2023/079', '2023-04-07', 187, '', '', '<p><strong>Purchase Order Terms</strong></p><ol><li>PO terms annd te ther day</li><li>&nbsp;Hirer have to issue the Purchase Order before we can proceed the job.</li></ol>', '', '', '11525.00', '216.96', '11603.46', '138.50', '11386.50', '-0.01', '11603.45', 1, '', 0, ''),
(80, 'PO/2023/080', '2023-04-07', 189, '', '', '<p><strong>Purchase Order Terms</strong></p><ol><li>PO terms annd te ther day</li><li>f.) Hirer have to issue the Purchase Order before we can proceed the job.</li></ol>', 'SUHUMARAN DURAISAMY', '', '560.00', '0.00', '532.00', '28.00', '532.00', '0.00', '532.00', 0, '', 25, 'PB/2023/022'),
(81, 'PO/2023/081', '2023-04-07', 190, '', '', '<p><strong>Purchase Order Terms</strong></p><ol><li>PO terms annd te ther day</li><li>f.) Hirer have to issue the Purchase Order before we can proceed the job.</li></ol>', 'MDM LOGES', '', '3441.55', '2.49', '3444.04', '0.00', '3441.55', '0.01', '3444.05', 1, '', 0, ''),
(82, 'PO/2023/082', '2023-04-07', 191, '', '', '<p><strong>Purchase Order Terms</strong></p><ol><li>PO terms annd te ther day</li><li>f.) Hirer have to issue the Purchase Order before we can proceed the job.</li></ol>', 'SISTER ENDA', 'sister_assunta@hotmail.com', '941.55', '0.00', '941.55', '0.00', '941.55', '0.00', '941.55', 0, '', 0, ''),
(83, 'PO/2023/083', '2023-04-07', 76, '', '', '<p><strong>Purchase Order Terms</strong></p><ol><li>PO terms annd te ther day</li><li>f.) Hirer have to issue the Purchase Order before we can proceed the job.</li></ol>', 'SERI WAHYU RESINDENCE MANAGEMENT OFFICE', '', '941.55', '0.00', '941.55', '0.00', '941.55', '0.00', '941.55', 0, '', 0, ''),
(84, 'PO/2023/084', '2023-04-08', 147, '', '', '<p><strong>Purchase Order Terms</strong></p><ol><li>PO terms annd te ther day</li><li>f.) Hirer have to issue the Purchase Order before we can proceed the job.</li></ol>', '', '', '900.00', '0.00', '900.00', '0.00', '900.00', '0.00', '900.00', 0, '', 0, ''),
(85, 'PO/2023/085', '2023-04-08', 193, '', '', '<p><strong>Purchase Order Terms</strong></p><ol><li>PO terms annd te ther day</li><li>f.) Hirer have to issue the Purchase Order before we can proceed the job.</li></ol>', 'MR HARIHAREN', 'hari@gmail.com', '941.55', '0.00', '941.55', '0.00', '941.55', '0.00', '941.55', 0, '', 0, ''),
(86, 'PO/2023/086', '2023-04-08', 94, '', '', '<p><strong>Purchase Order Terms</strong></p><ol><li>PO terms annd te ther day</li><li>f.) Hirer have to issue the Purchase Order before we can proceed the job.</li></ol>', 'MR RAMESH / SHOBA', 'admin@clean_sewers.com', '3496.55', '0.00', '3496.55', '0.00', '3496.55', '0.00', '3496.55', 0, '', 0, ''),
(87, 'PO/2023/087', '2023-04-08', 195, '', '', '<p><strong>Purchase Order Terms</strong></p><ol><li>PO terms annd te ther day</li><li>f.) Hirer have to issue the Purchase Order before we can proceed the job.</li></ol>', 'ENCIK RAHMAN MOHD', 'sepang@gov.com.my', '941.55', '0.00', '941.55', '0.00', '941.55', '0.00', '941.55', 0, '', 0, ''),
(88, 'PO/2023/088', '2023-04-08', 196, '', '', '<p><strong>Purchase Order Terms</strong></p><ol><li>PO terms annd te ther day</li><li>f.) Hirer have to issue the Purchase Order before we can proceed the job.</li></ol>', 'DOCTOR GANESH', 'ganesh_doctor@gmail.com', '3541.55', '0.00', '3541.55', '0.00', '3541.55', '0.00', '3541.55', 0, '', 0, ''),
(89, 'PO/2023/089', '2023-04-08', 93, '', 'SUHUMARAN', '<p><strong>Purchase Order Terms</strong></p><ol><li>PO terms annd te ther day</li><li>f.) Hirer have to issue the Purchase Order before we can proceed the job.</li></ol>', 'MS FATIMAH AHMAD', 'info@rightontrack.com.my', '2840.00', '170.40', '3010.40', '0.00', '2840.00', '0.00', '3010.40', 0, '', 0, ''),
(90, 'PO/2023/090', '2023-04-17', 94, '', '', '<p><strong>Purchase Order Terms</strong></p><ol><li>PO terms annd te ther day</li><li>f.) Hirer have to issue the Purchase Order before we can proceed the job.</li></ol>', 'MR RAMESH / SHOBA', 'admin@clean_sewers.com', '5155.00', '224.37', '4963.87', '415.50', '4739.50', '-0.02', '4963.85', 1, '', 27, 'PB/2023/024'),
(91, 'PO/2023/091', '2022-12-05', 207, '', '', '<p><strong>Purchase Order Terms</strong></p><ol><li>PO terms annd te ther day</li><li>f.) Hirer have to issue the Purchase Order before we can proceed the job.</li></ol>', 'MR KADIR', '', '5155.00', '224.37', '4963.87', '415.50', '4739.50', '-0.02', '4963.85', 1, '', 0, ''),
(92, 'PO/2023/092', '2022-06-13', 94, '', '', '<p><strong>Purchase Order Terms</strong></p><ol><li>PO terms annd te ther day</li><li>f.) Hirer have to issue the Purchase Order before we can proceed the job.</li></ol>', 'MR RAMESH / SHOBA', 'admin@clean_sewers.com', '7596.55', '224.37', '7405.42', '415.50', '7181.05', '-0.02', '7405.40', 1, '', 0, ''),
(93, 'PO/2023/100', '2023-04-25', 11, '', '', '<p><strong>Purchase Order Terms</strong></p><ol><li>PO terms annd te ther day</li><li>f.) Hirer have to issue the Purchase Order before we can proceed the job.</li></ol>', 'Mr Saravanan', 'sara_98@hotmail.com', '888.50', '0.00', '888.50', '0.00', '888.50', '0.00', '888.50', 0, '', 29, 'PB/2023/026'),
(94, 'PO/2023/101', '2023-05-01', 118, '', '', '<p><strong>Purchase Order Terms</strong></p><ol><li>PO terms annd te ther day</li><li>f.) Hirer have to issue the Purchase Order before we can proceed the job.</li></ol>', '', '', '1000.00', '95.00', '1045.00', '50.00', '950.00', '0.00', '1045.00', 0, '', 34, 'PB/2023/031'),
(95, 'PO/2023/102', '2023-05-01', 202, '', '', '<p><strong>Purchase Order Terms</strong></p><ol><li>PO terms annd te ther day</li><li>f.) Hirer have to issue the Purchase Order before we can proceed the job.</li></ol>', 'MADAM AISAH', 'aaa_insurance@gmail.com', '1000.00', '95.00', '1045.00', '50.00', '950.00', '0.00', '1045.00', 0, '', 38, 'PB/2023/035'),
(96, 'PO/2023/103', '2023-05-08', 22, '', '', '<p><strong>Purchase Order Terms</strong></p><ol><li>PO terms annd te ther day</li><li>f.) Hirer have to issue the Purchase Order before we can proceed the job.</li></ol>', 'Mr Teng Ken Fatt', 'giant_selayang@gmail.com', '569.00', '0.00', '569.00', '0.00', '569.00', '0.00', '569.00', 0, '', 39, 'PB/2023/036'),
(97, 'PO/2023/104', '2023-05-10', 18, '', '', '<p><strong>Purchase Order Terms</strong></p><ol><li>PO terms annd te ther day</li><li>f.) Hirer have to issue the Purchase Order before we can proceed the job.</li></ol>', 'ENCIK KAMARUDDIN', 'fn_malaysia@gmail.com', '4108.55', '0.00', '4108.55', '0.00', '4108.55', '0.00', '4108.55', 0, '', 40, 'PB/2023/037'),
(98, 'PO/2023/105', '2023-05-15', 225, 'PURCHASE ORDER FOR PHARMACY IN TELUK INTAN', '', '<p><strong>Purchase Order Terms</strong></p><ol><li>PO terms annd te ther day</li><li>f.) Hirer have to issue the Purchase Order before we can proceed the job.</li></ol>', '', '', '2000.00', '0.00', '2000.00', '0.00', '2000.00', '0.00', '2000.00', 0, '', 42, 'PB/2023/039'),
(99, 'PO/2023/106', '2023-05-29', 94, '', '', '<p><strong>Purchase Order Terms</strong></p><ol><li>PO terms annd te ther day</li><li>f.) Hirer have to issue the Purchase Order before we can proceed the job.</li></ol>', 'MR RAMESH / SHOBA', 'admin@clean_sewers.com', '700.00', '0.00', '700.00', '0.00', '700.00', '0.00', '700.00', 0, '', 43, 'PB/2023/040'),
(100, 'PO/2023/107', '2023-05-31', 167, '', '', '<p><strong>Purchase Order Terms</strong></p><ol><li>PO terms annd te ther day</li><li>f.) Hirer have to issue the Purchase Order before we can proceed the job.</li></ol>', '', '', '2000.00', '0.00', '2000.00', '0.00', '2000.00', '0.00', '2000.00', 0, '', 46, 'PB/2023/043'),
(101, 'PO/2023/108', '2023-06-09', 76, '', '', '<p><strong>Purchase Order Terms</strong></p><ol><li>PO terms annd te ther day</li><li>f.) Hirer have to issue the Purchase Order before we can proceed the job.</li></ol>', 'SERI WAHYU RESINDENCE MANAGEMENT OFFICE', '', '7873.10', '61.80', '7724.88', '210.02', '7663.08', '0.02', '7724.90', 1, '', 0, ''),
(102, 'PO/2023/109', '2023-06-09', 94, '', '', '<p><strong>Purchase Order Terms</strong></p><ol><li>PO terms annd te ther day</li><li>f.) Hirer have to issue the Purchase Order before we can proceed the job.</li></ol>', 'MR RAMESH / SHOBA', 'admin@clean_sewers.com', '7873.10', '61.80', '7724.88', '210.02', '7663.08', '0.02', '7724.90', 1, '', 0, '');

-- --------------------------------------------------------

--
-- Table structure for table `tbpurchaseorderdetail`
--

DROP TABLE IF EXISTS `tbpurchaseorderdetail`;
CREATE TABLE IF NOT EXISTS `tbpurchaseorderdetail` (
  `purchaseOrderDetail_id` int(11) NOT NULL AUTO_INCREMENT,
  `purchaseOrderDetail_purchaseOrderID` int(10) NOT NULL,
  `purchaseOrderDetail_no1` varchar(200) NOT NULL,
  `purchaseOrderDetail_no2` varchar(200) NOT NULL,
  `purchaseOrderDetail_no3` decimal(10,2) NOT NULL DEFAULT '0.00',
  `purchaseOrderDetail_no4` varchar(200) NOT NULL,
  `purchaseOrderDetail_bold` int(11) NOT NULL DEFAULT '0' COMMENT '0=normal, 1=bold',
  `purchaseOrderDetail_sortID` int(2) NOT NULL DEFAULT '0',
  `purchaseOrderDetail_no5` decimal(10,2) NOT NULL DEFAULT '0.00',
  `purchaseOrderDetail_rowTotal` decimal(10,2) NOT NULL DEFAULT '0.00',
  `purchaseOrderDetail_taxRateID` int(10) NOT NULL DEFAULT '0',
  `purchaseOrderDetail_taxPercent` decimal(10,2) NOT NULL DEFAULT '0.00',
  `purchaseOrderDetail_taxTotal` decimal(10,2) NOT NULL DEFAULT '0.00',
  `purchaseOrderDetail_rowGrandTotal` decimal(10,2) NOT NULL DEFAULT '0.00',
  `purchaseOrderDetail_discountPercent` decimal(10,2) NOT NULL DEFAULT '0.00',
  `purchaseOrderDetail_discountAmount` decimal(10,2) NOT NULL DEFAULT '0.00',
  `purchaseOrderDetail_rowTotalAfterDiscount` decimal(10,2) NOT NULL DEFAULT '0.00',
  PRIMARY KEY (`purchaseOrderDetail_id`)
) ENGINE=InnoDB AUTO_INCREMENT=1095 DEFAULT CHARSET=latin1;

--
-- Dumping data for table `tbpurchaseorderdetail`
--

INSERT INTO `tbpurchaseorderdetail` (`purchaseOrderDetail_id`, `purchaseOrderDetail_purchaseOrderID`, `purchaseOrderDetail_no1`, `purchaseOrderDetail_no2`, `purchaseOrderDetail_no3`, `purchaseOrderDetail_no4`, `purchaseOrderDetail_bold`, `purchaseOrderDetail_sortID`, `purchaseOrderDetail_no5`, `purchaseOrderDetail_rowTotal`, `purchaseOrderDetail_taxRateID`, `purchaseOrderDetail_taxPercent`, `purchaseOrderDetail_taxTotal`, `purchaseOrderDetail_rowGrandTotal`, `purchaseOrderDetail_discountPercent`, `purchaseOrderDetail_discountAmount`, `purchaseOrderDetail_rowTotalAfterDiscount`) VALUES
(6, 2, '', '', '0.00', '', 0, 1, '1000.00', '1000.00', 1, '0.00', '0.00', '1000.00', '0.00', '0.00', '1000.00'),
(7, 2, '', '', '0.00', '', 0, 2, '1000.00', '1000.00', 1, '0.00', '0.00', '1000.00', '0.00', '0.00', '1000.00'),
(8, 2, '', '', '0.00', '', 0, 3, '0.00', '0.00', 1, '0.00', '0.00', '0.00', '0.00', '0.00', '0.00'),
(9, 2, '', '', '0.00', '', 0, 4, '0.00', '0.00', 1, '0.00', '0.00', '0.00', '0.00', '0.00', '0.00'),
(10, 2, '', '', '0.00', '', 0, 5, '0.00', '0.00', 1, '0.00', '0.00', '0.00', '0.00', '0.00', '0.00'),
(16, 3, '', '', '0.00', '', 0, 1, '1000.00', '1000.00', 1, '0.00', '0.00', '1000.00', '0.00', '0.00', '1000.00'),
(17, 3, '', '', '0.00', '', 0, 2, '2000.00', '2000.00', 1, '0.00', '0.00', '2000.00', '0.00', '0.00', '2000.00'),
(18, 3, '', '', '0.00', '', 0, 3, '0.00', '0.00', 1, '0.00', '0.00', '0.00', '0.00', '0.00', '0.00'),
(19, 3, '', '', '0.00', '', 0, 4, '0.00', '0.00', 1, '0.00', '0.00', '0.00', '0.00', '0.00', '0.00'),
(20, 3, '', '', '0.00', '', 0, 5, '0.00', '0.00', 1, '0.00', '0.00', '0.00', '0.00', '0.00', '0.00'),
(21, 4, '', '', '0.00', '', 0, 1, '5000.00', '5000.00', 1, '0.00', '0.00', '5000.00', '0.00', '0.00', '5000.00'),
(22, 4, '', '', '0.00', '', 0, 2, '0.00', '0.00', 1, '0.00', '0.00', '0.00', '0.00', '0.00', '0.00'),
(23, 4, '', '', '0.00', '', 0, 3, '0.00', '0.00', 1, '0.00', '0.00', '0.00', '0.00', '0.00', '0.00'),
(24, 4, '', '', '0.00', '', 0, 4, '0.00', '0.00', 1, '0.00', '0.00', '0.00', '0.00', '0.00', '0.00'),
(25, 4, '', '', '0.00', '', 0, 5, '0.00', '0.00', 1, '0.00', '0.00', '0.00', '0.00', '0.00', '0.00'),
(26, 5, '', 'Jetting Works and Clear blockages with rodder machine', '30.00', 'unit', 0, 1, '5.00', '150.00', 1, '0.00', '0.00', '150.00', '0.00', '0.00', '150.00'),
(27, 5, '', '', '0.00', '', 0, 2, '0.00', '0.00', 1, '0.00', '0.00', '0.00', '0.00', '0.00', '0.00'),
(28, 5, '', '', '0.00', '', 0, 3, '0.00', '0.00', 1, '0.00', '0.00', '0.00', '0.00', '0.00', '0.00'),
(29, 5, '', '', '0.00', '', 0, 4, '0.00', '0.00', 1, '0.00', '0.00', '0.00', '0.00', '0.00', '0.00'),
(30, 5, '', '', '0.00', '', 0, 5, '0.00', '0.00', 1, '0.00', '0.00', '0.00', '0.00', '0.00', '0.00'),
(41, 6, '', 'Curry Puff Flour 1.8kg', '3.00', 'packet', 0, 1, '5.49', '16.47', 6, '1.50', '0.23', '15.88', '5.00', '0.82', '15.65'),
(42, 6, '', 'LABOUR TO REPLACE PARTS & SERVICE', '0.00', '', 1, 2, '0.00', '0.00', 1, '0.00', '0.00', '0.00', '0.00', '0.00', '0.00'),
(43, 6, '', '', '0.00', '', 0, 3, '0.00', '0.00', 1, '0.00', '0.00', '0.00', '0.00', '0.00', '0.00'),
(44, 6, '', '', '0.00', '', 0, 4, '0.00', '0.00', 1, '0.00', '0.00', '0.00', '0.00', '0.00', '0.00'),
(45, 6, '', '', '0.00', '', 0, 5, '0.00', '0.00', 1, '0.00', '0.00', '0.00', '0.00', '0.00', '0.00'),
(59, 8, '1', 'A4 Bahasa Malaysia Exam papers9', '0.00', 'pcs', 0, 1, '5.49', '5.49', 1, '0.00', '0.00', '5.49', '0.00', '0.00', '5.49'),
(60, 8, '2', 'LABOUR TO REPLACE PARTS & SERVICE', '0.00', '', 0, 2, '45.00', '45.00', 1, '0.00', '0.00', '45.00', '0.00', '0.00', '45.00'),
(61, 8, '3', 'Desludging Tanker 10 cubic metres (Cina Made)', '0.00', 'units', 0, 3, '77.00', '77.00', 1, '0.00', '0.00', '77.00', '0.00', '0.00', '77.00'),
(62, 8, '', 'NOKIA CHARGER TYPE CARBON 4598BK', '0.00', '', 1, 4, '0.00', '0.00', 1, '0.00', '0.00', '0.00', '0.00', '0.00', '0.00'),
(63, 8, '1', 'Jetting Works and Clear blockages with rodder machine', '0.00', 'unit', 0, 5, '5.00', '5.00', 1, '0.00', '0.00', '5.00', '0.00', '0.00', '5.00'),
(64, 8, '2', 'Screw made in taiwan 67 size', '0.00', '', 0, 6, '0.00', '0.00', 1, '0.00', '0.00', '0.00', '0.00', '0.00', '0.00'),
(65, 8, '', 'Transport', '0.00', '', 1, 7, '0.00', '0.00', 1, '0.00', '0.00', '0.00', '0.00', '0.00', '0.00'),
(66, 8, '1', 'Chicken Eggs \r\nMount Road Poulty Farm', '0.00', '', 0, 8, '45.00', '45.00', 1, '0.00', '0.00', '45.00', '0.00', '0.00', '45.00'),
(67, 9, '', 'Jetting Works and Clear blockages with rodder machine', '0.00', 'unit', 1, 1, '5.00', '5.00', 1, '0.00', '0.00', '5.00', '0.00', '0.00', '5.00'),
(68, 9, '', 'Latest we have also include the salary range RM 4000.00  RM 5000.00 into Socso table as instructed by PERKESO. Previously it was maximum calculation until RM 4000.00 only.', '0.00', '', 0, 2, '0.00', '0.00', 1, '0.00', '0.00', '0.00', '0.00', '0.00', '0.00'),
(69, 9, '', 'LABOUR TO REPLACE PARTS & SERVICE', '0.00', '', 0, 3, '45.00', '45.00', 1, '0.00', '0.00', '45.00', '0.00', '0.00', '45.00'),
(70, 9, '', 'Screw made in taiwan 67 size', '0.00', '', 1, 4, '0.00', '0.00', 1, '0.00', '0.00', '0.00', '0.00', '0.00', '0.00'),
(71, 9, '', 'Desludging Tanker 10 cubic metres (Cina Made)', '0.00', 'units', 1, 5, '77.00', '77.00', 1, '0.00', '0.00', '77.00', '0.00', '0.00', '77.00'),
(77, 10, '', 'Jetting Works and Clear blockages with rodder machine', '0.00', 'unit', 1, 1, '5.00', '5.00', 1, '0.00', '0.00', '5.00', '0.00', '0.00', '5.00'),
(78, 10, '', 'Latest we have also include the salary range RM 4000.00  RM 5000.00 into Socso table as instructed by PERKESO. Previously it was maximum calculation until RM 4000.00 only. This information please s', '0.00', '', 0, 2, '0.00', '0.00', 1, '0.00', '0.00', '0.00', '0.00', '0.00', '0.00'),
(79, 10, '', 'LABOUR TO REPLACE PARTS & SERVICE', '0.00', '', 0, 3, '45.00', '45.00', 1, '0.00', '0.00', '45.00', '0.00', '0.00', '45.00'),
(80, 10, '', 'Screw made in taiwan 67 size', '0.00', '', 1, 4, '0.00', '0.00', 1, '0.00', '0.00', '0.00', '0.00', '0.00', '0.00'),
(81, 10, '', 'Desludging Tanker 10 cubic metres (Cina Made)', '0.00', 'units', 1, 5, '77.00', '77.00', 1, '0.00', '0.00', '77.00', '0.00', '0.00', '77.00'),
(141, 1, '', 'Desludging Tanker 10 cubic metres (Cina Made)', '0.00', 'units', 0, 1, '77.00', '77.00', 1, '0.00', '0.00', '77.00', '0.00', '0.00', '77.00'),
(142, 1, '', 'Latest we have also include the salary range RM 4000.00  RM 5000.00 into Socso table as instructed by PERKESO. Previously it was maximum calculation until RM 4000.00 only.', '0.00', '', 0, 2, '0.00', '0.00', 1, '0.00', '0.00', '0.00', '0.00', '0.00', '0.00'),
(143, 1, '', 'LABOUR TO REPLACE PARTS & SERVICE', '0.00', '', 1, 3, '0.00', '0.00', 1, '0.00', '0.00', '0.00', '0.00', '0.00', '0.00'),
(144, 1, '', 'A4 Bahasa Malaysia Exam papers9', '0.00', 'pcs', 0, 4, '5.49', '5.49', 1, '0.00', '0.00', '5.49', '0.00', '0.00', '5.49'),
(145, 1, '', 'NOKIA CHARGER TYPE CARBON 4598BK', '0.00', 'UNIT', 0, 5, '50.00', '50.00', 1, '0.00', '0.00', '50.00', '0.00', '0.00', '50.00'),
(156, 12, '1.', 'Please send all the warehouse goods to Port Klang', '0.00', '', 1, 1, '0.00', '0.00', 6, '1.50', '0.00', '0.00', '0.00', '0.00', '0.00'),
(157, 12, 'a.', 'A4 Bahasa Malaysia Exam papers9', '2.00', 'pcs', 1, 2, '5.49', '10.98', 1, '0.00', '0.00', '10.98', '0.00', '0.00', '10.98'),
(158, 12, 'b.', 'Jetting Works and Clear blockages with rodder machine', '12.00', 'unit', 0, 3, '5.00', '60.00', 1, '0.00', '0.00', '60.00', '0.00', '0.00', '60.00'),
(159, 12, 'c.', 'Teak Wood furniture sofa chair', '33.00', '', 0, 4, '34.00', '1122.00', 6, '1.50', '16.83', '1138.83', '0.00', '0.00', '1122.00'),
(160, 12, 'd.', 'Latest we have also include the salary range RM 4000.00  RM 5000.00 into Socso table as instructed by PERKESO. Previously it was maximum calculation until RM 4000.00 only.', '6.00', '', 0, 5, '0.00', '0.00', 1, '0.00', '0.00', '0.00', '0.00', '0.00', '0.00'),
(161, 12, '', '', '0.00', '', 0, 6, '0.00', '0.00', 1, '0.00', '0.00', '0.00', '0.00', '0.00', '0.00'),
(162, 12, '', '', '0.00', '', 0, 7, '0.00', '0.00', 1, '0.00', '0.00', '0.00', '0.00', '0.00', '0.00'),
(163, 12, '', 'Latest we have also include the salary range RM 4000.00  RM 5000.00 into Socso table as instructed by PERKESO. Previously it was maximum calculation until RM 4000.00 only.', '0.00', '', 1, 8, '0.00', '0.00', 1, '0.00', '0.00', '0.00', '0.00', '0.00', '0.00'),
(164, 13, '', 'LABOUR TO REPLACE PARTS & SERVICE', '0.00', '', 1, 1, '0.00', '0.00', 1, '0.00', '0.00', '0.00', '0.00', '0.00', '0.00'),
(165, 13, '', 'NOKIA CHARGER TYPE CARBON 4598BK', '5.00', 'UNIT', 0, 2, '50.00', '250.00', 4, '34.00', '85.00', '335.00', '0.00', '0.00', '250.00'),
(166, 13, '', 'Screw Holland made 6 type', '0.00', '', 0, 3, '55.00', '55.00', 1, '0.00', '0.00', '55.00', '0.00', '0.00', '55.00'),
(167, 13, '', 'AUTOMATIC TRANSMISSION FLUID', '3.00', 'unit', 0, 4, '89.00', '267.00', 1, '0.00', '0.00', '258.99', '3.00', '8.01', '258.99'),
(168, 13, '', 'TOP RADIATOR HOSE ORIGINAL', '12.00', 'litres', 0, 5, '300.00', '3600.00', 4, '34.00', '1224.00', '4824.00', '0.00', '0.00', '3600.00'),
(169, 14, '', 'Desludging Tanker 10 cubic metres (Cina Made)', '0.00', 'units', 0, 1, '77.00', '77.00', 1, '0.00', '0.00', '77.00', '0.00', '0.00', '77.00'),
(170, 14, '', 'Latest we have also include the salary range RM 4000.00  RM 5000.00 into Socso table as instructed by PERKESO. Previously it was maximum calculation until RM 4000.00 only. All the next issue can be', '0.00', '', 0, 2, '0.00', '0.00', 1, '0.00', '0.00', '0.00', '0.00', '0.00', '0.00'),
(171, 14, '', '', '0.00', '', 0, 3, '0.00', '0.00', 1, '0.00', '0.00', '0.00', '0.00', '0.00', '0.00'),
(172, 14, '', '', '0.00', '', 0, 4, '0.00', '0.00', 1, '0.00', '0.00', '0.00', '0.00', '0.00', '0.00'),
(173, 14, '', '', '0.00', '', 0, 5, '0.00', '0.00', 1, '0.00', '0.00', '0.00', '0.00', '0.00', '0.00'),
(174, 7, '1', 'LABOUR TO REPLACE PARTS & SERVICE', '0.00', '', 1, 1, '45.00', '45.00', 1, '0.00', '0.00', '45.00', '0.00', '0.00', '45.00'),
(175, 7, '', 'Jetting Works and Clear blockages with rodder machine', '0.00', 'unit', 0, 2, '5.00', '5.00', 1, '0.00', '0.00', '5.00', '0.00', '0.00', '5.00'),
(176, 7, '', '', '0.00', '', 0, 3, '0.00', '0.00', 1, '0.00', '0.00', '0.00', '0.00', '0.00', '0.00'),
(177, 7, '2', 'MOTOROLLA HANDPHONE MODEL X-9', '0.00', 'unit', 1, 4, '1340.00', '1340.00', 1, '0.00', '0.00', '1340.00', '0.00', '0.00', '1340.00'),
(178, 7, '3', 'NOKIA CHARGER TYPE CARBON 4598BK', '0.00', 'UNIT', 1, 5, '50.00', '50.00', 1, '0.00', '0.00', '50.00', '0.00', '0.00', '50.00'),
(179, 7, '', '', '0.00', '', 0, 6, '0.00', '0.00', 1, '0.00', '0.00', '0.00', '0.00', '0.00', '0.00'),
(180, 7, '', '', '0.00', '', 0, 7, '0.00', '0.00', 1, '0.00', '0.00', '0.00', '0.00', '0.00', '0.00'),
(181, 7, '', 'Latest we have also include the salary range RM 4000.00  RM 5000.00 into Socso table as instructed by PERKESO. Previously it was maximum calculation until RM 4000.00 only.', '0.00', '', 0, 8, '0.00', '0.00', 1, '0.00', '0.00', '0.00', '0.00', '0.00', '0.00'),
(192, 15, '1.', 'Cut the tree and dispose all the branches into the Roro industrial bin. Compulsory for the write off and see its final verrsoion\r\nPrice quoted including disposal rates at authorised site.', '0.00', '', 0, 1, '6000.00', '6000.00', 1, '0.00', '0.00', '6000.00', '0.00', '0.00', '6000.00'),
(193, 15, '', 'ncacvavcaxv xvv dvda vwdvdvdvjhvjhdvj for this reason and its not normal fnq fkbfjdb b bd gg\r\nd gdgbdkbgdsb gdbgbgsd g\r\n\r\n\r\n\r\n\r\n\r\n\r\n\r\n\r\n\r\n\r\n\r\ngd gadsg d', '0.00', '', 0, 2, '0.00', '0.00', 1, '0.00', '0.00', '0.00', '0.00', '0.00', '0.00'),
(194, 15, '', '', '0.00', '', 0, 3, '0.00', '0.00', 1, '0.00', '0.00', '0.00', '0.00', '0.00', '0.00'),
(195, 15, '', '', '0.00', '', 0, 4, '0.00', '0.00', 1, '0.00', '0.00', '0.00', '0.00', '0.00', '0.00'),
(196, 15, '', '', '0.00', '', 0, 5, '0.00', '0.00', 1, '0.00', '0.00', '0.00', '0.00', '0.00', '0.00'),
(209, 11, '1', 'Jetting Works and Clear blockages with rodder machine', '2.00', 'unit', 0, 1, '5.00', '10.00', 1, '0.00', '0.00', '10.00', '0.00', '0.00', '10.00'),
(210, 11, '2', 'A4 Bahasa Malaysia Exam papers9', '2.00', 'pcs', 0, 2, '5.49', '10.98', 1, '0.00', '0.00', '10.98', '0.00', '0.00', '10.98'),
(211, 11, '3', 'NOKIA CHARGER TYPE CARBON 4598BK', '1.00', 'UNIT', 1, 3, '50.00', '50.00', 1, '0.00', '0.00', '50.00', '0.00', '0.00', '50.00'),
(212, 11, '4', 'Desludging Tanker 10 cubic metres (Cina Made)', '1.00', 'units', 0, 4, '77.00', '77.00', 1, '0.00', '0.00', '77.00', '0.00', '0.00', '77.00'),
(213, 11, '5', 'NOKIA CHARGER TYPE CARBON 4598BK', '0.00', 'UNIT', 0, 5, '50.00', '50.00', 1, '0.00', '0.00', '50.00', '0.00', '0.00', '50.00'),
(214, 11, '5', 'MOTOROLLA HANDPHONE MODEL X-9', '0.00', 'unit', 1, 6, '1340.00', '1340.00', 1, '0.00', '0.00', '1340.00', '0.00', '0.00', '1340.00'),
(215, 11, '1', 'Screw Holland made 6 type', '0.00', '', 0, 7, '55.00', '55.00', 1, '0.00', '0.00', '55.00', '0.00', '0.00', '55.00'),
(216, 11, '2', 'NOKIA CHARGER TYPE CARBON 4598BK', '0.00', 'UNIT', 0, 8, '50.00', '50.00', 1, '0.00', '0.00', '50.00', '0.00', '0.00', '50.00'),
(217, 11, '3', 'TOP RADIATOR HOSE ORIGINAL', '0.00', '', 0, 9, '300.00', '300.00', 1, '0.00', '0.00', '300.00', '0.00', '0.00', '300.00'),
(218, 11, '', '', '0.00', '', 0, 10, '0.00', '0.00', 1, '0.00', '0.00', '0.00', '0.00', '0.00', '0.00'),
(219, 11, '', '', '0.00', '', 0, 11, '0.00', '0.00', 1, '0.00', '0.00', '0.00', '0.00', '0.00', '0.00'),
(220, 11, '', '', '0.00', '', 0, 12, '0.00', '0.00', 1, '0.00', '0.00', '0.00', '0.00', '0.00', '0.00'),
(268, 17, '1', 'Latest we have also include the salary range RM 4000.00  RM 5000.00 into Socso table as instructed by PERKESO. Previously it was maximum calculation until RM 4000.00 only.', '0.00', '', 1, 1, '0.00', '0.00', 1, '0.00', '0.00', '0.00', '0.00', '0.00', '0.00'),
(269, 17, '2', 'Electrical Cable Malaysia Made', '5.00', 'pc', 0, 2, '9.49', '47.45', 4, '34.00', '16.13', '63.58', '0.00', '0.00', '47.45'),
(270, 17, '3', 'Desludging Tanker 10 cubic metres (Cina Made)', '0.00', 'units', 1, 3, '77.00', '77.00', 1, '0.00', '0.00', '77.00', '0.00', '0.00', '77.00'),
(271, 17, '4', 'NOKIA CHARGER TYPE CARBON 4598BK', '0.00', 'UNIT', 0, 4, '50.00', '50.00', 1, '0.00', '0.00', '50.00', '0.00', '0.00', '50.00'),
(272, 17, '5', 'TOP RADIATOR HOSE ORIGINAL', '0.00', '', 0, 5, '300.00', '300.00', 1, '0.00', '0.00', '300.00', '0.00', '0.00', '300.00'),
(274, 18, '', '', '0.00', '', 0, 1, '0.00', '0.00', 1, '0.00', '0.00', '0.00', '0.00', '0.00', '0.00'),
(275, 18, '', '', '0.00', '', 0, 2, '0.00', '0.00', 1, '0.00', '0.00', '0.00', '0.00', '0.00', '0.00'),
(276, 18, '', '', '0.00', '', 0, 3, '0.00', '0.00', 1, '0.00', '0.00', '0.00', '0.00', '0.00', '0.00'),
(277, 18, '', '', '0.00', '', 0, 4, '0.00', '0.00', 1, '0.00', '0.00', '0.00', '0.00', '0.00', '0.00'),
(278, 18, '', '', '0.00', '', 0, 5, '0.00', '0.00', 1, '0.00', '0.00', '0.00', '0.00', '0.00', '0.00'),
(279, 18, '', '', '0.00', '', 0, 6, '0.00', '0.00', 1, '0.00', '0.00', '0.00', '0.00', '0.00', '0.00'),
(280, 18, '', '', '0.00', '', 0, 7, '0.00', '0.00', 1, '0.00', '0.00', '0.00', '0.00', '0.00', '0.00'),
(281, 19, '', 'LABOUR TO REPLACE PARTS & SERVICE', '0.00', '', 1, 1, '45.00', '45.00', 1, '0.00', '0.00', '45.00', '0.00', '0.00', '45.00'),
(282, 19, '', 'Latest we have also include the salary range RM 4000.00  RM 5000.00 into Socso table as instructed by PERKESO. Previously it was maximum calculation until RM 4000.00 only.', '0.00', '', 0, 2, '0.00', '0.00', 1, '0.00', '0.00', '0.00', '0.00', '0.00', '0.00'),
(283, 19, '', 'MOTOROLLA HANDPHONE MODEL X-9', '0.00', 'unit', 0, 3, '1340.00', '1340.00', 1, '0.00', '0.00', '1340.00', '0.00', '0.00', '1340.00'),
(284, 19, '', 'TOP RADIATOR HOSE ORIGINAL', '0.00', '', 0, 4, '300.00', '300.00', 1, '0.00', '0.00', '300.00', '0.00', '0.00', '300.00'),
(285, 19, '', 'NOKIA CHARGER TYPE CARBON 4598BK', '0.00', 'UNIT', 0, 5, '50.00', '50.00', 1, '0.00', '0.00', '50.00', '0.00', '0.00', '50.00'),
(286, 19, '', '', '0.00', '', 0, 6, '0.00', '0.00', 1, '0.00', '0.00', '0.00', '0.00', '0.00', '0.00'),
(287, 19, '', '', '0.00', '', 0, 7, '0.00', '0.00', 1, '0.00', '0.00', '0.00', '0.00', '0.00', '0.00'),
(295, 16, '1.', 'Jetting Works', '0.00', '', 1, 1, '0.00', '0.00', 1, '0.00', '0.00', '0.00', '10.00', '0.00', '0.00'),
(296, 16, 'a.', 'Use Jetter Truck machine for the jetting sewerage Pipe works.', '0.00', 'l/s', 0, 2, '7500.00', '7500.00', 6, '1.50', '101.25', '6851.25', '10.00', '750.00', '6750.00'),
(297, 16, 'b.', 'Jetting uses very high pressure work flow to clear the pipes of all blockages and dirt.\r\nThe complete package is valid for 14 days only from date issued.', '0.00', '', 0, 3, '0.00', '0.00', 1, '0.00', '0.00', '0.00', '0.00', '0.00', '0.00'),
(298, 16, '2.', 'Labour', '0.00', '', 1, 4, '0.00', '0.00', 1, '0.00', '0.00', '0.00', '0.00', '0.00', '0.00'),
(299, 16, 'a.', 'Supply skilled labour and tools including materials', '0.00', '', 0, 5, '1350.45', '1350.45', 1, '0.00', '0.00', '1350.45', '0.00', '0.00', '1350.45'),
(300, 16, 'b.', 'All the staff have CIDB, SPAN and other relevant Licences.\r\nPlease check with the company for further information.\r\nAll the business is legal and IWK Compliant.', '0.00', '', 0, 6, '0.00', '0.00', 1, '0.00', '0.00', '0.00', '0.00', '0.00', '0.00'),
(301, 16, 'c.', 'Electrical Cable Malaysia Made', '0.00', 'pc', 0, 7, '9.49', '9.49', 1, '0.00', '0.00', '9.49', '0.00', '0.00', '9.49'),
(302, 16, '', '', '0.00', '', 0, 8, '0.00', '0.00', 1, '0.00', '0.00', '0.00', '0.00', '0.00', '0.00'),
(303, 16, '', '', '0.00', '', 0, 9, '0.00', '0.00', 1, '0.00', '0.00', '0.00', '0.00', '0.00', '0.00'),
(304, 20, '', 'RENTAL OPTION', '0.00', '', 1, 1, '0.00', '0.00', 1, '0.00', '0.00', '0.00', '0.00', '0.00', '0.00'),
(305, 20, '', 'Contract Renewal\r\n6 - Month Subscription Fee\r\nSubscription Date : March 2023 - August 2023', '0.00', '', 0, 2, '0.00', '0.00', 1, '0.00', '0.00', '0.00', '0.00', '0.00', '0.00'),
(306, 20, '', 'Vehicle List:', '0.00', '', 1, 3, '0.00', '0.00', 1, '0.00', '0.00', '0.00', '0.00', '0.00', '0.00'),
(307, 20, '1.', 'WEN 9196 (139)', '1.00', 'unit', 0, 4, '300.00', '300.00', 1, '0.00', '0.00', '300.00', '0.00', '0.00', '300.00'),
(308, 20, '2.', 'MDB 9196 (140)', '1.00', 'unit', 0, 5, '300.00', '300.00', 1, '0.00', '0.00', '300.00', '0.00', '0.00', '300.00'),
(309, 20, '', '', '0.00', '', 0, 6, '0.00', '0.00', 1, '0.00', '0.00', '0.00', '0.00', '0.00', '0.00'),
(310, 20, '', '', '0.00', '', 0, 7, '0.00', '0.00', 1, '0.00', '0.00', '0.00', '0.00', '0.00', '0.00'),
(311, 20, '', '', '0.00', '', 0, 8, '0.00', '0.00', 1, '0.00', '0.00', '0.00', '0.00', '0.00', '0.00'),
(312, 20, '', '', '0.00', '', 0, 9, '0.00', '0.00', 1, '0.00', '0.00', '0.00', '0.00', '0.00', '0.00'),
(313, 20, '', '', '0.00', '', 0, 10, '0.00', '0.00', 1, '0.00', '0.00', '0.00', '0.00', '0.00', '0.00'),
(314, 21, '', '', '0.00', '', 0, 1, '888.00', '888.00', 1, '0.00', '0.00', '888.00', '0.00', '0.00', '888.00'),
(315, 21, '', '', '0.00', '', 0, 2, '0.00', '0.00', 1, '0.00', '0.00', '0.00', '0.00', '0.00', '0.00'),
(316, 21, '', '', '0.00', '', 0, 3, '0.00', '0.00', 1, '0.00', '0.00', '0.00', '0.00', '0.00', '0.00'),
(317, 21, '', '', '0.00', '', 0, 4, '0.00', '0.00', 1, '0.00', '0.00', '0.00', '0.00', '0.00', '0.00'),
(318, 21, '', '', '0.00', '', 0, 5, '0.00', '0.00', 1, '0.00', '0.00', '0.00', '0.00', '0.00', '0.00'),
(319, 22, '', '', '0.00', '', 0, 1, '99.00', '99.00', 1, '0.00', '0.00', '99.00', '0.00', '0.00', '99.00'),
(320, 22, '', '', '0.00', '', 0, 2, '0.00', '0.00', 1, '0.00', '0.00', '0.00', '0.00', '0.00', '0.00'),
(321, 22, '', '', '0.00', '', 0, 3, '0.00', '0.00', 1, '0.00', '0.00', '0.00', '0.00', '0.00', '0.00'),
(322, 22, '', '', '0.00', '', 0, 4, '0.00', '0.00', 1, '0.00', '0.00', '0.00', '0.00', '0.00', '0.00'),
(323, 22, '', '', '0.00', '', 0, 5, '0.00', '0.00', 1, '0.00', '0.00', '0.00', '0.00', '0.00', '0.00'),
(324, 23, '', '', '0.00', '', 0, 1, '555.00', '555.00', 1, '0.00', '0.00', '555.00', '0.00', '0.00', '555.00'),
(325, 23, '', '', '0.00', '', 0, 2, '0.00', '0.00', 1, '0.00', '0.00', '0.00', '0.00', '0.00', '0.00'),
(326, 23, '', '', '0.00', '', 0, 3, '0.00', '0.00', 1, '0.00', '0.00', '0.00', '0.00', '0.00', '0.00'),
(327, 23, '', '', '0.00', '', 0, 4, '0.00', '0.00', 1, '0.00', '0.00', '0.00', '0.00', '0.00', '0.00'),
(328, 23, '', '', '0.00', '', 0, 5, '0.00', '0.00', 1, '0.00', '0.00', '0.00', '0.00', '0.00', '0.00'),
(329, 24, '', '', '0.00', '', 0, 1, '700.00', '700.00', 1, '0.00', '0.00', '700.00', '0.00', '0.00', '700.00'),
(330, 24, '', '', '0.00', '', 0, 2, '800.00', '800.00', 1, '0.00', '0.00', '800.00', '0.00', '0.00', '800.00'),
(331, 24, '', '', '0.00', '', 0, 3, '777.00', '777.00', 1, '0.00', '0.00', '777.00', '0.00', '0.00', '777.00'),
(332, 24, '', '', '0.00', '', 0, 4, '0.00', '0.00', 1, '0.00', '0.00', '0.00', '0.00', '0.00', '0.00'),
(333, 24, '', '', '0.00', '', 0, 5, '0.00', '0.00', 1, '0.00', '0.00', '0.00', '0.00', '0.00', '0.00'),
(334, 25, '', 'Latest we have also include the salary range RM 4000.00  RM 5000.00 into Socso table as instructed by PERKESO. Previously it was maximum calculation until RM 4000.00 only.', '5.00', '', 0, 1, '0.00', '0.00', 1, '0.00', '0.00', '0.00', '0.00', '0.00', '0.00'),
(335, 25, '', 'Screw Holland made 6 type', '4.00', '', 1, 2, '55.00', '220.00', 1, '0.00', '0.00', '220.00', '0.00', '0.00', '220.00'),
(336, 25, '', '', '0.00', '', 0, 3, '0.00', '0.00', 1, '0.00', '0.00', '0.00', '0.00', '0.00', '0.00'),
(337, 25, '', '', '0.00', '', 0, 4, '0.00', '0.00', 1, '0.00', '0.00', '0.00', '0.00', '0.00', '0.00'),
(338, 25, '', 'Electrical Cable Malaysia Made', '5.00', 'pc', 0, 5, '9.49', '47.45', 1, '0.00', '0.00', '47.45', '0.00', '0.00', '47.45'),
(344, 26, '1', 'LABOUR TO REPLACE PARTS & SERVICE', '3.00', '', 1, 1, '45.00', '135.00', 1, '0.00', '0.00', '135.00', '0.00', '0.00', '135.00'),
(345, 26, '2', 'NOKIA CHARGER TYPE CARBON 4598BK', '4.00', 'UNIT', 0, 2, '50.00', '200.00', 1, '0.00', '0.00', '200.00', '0.00', '0.00', '200.00'),
(346, 26, '3', 'Latest we have also include the salary range RM 4000.00  RM 5000.00 into Socso table as instructed by PERKESO. Previously it was maximum calculation until RM 4000.00 only.', '3.00', '', 0, 3, '690.00', '2070.00', 4, '34.00', '703.80', '2773.80', '0.00', '0.00', '2070.00'),
(347, 26, '4', 'Teak Wood furniture sofa chair', '3.00', '', 0, 4, '34.00', '102.00', 1, '0.00', '0.00', '102.00', '0.00', '0.00', '102.00'),
(348, 26, '5', 'Screw Holland made 6 type', '1.00', '', 0, 5, '55.00', '55.00', 1, '0.00', '0.00', '55.00', '0.00', '0.00', '55.00'),
(349, 27, '', '', '0.00', '', 0, 1, '6000.00', '6000.00', 1, '0.00', '0.00', '5400.00', '10.00', '600.00', '5400.00'),
(350, 27, '', '', '0.00', '', 0, 2, '0.00', '0.00', 1, '0.00', '0.00', '0.00', '0.00', '0.00', '0.00'),
(351, 27, '', '', '0.00', '', 0, 3, '0.00', '0.00', 1, '0.00', '0.00', '0.00', '0.00', '0.00', '0.00'),
(352, 27, '', '', '0.00', '', 0, 4, '0.00', '0.00', 1, '0.00', '0.00', '0.00', '0.00', '0.00', '0.00'),
(353, 27, '', '', '0.00', '', 0, 5, '0.00', '0.00', 1, '0.00', '0.00', '0.00', '0.00', '0.00', '0.00'),
(354, 28, '', 'RENTAL OPTION', '0.00', '', 1, 1, '0.00', '0.00', 1, '0.00', '0.00', '0.00', '0.00', '0.00', '0.00'),
(355, 28, '', 'Contract Renewal\r\n6 - Month Subscription Fee\r\nSubscription Date : March 2023 - August 2023', '0.00', '', 0, 2, '0.00', '0.00', 1, '0.00', '0.00', '0.00', '0.00', '0.00', '0.00'),
(356, 28, '', 'Vehicle List:', '0.00', '', 1, 3, '0.00', '0.00', 1, '0.00', '0.00', '0.00', '0.00', '0.00', '0.00'),
(357, 28, '1.', 'WEN 9196 (139)', '1.00', 'unit', 0, 4, '300.00', '300.00', 1, '0.00', '0.00', '300.00', '0.00', '0.00', '300.00'),
(358, 28, '2.', 'MDB 9196 (140)', '1.00', 'unit', 0, 5, '300.00', '300.00', 1, '0.00', '0.00', '300.00', '0.00', '0.00', '300.00'),
(359, 28, '', '', '0.00', '', 0, 6, '0.00', '0.00', 1, '0.00', '0.00', '0.00', '0.00', '0.00', '0.00'),
(360, 28, '', '', '0.00', '', 0, 7, '0.00', '0.00', 1, '0.00', '0.00', '0.00', '0.00', '0.00', '0.00'),
(361, 28, '', '', '0.00', '', 0, 8, '0.00', '0.00', 1, '0.00', '0.00', '0.00', '0.00', '0.00', '0.00'),
(362, 28, '', '', '0.00', '', 0, 9, '0.00', '0.00', 1, '0.00', '0.00', '0.00', '0.00', '0.00', '0.00'),
(363, 28, '', '', '0.00', '', 0, 10, '0.00', '0.00', 1, '0.00', '0.00', '0.00', '0.00', '0.00', '0.00'),
(364, 29, '1', 'LABOUR TO REPLACE PARTS & SERVICE', '11.00', '', 1, 1, '45.00', '495.00', 1, '0.00', '0.00', '495.00', '0.00', '0.00', '495.00'),
(365, 29, '', '', '0.00', '', 0, 2, '0.00', '0.00', 1, '0.00', '0.00', '0.00', '0.00', '0.00', '0.00'),
(366, 29, '', '', '0.00', '', 0, 3, '0.00', '0.00', 1, '0.00', '0.00', '0.00', '0.00', '0.00', '0.00'),
(367, 29, '', '', '0.00', '', 0, 4, '0.00', '0.00', 1, '0.00', '0.00', '0.00', '0.00', '0.00', '0.00'),
(368, 29, '2', 'Teak Wood furniture sofa chair', '23.00', '', 0, 5, '34.00', '782.00', 1, '0.00', '0.00', '782.00', '0.00', '0.00', '782.00'),
(369, 30, '', 'RENTAL OPTION', '0.00', '', 1, 1, '0.00', '0.00', 1, '0.00', '0.00', '0.00', '0.00', '0.00', '0.00'),
(370, 30, '', 'Contract Renewal\r\n6 - Month Subscription Fee\r\nSubscription Date : March 2023 - August 2023', '0.00', '', 0, 2, '0.00', '0.00', 1, '0.00', '0.00', '0.00', '0.00', '0.00', '0.00'),
(371, 30, '', 'Vehicle List:', '0.00', '', 1, 3, '0.00', '0.00', 1, '0.00', '0.00', '0.00', '0.00', '0.00', '0.00'),
(372, 30, '1.', 'WEN 9196 (139)', '1.00', 'unit', 0, 4, '300.00', '300.00', 1, '0.00', '0.00', '300.00', '0.00', '0.00', '300.00'),
(373, 30, '2.', 'MDB 9196 (140)', '1.00', 'unit', 0, 5, '300.00', '300.00', 1, '0.00', '0.00', '300.00', '0.00', '0.00', '300.00'),
(374, 30, '', '', '0.00', '', 0, 6, '0.00', '0.00', 1, '0.00', '0.00', '0.00', '0.00', '0.00', '0.00'),
(375, 30, '', '', '0.00', '', 0, 7, '0.00', '0.00', 1, '0.00', '0.00', '0.00', '0.00', '0.00', '0.00'),
(376, 30, '', '', '0.00', '', 0, 8, '0.00', '0.00', 1, '0.00', '0.00', '0.00', '0.00', '0.00', '0.00'),
(377, 30, '', '', '0.00', '', 0, 9, '0.00', '0.00', 1, '0.00', '0.00', '0.00', '0.00', '0.00', '0.00'),
(378, 30, '', '', '0.00', '', 0, 10, '0.00', '0.00', 1, '0.00', '0.00', '0.00', '0.00', '0.00', '0.00'),
(379, 31, '1', 'MOTOROLLA HANDPHONE MODEL X-9', '3.00', 'unit', 0, 1, '1340.00', '4020.00', 1, '0.00', '0.00', '4020.00', '0.00', '0.00', '4020.00'),
(380, 31, '2', 'Teak Wood furniture sofa chair', '3.00', '', 0, 2, '34.00', '102.00', 6, '1.50', '1.53', '103.53', '0.00', '0.00', '102.00'),
(381, 31, '3', 'Jetting Works and Clear blockages with rodder machine', '0.00', 'unit', 0, 3, '5.00', '5.00', 1, '0.00', '0.00', '5.00', '0.00', '0.00', '5.00'),
(382, 31, '4', 'NOKIA CHARGER TYPE CARBON 4598BK', '0.00', 'UNIT', 0, 4, '50.00', '50.00', 1, '0.00', '0.00', '50.00', '0.00', '0.00', '50.00'),
(383, 31, '', 'Latest we have also include the salary range RM 4000.00  RM 5000.00 into Socso table as instructed by PERKESO. Previously it was maximum calculation until RM 4000.00 only.', '0.00', '', 1, 5, '0.00', '0.00', 1, '0.00', '0.00', '0.00', '0.00', '0.00', '0.00'),
(384, 31, '', '', '0.00', '', 0, 6, '0.00', '0.00', 1, '0.00', '0.00', '0.00', '0.00', '0.00', '0.00'),
(385, 32, '1', 'MOTOROLLA HANDPHONE MODEL X-9', '3.00', 'unit', 0, 1, '1340.00', '4020.00', 1, '0.00', '0.00', '4020.00', '0.00', '0.00', '4020.00'),
(386, 32, '2', 'Teak Wood furniture sofa chair', '3.00', '', 0, 2, '34.00', '102.00', 6, '1.50', '1.53', '103.53', '0.00', '0.00', '102.00'),
(387, 32, '3', 'Jetting Works and Clear blockages with rodder machine', '0.00', 'unit', 0, 3, '5.00', '5.00', 1, '0.00', '0.00', '5.00', '0.00', '0.00', '5.00'),
(388, 32, '4', 'NOKIA CHARGER TYPE CARBON 4598BK', '0.00', 'UNIT', 0, 4, '50.00', '50.00', 1, '0.00', '0.00', '50.00', '0.00', '0.00', '50.00'),
(389, 32, '', 'Latest we have also include the salary range RM 4000.00  RM 5000.00 into Socso table as instructed by PERKESO. Previously it was maximum calculation until RM 4000.00 only.', '0.00', '', 1, 5, '0.00', '0.00', 1, '0.00', '0.00', '0.00', '0.00', '0.00', '0.00'),
(390, 32, '', '', '0.00', '', 0, 6, '0.00', '0.00', 1, '0.00', '0.00', '0.00', '0.00', '0.00', '0.00'),
(391, 33, '', '', '0.00', '', 0, 1, '333.00', '333.00', 1, '0.00', '0.00', '333.00', '0.00', '0.00', '333.00'),
(392, 33, '', '', '0.00', '', 0, 2, '0.00', '0.00', 1, '0.00', '0.00', '0.00', '0.00', '0.00', '0.00'),
(393, 33, '', '', '0.00', '', 0, 3, '0.00', '0.00', 1, '0.00', '0.00', '0.00', '0.00', '0.00', '0.00'),
(394, 33, '', '', '0.00', '', 0, 4, '0.00', '0.00', 1, '0.00', '0.00', '0.00', '0.00', '0.00', '0.00'),
(395, 33, '', '', '0.00', '', 0, 5, '0.00', '0.00', 1, '0.00', '0.00', '0.00', '0.00', '0.00', '0.00'),
(396, 34, '', '', '2.00', '', 0, 1, '200.00', '400.00', 1, '0.00', '0.00', '400.00', '0.00', '0.00', '400.00'),
(397, 34, '', '', '0.00', '', 0, 2, '0.00', '0.00', 1, '0.00', '0.00', '0.00', '0.00', '0.00', '0.00'),
(398, 34, '', '', '0.00', '', 0, 3, '0.00', '0.00', 1, '0.00', '0.00', '0.00', '0.00', '0.00', '0.00'),
(399, 34, '', '', '0.00', '', 0, 4, '0.00', '0.00', 1, '0.00', '0.00', '0.00', '0.00', '0.00', '0.00'),
(400, 34, '', '', '0.00', '', 0, 5, '0.00', '0.00', 1, '0.00', '0.00', '0.00', '0.00', '0.00', '0.00'),
(401, 35, '', '', '0.00', '', 0, 1, '0.00', '0.00', 1, '0.00', '0.00', '0.00', '0.00', '0.00', '0.00'),
(402, 35, '', '', '0.00', '', 0, 2, '0.00', '0.00', 1, '0.00', '0.00', '0.00', '0.00', '0.00', '0.00'),
(403, 35, '', '', '0.00', '', 0, 3, '0.00', '0.00', 1, '0.00', '0.00', '0.00', '0.00', '0.00', '0.00'),
(404, 35, '', '', '0.00', '', 0, 4, '0.00', '0.00', 1, '0.00', '0.00', '0.00', '0.00', '0.00', '0.00'),
(405, 35, '', '', '0.00', '', 0, 5, '0.00', '0.00', 1, '0.00', '0.00', '0.00', '0.00', '0.00', '0.00'),
(406, 36, '', '', '0.00', '', 0, 1, '0.00', '0.00', 2, '6.00', '0.00', '0.00', '0.00', '0.00', '0.00'),
(407, 36, '', '', '0.00', '', 0, 2, '900.00', '900.00', 6, '1.50', '12.42', '840.42', '8.00', '72.00', '828.00'),
(408, 36, '', '', '0.00', '', 0, 3, '0.00', '0.00', 2, '6.00', '0.00', '0.00', '0.00', '0.00', '0.00'),
(409, 36, '', '', '0.00', '', 0, 4, '0.00', '0.00', 5, '8.00', '0.00', '0.00', '0.00', '0.00', '0.00'),
(410, 36, '', '', '0.00', '', 0, 5, '0.00', '0.00', 1, '0.00', '0.00', '0.00', '0.00', '0.00', '0.00'),
(411, 37, '', '', '0.00', '', 0, 1, '0.00', '0.00', 2, '6.00', '0.00', '0.00', '0.00', '0.00', '0.00'),
(412, 37, '', '', '0.00', '', 0, 2, '900.00', '900.00', 6, '1.50', '12.42', '840.42', '8.00', '72.00', '828.00'),
(413, 37, '', '', '0.00', '', 0, 3, '0.00', '0.00', 2, '6.00', '0.00', '0.00', '0.00', '0.00', '0.00'),
(414, 37, '', '', '0.00', '', 0, 4, '0.00', '0.00', 5, '8.00', '0.00', '0.00', '0.00', '0.00', '0.00'),
(415, 37, '', '', '0.00', '', 0, 5, '0.00', '0.00', 1, '0.00', '0.00', '0.00', '0.00', '0.00', '0.00'),
(416, 38, '1', 'LABOUR TO REPLACE PARTS & SERVICE', '11.00', '', 1, 1, '45.00', '495.00', 1, '0.00', '0.00', '495.00', '0.00', '0.00', '495.00'),
(417, 38, '', '', '0.00', '', 0, 2, '0.00', '0.00', 1, '0.00', '0.00', '0.00', '0.00', '0.00', '0.00'),
(418, 38, '', '', '0.00', '', 0, 3, '0.00', '0.00', 1, '0.00', '0.00', '0.00', '0.00', '0.00', '0.00'),
(419, 38, '', '', '0.00', '', 0, 4, '0.00', '0.00', 1, '0.00', '0.00', '0.00', '0.00', '0.00', '0.00'),
(420, 38, '2', 'Teak Wood furniture sofa chair', '23.00', '', 0, 5, '34.00', '782.00', 1, '0.00', '0.00', '782.00', '0.00', '0.00', '782.00'),
(429, 39, '', 'TABLET', '0.00', '', 1, 1, '0.00', '0.00', 3, '10.00', '0.00', '0.00', '0.00', '0.00', '0.00'),
(430, 39, '1.', 'AUTOMATIC TRANSMISSION FLUID', '2.00', 'unit', 0, 2, '89.00', '178.00', 1, '0.00', '0.00', '167.32', '6.00', '10.68', '167.32'),
(431, 39, '2.', 'NOKIA CHARGER TYPE CARBON 4598BK', '2.00', 'UNIT', 0, 3, '50.00', '100.00', 1, '0.00', '0.00', '100.00', '0.00', '0.00', '100.00'),
(432, 39, '3.', 'Jetting Works and Clear blockages with rodder machine', '5.00', 'unit', 0, 4, '5.00', '25.00', 1, '0.00', '0.00', '25.00', '0.00', '0.00', '25.00'),
(433, 39, '', 'OINTMENT', '0.00', '', 1, 5, '0.00', '0.00', 1, '0.00', '0.00', '0.00', '0.00', '0.00', '0.00'),
(434, 39, '1.', 'Teak Wood furniture sofa chair', '5.00', '', 0, 6, '34.00', '170.00', 4, '34.00', '53.75', '211.85', '7.00', '11.90', '158.10'),
(435, 39, '2.', 'Screw Holland made 6 type', '5.00', '', 0, 7, '55.00', '275.00', 1, '0.00', '0.00', '275.00', '0.00', '0.00', '275.00'),
(436, 39, '', 'Latest we have also include the salary range RM 4000.00  RM 5000.00 into Socso table as instructed by PERKESO. Previously it was maximum calculation until RM 4000.00 only.', '13.00', '', 0, 8, '0.00', '0.00', 1, '0.00', '0.00', '0.00', '0.00', '0.00', '0.00'),
(437, 39, '', '', '0.00', '', 0, 9, '0.00', '0.00', 1, '0.00', '0.00', '0.00', '0.00', '0.00', '0.00'),
(438, 39, '', '', '0.00', '', 0, 10, '0.00', '0.00', 1, '0.00', '0.00', '0.00', '0.00', '0.00', '0.00'),
(439, 39, '', '', '0.00', '', 0, 11, '0.00', '0.00', 1, '0.00', '0.00', '0.00', '0.00', '0.00', '0.00'),
(440, 39, '', '', '0.00', '', 0, 12, '0.00', '0.00', 1, '0.00', '0.00', '0.00', '0.00', '0.00', '0.00'),
(441, 39, '', '', '0.00', '', 0, 13, '0.00', '0.00', 1, '0.00', '0.00', '0.00', '0.00', '0.00', '0.00'),
(442, 39, '', '', '0.00', '', 0, 14, '0.00', '0.00', 1, '0.00', '0.00', '0.00', '0.00', '0.00', '0.00'),
(471, 40, '1', 'TABLET', '45.00', 'pc', 1, 1, '50.00', '2250.00', 6, '1.50', '32.06', '2169.56', '5.00', '112.50', '2137.50'),
(472, 40, '1.', 'AUTOMATIC TRANSMISSION FLUID', '2.00', 'unit', 0, 2, '89.00', '178.00', 1, '0.00', '0.00', '167.32', '6.00', '10.68', '167.32'),
(473, 40, '2.', 'NOKIA CHARGER TYPE CARBON 4598BK', '2.00', 'UNIT', 0, 3, '50.00', '100.00', 1, '0.00', '0.00', '100.00', '0.00', '0.00', '100.00'),
(474, 40, '3.', 'Jetting Works and Clear blockages with rodder machine', '5.00', 'unit', 0, 4, '5.00', '25.00', 1, '0.00', '0.00', '25.00', '0.00', '0.00', '25.00'),
(475, 40, '', 'OINTMENT', '0.00', '', 1, 5, '0.00', '0.00', 1, '0.00', '0.00', '0.00', '0.00', '0.00', '0.00'),
(476, 40, '1.', 'Teak Wood furniture sofa chair', '5.00', '', 0, 6, '34.00', '170.00', 4, '34.00', '53.75', '211.85', '7.00', '11.90', '158.10'),
(477, 40, '2.', 'Screw Holland made 6 type', '5.00', '', 0, 7, '55.00', '275.00', 1, '0.00', '0.00', '275.00', '0.00', '0.00', '275.00'),
(478, 40, '', 'Latest we have also include the salary range RM 4000.00  RM 5000.00 into Socso table as instructed by PERKESO. Previously it was maximum calculation until RM 4000.00 only.', '13.00', '', 0, 8, '0.00', '0.00', 1, '0.00', '0.00', '0.00', '0.00', '0.00', '0.00'),
(479, 40, '', '', '0.00', '', 0, 9, '0.00', '0.00', 1, '0.00', '0.00', '0.00', '0.00', '0.00', '0.00'),
(480, 40, '', '', '0.00', '', 0, 10, '0.00', '0.00', 1, '0.00', '0.00', '0.00', '0.00', '0.00', '0.00'),
(481, 40, '', '', '0.00', '', 0, 11, '0.00', '0.00', 1, '0.00', '0.00', '0.00', '0.00', '0.00', '0.00'),
(482, 40, '', '', '0.00', '', 0, 12, '0.00', '0.00', 1, '0.00', '0.00', '0.00', '0.00', '0.00', '0.00'),
(483, 40, '', '', '0.00', '', 0, 13, '0.00', '0.00', 1, '0.00', '0.00', '0.00', '0.00', '0.00', '0.00'),
(484, 40, '', 'Latest we have also include the salary range RM 4000.00  RM 5000.00 into Socso table as instructed by PERKESO. Previously it was maximum calculation until RM 4000.00 only.', '0.00', '', 1, 14, '0.00', '0.00', 1, '0.00', '0.00', '0.00', '0.00', '0.00', '0.00'),
(485, 41, '', 'Chicken Eggs \r\nMount Road Poulty Farm', '8.00', '', 0, 1, '45.00', '360.00', 1, '0.00', '0.00', '360.00', '0.00', '0.00', '360.00'),
(486, 41, '', '', '0.00', '', 0, 2, '0.00', '0.00', 1, '0.00', '0.00', '0.00', '0.00', '0.00', '0.00'),
(487, 41, '', '', '0.00', '', 0, 3, '0.00', '0.00', 1, '0.00', '0.00', '0.00', '0.00', '0.00', '0.00'),
(488, 41, '', '', '0.00', '', 0, 4, '0.00', '0.00', 1, '0.00', '0.00', '0.00', '0.00', '0.00', '0.00'),
(489, 41, '', '', '0.00', '', 0, 5, '0.00', '0.00', 1, '0.00', '0.00', '0.00', '0.00', '0.00', '0.00'),
(490, 42, '', 'LABOUR TO REPLACE PARTS & SERVICE', '0.00', '', 0, 1, '45.00', '45.00', 1, '0.00', '0.00', '45.00', '0.00', '0.00', '45.00'),
(491, 42, '', 'NOKIA CHARGER TYPE CARBON 4598BK', '0.00', 'UNIT', 0, 2, '50.00', '50.00', 1, '0.00', '0.00', '50.00', '0.00', '0.00', '50.00'),
(492, 42, '', 'AUTOMATIC TRANSMISSION FLUID', '0.00', 'unit', 0, 3, '89.00', '89.00', 1, '0.00', '0.00', '89.00', '0.00', '0.00', '89.00'),
(493, 42, '', 'TOP RADIATOR HOSE ORIGINAL', '0.00', '', 0, 4, '300.00', '300.00', 1, '0.00', '0.00', '300.00', '0.00', '0.00', '300.00'),
(494, 42, '', '', '0.00', '', 0, 5, '0.00', '0.00', 1, '0.00', '0.00', '0.00', '0.00', '0.00', '0.00'),
(495, 43, '', 'AUTOMATIC TRANSMISSION FLUID', '0.00', 'unit', 0, 1, '89.00', '89.00', 1, '0.00', '0.00', '89.00', '0.00', '0.00', '89.00'),
(496, 43, '', 'Screw Holland made 6 type', '0.00', '', 0, 2, '55.00', '55.00', 1, '0.00', '0.00', '55.00', '0.00', '0.00', '55.00'),
(497, 43, '', 'LABOUR TO REPLACE PARTS & SERVICE', '0.00', '', 0, 3, '45.00', '45.00', 1, '0.00', '0.00', '45.00', '0.00', '0.00', '45.00'),
(498, 43, '', 'Latest we have also include the salary range RM 4000.00  RM 5000.00 into Socso table as instructed by PERKESO. Previously it was maximum calculation until RM 4000.00 only.', '0.00', '', 0, 4, '0.00', '0.00', 1, '0.00', '0.00', '0.00', '0.00', '0.00', '0.00'),
(499, 43, '', '', '0.00', '', 0, 5, '0.00', '0.00', 1, '0.00', '0.00', '0.00', '0.00', '0.00', '0.00'),
(500, 44, '', 'AUTOMATIC TRANSMISSION FLUID', '0.00', 'unit', 1, 1, '89.00', '89.00', 1, '0.00', '0.00', '89.00', '0.00', '0.00', '89.00'),
(501, 44, '', 'Screw Holland made 6 type', '0.00', '', 0, 2, '55.00', '55.00', 1, '0.00', '0.00', '55.00', '0.00', '0.00', '55.00'),
(502, 44, '', 'LABOUR TO REPLACE PARTS & SERVICE', '0.00', '', 0, 3, '45.00', '45.00', 1, '0.00', '0.00', '45.00', '0.00', '0.00', '45.00'),
(503, 44, '', 'Latest we have also include the salary range RM 4000.00  RM 5000.00 into Socso table as instructed by PERKESO. Previously it was maximum calculation until RM 4000.00 only.', '0.00', '', 0, 4, '0.00', '0.00', 1, '0.00', '0.00', '0.00', '0.00', '0.00', '0.00'),
(504, 44, '', 'Latest we have also include the salary range RM 4000.00  RM 5000.00 into Socso table as instructed by PERKESO. Previously it was maximum calculation until RM 4000.00 only.', '0.00', '', 0, 5, '0.00', '0.00', 1, '0.00', '0.00', '0.00', '0.00', '0.00', '0.00'),
(505, 44, '', 'Screw Holland made 6 type', '0.00', '', 0, 6, '55.00', '55.00', 1, '0.00', '0.00', '55.00', '0.00', '0.00', '55.00'),
(506, 44, '', 'MOTOROLLA HANDPHONE MODEL X-9', '5.00', 'unit', 0, 7, '1340.00', '6700.00', 1, '0.00', '0.00', '6700.00', '0.00', '0.00', '6700.00'),
(507, 45, '', 'Electrical Cable Malaysia Made', '0.00', 'pc', 0, 1, '9.49', '9.49', 1, '0.00', '0.00', '9.49', '0.00', '0.00', '9.49'),
(508, 45, '', 'A4 Bahasa Malaysia Exam papers9', '0.00', 'pcs', 0, 2, '5.49', '5.49', 1, '0.00', '0.00', '5.49', '0.00', '0.00', '5.49'),
(509, 45, '', 'Latest we have also include the salary range RM 4000.00  RM 5000.00 into Socso table as instructed by PERKESO. Previously it was maximum calculation until RM 4000.00 only.', '0.00', '', 0, 3, '0.00', '0.00', 1, '0.00', '0.00', '0.00', '0.00', '0.00', '0.00'),
(510, 45, '', 'LABOUR TO REPLACE PARTS & SERVICE', '0.00', '', 0, 4, '45.00', '45.00', 1, '0.00', '0.00', '45.00', '0.00', '0.00', '45.00'),
(511, 45, '', 'TOP RADIATOR HOSE ORIGINAL', '0.00', '', 0, 5, '300.00', '300.00', 1, '0.00', '0.00', '300.00', '0.00', '0.00', '300.00'),
(512, 45, '', 'NOKIA CHARGER TYPE CARBON 4598BK', '0.00', 'UNIT', 0, 6, '50.00', '50.00', 1, '0.00', '0.00', '50.00', '0.00', '0.00', '50.00'),
(513, 45, '', '', '0.00', '', 0, 7, '0.00', '0.00', 1, '0.00', '0.00', '0.00', '0.00', '0.00', '0.00'),
(514, 46, '', 'AUTOMATIC TRANSMISSION FLUID', '0.00', 'unit', 0, 1, '89.00', '89.00', 1, '0.00', '0.00', '89.00', '0.00', '0.00', '89.00'),
(515, 46, '', '', '0.00', '', 0, 2, '0.00', '0.00', 1, '0.00', '0.00', '0.00', '0.00', '0.00', '0.00'),
(516, 46, '', '', '0.00', '', 0, 3, '0.00', '0.00', 1, '0.00', '0.00', '0.00', '0.00', '0.00', '0.00'),
(517, 46, '', 'NOKIA CHARGER TYPE CARBON 4598BK', '0.00', 'UNIT', 0, 4, '50.00', '50.00', 1, '0.00', '0.00', '50.00', '0.00', '0.00', '50.00'),
(518, 46, '', 'Electrical Cable Malaysia Made', '0.00', 'pc', 0, 5, '9.49', '9.49', 1, '0.00', '0.00', '9.49', '0.00', '0.00', '9.49'),
(535, 47, '1', 'TO USE TOOLS AND MANUALLY ENTER THE  DRAIN TO REMOVE ALL SAND, STONES, DEBRIS ETC FROM THE SIDES AND BOTTOM OF DRAIN.', '2.00', 'LOT', 1, 1, '3400.00', '6800.00', 1, '0.00', '0.00', '6800.00', '0.00', '0.00', '6800.00'),
(536, 47, '2', 'LABOUR TO REPLACE PARTS & SERVICE', '2.00', '', 0, 2, '45.00', '90.00', 1, '0.00', '0.00', '90.00', '0.00', '0.00', '90.00'),
(537, 47, '3', 'MOTOROLLA HANDPHONE MODEL X-9', '1.00', 'unit', 0, 3, '1340.00', '1340.00', 1, '0.00', '0.00', '1340.00', '0.00', '0.00', '1340.00'),
(538, 47, '4', 'NOKIA CHARGER TYPE CARBON 4598BK', '1.00', 'UNIT', 0, 4, '50.00', '50.00', 1, '0.00', '0.00', '50.00', '0.00', '0.00', '50.00'),
(539, 47, '5', 'AUTOMATIC TRANSMISSION FLUID', '3.00', 'unit', 0, 5, '89.00', '267.00', 1, '0.00', '0.00', '267.00', '0.00', '0.00', '267.00'),
(540, 47, '6', 'TOP RADIATOR HOSE ORIGINAL', '7.00', '', 0, 6, '300.00', '2100.00', 1, '0.00', '0.00', '2100.00', '0.00', '0.00', '2100.00'),
(541, 47, '', '', '0.00', '', 0, 7, '0.00', '0.00', 1, '0.00', '0.00', '0.00', '0.00', '0.00', '0.00'),
(542, 47, '', '', '0.00', '', 0, 8, '0.00', '0.00', 1, '0.00', '0.00', '0.00', '0.00', '0.00', '0.00'),
(543, 47, '', '', '0.00', '', 0, 9, '0.00', '0.00', 1, '0.00', '0.00', '0.00', '0.00', '0.00', '0.00'),
(544, 47, '', '', '0.00', '', 0, 10, '0.00', '0.00', 1, '0.00', '0.00', '0.00', '0.00', '0.00', '0.00'),
(545, 48, '', 'WORKS SCOPE FOR THE DRAINAGE SYSTEM', '0.00', '', 1, 1, '0.00', '0.00', 1, '0.00', '0.00', '0.00', '0.00', '0.00', '0.00'),
(546, 48, '', 'LABOUR TO REPLACE PARTS & SERVICE', '0.00', '', 0, 2, '45.00', '45.00', 1, '0.00', '0.00', '42.30', '6.00', '2.70', '42.30'),
(547, 48, '', '', '0.00', '', 0, 3, '0.00', '0.00', 1, '0.00', '0.00', '0.00', '0.00', '0.00', '0.00'),
(548, 48, '', 'Latest we have also include the salary range RM 4000.00  RM 5000.00 into Socso table as instructed by PERKESO. Previously it was maximum calculation until RM 4000.00 only.', '0.00', '', 0, 4, '0.00', '0.00', 1, '0.00', '0.00', '0.00', '0.00', '0.00', '0.00'),
(549, 48, '', 'TO USE TOOLS AND MANUALLY ENTER THE  DRAIN TO REMOVE ALL SAND, STONES, DEBRIS ETC FROM THE SIDES AND BOTTOM OF DRAIN.', '0.00', 'LOT', 0, 5, '3400.00', '3400.00', 2, '6.00', '204.00', '3604.00', '0.00', '0.00', '3400.00'),
(550, 48, '', '', '0.00', '', 0, 6, '0.00', '0.00', 1, '0.00', '0.00', '0.00', '0.00', '0.00', '0.00'),
(551, 48, '', '', '0.00', '', 0, 7, '0.00', '0.00', 1, '0.00', '0.00', '0.00', '0.00', '0.00', '0.00'),
(552, 48, '', '', '0.00', '', 0, 8, '0.00', '0.00', 1, '0.00', '0.00', '0.00', '0.00', '0.00', '0.00'),
(553, 49, '', 'WORKS SCOPE FOR THE DRAINAGE SYSTEM', '0.00', '', 1, 1, '0.00', '0.00', 1, '0.00', '0.00', '0.00', '0.00', '0.00', '0.00'),
(554, 49, '1', 'LABOUR TO REPLACE PARTS & SERVICE', '0.00', '', 0, 2, '45.00', '45.00', 1, '0.00', '0.00', '42.30', '6.00', '2.70', '42.30'),
(555, 49, '2', 'Desludging Tanker 10 cubic metres (Cina Made)', '0.00', 'units', 0, 3, '77.00', '77.00', 1, '0.00', '0.00', '77.00', '0.00', '0.00', '77.00'),
(556, 49, '3', 'Latest we have also include the salary range RM 4000.00  RM 5000.00 into Socso table as instructed by PERKESO. Previously it was maximum calculation until RM 4000.00 only.', '0.00', '', 0, 4, '0.00', '0.00', 1, '0.00', '0.00', '0.00', '0.00', '0.00', '0.00'),
(557, 49, '4', 'TO USE TOOLS AND MANUALLY ENTER THE  DRAIN TO REMOVE ALL SAND, STONES, DEBRIS ETC FROM THE SIDES AND BOTTOM OF DRAIN.', '0.00', 'LOT', 0, 5, '3400.00', '3400.00', 2, '6.00', '204.00', '3604.00', '0.00', '0.00', '3400.00'),
(558, 49, '', '', '0.00', '', 0, 6, '0.00', '0.00', 1, '0.00', '0.00', '0.00', '0.00', '0.00', '0.00'),
(559, 49, '', '', '0.00', '', 0, 7, '0.00', '0.00', 1, '0.00', '0.00', '0.00', '0.00', '0.00', '0.00'),
(560, 49, '', '', '0.00', '', 0, 8, '0.00', '0.00', 1, '0.00', '0.00', '0.00', '0.00', '0.00', '0.00'),
(601, 50, '', 'WORKS SCOPE FOR THE DRAINAGE SYSTEM', '0.00', '', 1, 1, '0.00', '0.00', 1, '0.00', '0.00', '0.00', '0.00', '0.00', '0.00'),
(602, 50, '1', 'LABOUR TO REPLACE PARTS & SERVICE', '0.00', '', 0, 2, '45.00', '45.00', 1, '0.00', '0.00', '42.30', '6.00', '2.70', '42.30'),
(603, 50, '2', 'Desludging Tanker 10 cubic metres (Cina Made)', '0.00', 'units', 0, 3, '77.00', '77.00', 1, '0.00', '0.00', '77.00', '0.00', '0.00', '77.00'),
(604, 50, '3', 'Latest we have also include the salary range RM 4000.00  RM 5000.00 into Socso table as instructed by PERKESO. Previously it was maximum calculation until RM 4000.00 only.', '0.00', '', 0, 4, '0.00', '0.00', 1, '0.00', '0.00', '0.00', '0.00', '0.00', '0.00'),
(605, 50, '4', 'TO USE TOOLS AND MANUALLY ENTER THE  DRAIN TO REMOVE ALL SAND, STONES, DEBRIS ETC FROM THE SIDES AND BOTTOM OF DRAIN.', '0.00', 'LOT', 0, 5, '3400.00', '3400.00', 2, '6.00', '204.00', '3604.00', '0.00', '0.00', '3400.00'),
(606, 50, '', 'tanker size 200', '0.00', '', 0, 6, '0.00', '0.00', 1, '0.00', '0.00', '0.00', '0.00', '0.00', '0.00'),
(607, 50, '', 'ali is the best', '0.00', '', 0, 7, '0.00', '0.00', 1, '0.00', '0.00', '0.00', '0.00', '0.00', '0.00'),
(608, 50, '', '', '0.00', '', 0, 8, '0.00', '0.00', 1, '0.00', '0.00', '0.00', '0.00', '0.00', '0.00'),
(616, 52, '', 'WORKS SCOPE FOR THE DRAINAGE SYSTEM', '0.00', '', 1, 1, '0.00', '0.00', 1, '0.00', '0.00', '0.00', '0.00', '0.00', '0.00'),
(617, 52, '1', 'LABOUR TO REPLACE PARTS & SERVICE', '0.00', '', 0, 2, '45.00', '45.00', 1, '0.00', '0.00', '42.30', '6.00', '2.70', '42.30'),
(618, 52, '2', 'Desludging Tanker 10 cubic metres (Cina Made)', '0.00', 'units', 0, 3, '77.00', '77.00', 1, '0.00', '0.00', '77.00', '0.00', '0.00', '77.00'),
(619, 52, '3', 'Latest we have also include the salary range RM 4000.00  RM 5000.00 into Socso table as instructed by PERKESO. Previously it was maximum calculation until RM 4000.00 only.', '0.00', '', 0, 4, '0.00', '0.00', 1, '0.00', '0.00', '0.00', '0.00', '0.00', '0.00'),
(620, 52, '4', 'TO USE TOOLS AND MANUALLY ENTER THE  DRAIN TO REMOVE ALL SAND, STONES, DEBRIS ETC FROM THE SIDES AND BOTTOM OF DRAIN.', '0.00', 'LOT', 1, 5, '3400.00', '3400.00', 2, '6.00', '204.00', '3604.00', '0.00', '0.00', '3400.00'),
(621, 52, '', '', '0.00', '', 0, 6, '0.00', '0.00', 1, '0.00', '0.00', '0.00', '0.00', '0.00', '0.00'),
(622, 52, '', '', '0.00', '', 0, 7, '0.00', '0.00', 1, '0.00', '0.00', '0.00', '0.00', '0.00', '0.00'),
(623, 52, '', '', '0.00', '', 0, 8, '0.00', '0.00', 1, '0.00', '0.00', '0.00', '0.00', '0.00', '0.00'),
(624, 51, '', 'Latest we have also include the salary range RM 4000.00  RM 5000.00 into Socso table as instructed by PERKESO. Previously it was maximum calculation until RM 4000.00 only.', '0.00', '', 0, 1, '0.00', '0.00', 1, '0.00', '0.00', '0.00', '0.00', '0.00', '0.00'),
(625, 51, '', 'NOKIA CHARGER TYPE CARBON 4598BK', '0.00', 'UNIT', 0, 2, '50.00', '50.00', 1, '0.00', '0.00', '50.00', '0.00', '0.00', '50.00'),
(626, 51, '', 'TO USE TOOLS AND MANUALLY ENTER THE  DRAIN TO REMOVE ALL SAND, STONES, DEBRIS ETC FROM THE SIDES AND BOTTOM OF DRAIN.', '0.00', 'LOT', 0, 3, '3400.00', '3400.00', 1, '0.00', '0.00', '3400.00', '0.00', '0.00', '3400.00'),
(627, 51, '', 'MOTOROLLA HANDPHONE MODEL X-9', '0.00', 'unit', 0, 4, '1340.00', '1340.00', 1, '0.00', '0.00', '1340.00', '0.00', '0.00', '1340.00'),
(628, 51, '', 'LABOUR TO REPLACE PARTS & SERVICE', '0.00', '', 0, 5, '45.00', '45.00', 1, '0.00', '0.00', '45.00', '0.00', '0.00', '45.00'),
(629, 51, '', '', '0.00', '', 0, 6, '0.00', '0.00', 1, '0.00', '0.00', '0.00', '0.00', '0.00', '0.00'),
(630, 51, '', '', '0.00', '', 0, 7, '0.00', '0.00', 1, '0.00', '0.00', '0.00', '0.00', '0.00', '0.00'),
(656, 55, '', 'APPLE WATCH SMART', '0.00', 'PCS', 1, 1, '450.00', '450.00', 1, '0.00', '0.00', '450.00', '0.00', '0.00', '450.00'),
(657, 55, '', 'CALENDAR FOR YEAR 2023 INCLUDING STICKERS MICKEY MOUSE', '5.00', 'PCS', 0, 2, '41.55', '207.75', 1, '0.00', '0.00', '207.75', '0.00', '0.00', '207.75'),
(658, 55, '', 'CAR TINTING SERVICE - V COOL HOLLAND TYPE', '51.00', 'PCS', 0, 3, '100.00', '5100.00', 1, '0.00', '0.00', '5100.00', '0.00', '0.00', '5100.00'),
(659, 55, '', 'CAR POLISH 2.5 LITRES', '3.00', 'BOTTLE', 0, 4, '16.90', '50.70', 2, '6.00', '3.04', '53.74', '0.00', '0.00', '50.70'),
(660, 55, '', 'PREPARE HOUSE TENANCY AGREEMENT FOR CUSTOMER FOR THE YEAR 2023 AND 2024', '0.00', 'LOT', 0, 5, '0.00', '0.00', 1, '0.00', '0.00', '0.00', '0.00', '0.00', '0.00'),
(661, 56, '', 'APPLE WATCH SMART', '0.00', 'PCS', 1, 1, '450.00', '450.00', 1, '0.00', '0.00', '450.00', '0.00', '0.00', '450.00'),
(662, 56, '', 'CALENDAR FOR YEAR 2023 INCLUDING STICKERS MICKEY MOUSE', '5.00', 'PCS', 0, 2, '41.55', '207.75', 1, '0.00', '0.00', '207.75', '0.00', '0.00', '207.75'),
(663, 56, '', 'CAR TINTING SERVICE - V COOL HOLLAND TYPE', '51.00', 'PCS', 0, 3, '100.00', '5100.00', 1, '0.00', '0.00', '5100.00', '0.00', '0.00', '5100.00'),
(664, 56, '', 'CAR POLISH 2.5 LITRES', '3.00', 'BOTTLE', 0, 4, '16.90', '50.70', 2, '6.00', '3.04', '53.74', '0.00', '0.00', '50.70'),
(665, 56, '', 'PREPARE HOUSE TENANCY AGREEMENT FOR CUSTOMER FOR THE YEAR 2023 AND 2024', '0.00', 'LOT', 1, 5, '0.00', '0.00', 1, '0.00', '0.00', '0.00', '0.00', '0.00', '0.00'),
(666, 56, '', 'GRAND TURISMO 2.4', '0.00', 'UNIT', 0, 6, '11500.00', '11500.00', 1, '0.00', '0.00', '11500.00', '0.00', '0.00', '11500.00'),
(667, 56, '', 'COMPUTER DELL XPS 15 16GB RAM 512GB SSD INTEL I9 PROCESSOR', '0.00', 'PCS', 0, 7, '0.00', '0.00', 1, '0.00', '0.00', '0.00', '0.00', '0.00', '0.00'),
(668, 56, '', 'TO USE TOOLS AND MANUALLY ENTER THE  DRAIN TO REMOVE ALL SAND, STONES, DEBRIS ETC FROM THE SIDES AND BOTTOM OF DRAIN.', '0.00', 'LOT', 0, 8, '3400.00', '3400.00', 1, '0.00', '0.00', '3400.00', '0.00', '0.00', '3400.00'),
(678, 57, '', 'APPLE WATCH SMART', '3.00', 'PCS', 1, 1, '450.00', '1350.00', 3, '10.00', '126.90', '1395.90', '6.00', '81.00', '1269.00'),
(679, 57, '', 'CALENDAR FOR YEAR 2023 INCLUDING STICKERS MICKEY MOUSE', '5.00', 'PCS', 0, 2, '41.55', '207.75', 4, '34.00', '70.64', '278.38', '0.00', '0.00', '207.75'),
(680, 57, '', 'CAR TINTING SERVICE - V COOL HOLLAND TYPE', '51.00', 'PCS', 0, 3, '100.00', '5100.00', 1, '0.00', '0.00', '5100.00', '0.00', '0.00', '5100.00'),
(681, 57, '', 'CAR POLISH 2.5 LITRES', '3.00', 'BOTTLE', 0, 4, '16.90', '50.70', 2, '6.00', '3.04', '53.74', '0.00', '0.00', '50.70');
INSERT INTO `tbpurchaseorderdetail` (`purchaseOrderDetail_id`, `purchaseOrderDetail_purchaseOrderID`, `purchaseOrderDetail_no1`, `purchaseOrderDetail_no2`, `purchaseOrderDetail_no3`, `purchaseOrderDetail_no4`, `purchaseOrderDetail_bold`, `purchaseOrderDetail_sortID`, `purchaseOrderDetail_no5`, `purchaseOrderDetail_rowTotal`, `purchaseOrderDetail_taxRateID`, `purchaseOrderDetail_taxPercent`, `purchaseOrderDetail_taxTotal`, `purchaseOrderDetail_rowGrandTotal`, `purchaseOrderDetail_discountPercent`, `purchaseOrderDetail_discountAmount`, `purchaseOrderDetail_rowTotalAfterDiscount`) VALUES
(682, 57, '', 'PREPARE HOUSE TENANCY AGREEMENT FOR CUSTOMER FOR THE YEAR 2023 AND 2024', '0.00', 'LOT', 1, 5, '0.00', '0.00', 1, '0.00', '0.00', '0.00', '0.00', '0.00', '0.00'),
(683, 57, '', '', '0.00', '', 0, 6, '0.00', '0.00', 1, '0.00', '0.00', '0.00', '0.00', '0.00', '0.00'),
(684, 57, '', '', '0.00', '', 0, 7, '0.00', '0.00', 1, '0.00', '0.00', '0.00', '0.00', '0.00', '0.00'),
(685, 57, '', '', '0.00', '', 0, 8, '0.00', '0.00', 1, '0.00', '0.00', '0.00', '0.00', '0.00', '0.00'),
(686, 57, '', '', '0.00', '', 0, 9, '0.00', '0.00', 1, '0.00', '0.00', '0.00', '0.00', '0.00', '0.00'),
(687, 57, '', '', '0.00', '', 0, 10, '0.00', '0.00', 1, '0.00', '0.00', '0.00', '0.00', '0.00', '0.00'),
(688, 57, '', '', '0.00', '', 0, 11, '0.00', '0.00', 1, '0.00', '0.00', '0.00', '0.00', '0.00', '0.00'),
(726, 58, '', 'APPLE WATCH SMART', '3.00', 'PCS', 1, 1, '450.00', '1350.00', 3, '10.00', '126.90', '1395.90', '6.00', '81.00', '1269.00'),
(727, 58, '', 'CALENDAR FOR YEAR 2023 INCLUDING STICKERS MICKEY MOUSE', '5.00', 'PCS', 0, 2, '41.55', '207.75', 4, '34.00', '70.64', '278.38', '0.00', '0.00', '207.75'),
(728, 58, '', 'CAR TINTING SERVICE - V COOL HOLLAND TYPE', '51.00', 'PCS', 0, 3, '100.00', '5100.00', 1, '0.00', '0.00', '5100.00', '0.00', '0.00', '5100.00'),
(729, 58, '', 'CAR POLISH 2.5 LITRES', '3.00', 'BOTTLE', 0, 4, '16.90', '50.70', 2, '6.00', '3.04', '53.74', '0.00', '0.00', '50.70'),
(730, 58, '', 'PREPARE HOUSE TENANCY AGREEMENT FOR CUSTOMER FOR THE YEAR 2023 AND 2024', '0.00', 'LOT', 1, 5, '0.00', '0.00', 1, '0.00', '0.00', '0.00', '0.00', '0.00', '0.00'),
(731, 58, '', '', '0.00', '', 0, 6, '0.00', '0.00', 1, '0.00', '0.00', '0.00', '0.00', '0.00', '0.00'),
(732, 58, '', '', '0.00', '', 0, 7, '0.00', '0.00', 1, '0.00', '0.00', '0.00', '0.00', '0.00', '0.00'),
(733, 58, '', 'REMOVE WINDSCREEN AND TINTING WORKS DONE FOR THE WHOLE CAR', '0.00', 'UNITS', 0, 8, '0.00', '0.00', 1, '0.00', '0.00', '0.00', '0.00', '0.00', '0.00'),
(734, 58, '', 'NOKIA CHARGER TYPE CARBON 4598BK', '23.00', 'UNIT', 1, 9, '50.00', '1150.00', 6, '1.50', '16.39', '1108.89', '5.00', '57.50', '1092.50'),
(735, 58, '', 'TO USE TOOLS AND MANUALLY ENTER THE  DRAIN TO REMOVE ALL SAND, STONES, DEBRIS ETC FROM THE SIDES AND BOTTOM OF DRAIN.', '0.00', 'LOT', 0, 10, '3400.00', '3400.00', 1, '0.00', '0.00', '3400.00', '0.00', '0.00', '3400.00'),
(736, 58, '', 'CALENDAR FOR YEAR 2023 INCLUDING STICKERS MICKEY MOUSE', '0.00', 'PCS', 0, 11, '41.55', '41.55', 1, '0.00', '0.00', '41.55', '0.00', '0.00', '41.55'),
(737, 58, '', '', '0.00', '', 0, 12, '0.00', '0.00', 1, '0.00', '0.00', '0.00', '0.00', '0.00', '0.00'),
(738, 58, '', '', '0.00', '', 0, 13, '0.00', '0.00', 1, '0.00', '0.00', '0.00', '0.00', '0.00', '0.00'),
(739, 58, '', '', '0.00', '', 0, 14, '0.00', '0.00', 1, '0.00', '0.00', '0.00', '0.00', '0.00', '0.00'),
(740, 58, '', '', '0.00', '', 0, 15, '0.00', '0.00', 1, '0.00', '0.00', '0.00', '0.00', '0.00', '0.00'),
(741, 58, '', '', '45.00', '', 0, 16, '5.00', '225.00', 1, '0.00', '0.00', '225.00', '0.00', '0.00', '225.00'),
(742, 58, '', '', '0.00', '', 0, 17, '0.00', '0.00', 4, '34.00', '0.00', '0.00', '0.00', '0.00', '0.00'),
(743, 59, '', 'CALENDAR FOR YEAR 2023 INCLUDING STICKERS MICKEY MOUSE', '0.00', 'PCS', 1, 1, '41.55', '41.55', 1, '0.00', '0.00', '41.55', '0.00', '0.00', '41.55'),
(744, 59, '', 'CABBAGE PRODUCE', '0.00', '', 0, 2, '34.00', '34.00', 1, '0.00', '0.00', '34.00', '0.00', '0.00', '34.00'),
(745, 59, '', 'CALENDAR FOR YEAR 2023 INCLUDING STICKERS MICKEY MOUSE', '0.00', 'PCS', 1, 3, '41.55', '41.55', 1, '0.00', '0.00', '41.55', '0.00', '0.00', '41.55'),
(746, 59, '', '', '0.00', '', 0, 4, '0.00', '0.00', 1, '0.00', '0.00', '0.00', '0.00', '0.00', '0.00'),
(747, 59, '', 'PREPARE HOUSE TENANCY AGREEMENT FOR CUSTOMER FOR THE YEAR 2023 AND 2024', '0.00', 'LOT', 0, 5, '0.00', '0.00', 1, '0.00', '0.00', '0.00', '0.00', '0.00', '0.00'),
(748, 60, '1', 'CALENDAR FOR YEAR 2023 INCLUDING STICKERS MICKEY MOUSE', '2.00', 'PCS', 0, 1, '41.55', '83.10', 4, '34.00', '26.84', '105.78', '5.00', '4.16', '78.94'),
(749, 60, '2', 'COMPUTER DELL XPS 15 16GB RAM 512GB SSD INTEL I9 PROCESSOR', '0.00', 'PCS', 0, 2, '0.00', '0.00', 1, '0.00', '0.00', '0.00', '0.00', '0.00', '0.00'),
(750, 60, '3', 'PREPARE HOUSE TENANCY AGREEMENT FOR CUSTOMER FOR THE YEAR 2023 AND 2024', '0.00', 'LOT', 0, 3, '0.00', '0.00', 1, '0.00', '0.00', '0.00', '0.00', '0.00', '0.00'),
(751, 60, '4', 'TO USE TOOLS AND MANUALLY ENTER THE  DRAIN TO REMOVE ALL SAND, STONES, DEBRIS ETC FROM THE SIDES AND BOTTOM OF DRAIN.', '0.00', 'LOT', 0, 4, '3400.00', '3400.00', 1, '0.00', '0.00', '3400.00', '0.00', '0.00', '3400.00'),
(752, 60, '5', 'REMOVE WINDSCREEN AND TINTING WORKS DONE FOR THE WHOLE CAR', '0.00', 'UNITS', 0, 5, '0.00', '0.00', 1, '0.00', '0.00', '0.00', '0.00', '0.00', '0.00'),
(753, 60, '6', 'CAR TINTING SERVICE - V COOL HOLLAND TYPE', '0.00', 'PCS', 0, 6, '100.00', '100.00', 1, '0.00', '0.00', '100.00', '0.00', '0.00', '100.00'),
(754, 61, '', '', '0.00', '', 0, 1, '0.00', '0.00', 1, '0.00', '0.00', '0.00', '0.00', '0.00', '0.00'),
(755, 61, '', '', '0.00', '', 0, 2, '0.00', '0.00', 1, '0.00', '0.00', '0.00', '0.00', '0.00', '0.00'),
(756, 61, '', '', '0.00', '', 0, 3, '0.00', '0.00', 1, '0.00', '0.00', '0.00', '0.00', '0.00', '0.00'),
(757, 61, '', '', '0.00', '', 0, 4, '0.00', '0.00', 1, '0.00', '0.00', '0.00', '0.00', '0.00', '0.00'),
(758, 61, '', '', '0.00', '', 0, 5, '0.00', '0.00', 1, '0.00', '0.00', '0.00', '0.00', '0.00', '0.00'),
(759, 62, '', '', '0.00', '', 0, 1, '0.00', '0.00', 1, '0.00', '0.00', '0.00', '0.00', '0.00', '0.00'),
(760, 62, '', '', '0.00', '', 0, 2, '0.00', '0.00', 1, '0.00', '0.00', '0.00', '0.00', '0.00', '0.00'),
(761, 62, '', '', '0.00', '', 0, 3, '0.00', '0.00', 1, '0.00', '0.00', '0.00', '0.00', '0.00', '0.00'),
(762, 62, '', '', '0.00', '', 0, 4, '0.00', '0.00', 1, '0.00', '0.00', '0.00', '0.00', '0.00', '0.00'),
(763, 62, '', '', '0.00', '', 0, 5, '0.00', '0.00', 1, '0.00', '0.00', '0.00', '0.00', '0.00', '0.00'),
(764, 63, '', 'APPLE WATCH SMART', '3.00', 'PCS', 1, 1, '450.00', '1350.00', 3, '10.00', '126.90', '1395.90', '6.00', '81.00', '1269.00'),
(765, 63, '', 'CALENDAR FOR YEAR 2023 INCLUDING STICKERS MICKEY MOUSE', '5.00', 'PCS', 0, 2, '41.55', '207.75', 4, '34.00', '70.64', '278.38', '0.00', '0.00', '207.75'),
(766, 63, '', 'CAR TINTING SERVICE - V COOL HOLLAND TYPE', '51.00', 'PCS', 0, 3, '100.00', '5100.00', 1, '0.00', '0.00', '5100.00', '0.00', '0.00', '5100.00'),
(767, 63, '', 'CAR POLISH 2.5 LITRES', '3.00', 'BOTTLE', 0, 4, '16.90', '50.70', 2, '6.00', '3.04', '53.74', '0.00', '0.00', '50.70'),
(768, 63, '', 'PREPARE HOUSE TENANCY AGREEMENT FOR CUSTOMER FOR THE YEAR 2023 AND 2024', '0.00', 'LOT', 1, 5, '0.00', '0.00', 1, '0.00', '0.00', '0.00', '0.00', '0.00', '0.00'),
(769, 63, '', '', '0.00', '', 0, 6, '0.00', '0.00', 1, '0.00', '0.00', '0.00', '0.00', '0.00', '0.00'),
(770, 63, '', '', '0.00', '', 0, 7, '0.00', '0.00', 1, '0.00', '0.00', '0.00', '0.00', '0.00', '0.00'),
(771, 63, '', 'REMOVE WINDSCREEN AND TINTING WORKS DONE FOR THE WHOLE CAR', '0.00', 'UNITS', 0, 8, '0.00', '0.00', 1, '0.00', '0.00', '0.00', '0.00', '0.00', '0.00'),
(772, 63, '', 'NOKIA CHARGER TYPE CARBON 4598BK', '23.00', 'UNIT', 1, 9, '50.00', '1150.00', 6, '1.50', '16.39', '1108.89', '5.00', '57.50', '1092.50'),
(773, 63, '', 'TO USE TOOLS AND MANUALLY ENTER THE  DRAIN TO REMOVE ALL SAND, STONES, DEBRIS ETC FROM THE SIDES AND BOTTOM OF DRAIN.', '0.00', 'LOT', 0, 10, '3400.00', '3400.00', 1, '0.00', '0.00', '3400.00', '0.00', '0.00', '3400.00'),
(774, 63, '', 'CALENDAR FOR YEAR 2023 INCLUDING STICKERS MICKEY MOUSE', '0.00', 'PCS', 0, 11, '41.55', '41.55', 1, '0.00', '0.00', '41.55', '0.00', '0.00', '41.55'),
(775, 63, '', '', '0.00', '', 0, 12, '0.00', '0.00', 1, '0.00', '0.00', '0.00', '0.00', '0.00', '0.00'),
(776, 63, '', '', '0.00', '', 0, 13, '0.00', '0.00', 1, '0.00', '0.00', '0.00', '0.00', '0.00', '0.00'),
(777, 63, '', '', '0.00', '', 0, 14, '0.00', '0.00', 1, '0.00', '0.00', '0.00', '0.00', '0.00', '0.00'),
(778, 63, '', '', '0.00', '', 0, 15, '0.00', '0.00', 1, '0.00', '0.00', '0.00', '0.00', '0.00', '0.00'),
(779, 63, '', '', '45.00', '', 0, 16, '5.00', '225.00', 1, '0.00', '0.00', '225.00', '0.00', '0.00', '225.00'),
(780, 63, '', '', '0.00', '', 0, 17, '0.00', '0.00', 4, '34.00', '0.00', '0.00', '0.00', '0.00', '0.00'),
(781, 64, '', 'APPLE WATCH SMART', '3.00', 'PCS', 1, 1, '450.00', '1350.00', 3, '10.00', '126.90', '1395.90', '6.00', '81.00', '1269.00'),
(782, 64, '', 'CALENDAR FOR YEAR 2023 INCLUDING STICKERS MICKEY MOUSE', '5.00', 'PCS', 0, 2, '41.55', '207.75', 4, '34.00', '70.64', '278.38', '0.00', '0.00', '207.75'),
(783, 64, '', 'CAR TINTING SERVICE - V COOL HOLLAND TYPE', '51.00', 'PCS', 0, 3, '100.00', '5100.00', 1, '0.00', '0.00', '5100.00', '0.00', '0.00', '5100.00'),
(784, 64, '', 'CAR POLISH 2.5 LITRES', '3.00', 'BOTTLE', 0, 4, '16.90', '50.70', 2, '6.00', '3.04', '53.74', '0.00', '0.00', '50.70'),
(785, 64, '', 'PREPARE HOUSE TENANCY AGREEMENT FOR CUSTOMER FOR THE YEAR 2023 AND 2024', '0.00', 'LOT', 1, 5, '0.00', '0.00', 1, '0.00', '0.00', '0.00', '0.00', '0.00', '0.00'),
(786, 64, '', '', '0.00', '', 0, 6, '0.00', '0.00', 1, '0.00', '0.00', '0.00', '0.00', '0.00', '0.00'),
(787, 64, '', '', '0.00', '', 0, 7, '0.00', '0.00', 1, '0.00', '0.00', '0.00', '0.00', '0.00', '0.00'),
(788, 64, '', 'REMOVE WINDSCREEN AND TINTING WORKS DONE FOR THE WHOLE CAR', '0.00', 'UNITS', 0, 8, '0.00', '0.00', 1, '0.00', '0.00', '0.00', '0.00', '0.00', '0.00'),
(789, 64, '', 'NOKIA CHARGER TYPE CARBON 4598BK', '23.00', 'UNIT', 1, 9, '50.00', '1150.00', 6, '1.50', '16.39', '1108.89', '5.00', '57.50', '1092.50'),
(790, 64, '', 'TO USE TOOLS AND MANUALLY ENTER THE  DRAIN TO REMOVE ALL SAND, STONES, DEBRIS ETC FROM THE SIDES AND BOTTOM OF DRAIN.', '0.00', 'LOT', 0, 10, '3400.00', '3400.00', 1, '0.00', '0.00', '3400.00', '0.00', '0.00', '3400.00'),
(791, 64, '', 'CALENDAR FOR YEAR 2023 INCLUDING STICKERS MICKEY MOUSE', '0.00', 'PCS', 0, 11, '41.55', '41.55', 1, '0.00', '0.00', '41.55', '0.00', '0.00', '41.55'),
(792, 64, '', '', '0.00', '', 0, 12, '0.00', '0.00', 1, '0.00', '0.00', '0.00', '0.00', '0.00', '0.00'),
(793, 64, '', '', '0.00', '', 0, 13, '0.00', '0.00', 1, '0.00', '0.00', '0.00', '0.00', '0.00', '0.00'),
(794, 64, '', '', '0.00', '', 0, 14, '0.00', '0.00', 1, '0.00', '0.00', '0.00', '0.00', '0.00', '0.00'),
(795, 64, '', '', '0.00', '', 0, 15, '0.00', '0.00', 1, '0.00', '0.00', '0.00', '0.00', '0.00', '0.00'),
(796, 64, '', '', '45.00', '', 0, 16, '5.00', '225.00', 1, '0.00', '0.00', '225.00', '0.00', '0.00', '225.00'),
(797, 64, '', '', '0.00', '', 0, 17, '0.00', '0.00', 4, '34.00', '0.00', '0.00', '0.00', '0.00', '0.00'),
(808, 66, '', 'CABBAGE PRODUCE', '0.00', '', 0, 1, '34.00', '34.00', 1, '0.00', '0.00', '34.00', '0.00', '0.00', '34.00'),
(809, 66, '', '', '0.00', '', 0, 2, '0.00', '0.00', 1, '0.00', '0.00', '0.00', '0.00', '0.00', '0.00'),
(810, 66, '', 'CAR DENT KNOCKING AND PAINTING', '0.00', 'LOT', 0, 3, '0.00', '0.00', 1, '0.00', '0.00', '0.00', '0.00', '0.00', '0.00'),
(811, 66, '', '', '0.00', '', 0, 4, '0.00', '0.00', 1, '0.00', '0.00', '0.00', '0.00', '0.00', '0.00'),
(812, 66, '', 'PREPARE HOUSE TENANCY AGREEMENT FOR CUSTOMER FOR THE YEAR 2023 AND 2024', '0.00', 'LOT', 0, 5, '0.00', '0.00', 1, '0.00', '0.00', '0.00', '0.00', '0.00', '0.00'),
(813, 67, '', '', '0.00', '', 0, 1, '0.00', '0.00', 1, '0.00', '0.00', '0.00', '0.00', '0.00', '0.00'),
(814, 67, '', '', '0.00', '', 0, 2, '0.00', '0.00', 1, '0.00', '0.00', '0.00', '0.00', '0.00', '0.00'),
(815, 67, '', '', '0.00', '', 0, 3, '0.00', '0.00', 1, '0.00', '0.00', '0.00', '0.00', '0.00', '0.00'),
(816, 67, '', '', '0.00', '', 0, 4, '0.00', '0.00', 1, '0.00', '0.00', '0.00', '0.00', '0.00', '0.00'),
(817, 67, '', '', '0.00', '', 0, 5, '0.00', '0.00', 1, '0.00', '0.00', '0.00', '0.00', '0.00', '0.00'),
(818, 68, '', 'APPLE WATCH SMART', '3.00', 'PCS', 1, 1, '450.00', '1350.00', 3, '10.00', '126.90', '1395.90', '6.00', '81.00', '1269.00'),
(819, 68, '', 'CALENDAR FOR YEAR 2023 INCLUDING STICKERS MICKEY MOUSE', '5.00', 'PCS', 0, 2, '41.55', '207.75', 4, '34.00', '70.64', '278.38', '0.00', '0.00', '207.75'),
(820, 68, '', 'CAR TINTING SERVICE - V COOL HOLLAND TYPE', '51.00', 'PCS', 0, 3, '100.00', '5100.00', 1, '0.00', '0.00', '5100.00', '0.00', '0.00', '5100.00'),
(821, 68, '', 'CAR POLISH 2.5 LITRES', '3.00', 'BOTTLE', 0, 4, '16.90', '50.70', 2, '6.00', '3.04', '53.74', '0.00', '0.00', '50.70'),
(822, 68, '', 'PREPARE HOUSE TENANCY AGREEMENT FOR CUSTOMER FOR THE YEAR 2023 AND 2024', '0.00', 'LOT', 1, 5, '0.00', '0.00', 1, '0.00', '0.00', '0.00', '0.00', '0.00', '0.00'),
(823, 68, '', '', '0.00', '', 0, 6, '0.00', '0.00', 1, '0.00', '0.00', '0.00', '0.00', '0.00', '0.00'),
(824, 68, '', '', '0.00', '', 0, 7, '0.00', '0.00', 1, '0.00', '0.00', '0.00', '0.00', '0.00', '0.00'),
(825, 68, '', 'REMOVE WINDSCREEN AND TINTING WORKS DONE FOR THE WHOLE CAR', '0.00', 'UNITS', 0, 8, '0.00', '0.00', 1, '0.00', '0.00', '0.00', '0.00', '0.00', '0.00'),
(826, 68, '', 'NOKIA CHARGER TYPE CARBON 4598BK', '23.00', 'UNIT', 1, 9, '50.00', '1150.00', 6, '1.50', '16.39', '1108.89', '5.00', '57.50', '1092.50'),
(827, 68, '', 'TO USE TOOLS AND MANUALLY ENTER THE  DRAIN TO REMOVE ALL SAND, STONES, DEBRIS ETC FROM THE SIDES AND BOTTOM OF DRAIN.', '0.00', 'LOT', 0, 10, '3400.00', '3400.00', 1, '0.00', '0.00', '3400.00', '0.00', '0.00', '3400.00'),
(828, 68, '', 'CALENDAR FOR YEAR 2023 INCLUDING STICKERS MICKEY MOUSE', '0.00', 'PCS', 0, 11, '41.55', '41.55', 1, '0.00', '0.00', '41.55', '0.00', '0.00', '41.55'),
(829, 68, '', '', '0.00', '', 0, 12, '0.00', '0.00', 1, '0.00', '0.00', '0.00', '0.00', '0.00', '0.00'),
(830, 68, '', '', '0.00', '', 0, 13, '0.00', '0.00', 1, '0.00', '0.00', '0.00', '0.00', '0.00', '0.00'),
(831, 68, '', '', '0.00', '', 0, 14, '0.00', '0.00', 1, '0.00', '0.00', '0.00', '0.00', '0.00', '0.00'),
(832, 68, '', '', '0.00', '', 0, 15, '0.00', '0.00', 1, '0.00', '0.00', '0.00', '0.00', '0.00', '0.00'),
(833, 68, '', '', '45.00', '', 0, 16, '5.00', '225.00', 1, '0.00', '0.00', '225.00', '0.00', '0.00', '225.00'),
(834, 68, '', '', '0.00', '', 0, 17, '0.00', '0.00', 4, '34.00', '0.00', '0.00', '0.00', '0.00', '0.00'),
(835, 69, '', '', '0.00', '', 0, 1, '0.00', '0.00', 1, '0.00', '0.00', '0.00', '0.00', '0.00', '0.00'),
(836, 69, '', '', '0.00', '', 0, 2, '0.00', '0.00', 1, '0.00', '0.00', '0.00', '0.00', '0.00', '0.00'),
(837, 69, '', '', '0.00', '', 0, 3, '0.00', '0.00', 1, '0.00', '0.00', '0.00', '0.00', '0.00', '0.00'),
(838, 69, '', '', '0.00', '', 0, 4, '0.00', '0.00', 1, '0.00', '0.00', '0.00', '0.00', '0.00', '0.00'),
(839, 69, '', '', '0.00', '', 0, 5, '0.00', '0.00', 1, '0.00', '0.00', '0.00', '0.00', '0.00', '0.00'),
(840, 70, '', 'COMPUTER DELL XPS 15 16GB RAM 512GB SSD INTEL I9 PROCESSOR', '0.00', 'PCS', 0, 1, '0.00', '0.00', 1, '0.00', '0.00', '0.00', '0.00', '0.00', '0.00'),
(841, 70, '', '', '0.00', '', 0, 2, '0.00', '0.00', 1, '0.00', '0.00', '0.00', '0.00', '0.00', '0.00'),
(842, 70, '', '', '0.00', '', 0, 3, '0.00', '0.00', 1, '0.00', '0.00', '0.00', '0.00', '0.00', '0.00'),
(843, 70, '', 'LABOUR TO REPLACE PARTS & SERVICE', '0.00', 'bundles', 0, 4, '45.00', '45.00', 1, '0.00', '0.00', '45.00', '0.00', '0.00', '45.00'),
(844, 70, '', 'KUFAAN CHEESE PASTRY', '0.00', 'PCS', 0, 5, '15.00', '15.00', 1, '0.00', '0.00', '15.00', '0.00', '0.00', '15.00'),
(845, 71, '', 'PREPARE HOUSE TENANCY AGREEMENT FOR CUSTOMER FOR THE YEAR 2023 AND 2024', '7.00', 'LOT', 0, 1, '78.00', '546.00', 4, '34.00', '185.64', '731.64', '0.00', '0.00', '546.00'),
(846, 71, '', 'TO USE TOOLS AND MANUALLY ENTER THE  DRAIN TO REMOVE ALL SAND, STONES, DEBRIS ETC FROM THE SIDES AND BOTTOM OF DRAIN.', '0.00', 'LOT', 0, 2, '3400.00', '3400.00', 1, '0.00', '0.00', '3400.00', '0.00', '0.00', '3400.00'),
(847, 71, '', 'COMPUTER DELL XPS 15 16GB RAM 512GB SSD INTEL I9 PROCESSOR', '0.00', 'PCS', 0, 3, '0.00', '0.00', 1, '0.00', '0.00', '0.00', '0.00', '0.00', '0.00'),
(848, 71, '', 'CALENDAR FOR YEAR 2023 INCLUDING STICKERS MICKEY MOUSE', '0.00', 'PCS', 0, 4, '41.55', '41.55', 1, '0.00', '0.00', '41.55', '0.00', '0.00', '41.55'),
(849, 71, '', 'PREPARE HOUSE TENANCY AGREEMENT FOR CUSTOMER FOR THE YEAR 2023 AND 2024', '0.00', 'LOT', 0, 5, '0.00', '0.00', 1, '0.00', '0.00', '0.00', '0.00', '0.00', '0.00'),
(850, 72, '', 'PREPARE HOUSE TENANCY AGREEMENT FOR CUSTOMER FOR THE YEAR 2023 AND 2024', '0.00', 'LOT', 0, 1, '0.00', '0.00', 1, '0.00', '0.00', '0.00', '0.00', '0.00', '0.00'),
(851, 72, '', '', '0.00', '', 0, 2, '0.00', '0.00', 1, '0.00', '0.00', '0.00', '0.00', '0.00', '0.00'),
(852, 72, '', 'CALENDAR FOR YEAR 2023 INCLUDING STICKERS MICKEY MOUSE', '0.00', 'PCS', 0, 3, '41.55', '41.55', 1, '0.00', '0.00', '41.55', '0.00', '0.00', '41.55'),
(853, 72, '', '', '0.00', '', 0, 4, '0.00', '0.00', 1, '0.00', '0.00', '0.00', '0.00', '0.00', '0.00'),
(854, 72, '', 'TO USE TOOLS AND MANUALLY ENTER THE  DRAIN TO REMOVE ALL SAND, STONES, DEBRIS ETC FROM THE SIDES AND BOTTOM OF DRAIN.', '0.00', 'LOT', 0, 5, '3400.00', '3400.00', 1, '0.00', '0.00', '3400.00', '0.00', '0.00', '3400.00'),
(855, 73, '', 'CALENDAR FOR YEAR 2023 INCLUDING STICKERS MICKEY MOUSE', '1.00', 'PCS', 0, 1, '41.55', '41.55', 1, '0.00', '0.00', '41.55', '0.00', '0.00', '41.55'),
(856, 73, '', 'COLGATE MEDIUM PACKET', '2.00', 'bottle', 0, 2, '33.00', '66.00', 1, '0.00', '0.00', '66.00', '0.00', '0.00', '66.00'),
(857, 73, '', 'BUTTER CHICKEN', '0.00', 'pcs', 0, 3, '56.00', '56.00', 1, '0.00', '0.00', '56.00', '0.00', '0.00', '56.00'),
(858, 73, '', 'PREPARE HOUSE TENANCY AGREEMENT FOR CUSTOMER FOR THE YEAR 2023 AND 2024', '0.00', 'LOT', 0, 4, '0.00', '0.00', 1, '0.00', '0.00', '0.00', '0.00', '0.00', '0.00'),
(859, 73, '', 'TO USE TOOLS AND MANUALLY ENTER THE  DRAIN TO REMOVE ALL SAND, STONES, DEBRIS ETC FROM THE SIDES AND BOTTOM OF DRAIN.', '5.00', 'LOT', 0, 5, '3400.00', '17000.00', 1, '0.00', '0.00', '17000.00', '0.00', '0.00', '17000.00'),
(860, 74, '', '', '0.00', '', 0, 1, '999.00', '999.00', 1, '0.00', '0.00', '999.00', '0.00', '0.00', '999.00'),
(861, 74, '', '', '0.00', '', 0, 2, '0.00', '0.00', 1, '0.00', '0.00', '0.00', '0.00', '0.00', '0.00'),
(862, 74, '', '', '0.00', '', 0, 3, '0.00', '0.00', 1, '0.00', '0.00', '0.00', '0.00', '0.00', '0.00'),
(863, 74, '', '', '0.00', '', 0, 4, '0.00', '0.00', 1, '0.00', '0.00', '0.00', '0.00', '0.00', '0.00'),
(864, 74, '', '', '0.00', '', 0, 5, '0.00', '0.00', 1, '0.00', '0.00', '0.00', '0.00', '0.00', '0.00'),
(865, 75, '', 'CALENDAR FOR YEAR 2023 INCLUDING STICKERS MICKEY MOUSE', '1.00', 'PCS', 0, 1, '41.55', '41.55', 1, '0.00', '0.00', '41.55', '0.00', '0.00', '41.55'),
(866, 75, '', 'COLGATE MEDIUM PACKET', '2.00', 'bottle', 0, 2, '33.00', '66.00', 1, '0.00', '0.00', '66.00', '0.00', '0.00', '66.00'),
(867, 75, '', 'BUTTER CHICKEN', '0.00', 'pcs', 0, 3, '56.00', '56.00', 1, '0.00', '0.00', '56.00', '0.00', '0.00', '56.00'),
(868, 75, '', 'PREPARE HOUSE TENANCY AGREEMENT FOR CUSTOMER FOR THE YEAR 2023 AND 2024', '0.00', 'LOT', 0, 4, '0.00', '0.00', 1, '0.00', '0.00', '0.00', '0.00', '0.00', '0.00'),
(869, 75, '', 'TO USE TOOLS AND MANUALLY ENTER THE  DRAIN TO REMOVE ALL SAND, STONES, DEBRIS ETC FROM THE SIDES AND BOTTOM OF DRAIN.', '5.00', 'LOT', 0, 5, '3400.00', '17000.00', 1, '0.00', '0.00', '17000.00', '0.00', '0.00', '17000.00'),
(870, 76, '', '', '0.00', '', 0, 1, '900.00', '900.00', 1, '0.00', '0.00', '900.00', '0.00', '0.00', '900.00'),
(871, 76, '', 'CALENDAR FOR YEAR 2023 INCLUDING STICKERS MICKEY MOUSE', '0.00', 'PCS', 0, 2, '41.55', '41.55', 1, '0.00', '0.00', '41.55', '0.00', '0.00', '41.55'),
(872, 76, '', 'REMOVE WINDSCREEN AND TINTING WORKS DONE FOR THE WHOLE CAR', '0.00', 'UNITS', 0, 3, '0.00', '0.00', 1, '0.00', '0.00', '0.00', '0.00', '0.00', '0.00'),
(873, 76, '', '', '0.00', '', 0, 4, '0.00', '0.00', 1, '0.00', '0.00', '0.00', '0.00', '0.00', '0.00'),
(874, 76, '', 'COMPUTER DELL XPS 15 16GB RAM 512GB SSD INTEL I9 PROCESSOR', '0.00', 'PCS', 0, 5, '0.00', '0.00', 1, '0.00', '0.00', '0.00', '0.00', '0.00', '0.00'),
(875, 77, '', 'CABBAGE PRODUCE', '0.00', '', 0, 1, '34.00', '34.00', 1, '0.00', '0.00', '34.00', '0.00', '0.00', '34.00'),
(876, 77, '', 'COMPUTER DELL XPS 15 16GB RAM 512GB SSD INTEL I9 PROCESSOR', '0.00', 'PCS', 0, 2, '1000.00', '1000.00', 6, '1.50', '14.25', '964.25', '5.00', '50.00', '950.00'),
(877, 77, '', '', '0.00', '', 0, 3, '0.00', '0.00', 1, '0.00', '0.00', '0.00', '0.00', '0.00', '0.00'),
(878, 77, '', 'CALENDAR FOR YEAR 2023 INCLUDING STICKERS MICKEY MOUSE', '0.00', 'PCS', 0, 4, '41.55', '41.55', 2, '6.00', '2.49', '44.04', '0.00', '0.00', '41.55'),
(879, 77, '', '', '0.00', '', 0, 5, '0.00', '0.00', 1, '0.00', '0.00', '0.00', '0.00', '0.00', '0.00'),
(880, 78, '', 'APPLE WATCH SMART', '3.00', 'PCS', 1, 1, '450.00', '1350.00', 3, '10.00', '126.90', '1395.90', '6.00', '81.00', '1269.00'),
(881, 78, '', 'CALENDAR FOR YEAR 2023 INCLUDING STICKERS MICKEY MOUSE', '5.00', 'PCS', 0, 2, '41.55', '207.75', 4, '34.00', '70.64', '278.38', '0.00', '0.00', '207.75'),
(882, 78, '', 'CAR TINTING SERVICE - V COOL HOLLAND TYPE', '51.00', 'PCS', 0, 3, '100.00', '5100.00', 1, '0.00', '0.00', '5100.00', '0.00', '0.00', '5100.00'),
(883, 78, '', 'CAR POLISH 2.5 LITRES', '3.00', 'BOTTLE', 0, 4, '16.90', '50.70', 2, '6.00', '3.04', '53.74', '0.00', '0.00', '50.70'),
(884, 78, '', 'PREPARE HOUSE TENANCY AGREEMENT FOR CUSTOMER FOR THE YEAR 2023 AND 2024', '0.00', 'LOT', 1, 5, '0.00', '0.00', 1, '0.00', '0.00', '0.00', '0.00', '0.00', '0.00'),
(885, 78, '', '', '0.00', '', 0, 6, '0.00', '0.00', 1, '0.00', '0.00', '0.00', '0.00', '0.00', '0.00'),
(886, 78, '', '', '0.00', '', 0, 7, '0.00', '0.00', 1, '0.00', '0.00', '0.00', '0.00', '0.00', '0.00'),
(887, 78, '', 'REMOVE WINDSCREEN AND TINTING WORKS DONE FOR THE WHOLE CAR', '0.00', 'UNITS', 0, 8, '0.00', '0.00', 1, '0.00', '0.00', '0.00', '0.00', '0.00', '0.00'),
(888, 78, '', 'NOKIA CHARGER TYPE CARBON 4598BK', '23.00', 'UNIT', 1, 9, '50.00', '1150.00', 6, '1.50', '16.39', '1108.89', '5.00', '57.50', '1092.50'),
(889, 78, '', 'TO USE TOOLS AND MANUALLY ENTER THE  DRAIN TO REMOVE ALL SAND, STONES, DEBRIS ETC FROM THE SIDES AND BOTTOM OF DRAIN.', '0.00', 'LOT', 0, 10, '3400.00', '3400.00', 1, '0.00', '0.00', '3400.00', '0.00', '0.00', '3400.00'),
(890, 78, '', 'CALENDAR FOR YEAR 2023 INCLUDING STICKERS MICKEY MOUSE', '0.00', 'PCS', 0, 11, '41.55', '41.55', 1, '0.00', '0.00', '41.55', '0.00', '0.00', '41.55'),
(891, 78, '', '', '0.00', '', 0, 12, '0.00', '0.00', 1, '0.00', '0.00', '0.00', '0.00', '0.00', '0.00'),
(892, 78, '', '', '0.00', '', 0, 13, '0.00', '0.00', 1, '0.00', '0.00', '0.00', '0.00', '0.00', '0.00'),
(893, 78, '', '', '0.00', '', 0, 14, '0.00', '0.00', 1, '0.00', '0.00', '0.00', '0.00', '0.00', '0.00'),
(894, 78, '', '', '0.00', '', 0, 15, '0.00', '0.00', 1, '0.00', '0.00', '0.00', '0.00', '0.00', '0.00'),
(895, 78, '', '', '45.00', '', 0, 16, '5.00', '225.00', 1, '0.00', '0.00', '225.00', '0.00', '0.00', '225.00'),
(896, 78, '', '', '0.00', '', 0, 17, '0.00', '0.00', 4, '34.00', '0.00', '0.00', '0.00', '0.00', '0.00'),
(897, 79, '', 'APPLE WATCH SMART', '3.00', 'PCS', 1, 1, '450.00', '1350.00', 3, '10.00', '126.90', '1395.90', '6.00', '81.00', '1269.00'),
(898, 79, '', 'CALENDAR FOR YEAR 2023 INCLUDING STICKERS MICKEY MOUSE', '5.00', 'PCS', 0, 2, '41.55', '207.75', 4, '34.00', '70.64', '278.38', '0.00', '0.00', '207.75'),
(899, 79, '', 'CAR TINTING SERVICE - V COOL HOLLAND TYPE', '51.00', 'PCS', 0, 3, '100.00', '5100.00', 1, '0.00', '0.00', '5100.00', '0.00', '0.00', '5100.00'),
(900, 79, '', 'CAR POLISH 2.5 LITRES', '3.00', 'BOTTLE', 0, 4, '16.90', '50.70', 2, '6.00', '3.04', '53.74', '0.00', '0.00', '50.70'),
(901, 79, '', 'PREPARE HOUSE TENANCY AGREEMENT FOR CUSTOMER FOR THE YEAR 2023 AND 2024', '0.00', 'LOT', 1, 5, '0.00', '0.00', 1, '0.00', '0.00', '0.00', '0.00', '0.00', '0.00'),
(902, 79, '', '', '0.00', '', 0, 6, '0.00', '0.00', 1, '0.00', '0.00', '0.00', '0.00', '0.00', '0.00'),
(903, 79, '', '', '0.00', '', 0, 7, '0.00', '0.00', 1, '0.00', '0.00', '0.00', '0.00', '0.00', '0.00'),
(904, 79, '', 'REMOVE WINDSCREEN AND TINTING WORKS DONE FOR THE WHOLE CAR', '0.00', 'UNITS', 0, 8, '0.00', '0.00', 1, '0.00', '0.00', '0.00', '0.00', '0.00', '0.00'),
(905, 79, '', 'NOKIA CHARGER TYPE CARBON 4598BK', '23.00', 'UNIT', 1, 9, '50.00', '1150.00', 6, '1.50', '16.39', '1108.89', '5.00', '57.50', '1092.50'),
(906, 79, '', 'TO USE TOOLS AND MANUALLY ENTER THE  DRAIN TO REMOVE ALL SAND, STONES, DEBRIS ETC FROM THE SIDES AND BOTTOM OF DRAIN.', '0.00', 'LOT', 0, 10, '3400.00', '3400.00', 1, '0.00', '0.00', '3400.00', '0.00', '0.00', '3400.00'),
(907, 79, '', 'CALENDAR FOR YEAR 2023 INCLUDING STICKERS MICKEY MOUSE', '0.00', 'PCS', 0, 11, '41.55', '41.55', 1, '0.00', '0.00', '41.55', '0.00', '0.00', '41.55'),
(908, 79, '', '', '0.00', '', 0, 12, '0.00', '0.00', 1, '0.00', '0.00', '0.00', '0.00', '0.00', '0.00'),
(909, 79, '', '', '0.00', '', 0, 13, '0.00', '0.00', 1, '0.00', '0.00', '0.00', '0.00', '0.00', '0.00'),
(910, 79, '', '', '0.00', '', 0, 14, '0.00', '0.00', 1, '0.00', '0.00', '0.00', '0.00', '0.00', '0.00'),
(911, 79, '', '', '0.00', '', 0, 15, '0.00', '0.00', 1, '0.00', '0.00', '0.00', '0.00', '0.00', '0.00'),
(912, 79, '', '', '45.00', '', 0, 16, '5.00', '225.00', 1, '0.00', '0.00', '225.00', '0.00', '0.00', '225.00'),
(913, 79, '', '', '0.00', '', 0, 17, '0.00', '0.00', 4, '34.00', '0.00', '0.00', '0.00', '0.00', '0.00'),
(914, 80, '', 'REMOVE WINDSCREEN AND TINTING WORKS DONE FOR THE WHOLE CAR', '2.00', 'UNITS', 0, 1, '80.00', '160.00', 1, '0.00', '0.00', '152.00', '5.00', '8.00', '152.00'),
(915, 80, '', 'CAR TINTING SERVICE - V COOL HOLLAND TYPE', '4.00', 'PCS', 0, 2, '100.00', '400.00', 1, '0.00', '0.00', '380.00', '5.00', '20.00', '380.00'),
(916, 80, '', '', '0.00', '', 0, 3, '0.00', '0.00', 1, '0.00', '0.00', '0.00', '0.00', '0.00', '0.00'),
(917, 80, '', '', '0.00', '', 0, 4, '0.00', '0.00', 1, '0.00', '0.00', '0.00', '0.00', '0.00', '0.00'),
(918, 80, '', '', '0.00', '', 0, 5, '0.00', '0.00', 1, '0.00', '0.00', '0.00', '0.00', '0.00', '0.00'),
(919, 81, '', 'CALENDAR FOR YEAR 2023 INCLUDING STICKERS MICKEY MOUSE', '0.00', 'PCS', 0, 1, '41.55', '41.55', 2, '6.00', '2.49', '44.04', '0.00', '0.00', '41.55'),
(920, 81, '', '', '0.00', '', 0, 2, '0.00', '0.00', 1, '0.00', '0.00', '0.00', '0.00', '0.00', '0.00'),
(921, 81, '', 'PREPARE HOUSE TENANCY AGREEMENT FOR CUSTOMER FOR THE YEAR 2023 AND 2024', '0.00', 'LOT', 0, 3, '0.00', '0.00', 1, '0.00', '0.00', '0.00', '0.00', '0.00', '0.00'),
(922, 81, '', 'TO USE TOOLS AND MANUALLY ENTER THE  DRAIN TO REMOVE ALL SAND, STONES, DEBRIS ETC FROM THE SIDES AND BOTTOM OF DRAIN.', '0.00', 'LOT', 0, 4, '3400.00', '3400.00', 1, '0.00', '0.00', '3400.00', '0.00', '0.00', '3400.00'),
(923, 81, '', '', '0.00', '', 0, 5, '0.00', '0.00', 1, '0.00', '0.00', '0.00', '0.00', '0.00', '0.00'),
(924, 81, '', '', '0.00', '', 0, 6, '0.00', '0.00', 1, '0.00', '0.00', '0.00', '0.00', '0.00', '0.00'),
(925, 81, '', '', '0.00', '', 0, 7, '0.00', '0.00', 1, '0.00', '0.00', '0.00', '0.00', '0.00', '0.00'),
(926, 81, '', '', '0.00', '', 0, 8, '0.00', '0.00', 1, '0.00', '0.00', '0.00', '0.00', '0.00', '0.00'),
(927, 82, '', '', '0.00', '', 0, 1, '900.00', '900.00', 1, '0.00', '0.00', '900.00', '0.00', '0.00', '900.00'),
(928, 82, '', 'CALENDAR FOR YEAR 2023 INCLUDING STICKERS MICKEY MOUSE', '0.00', 'PCS', 0, 2, '41.55', '41.55', 1, '0.00', '0.00', '41.55', '0.00', '0.00', '41.55'),
(929, 82, '', 'REMOVE WINDSCREEN AND TINTING WORKS DONE FOR THE WHOLE CAR', '0.00', 'UNITS', 0, 3, '0.00', '0.00', 1, '0.00', '0.00', '0.00', '0.00', '0.00', '0.00'),
(930, 82, '', '', '0.00', '', 0, 4, '0.00', '0.00', 1, '0.00', '0.00', '0.00', '0.00', '0.00', '0.00'),
(931, 82, '', 'COMPUTER DELL XPS 15 16GB RAM 512GB SSD INTEL I9 PROCESSOR', '0.00', 'PCS', 0, 5, '0.00', '0.00', 1, '0.00', '0.00', '0.00', '0.00', '0.00', '0.00'),
(932, 83, '', '', '0.00', '', 0, 1, '900.00', '900.00', 1, '0.00', '0.00', '900.00', '0.00', '0.00', '900.00'),
(933, 83, '', 'CALENDAR FOR YEAR 2023 INCLUDING STICKERS MICKEY MOUSE', '0.00', 'PCS', 0, 2, '41.55', '41.55', 1, '0.00', '0.00', '41.55', '0.00', '0.00', '41.55'),
(934, 83, '', 'REMOVE WINDSCREEN AND TINTING WORKS DONE FOR THE WHOLE CAR', '0.00', 'UNITS', 0, 3, '0.00', '0.00', 1, '0.00', '0.00', '0.00', '0.00', '0.00', '0.00'),
(935, 83, '', '', '0.00', '', 0, 4, '0.00', '0.00', 1, '0.00', '0.00', '0.00', '0.00', '0.00', '0.00'),
(936, 83, '', 'COMPUTER DELL XPS 15 16GB RAM 512GB SSD INTEL I9 PROCESSOR', '0.00', 'PCS', 0, 5, '0.00', '0.00', 1, '0.00', '0.00', '0.00', '0.00', '0.00', '0.00'),
(937, 84, '', '', '0.00', '', 0, 1, '900.00', '900.00', 1, '0.00', '0.00', '900.00', '0.00', '0.00', '900.00'),
(938, 84, '', '', '0.00', '', 0, 2, '0.00', '0.00', 1, '0.00', '0.00', '0.00', '0.00', '0.00', '0.00'),
(939, 84, '', '', '0.00', '', 0, 3, '0.00', '0.00', 1, '0.00', '0.00', '0.00', '0.00', '0.00', '0.00'),
(940, 84, '', '', '0.00', '', 0, 4, '0.00', '0.00', 1, '0.00', '0.00', '0.00', '0.00', '0.00', '0.00'),
(941, 84, '', '', '0.00', '', 0, 5, '0.00', '0.00', 1, '0.00', '0.00', '0.00', '0.00', '0.00', '0.00'),
(942, 85, '', '', '0.00', '', 0, 1, '900.00', '900.00', 1, '0.00', '0.00', '900.00', '0.00', '0.00', '900.00'),
(943, 85, '', 'CALENDAR FOR YEAR 2023 INCLUDING STICKERS MICKEY MOUSE', '0.00', 'PCS', 0, 2, '41.55', '41.55', 1, '0.00', '0.00', '41.55', '0.00', '0.00', '41.55'),
(944, 85, '', 'REMOVE WINDSCREEN AND TINTING WORKS DONE FOR THE WHOLE CAR', '0.00', 'UNITS', 0, 3, '0.00', '0.00', 1, '0.00', '0.00', '0.00', '0.00', '0.00', '0.00'),
(945, 85, '', '', '0.00', '', 0, 4, '0.00', '0.00', 1, '0.00', '0.00', '0.00', '0.00', '0.00', '0.00'),
(946, 85, '', 'COMPUTER DELL XPS 15 16GB RAM 512GB SSD INTEL I9 PROCESSOR', '0.00', 'PCS', 0, 5, '0.00', '0.00', 1, '0.00', '0.00', '0.00', '0.00', '0.00', '0.00'),
(947, 86, '', 'CALENDAR FOR YEAR 2023 INCLUDING STICKERS MICKEY MOUSE', '0.00', 'PCS', 0, 1, '41.55', '41.55', 1, '0.00', '0.00', '41.55', '0.00', '0.00', '41.55'),
(948, 86, '', 'PREPARE HOUSE TENANCY AGREEMENT FOR CUSTOMER FOR THE YEAR 2023 AND 2024', '0.00', 'LOT', 0, 2, '0.00', '0.00', 1, '0.00', '0.00', '0.00', '0.00', '0.00', '0.00'),
(949, 86, '', 'TO USE TOOLS AND MANUALLY ENTER THE  DRAIN TO REMOVE ALL SAND, STONES, DEBRIS ETC FROM THE SIDES AND BOTTOM OF DRAIN.', '0.00', 'LOT', 0, 3, '3400.00', '3400.00', 1, '0.00', '0.00', '3400.00', '0.00', '0.00', '3400.00'),
(950, 86, '', 'CHANGE CAR TYRES', '0.00', 'PERSON', 0, 4, '55.00', '55.00', 1, '0.00', '0.00', '55.00', '0.00', '0.00', '55.00'),
(951, 86, '', '', '0.00', '', 0, 5, '0.00', '0.00', 1, '0.00', '0.00', '0.00', '0.00', '0.00', '0.00'),
(952, 87, '', '', '0.00', '', 0, 1, '900.00', '900.00', 1, '0.00', '0.00', '900.00', '0.00', '0.00', '900.00'),
(953, 87, '', 'CALENDAR FOR YEAR 2023 INCLUDING STICKERS MICKEY MOUSE', '0.00', 'PCS', 0, 2, '41.55', '41.55', 1, '0.00', '0.00', '41.55', '0.00', '0.00', '41.55'),
(954, 87, '', 'REMOVE WINDSCREEN AND TINTING WORKS DONE FOR THE WHOLE CAR', '0.00', 'UNITS', 0, 3, '0.00', '0.00', 1, '0.00', '0.00', '0.00', '0.00', '0.00', '0.00'),
(955, 87, '', '', '0.00', '', 0, 4, '0.00', '0.00', 1, '0.00', '0.00', '0.00', '0.00', '0.00', '0.00'),
(956, 87, '', 'COMPUTER DELL XPS 15 16GB RAM 512GB SSD INTEL I9 PROCESSOR', '0.00', 'PCS', 0, 5, '0.00', '0.00', 1, '0.00', '0.00', '0.00', '0.00', '0.00', '0.00'),
(957, 88, '', 'COLGATE MEDIUM PACKET', '0.00', 'bottle', 0, 1, '33.00', '33.00', 1, '0.00', '0.00', '33.00', '0.00', '0.00', '33.00'),
(958, 88, '', 'CALENDAR FOR YEAR 2023 INCLUDING STICKERS MICKEY MOUSE', '0.00', 'PCS', 0, 2, '41.55', '41.55', 1, '0.00', '0.00', '41.55', '0.00', '0.00', '41.55'),
(959, 88, '', 'TO USE TOOLS AND MANUALLY ENTER THE  DRAIN TO REMOVE ALL SAND, STONES, DEBRIS ETC FROM THE SIDES AND BOTTOM OF DRAIN.', '0.00', 'LOT', 0, 3, '3400.00', '3400.00', 1, '0.00', '0.00', '3400.00', '0.00', '0.00', '3400.00'),
(960, 88, '', 'Labour', '0.00', '', 1, 4, '0.00', '0.00', 1, '0.00', '0.00', '0.00', '0.00', '0.00', '0.00'),
(961, 88, '', 'FRANCE PERFUME ( LAVENDAR SMELL)', '0.00', '', 0, 5, '67.00', '67.00', 1, '0.00', '0.00', '67.00', '0.00', '0.00', '67.00'),
(968, 89, '1.', 'COMPUTER DELL XPS 15 16GB RAM 512GB SSD INTEL I9 PROCESSOR', '2.00', 'PCS', 0, 1, '670.00', '1340.00', 2, '6.00', '80.40', '1420.40', '0.00', '0.00', '1340.00'),
(969, 89, '2.', 'COMPUTER HP 16GB RAM 256 GB RAM JAPAN MADE', '3.00', 'PC', 0, 2, '500.00', '1500.00', 2, '6.00', '90.00', '1590.00', '0.00', '0.00', '1500.00'),
(970, 89, '', '', '0.00', '', 0, 3, '0.00', '0.00', 1, '0.00', '0.00', '0.00', '0.00', '0.00', '0.00'),
(971, 89, '', '', '0.00', '', 0, 4, '0.00', '0.00', 1, '0.00', '0.00', '0.00', '0.00', '0.00', '0.00'),
(972, 89, '', '', '0.00', '', 0, 5, '0.00', '0.00', 1, '0.00', '0.00', '0.00', '0.00', '0.00', '0.00'),
(973, 89, '', '', '0.00', '', 0, 6, '0.00', '0.00', 1, '0.00', '0.00', '0.00', '0.00', '0.00', '0.00'),
(984, 90, '1.', 'CALENDAR FOR YEAR 2023 INCLUDING STICKERS MICKEY MOUSE', '100.00', 'PCS', 0, 1, '41.55', '4155.00', 2, '6.00', '224.37', '3963.87', '10.00', '415.50', '3739.50'),
(985, 90, '', '', '0.00', '', 0, 2, '1000.00', '1000.00', 1, '0.00', '0.00', '1000.00', '0.00', '0.00', '1000.00'),
(986, 90, '', '', '0.00', '', 0, 3, '0.00', '0.00', 1, '0.00', '0.00', '0.00', '0.00', '0.00', '0.00'),
(987, 90, '', '', '0.00', '', 0, 4, '0.00', '0.00', 1, '0.00', '0.00', '0.00', '0.00', '0.00', '0.00'),
(988, 90, '', '', '0.00', '', 0, 5, '0.00', '0.00', 1, '0.00', '0.00', '0.00', '0.00', '0.00', '0.00'),
(989, 91, '1.', 'CALENDAR FOR YEAR 2023 INCLUDING STICKERS MICKEY MOUSE', '100.00', 'PCS', 0, 1, '41.55', '4155.00', 2, '6.00', '224.37', '3963.87', '10.00', '415.50', '3739.50'),
(990, 91, '', '', '0.00', '', 0, 2, '1000.00', '1000.00', 1, '0.00', '0.00', '1000.00', '0.00', '0.00', '1000.00'),
(991, 91, '', '', '0.00', '', 0, 3, '0.00', '0.00', 1, '0.00', '0.00', '0.00', '0.00', '0.00', '0.00'),
(992, 91, '', '', '0.00', '', 0, 4, '0.00', '0.00', 1, '0.00', '0.00', '0.00', '0.00', '0.00', '0.00'),
(993, 91, '', '', '0.00', '', 0, 5, '0.00', '0.00', 1, '0.00', '0.00', '0.00', '0.00', '0.00', '0.00'),
(994, 92, '1.', 'CALENDAR FOR YEAR 2023 INCLUDING STICKERS MICKEY MOUSE', '100.00', 'PCS', 0, 1, '41.55', '4155.00', 2, '6.00', '224.37', '3963.87', '10.00', '415.50', '3739.50'),
(995, 92, '', 'CALENDAR FOR YEAR 2023 INCLUDING STICKERS MICKEY MOUSE', '0.00', 'PCS', 0, 2, '41.55', '41.55', 1, '0.00', '0.00', '41.55', '0.00', '0.00', '41.55'),
(996, 92, '', '', '0.00', '', 0, 3, '0.00', '0.00', 1, '0.00', '0.00', '0.00', '0.00', '0.00', '0.00'),
(997, 92, '', 'TO USE TOOLS AND MANUALLY ENTER THE  DRAIN TO REMOVE ALL SAND, STONES, DEBRIS ETC FROM THE SIDES AND BOTTOM OF DRAIN.', '0.00', 'LOT', 0, 4, '3400.00', '3400.00', 1, '0.00', '0.00', '3400.00', '0.00', '0.00', '3400.00'),
(998, 92, '', '', '0.00', '', 0, 5, '0.00', '0.00', 1, '0.00', '0.00', '0.00', '0.00', '0.00', '0.00'),
(999, 92, '', 'REMOVE WINDSCREEN AND TINTING WORKS DONE FOR THE WHOLE CAR', '0.00', 'UNITS', 0, 6, '0.00', '0.00', 1, '0.00', '0.00', '0.00', '0.00', '0.00', '0.00'),
(1000, 92, '', '', '0.00', '', 0, 7, '0.00', '0.00', 1, '0.00', '0.00', '0.00', '0.00', '0.00', '0.00'),
(1001, 93, '', '', '0.00', '', 0, 1, '888.50', '888.50', 1, '0.00', '0.00', '888.50', '0.00', '0.00', '888.50'),
(1002, 93, '', '', '0.00', '', 0, 2, '0.00', '0.00', 1, '0.00', '0.00', '0.00', '0.00', '0.00', '0.00'),
(1003, 93, '', '', '0.00', '', 0, 3, '0.00', '0.00', 1, '0.00', '0.00', '0.00', '0.00', '0.00', '0.00'),
(1004, 93, '', '', '0.00', '', 0, 4, '0.00', '0.00', 1, '0.00', '0.00', '0.00', '0.00', '0.00', '0.00'),
(1005, 93, '', '', '0.00', '', 0, 5, '0.00', '0.00', 1, '0.00', '0.00', '0.00', '0.00', '0.00', '0.00'),
(1006, 94, '', '', '0.00', '', 0, 1, '1000.00', '1000.00', 3, '10.00', '95.00', '1045.00', '5.00', '50.00', '950.00'),
(1007, 94, '', '', '0.00', '', 0, 2, '0.00', '0.00', 1, '0.00', '0.00', '0.00', '0.00', '0.00', '0.00'),
(1008, 94, '', '', '0.00', '', 0, 3, '0.00', '0.00', 1, '0.00', '0.00', '0.00', '0.00', '0.00', '0.00'),
(1009, 94, '', '', '0.00', '', 0, 4, '0.00', '0.00', 1, '0.00', '0.00', '0.00', '0.00', '0.00', '0.00'),
(1010, 94, '', '', '0.00', '', 0, 5, '0.00', '0.00', 1, '0.00', '0.00', '0.00', '0.00', '0.00', '0.00'),
(1011, 95, '', '', '0.00', '', 0, 1, '1000.00', '1000.00', 3, '10.00', '95.00', '1045.00', '5.00', '50.00', '950.00'),
(1012, 95, '', '', '0.00', '', 0, 2, '0.00', '0.00', 1, '0.00', '0.00', '0.00', '0.00', '0.00', '0.00'),
(1013, 95, '', '', '0.00', '', 0, 3, '0.00', '0.00', 1, '0.00', '0.00', '0.00', '0.00', '0.00', '0.00'),
(1014, 95, '', '', '0.00', '', 0, 4, '0.00', '0.00', 1, '0.00', '0.00', '0.00', '0.00', '0.00', '0.00'),
(1015, 95, '', '', '0.00', '', 0, 5, '0.00', '0.00', 1, '0.00', '0.00', '0.00', '0.00', '0.00', '0.00'),
(1016, 96, '', '', '0.00', '', 0, 1, '569.00', '569.00', 1, '0.00', '0.00', '569.00', '0.00', '0.00', '569.00'),
(1017, 96, '', '', '0.00', '', 0, 2, '0.00', '0.00', 1, '0.00', '0.00', '0.00', '0.00', '0.00', '0.00'),
(1018, 96, '', '', '0.00', '', 0, 3, '0.00', '0.00', 1, '0.00', '0.00', '0.00', '0.00', '0.00', '0.00'),
(1019, 96, '', '', '0.00', '', 0, 4, '0.00', '0.00', 1, '0.00', '0.00', '0.00', '0.00', '0.00', '0.00'),
(1020, 96, '', '', '0.00', '', 0, 5, '0.00', '0.00', 1, '0.00', '0.00', '0.00', '0.00', '0.00', '0.00'),
(1026, 97, '', 'CALENDAR FOR YEAR 2023 INCLUDING STICKERS MICKEY MOUSE', '0.00', 'PCS', 0, 1, '41.55', '41.55', 1, '0.00', '0.00', '41.55', '0.00', '0.00', '41.55'),
(1027, 97, '', 'CAR TINTING SERVICE - V COOL HOLLAND TYPE', '0.00', 'PCS', 0, 2, '100.00', '100.00', 1, '0.00', '0.00', '100.00', '0.00', '0.00', '100.00'),
(1028, 97, '', 'COMPUTER HP 16GB RAM 256 GB RAM JAPAN MADE', '0.00', 'PC', 0, 3, '500.00', '500.00', 1, '0.00', '0.00', '500.00', '0.00', '0.00', '500.00'),
(1029, 97, '', 'FRANCE PERFUME ( LAVENDAR SMELL)', '0.00', '', 0, 4, '67.00', '67.00', 1, '0.00', '0.00', '67.00', '0.00', '0.00', '67.00'),
(1030, 97, '', 'TO USE TOOLS AND MANUALLY ENTER THE  DRAIN TO REMOVE ALL SAND, STONES, DEBRIS ETC FROM THE SIDES AND BOTTOM OF DRAIN.', '0.00', 'LOT', 0, 5, '3400.00', '3400.00', 1, '0.00', '0.00', '3400.00', '0.00', '0.00', '3400.00'),
(1036, 98, '', '', '0.00', '', 0, 1, '2000.00', '2000.00', 1, '0.00', '0.00', '2000.00', '0.00', '0.00', '2000.00'),
(1037, 98, '', '', '0.00', '', 0, 2, '0.00', '0.00', 1, '0.00', '0.00', '0.00', '0.00', '0.00', '0.00'),
(1038, 98, '', '', '0.00', '', 0, 3, '0.00', '0.00', 1, '0.00', '0.00', '0.00', '0.00', '0.00', '0.00'),
(1039, 98, '', '', '0.00', '', 0, 4, '0.00', '0.00', 1, '0.00', '0.00', '0.00', '0.00', '0.00', '0.00'),
(1040, 98, '', '', '0.00', '', 0, 5, '0.00', '0.00', 1, '0.00', '0.00', '0.00', '0.00', '0.00', '0.00'),
(1041, 99, '', '', '0.00', '', 0, 1, '700.00', '700.00', 1, '0.00', '0.00', '700.00', '0.00', '0.00', '700.00'),
(1042, 99, '', '', '0.00', '', 0, 2, '0.00', '0.00', 1, '0.00', '0.00', '0.00', '0.00', '0.00', '0.00'),
(1043, 99, '', '', '0.00', '', 0, 3, '0.00', '0.00', 1, '0.00', '0.00', '0.00', '0.00', '0.00', '0.00'),
(1044, 99, '', '', '0.00', '', 0, 4, '0.00', '0.00', 1, '0.00', '0.00', '0.00', '0.00', '0.00', '0.00'),
(1045, 99, '', '', '0.00', '', 0, 5, '0.00', '0.00', 1, '0.00', '0.00', '0.00', '0.00', '0.00', '0.00'),
(1046, 100, '', '', '0.00', '', 0, 1, '2000.00', '2000.00', 1, '0.00', '0.00', '2000.00', '0.00', '0.00', '2000.00'),
(1047, 100, '', '', '0.00', '', 0, 2, '0.00', '0.00', 1, '0.00', '0.00', '0.00', '0.00', '0.00', '0.00'),
(1048, 100, '', '', '0.00', '', 0, 3, '0.00', '0.00', 1, '0.00', '0.00', '0.00', '0.00', '0.00', '0.00'),
(1049, 100, '', '', '0.00', '', 0, 4, '0.00', '0.00', 1, '0.00', '0.00', '0.00', '0.00', '0.00', '0.00'),
(1050, 100, '', '', '0.00', '', 0, 5, '0.00', '0.00', 1, '0.00', '0.00', '0.00', '0.00', '0.00', '0.00'),
(1075, 101, '', 'TRANSPORT CHARGES', '0.00', '', 1, 1, '0.00', '0.00', 1, '0.00', '0.00', '0.00', '0.00', '0.00', '0.00'),
(1076, 101, '1', 'CALENDAR FOR YEAR 2023 INCLUDING STICKERS MICKEY MOUSE', '2.00', 'PCS', 0, 2, '41.55', '83.10', 1, '0.00', '0.00', '79.78', '4.00', '3.32', '79.78'),
(1077, 101, '2', 'CAR TINTING SERVICE - V COOL HOLLAND TYPE', '2.00', 'PCS', 0, 3, '100.00', '200.00', 1, '0.00', '0.00', '200.00', '0.00', '0.00', '200.00'),
(1078, 101, '3', 'PREPARE HOUSE TENANCY AGREEMENT FOR CUSTOMER FOR THE YEAR 2023 AND 2024', '4.00', 'LOT', 0, 4, '760.00', '3040.00', 6, '1.50', '45.60', '3085.60', '0.00', '0.00', '3040.00'),
(1079, 101, '4', 'TO USE TOOLS AND MANUALLY ENTER THE  DRAIN TO REMOVE ALL SAND, STONES, DEBRIS ETC FROM THE SIDES AND BOTTOM OF DRAIN.', '1.00', 'LOT', 0, 5, '3400.00', '3400.00', 1, '0.00', '0.00', '3196.00', '6.00', '204.00', '3196.00'),
(1080, 101, '5', 'TOP RADIATOR HOSE ORIGINAL', '0.00', 'L/S', 0, 6, '345.00', '345.00', 1, '0.00', '0.00', '345.00', '0.00', '0.00', '345.00'),
(1081, 101, '6', 'COMPUTER DELL XPS 15 16GB RAM 512GB SSD INTEL I9 PROCESSOR', '3.00', 'PCS', 0, 7, '90.00', '270.00', 2, '6.00', '16.20', '286.20', '0.00', '0.00', '270.00'),
(1082, 101, '', 'LABOUR CHARGES', '0.00', '', 1, 8, '0.00', '0.00', 1, '0.00', '0.00', '0.00', '0.00', '0.00', '0.00'),
(1083, 101, '1', 'CAR AIRCOND HOSE 99', '0.00', 'UNITS', 0, 9, '45.00', '45.00', 1, '0.00', '0.00', '42.30', '6.00', '2.70', '42.30'),
(1084, 101, '2', 'CAR DENT KNOCKING AND PAINTING', '0.00', 'LOT', 0, 10, '490.00', '490.00', 1, '0.00', '0.00', '490.00', '0.00', '0.00', '490.00'),
(1085, 102, '', 'TRANSPORT CHARGES', '0.00', '', 1, 1, '0.00', '0.00', 1, '0.00', '0.00', '0.00', '0.00', '0.00', '0.00'),
(1086, 102, '1', 'CALENDAR FOR YEAR 2023 INCLUDING STICKERS MICKEY MOUSE', '2.00', 'PCS', 0, 2, '41.55', '83.10', 1, '0.00', '0.00', '79.78', '4.00', '3.32', '79.78'),
(1087, 102, '2', 'CAR TINTING SERVICE - V COOL HOLLAND TYPE', '2.00', 'PCS', 0, 3, '100.00', '200.00', 1, '0.00', '0.00', '200.00', '0.00', '0.00', '200.00'),
(1088, 102, '3', 'PREPARE HOUSE TENANCY AGREEMENT FOR CUSTOMER FOR THE YEAR 2023 AND 2024', '4.00', 'LOT', 0, 4, '760.00', '3040.00', 6, '1.50', '45.60', '3085.60', '0.00', '0.00', '3040.00'),
(1089, 102, '4', 'TO USE TOOLS AND MANUALLY ENTER THE  DRAIN TO REMOVE ALL SAND, STONES, DEBRIS ETC FROM THE SIDES AND BOTTOM OF DRAIN.', '1.00', 'LOT', 0, 5, '3400.00', '3400.00', 1, '0.00', '0.00', '3196.00', '6.00', '204.00', '3196.00'),
(1090, 102, '5', 'TOP RADIATOR HOSE ORIGINAL', '0.00', 'L/S', 0, 6, '345.00', '345.00', 1, '0.00', '0.00', '345.00', '0.00', '0.00', '345.00'),
(1091, 102, '6', 'COMPUTER DELL XPS 15 16GB RAM 512GB SSD INTEL I9 PROCESSOR', '3.00', 'PCS', 0, 7, '90.00', '270.00', 2, '6.00', '16.20', '286.20', '0.00', '0.00', '270.00'),
(1092, 102, '', 'LABOUR CHARGES', '0.00', '', 1, 8, '0.00', '0.00', 1, '0.00', '0.00', '0.00', '0.00', '0.00', '0.00'),
(1093, 102, '1', 'CAR AIRCOND HOSE 99', '0.00', 'UNITS', 0, 9, '45.00', '45.00', 1, '0.00', '0.00', '42.30', '6.00', '2.70', '42.30'),
(1094, 102, '2', 'CAR DENT KNOCKING AND PAINTING', '0.00', 'LOT', 0, 10, '490.00', '490.00', 1, '0.00', '0.00', '490.00', '0.00', '0.00', '490.00');

-- --------------------------------------------------------

--
-- Table structure for table `tbquotation`
--

DROP TABLE IF EXISTS `tbquotation`;
CREATE TABLE IF NOT EXISTS `tbquotation` (
  `quotation_id` int(11) NOT NULL AUTO_INCREMENT,
  `quotation_no` varchar(30) NOT NULL,
  `quotation_date` date NOT NULL,
  `quotation_customerID` int(11) NOT NULL,
  `quotation_title` varchar(200) NOT NULL,
  `quotation_from` varchar(50) NOT NULL,
  `quotation_terms` text NOT NULL,
  `quotation_attention` varchar(100) NOT NULL,
  `quotation_email` varchar(100) NOT NULL,
  `quotation_subTotal` decimal(10,2) NOT NULL DEFAULT '0.00',
  `quotation_taxTotal` decimal(10,2) NOT NULL DEFAULT '0.00',
  `quotation_grandTotal` decimal(10,2) NOT NULL DEFAULT '0.00',
  `quotation_discountTotal` decimal(10,2) NOT NULL DEFAULT '0.00',
  `quotation_totalAfterDiscount` decimal(10,2) NOT NULL DEFAULT '0.00',
  `quotation_roundAmount` decimal(10,2) NOT NULL DEFAULT '0.00',
  `quotation_grandTotalRound` decimal(10,2) NOT NULL DEFAULT '0.00',
  `quotation_roundStatus` int(1) NOT NULL DEFAULT '0',
  `quotation_content` text NOT NULL,
  `quotation_invoiceNo` varchar(30) NOT NULL,
  `quotation_invoiceID` int(11) NOT NULL DEFAULT '0',
  `quotation_deliveryOrderNo` varchar(30) NOT NULL,
  `quotation_deliveryOrderID` int(11) NOT NULL DEFAULT '0',
  PRIMARY KEY (`quotation_id`)
) ENGINE=InnoDB AUTO_INCREMENT=67 DEFAULT CHARSET=latin1;

--
-- Dumping data for table `tbquotation`
--

INSERT INTO `tbquotation` (`quotation_id`, `quotation_no`, `quotation_date`, `quotation_customerID`, `quotation_title`, `quotation_from`, `quotation_terms`, `quotation_attention`, `quotation_email`, `quotation_subTotal`, `quotation_taxTotal`, `quotation_grandTotal`, `quotation_discountTotal`, `quotation_totalAfterDiscount`, `quotation_roundAmount`, `quotation_grandTotalRound`, `quotation_roundStatus`, `quotation_content`, `quotation_invoiceNo`, `quotation_invoiceID`, `quotation_deliveryOrderNo`, `quotation_deliveryOrderID`) VALUES
(1, 'QUO/2023/001', '2023-01-21', 76, '', '', '<p><strong>Quotation Terms</strong></p><ol><li>Quatation is valid two weeks from date above.</li><li>All cheques must be crossed &quot;A/C PAYEE ONLY&quot; and made payable to &quot;<strong>KSN SEWERAGE ENGINEERING SERVICES</strong> &quot; at Public Bank 3122 136 534 &nbsp;<br />&nbsp;</li></ol>', 'SERI WAHYU RESINDENCE MANAGEMENT OFFICE', '', '3206.00', '0.00', '3206.00', '0.00', '3206.00', '0.00', '3206.00', 0, '', 'IN/2023/004', 4, 'DO/2023/001', 1),
(2, 'QUO/2023/002', '2023-01-24', 75, '', '', '<p><strong>Quotation Terms</strong></p><ol><li>Quatation is valid two weeks from date above.</li><li>All cheques must be crossed &quot;A/C PAYEE ONLY&quot; and made payable to &quot;<strong>KSN SEWERAGE ENGINEERING SERVICES</strong> &quot; at Public Bank 3122 136 534 &nbsp;<br />&nbsp;</li></ol>', 'MR RAYMOND', '', '3758.50', '0.00', '3758.50', '0.00', '3758.50', '0.00', '3758.50', 0, '', 'IN/2023/021', 14, 'DO/2023/002', 2),
(3, 'QUO/2023/003', '2023-01-30', 51, '', '', '<p><strong>Quotation Terms</strong></p><ol><li>Quatation is valid two weeks from date above.</li><li>All cheques must be crossed &quot;A/C PAYEE ONLY&quot; and made payable to &quot;<strong>KSN SEWERAGE ENGINEERING SERVICES</strong> &quot; at Public Bank 3122 136 534 &nbsp;<br />&nbsp;</li></ol>', 'Mr Balvinder Singh', 'ahsn_90@gmail.com', '3656.00', '0.00', '3656.00', '0.00', '3656.00', '0.00', '3656.00', 0, '', 'IN/2023/045', 35, 'DO/2023/004', 4),
(4, 'QUO/2023/004', '2023-02-01', 71, '', '', '<p><strong>Quotation Terms</strong></p><ol><li>Quatation is valid two weeks from date above.</li><li>All cheques must be crossed &quot;A/C PAYEE ONLY&quot; and made payable to &quot;<strong>KSN SEWERAGE ENGINEERING SERVICES</strong> &quot; at Public Bank 3122 136 534 &nbsp;<br />&nbsp;</li></ol>', '', '', '23533.00', '0.84', '23533.84', '0.00', '23533.00', '0.01', '23533.85', 1, '', '', 0, '', 0),
(5, 'QUO/2023/005', '2023-02-02', 83, 'BLOCKED SEWERAGE PIPING CLEARING AND MANHOLE CLEANING FOR ABOVE LOCATION', '', '<p><strong>Quotation Terms</strong></p><ol><li>Quatation is valid till 28th February 2023</li><li>All payment made payable to &quot;<strong>KSN SEWERAGE ENGINEERING SERVICES</strong> &quot; at Public Bank 3122 136 534&nbsp; either by cheque or bank transfer.<br />&nbsp;</li></ol>', '', '', '7000.00', '0.00', '7000.00', '0.00', '7000.00', '0.00', '7000.00', 0, '<p>To</p><p>Manager</p><p>DESA DAMANSARA MANAGEMENT CORPORATION</p><p>&nbsp;</p>', 'IN/2023/059', 52, 'DO/2023/006', 6),
(6, 'QUO/2023/006', '2023-02-07', 76, '', '', '<p><strong>Quotation Terms</strong></p><ol><li>Quatation is valid two weeks from date above.</li><li>All cheques must be crossed &quot;A/C PAYEE ONLY&quot; and made payable to &quot;<strong>KSN SEWERAGE ENGINEERING SERVICES</strong> &quot; at Public Bank 3122 136 534 &nbsp;<br />&nbsp;</li></ol>', 'SERI WAHYU RESINDENCE MANAGEMENT OFFICE', '', '5062.75', '0.00', '5062.75', '0.00', '5062.75', '0.00', '5062.75', 0, '', 'IN/2023/068', 61, '', 0),
(8, 'QUO/2023/008', '2023-02-18', 87, '', '', '<p><strong>Quotation Terms</strong></p><ol><li>Quatation is valid two weeks from date above.</li><li>All cheques must be crossed &quot;A/C PAYEE ONLY&quot; and made payable to &quot;<strong>KSN SEWERAGE ENGINEERING SERVICES</strong> &quot; at Public Bank 3122 136 534 &nbsp;<br />&nbsp;</li></ol>', 'MR TIMOTHY', 'timothy@rainehome.com.my', '8454.03', '1702.30', '10139.83', '16.50', '8437.53', '0.00', '10139.83', 0, '', 'IN/2023/069', 62, 'DO/2023/008', 8),
(9, 'QUO/2023/009', '2023-02-18', 51, '', '', '<p><strong>Quotation Terms</strong></p><ol><li>Quatation is valid two weeks from date above.</li><li>All cheques must be crossed &quot;A/C PAYEE ONLY&quot; and made payable to &quot;<strong>KSN SEWERAGE ENGINEERING SERVICES</strong> &quot; at Public Bank 3122 136 534 &nbsp;<br />&nbsp;</li></ol>', 'Mr Balvinder Singh', 'ahsn_90@gmail.com', '8454.03', '1702.30', '10139.83', '16.50', '8437.53', '0.00', '10139.83', 0, '', 'IN/2023/070', 63, '', 0),
(10, 'QUO/2023/010', '2023-02-22', 83, 'CUT AND REMOVE BROKEN UNDERGROUND SEWERAGE PIPE AND OTHER  RELATED WORKS', '', '<p><strong>Quotation Terms</strong></p><ol><li>Quatation is valid two weeks from date above.</li><li>All cheques must be crossed &quot;A/C PAYEE ONLY&quot; and made payable to &quot;<strong>KSN SEWERAGE ENGINEERING SERVICES</strong> &quot; at Public Bank 3122 136 534 &nbsp;<br />&nbsp;</li></ol>', '', '', '6000.00', '1876.80', '7396.80', '480.00', '5520.00', '0.00', '7396.80', 0, '', '', 0, '', 0),
(11, 'QUO/2023/011', '2023-02-25', 51, '', '', '<p><strong>Quotation Terms</strong></p><ol><li>Quatation is valid two weeks from date above.</li><li>All cheques must be crossed &quot;A/C PAYEE ONLY&quot; and made payable to &quot;<strong>KSN SEWERAGE ENGINEERING SERVICES</strong> &quot; at Public Bank 3122 136 534 &nbsp;<br />&nbsp;</li></ol>', 'Mr Balvinder Singh', 'ahsn_90@gmail.com', '7000.00', '0.00', '7000.00', '0.00', '7000.00', '0.00', '7000.00', 0, '', 'IN/2023/075', 66, '', 0),
(12, 'QUO/2023/012', '2023-02-26', 51, '', '', '<p><strong>Quotation Terms</strong></p><ol><li>Quatation is valid two weeks from date above.</li><li>All cheques must be crossed &quot;A/C PAYEE ONLY&quot; and made payable to &quot;<strong>KSN SEWERAGE ENGINEERING SERVICES</strong> &quot; at Public Bank 3122 136 534 &nbsp;<br />&nbsp;</li></ol>', 'Mr Balvinder Singh', 'ahsn_90@gmail.com', '5230.00', '275.91', '5505.91', '0.00', '5230.00', '-0.01', '5505.90', 1, '', 'IN/2023/076', 67, 'DO/2023/016', 11),
(13, 'QUO/2023/013', '2023-02-26', 76, 'Based on our inspection of your property, we recommend the following pest control services:', '', '<p>We understand that <strong>pest control can be a significant investment</strong>, which is why we offer a variety of payment options and financing plans to help make our services more accessible. We also offer a satisfaction guarantee to ensure that you are completely satisfied with our services.</p><p><strong>Quotation Terms</strong></p><ol><li>Quatation is valid two weeks from date above.</li><li>All cheques must be crossed &quot;A/C PAYEE ONLY&quot; and made payable to &quot;<strong>KSN SEWERAGE ENGINEERING SERVICES</strong> &quot; at Public Bank 3122 136 534 &nbsp;<br />&nbsp;</li></ol>', 'SERI WAHYU RESINDENCE MANAGEMENT OFFICE', '', '2890.00', '257.35', '3075.35', '72.00', '2818.00', '0.00', '3075.35', 0, '<p>Thank you for considering our pest control services. We understand that pests can be a nuisance and can potentially cause harm to your property, health, and well-being. We are committed to providing effective and safe pest control solutions to help you eliminate pests from your home or business.</p>', '', 0, '', 0),
(14, 'QUO/2023/014', '2023-02-26', 83, 'Based on our inspection of your property, we recommend the following pest control services:', '', '<p>We understand that <strong>pest control can be a significant investment</strong>, which is why we offer a variety of payment options and financing plans to help make our services more accessible. We also offer a satisfaction guarantee to ensure that you are completely satisfied with our services.</p><p><strong>Quotation Terms</strong></p><ol><li>Quatation is valid two weeks from date above.</li><li>All cheques must be crossed &quot;A/C PAYEE ONLY&quot; and made payable to &quot;<strong>KSN SEWERAGE ENGINEERING SERVICES</strong> &quot; at Public Bank 3122 136 534 &nbsp;<br />&nbsp;</li></ol>', '', '', '2936.00', '300.77', '3169.99', '66.78', '2869.22', '0.01', '3170.00', 1, '<p>Thank you for considering our pest control services. We understand that pests can be a nuisance and can potentially cause harm to your property, health, and well-being. We are committed to providing effective and safe pest control solutions to help you eliminate pests from your home or business.</p>', '', 0, '', 0),
(15, 'QUO/2023/015', '2023-02-26', 63, 'Our team of experienced painters will perform the following tasks as part of the project:', '', '<p>We hope that this quotation meets your expectations and we look forward to the opportunity to work with you. Please do not hesitate to contact us if you have any questions or concerns.</p><p><strong>Quotation Terms</strong></p><ol><li>Quatation is valid two weeks from date above.</li><li>All cheques must be crossed &quot;A/C PAYEE ONLY&quot; and made payable to &quot;<strong>KSN SEWERAGE ENGINEERING SERVICES</strong> &quot; at Public Bank 3122 136 534 &nbsp;<br />&nbsp;</li></ol>', 'MR GANAESON', '', '2280.00', '278.35', '2477.35', '81.00', '2199.00', '0.00', '2477.35', 0, '<p>Thank you for considering us for your building painting project. We appreciate the opportunity to provide you with our services. After discussing the details of your project with you, we have put together a comprehensive quotation that outlines the costs and timeline for the project.</p>', '', 0, '', 0),
(16, 'QUO/2023/016', '2023-02-28', 74, '', '', '<p><strong>Quotation Terms</strong></p><ol><li>Quatation is valid two weeks from date above.</li><li>All cheques must be crossed &quot;A/C PAYEE ONLY&quot; and made payable to &quot;<strong>KSN SEWERAGE ENGINEERING SERVICES</strong> &quot; at Public Bank 3122 136 534 &nbsp;<br />&nbsp;</li></ol>', '', '', '10452.05', '88.38', '10540.43', '0.00', '10452.05', '0.02', '10540.45', 1, '', '', 0, '', 0),
(17, 'QUO/2023/017', '2023-02-28', 65, '', '', '<p>We understand that <strong>pest control can be a significant investment</strong>, which is why we offer a variety of payment options and financing plans to help make our services more accessible. We also offer a satisfaction guarantee to ensure that you are completely satisfied with our services.</p><p><strong>Quotation Terms</strong></p><ol><li>Quatation is valid two weeks from date above.</li><li>All cheques must be crossed &quot;A/C PAYEE ONLY&quot; and made payable to &quot;<strong>KSN SEWERAGE ENGINEERING SERVICES</strong> &quot; at Public Bank 3122 136 534 &nbsp;<br />&nbsp;</li></ol>', '', '', '2890.00', '257.35', '3075.35', '72.00', '2818.00', '0.00', '3075.35', 0, '<p>Thank you for considering our pest control services. We understand that pests can be a nuisance and can potentially cause harm to your property, health, and well-being. We are committed to providing effective and safe pest control solutions to help you eliminate pests from your home or business.</p>', 'IN/2023/100', 70, '', 0),
(18, 'QUO/2023/018', '2023-03-12', 51, '', '', '<p><strong>Quotation Terms</strong></p><ol><li>Quatation is valid two weeks from date above.</li><li>All cheques must be crossed &quot;A/C PAYEE ONLY&quot; and made payable to &quot;<strong>KSN SEWERAGE ENGINEERING SERVICES</strong> &quot; at Public Bank 3122 136 534 &nbsp;<br />&nbsp;</li></ol>', 'Mr Balvinder Singh', 'ahsn_90@gmail.com', '617.50', '0.00', '617.50', '0.00', '617.50', '0.00', '617.50', 0, '', '', 0, '', 0),
(19, 'QUO/2023/019', '2023-03-12', 74, '', '', '<p><strong>Quotation Terms</strong></p><ol><li>Quatation is valid two weeks from date above.</li><li>All cheques must be crossed &quot;A/C PAYEE ONLY&quot; and made payable to &quot;<strong>KSN SEWERAGE ENGINEERING SERVICES</strong> &quot; at Public Bank 3122 136 534 &nbsp;<br />&nbsp;</li></ol>', '', '', '5754.60', '0.00', '5754.60', '0.00', '5754.60', '0.00', '5754.60', 0, '', '', 0, '', 0),
(20, 'QUO/2023/020', '2023-03-12', 51, '', '', '<p><strong>Quotation Terms</strong></p><ol><li>Quatation is valid two weeks from date above.</li><li>All cheques must be crossed &quot;A/C PAYEE ONLY&quot; and made payable to &quot;<strong>KSN SEWERAGE ENGINEERING SERVICES</strong> &quot; at Public Bank 3122 136 534 &nbsp;<br />&nbsp;</li></ol>', 'Mr Balvinder Singh', 'ahsn_90@gmail.com', '1330.98', '7.05', '1313.28', '24.75', '1306.23', '0.00', '1313.28', 0, '', '', 0, '', 0),
(21, 'QUO/2023/021', '2023-03-12', 51, '', '', '<p><strong>Quotation Terms</strong></p><ol><li>Quatation is valid two weeks from date above.</li><li>All cheques must be crossed &quot;A/C PAYEE ONLY&quot; and made payable to &quot;<strong>KSN SEWERAGE ENGINEERING SERVICES</strong> &quot; at Public Bank 3122 136 534 &nbsp;<br />&nbsp;</li></ol>', 'Mr Balvinder Singh', 'ahsn_90@gmail.com', '617.50', '0.00', '617.50', '0.00', '617.50', '0.00', '617.50', 0, '', '', 0, '', 0),
(22, 'QUO/2023/022', '2023-03-12', 51, '', '', '<p><strong>Quotation Terms</strong></p><ol><li>Quatation is valid two weeks from date above.</li><li>All cheques must be crossed &quot;A/C PAYEE ONLY&quot; and made payable to &quot;<strong>KSN SEWERAGE ENGINEERING SERVICES</strong> &quot; at Public Bank 3122 136 534 &nbsp;<br />&nbsp;</li></ol>', 'Mr Balvinder Singh', 'ahsn_90@gmail.com', '1064.50', '0.00', '1064.50', '0.00', '1064.50', '0.00', '1064.50', 0, '', '', 0, '', 0),
(23, 'QUO/2023/023', '2023-03-13', 76, '', '', '<p><strong>Quotation Terms</strong></p><ol><li>Quatation is valid two weeks from date above.</li><li>All cheques must be crossed &quot;A/C PAYEE ONLY&quot; and made payable to &quot;<strong>KSN SEWERAGE ENGINEERING SERVICES</strong> &quot; at Public Bank 3122 136 534 &nbsp;<br />&nbsp;</li></ol>', 'SERI WAHYU RESINDENCE MANAGEMENT OFFICE', '', '1114.00', '0.00', '1114.00', '0.00', '1114.00', '0.00', '1114.00', 0, '', '', 0, '', 0),
(24, 'QUO/2023/024', '2023-03-13', 21, '', '', '<p><strong>Quotation Terms</strong></p><ol><li>Quatation is valid two weeks from date above.</li><li>All cheques must be crossed &quot;A/C PAYEE ONLY&quot; and made payable to &quot;<strong>KSN SEWERAGE ENGINEERING SERVICES</strong> &quot; at Public Bank 3122 136 534 &nbsp;<br />&nbsp;</li></ol>', 'Madam Devi Nair', 'devi_epson@gmail.com', '617.50', '0.00', '617.50', '0.00', '617.50', '0.00', '617.50', 0, '', '', 0, 'DO/2023/020', 15),
(25, 'QUO/2023/025', '2023-03-13', 34, '', '', '<p><strong>Quotation Terms</strong></p><ol><li>Quatation is valid two weeks from date above.</li><li>All cheques must be crossed &quot;A/C PAYEE ONLY&quot; and made payable to &quot;<strong>KSN SEWERAGE ENGINEERING SERVICES</strong> &quot; at Public Bank 3122 136 534 &nbsp;<br />&nbsp;</li></ol>', 'Mr Gobalan', 'gobalan2829@gmail.com', '1330.98', '7.05', '1313.28', '24.75', '1306.23', '0.00', '1313.28', 0, '', '', 0, '', 0),
(26, 'QUO/2023/026', '2023-03-13', 76, 'RESIDENTIAL WATER TANK CLEANING AND SERVICE', '', '<p><strong>Quotation Terms</strong></p><ol><li>Quatation is valid two weeks from date above.</li><li>All cheques must be crossed &quot;A/C PAYEE ONLY&quot; and made payable to &quot;<strong>KSN SEWERAGE ENGINEERING SERVICES</strong> &quot; at Public Bank 3122 136 534 &nbsp;<br />&nbsp;</li></ol>', 'MS PREMA (BUILDING MANAGER)', '', '86000.00', '0.00', '86000.00', '0.00', '86000.00', '0.00', '86000.00', 0, '', 'IN/2023/019', 19, '', 0),
(27, 'QUO/2023/027', '2023-03-13', 94, '', '', '<p><strong>Quotation Terms</strong></p><ol><li>Quatation is valid two weeks from date above.</li><li>All cheques must be crossed &quot;A/C PAYEE ONLY&quot; and made payable to &quot;<strong>KSN SEWERAGE ENGINEERING SERVICES</strong> &quot; at Public Bank 3122 136 534 &nbsp;<br />&nbsp;</li></ol>', 'MR RAMESH / SHOBA', 'admin@clean_sewers.com', '86000.00', '0.00', '86000.00', '0.00', '86000.00', '0.00', '86000.00', 0, '', '', 0, 'DO/2023/022', 17),
(28, 'QUO/2023/028', '2023-03-13', 18, '', '', '<p><strong>Quotation Terms</strong></p><ol><li>Quatation is valid two weeks from date above.</li><li>All cheques must be crossed &quot;A/C PAYEE ONLY&quot; and made payable to &quot;<strong>KSN SEWERAGE ENGINEERING SERVICES</strong> &quot; at Public Bank 3122 136 534 &nbsp;<br />&nbsp;</li></ol>', 'ENCIK KAMARUDDIN', 'fn_malaysia@gmail.com', '86000.00', '0.00', '86000.00', '0.00', '86000.00', '0.00', '86000.00', 0, '', '', 0, '', 0),
(29, 'QUO/2023/029', '2023-03-13', 24, '', '', '<p><strong>Quotation Terms</strong></p><ol><li>Quatation is valid two weeks from date above.</li><li>All cheques must be crossed &quot;A/C PAYEE ONLY&quot; and made payable to &quot;<strong>KSN SEWERAGE ENGINEERING SERVICES</strong> &quot; at Public Bank 3122 136 534 &nbsp;<br />&nbsp;</li></ol>', 'MR KUMAR RAO', 'telug_assc@gmail.com', '86000.00', '0.00', '86000.00', '0.00', '86000.00', '0.00', '86000.00', 0, '', 'IN/2023/109', 79, '', 0),
(30, 'QUO/2023/030', '2023-03-14', 22, '', 'MR TENG', '<p><strong>Quotation Terms</strong></p><ol><li>Quatation is valid two weeks from date above.</li><li>All cheques must be crossed &quot;A/C PAYEE ONLY&quot; and made payable to &quot;<strong>KSN SEWERAGE ENGINEERING SERVICES</strong> &quot; at Public Bank 3122 136 534 &nbsp;<br />&nbsp;</li></ol>', 'Mr Teng Ken Fatt', 'giant_selayang@gmail.com', '86000.00', '0.00', '86000.00', '0.00', '86000.00', '0.00', '86000.00', 0, '', '', 0, 'DO/2023/024', 19),
(31, 'QUO/2023/031', '2023-03-22', 94, '', '', '<p><strong>Quotation Terms</strong></p><ol><li>Quatation is valid two weeks from date above.</li><li>Payment should be made to ( Maybank ) AJ HYBRID EURO TECH 512491169957</li></ol>', 'MR RAMESH / SHOBA', 'admin@clean_sewers.com', '1600.00', '0.00', '1600.00', '0.00', '1600.00', '0.00', '1600.00', 0, '', '', 0, '', 0),
(32, 'QUO/2023/032', '2023-03-22', 76, '', '', '<p><strong>Quotation Terms</strong></p><ol><li>Quatation is valid two weeks from date above.</li><li>Payment should be made to ( Maybank ) AJ HYBRID EURO TECH 512491169957</li></ol>', 'SERI WAHYU RESINDENCE MANAGEMENT OFFICE', '', '16227.00', '0.00', '16227.00', '0.00', '16227.00', '0.00', '16227.00', 0, '', '', 0, '', 0),
(33, 'QUO/2023/033', '2023-03-22', 24, '', '', '<p><strong>Quotation Terms</strong></p><ol><li>Quatation is valid two weeks from date above.</li><li>Payment should be made to ( Maybank ) AJ HYBRID EURO TECH 512491169957</li></ol>', 'MR KUMAR RAO', 'telug_assc@gmail.com', '13050.00', '0.00', '13050.00', '0.00', '13050.00', '0.00', '13050.00', 0, '', 'IN/2023/113', 83, '', 0),
(34, 'QUO/2023/034', '2023-03-23', 34, '', '', '<p><strong>Quotation Terms</strong></p><ol><li>Quatation is valid two weeks from date above.</li><li>Payment should be made to ( Maybank ) AJ HYBRID EURO TECH 512491169957</li></ol>', 'Mr Gobalan', 'gobalan2829@gmail.com', '4241.60', '0.00', '4241.60', '0.00', '4241.60', '0.00', '4241.60', 0, '', 'IN/2023/115', 85, '', 0),
(35, 'QUO/2023/035', '2023-04-01', 94, '', '', '<p><strong>Quotation Terms</strong></p><ol><li>Quatation is valid two weeks from date above.</li><li>All cheques must be crossed &quot;A/C PAYEE ONLY&quot; and made payable to &quot;<strong>KSN SEWERAGE ENGINEERING SERVICES</strong> &quot; at Public Bank 3122 136 534 &nbsp;<br />&nbsp;</li></ol>', 'MR RAMESH / SHOBA', 'admin@clean_sewers.com', '86000.00', '0.00', '86000.00', '0.00', '86000.00', '0.00', '86000.00', 0, '', 'IN/2023/120', 90, 'DO/2023/027', 22),
(37, 'QUO/2023/036', '2023-04-05', 94, '', 'MS VASANTHI KAUR', '<p><strong>Quotation Terms</strong></p><ol><li>Quatation is valid two weeks from date above.</li><li>All cheques must be crossed &quot;A/C PAYEE ONLY&quot; and made payable to &quot;<strong>KSN SEWERAGE ENGINEERING SERVICES</strong> &quot; at Public Bank 3122 136 534 &nbsp;<br />&nbsp;</li></ol>', 'MR RAMESH / SHOBA', 'admin@clean_sewers.com', '69800.00', '0.00', '69800.00', '0.00', '69800.00', '0.00', '69800.00', 0, '', 'IN/2023/002', 2, '', 0),
(38, 'QUO/2023/037', '2023-04-05', 11, '', '', '<p><strong>Quotation Terms</strong></p><ol><li>Quatation is valid two weeks from date above.</li><li>All cheques must be crossed &quot;A/C PAYEE ONLY&quot; and made payable to &quot;<strong>KSN SEWERAGE ENGINEERING SERVICES</strong> &quot; at Public Bank 3122 136 534 &nbsp;<br />&nbsp;</li></ol>', 'Mr Saravanan', 'sara_98@hotmail.com', '86000.00', '0.00', '86000.00', '0.00', '86000.00', '0.00', '86000.00', 0, '', '', 0, 'DO/2023/030', 25),
(39, 'QUO-2023-038', '2023-04-07', 174, 'CLEANING MANHOLES USING LORRY JETTER AND MANUAL RODDING USING TOOLS', '', '<p><strong>Quotation Terms</strong></p><ol><li>Quatation valid ONE MONTH FROM 7th APR 2023</li><li>Payment should be made to <strong>KSN SEWERAGE ENGINEERING SERVICE</strong> &quot; at Public Bank 3122 136 534 or bank transfer&nbsp;</li></ol>', 'MANAGEMENT OFFICE', '', '12600.00', '0.00', '12600.00', '0.00', '12600.00', '0.00', '12600.00', 0, '<p>BELOW IS LISTED OUR PRICING FOR CLEANING MANHOLES. WE HAVE TWO TYPE OF SERVICES FOR THE CLEANING WORK.</p><p>ONE USE CHEMICAL AND THE OTHER NO CHEMICALS.</p>', 'IN/2023/124', 94, 'DO/2023/031', 26),
(40, 'QUO-2023-039', '2023-04-08', 94, '', '', '<p><strong>Quotation Terms</strong></p><ol><li>Quatation valid ONE MONTH FROM 7th APR 2023</li><li>Payment should be made to <strong>KSN SEWERAGE ENGINEERING SERVICE</strong> &quot; at Public Bank 3122 136 534 or bank transfer&nbsp;</li></ol>', 'MR RAMESH / SHOBA', 'admin@clean_sewers.com', '12600.00', '0.00', '12600.00', '0.00', '12600.00', '0.00', '12600.00', 0, '<p>BELOW IS LISTED OUR PRICING FOR CLEANING MANHOLES. WE HAVE TWO TYPE OF SERVICES FOR THE CLEANING WORK.</p><p>ONE USE CHEMICAL AND THE OTHER NO CHEMICALS.</p>', '', 0, '', 0),
(41, 'QUO/2023/109', '2023-04-08', 94, 'DESLUDGING AND JETTING SERVICES RELATED WORKS', 'MR RIFDI HAMIDI', '<p><strong>Quotation Terms</strong></p><ol><li>Quatation is valid two weeks from date above.</li><li>Payment should be made to <strong>KSN SEWERAGE ENGINEERING SERVICE</strong> &quot; at Public Bank 3122 136 534&nbsp;</li></ol>', 'MR RAMESH / SHOBA', 'admin@clean_sewers.com', '6140.90', '0.00', '6135.81', '5.09', '6135.81', '-0.01', '6135.80', 1, '<p>TO</p><p>MS KIRTHANNA<br />MANAGER OPEN RESOURCES DEPT</p>', '', 0, '', 0),
(42, 'QUO/2023/110', '2023-04-10', 11, '', 'MR PATRICK TAN', '<p><strong>Quotation Terms</strong></p><ol><li>Quatation is valid two weeks from date above.</li><li>Payment should be made to <strong>KSN SEWERAGE ENGINEERING SERVICE</strong> &quot; at Public Bank 3122 136 534&nbsp;</li></ol>', 'Mr Saravanan', 'sara_98@hotmail.com', '6140.90', '0.00', '6135.81', '5.09', '6135.81', '-0.01', '6135.80', 1, '<p>TO</p><p>MS KIRTHANNA<br />MANAGER OPEN RESOURCES DEPT</p>', 'IN/2023/132', 102, '', 0),
(43, 'QUO/2023/111', '2023-04-11', 93, '', '', '<p><strong>Quotation Terms</strong></p><ol><li>Quatation is valid two weeks from date above.</li><li>Payment should be made to <strong>KSN SEWERAGE ENGINEERING SERVICE</strong> &quot; at Public Bank 3122 136 534&nbsp;</li></ol>', '', 'info@rightontrack.com.my', '3881.45', '0.00', '3881.45', '0.00', '3881.45', '0.00', '3881.45', 0, '', '', 0, '', 0),
(44, 'QUO/2023/112', '2023-04-12', 189, '', '', '<p><strong>Quotation Terms</strong></p><ol><li>Quatation is valid two weeks from date above.</li><li>Payment should be made to <strong>KSN SEWERAGE ENGINEERING SERVICE</strong> &quot; at Public Bank 3122 136 534&nbsp;</li></ol>', 'SUHUMARAN DURAISAMY', '', '3881.45', '0.00', '3881.45', '0.00', '3881.45', '0.00', '3881.45', 0, '', '', 0, '', 0),
(45, 'QUO/2023/113', '2023-04-15', 94, '', '', '<p><strong>Quotation Terms</strong></p><ol><li>Quatation is valid two weeks from date above.</li><li>Payment should be made to <strong>KSN SEWERAGE ENGINEERING SERVICE</strong> &quot; at Public Bank 3122 136 534&nbsp;</li></ol>', 'MR RAMESH / SHOBA', 'admin@clean_sewers.com', '4366.60', '0.00', '4366.60', '0.00', '4366.60', '0.00', '4366.60', 0, '', 'IN/2023/131', 101, 'DO/2023/034', 29),
(46, 'QUO/2023/114', '2023-04-17', 203, '', '', '<p><strong>Quotation Terms</strong></p><ol><li>Quatation is valid two weeks from date above.</li><li>Payment should be made to <strong>KSN SEWERAGE ENGINEERING SERVICE</strong> &quot; at Public Bank 3122 136 534&nbsp;</li></ol>', 'MR KAMARUL', 'volleyball_msia@gmail.com', '4366.60', '0.00', '4366.60', '0.00', '4366.60', '0.00', '4366.60', 0, '', '', 0, '', 0),
(47, 'QUO/2023/115', '2023-04-17', 146, '', '', '<p><strong>Quotation Terms</strong></p><ol><li>Quatation is valid two weeks from date above.</li><li>Payment should be made to <strong>KSN SEWERAGE ENGINEERING SERVICE</strong> &quot; at Public Bank 3122 136 534&nbsp;</li></ol>', 'CIKGU RAMESH', '', '5155.00', '224.37', '4963.87', '415.50', '4739.50', '-0.02', '4963.85', 1, '', 'IN/2023/133', 103, 'DO/2023/035', 30),
(48, 'QUO/2023/118', '2023-04-21', 94, '', '', '<p><strong>Quotation Terms</strong></p><ol><li>Quatation is valid two weeks from date above.</li><li>Payment should be made to <strong>KSN SEWERAGE ENGINEERING SERVICE</strong> &quot; at Public Bank 3122 136 534&nbsp;</li></ol>', 'MR RAMESH / SHOBA', 'admin@clean_sewers.com', '7719.00', '2194.47', '9288.69', '624.78', '7094.22', '0.01', '9288.70', 1, '<ul><li>xchhfxh hf<strong>h fh fhf h fsh&nbsp;</strong></li><li><strong>jgugdudu mvgcjg</strong></li></ul>', 'IN/2023/139', 104, '', 0),
(49, 'QUO/2023/119', '2023-04-21', 51, '', '', '<p><strong>Quotation Terms</strong></p><ol><li>Quatation is valid two weeks from date above.</li><li>Payment should be made to <strong>KSN SEWERAGE ENGINEERING SERVICE</strong> &quot; at Public Bank 3122 136 534&nbsp;</li><li>FFGHKJYUHHUUUYY</li><li>&nbsp;</li></ol><p>&nbsp;</p>', 'Mr Balvinder Singh', 'ahsn_90@gmail.com', '8065.80', '1.14', '8066.94', '0.00', '8065.80', '0.01', '8066.95', 1, '', 'IN/2023/140', 105, '', 0),
(50, 'QUO/2023/120', '2023-04-21', 58, '', '', '<p><strong>Quotation Terms</strong></p><ol><li>Quatation is valid two weeks from date above.</li><li>Payment should be made to <strong>KSN SEWERAGE ENGINEERING SERVICE</strong> &quot; at Public Bank 3122 136 534&nbsp;</li></ol>', '', '', '281.45', '0.00', '281.45', '0.00', '281.45', '0.00', '281.45', 0, '', '', 0, '', 0),
(51, 'QUO/2023/121', '2023-04-23', 132, '', '', '<p><strong>Quotation Terms</strong></p><ol><li>Quatation is valid two weeks from date above.</li><li>Payment should be made to <strong>KSN SEWERAGE ENGINEERING SERVICE</strong> &quot; at Public Bank 3122 136 534&nbsp;</li></ol>', 'MR ALI KAMARUDDIN', 'care@iwk.com.my', '7251.85', '0.00', '7251.85', '0.00', '7251.85', '0.00', '7251.85', 0, '', 'IN/2023/021', 21, 'DO/2023/040', 35),
(52, 'QUO/2023/122', '2023-05-01', 94, '', '', '<p><strong>Quotation Terms</strong></p><ol><li>Quatation is valid two weeks from date above.</li><li>Payment should be made to <strong>KSN SEWERAGE ENGINEERING SERVICE</strong> &quot; at Public Bank 3122 136 534&nbsp;</li></ol>', 'MR RAMESH / SHOBA', 'admin@clean_sewers.com', '500.00', '0.00', '500.00', '0.00', '500.00', '0.00', '500.00', 0, '', 'IN/2023/006', 6, '', 0),
(53, 'QUO/2023/123', '2023-05-01', 193, '', '', '<p><strong>Quotation Terms</strong></p><ol><li>Quatation is valid two weeks from date above.</li><li>Payment should be made to <strong>KSN SEWERAGE ENGINEERING SERVICE</strong> &quot; at Public Bank 3122 136 534&nbsp;</li></ol>', 'MR HARIHAREN', 'hari@gmail.com', '4776.95', '54.24', '4824.16', '7.03', '4769.92', '-0.01', '4824.15', 1, '', 'IN/2023/007', 7, '', 0),
(54, 'QUO/2023/124', '2023-05-01', 88, '', '', '<p><strong>Quotation Terms</strong></p><ol><li>Quatation is valid two weeks from date above.</li><li>Payment should be made to <strong>KSN SEWERAGE ENGINEERING SERVICE</strong> &quot; at Public Bank 3122 136 534&nbsp;</li></ol>', 'MR HUAT', 'ken_huat89@gmail.com', '4776.95', '54.24', '4824.16', '7.03', '4769.92', '-0.01', '4824.15', 1, '', 'IN/2023/008', 8, '', 0),
(55, 'QUO/2023/125', '2023-05-01', 94, '', '', '<p><strong>Quotation Terms</strong></p><ol><li>Quatation is valid two weeks from date above.</li><li>Payment should be made to <strong>KSN SEWERAGE ENGINEERING SERVICE</strong> &quot; at Public Bank 3122 136 534&nbsp;</li></ol>', 'MR RAMESH / SHOBA', 'admin@clean_sewers.com', '4776.95', '54.24', '4824.16', '7.03', '4769.92', '-0.01', '4824.15', 1, '', 'IN/2023/010', 10, '', 0),
(56, 'QUO/2023/126', '2023-05-01', 210, '', '', '<p><strong>Quotation Terms</strong></p><ol><li>Quatation is valid two weeks from date above.</li><li>Payment should be made to <strong>KSN SEWERAGE ENGINEERING SERVICE</strong> &quot; at Public Bank 3122 136 534&nbsp;</li></ol>', 'MR KARPAL SINGH', '', '4776.95', '54.24', '4824.16', '7.03', '4769.92', '-0.01', '4824.15', 1, '', 'IN/2023/011', 11, '', 0),
(57, 'QUO/2023/127', '2023-05-01', 13, '', '', '<p><strong>Quotation Terms</strong></p><ol><li>Quatation is valid two weeks from date above.</li><li>Payment should be made to <strong>KSN SEWERAGE ENGINEERING SERVICE</strong> &quot; at Public Bank 3122 136 534&nbsp;</li></ol>', 'Mr Jeevah', 'jevah89@hotmail.com', '4776.95', '54.24', '4824.16', '7.03', '4769.92', '0.00', '4824.16', 0, '', 'IN/2023/012', 12, '', 0),
(58, 'QUO/2023/128', '2023-05-01', 191, '', '', '<p><strong>Quotation Terms</strong></p><ol><li>Quatation is valid two weeks from date above.</li><li>Payment should be made to <strong>KSN SEWERAGE ENGINEERING SERVICE</strong> &quot; at Public Bank 3122 136 534&nbsp;</li></ol>', 'SISTER ENDA', 'sister_assunta@hotmail.com', '4776.95', '54.24', '4824.16', '7.03', '4769.92', '0.00', '4824.16', 0, '', 'IN/2023/013', 13, 'DO/2023/036', 31),
(59, 'QUO/2023/129', '2023-05-01', 178, '', '', '<p><strong>Quotation Terms</strong></p><ol><li>Quatation is valid two weeks from date above.</li><li>Payment should be made to <strong>KSN SEWERAGE ENGINEERING SERVICE</strong> &quot; at Public Bank 3122 136 534&nbsp;</li></ol>', 'SUHUMARAN', 'suhupriya@gmail.com', '19598.95', '2561.97', '22041.57', '119.35', '19479.60', '-0.02', '22041.55', 1, '', 'IN/2023/015', 15, 'DO/2023/038', 33),
(60, 'QUO/2023/130', '2023-05-09', 132, '', '', '<p><strong>Quotation Terms</strong></p><ol><li>Quatation is valid two weeks from date above.</li><li>Payment should be made to <strong>KSN SEWERAGE ENGINEERING SERVICE</strong> &quot; at Public Bank 3122 136 534&nbsp;</li></ol>', 'MR ALI KAMARUDDIN', 'care@iwk.com.my', '19598.95', '2561.97', '22041.57', '119.35', '19479.60', '-0.02', '22041.55', 1, '', 'IN/2023/022', 22, '', 0),
(61, 'QUO/2023/131', '2023-05-15', 225, 'GREASE TANK HAS RISEN ABOVE CERTAIN SPECIFIED HEIGHT DUE TO SAND, DEBRIS ENTERING UNDER IT', '', '<p><strong>Quotation Terms</strong></p><ol><li>Quatation is valid two weeks from date above.</li><li>Payment should be made to <strong>KSN SEWERAGE ENGINEERING SERVICE</strong> &quot; at Public Bank 3122 136 534&nbsp;</li></ol>', 'MR KAMARUDDIN', '', '9500.00', '0.00', '9500.00', '0.00', '9500.00', '0.00', '9500.00', 0, '', 'IN/2023/024', 24, '', 0),
(62, 'QUO/2023/132', '2023-05-17', 18, '', '', '<p><strong>Quotation Terms</strong></p><ol><li>Quatation is valid two weeks from date above.</li><li>Payment should be made to <strong>KSN SEWERAGE ENGINEERING SERVICE</strong> &quot; at Public Bank 3122 136 534&nbsp;</li></ol>', 'ENCIK KAMARUDDIN', 'fn_malaysia@gmail.com', '9500.00', '0.00', '9500.00', '0.00', '9500.00', '0.00', '9500.00', 0, '', '', 0, '', 0),
(63, 'QUO/2023/133', '2023-05-26', 189, '', '', '<p><strong>Quotation Terms</strong></p><ol><li>Quatation is valid two weeks from date above.</li><li>Payment should be made to <strong>KSN SEWERAGE ENGINEERING SERVICE</strong> &quot; at Public Bank 3122 136 534&nbsp;</li></ol>', 'SUHUMARAN DURAISAMY', '', '4481.95', '0.00', '4481.95', '0.00', '4481.95', '0.00', '4481.95', 0, '', 'IN/2023/026', 26, '', 0),
(64, 'QUO/2023/134', '2023-06-01', 226, '', '', '<p><strong>Quotation Terms</strong></p><ol><li>Quatation is valid two weeks from date above.</li><li>Payment should be made to <strong>KSN SEWERAGE ENGINEERING SERVICE</strong> &quot; at Public Bank 3122 136 534&nbsp;</li></ol>', 'MR ALEX TAN', 'hp_computer@gmail.com', '5370.50', '30.60', '5147.27', '253.82', '5116.68', '-0.02', '5147.25', 1, '', 'IN/2023/030', 30, '', 0),
(65, 'QUO/2023/135', '2023-06-01', 146, '', '', '<p><strong>Quotation Terms</strong></p><ol><li>Quatation is valid two weeks from date above.</li><li>Payment should be made to <strong>KSN SEWERAGE ENGINEERING SERVICE</strong> &quot; at Public Bank 3122 136 534&nbsp;</li></ol>', 'CIKGU RAMESH', '', '5370.50', '30.60', '5147.27', '253.82', '5116.68', '-0.02', '5147.25', 1, '', 'IN/2023/029', 29, 'DO/2023/041', 36),
(66, 'QUO/2023/136', '2023-06-08', 11, '', '', '<p><strong>Quotation Terms</strong></p><ol><li>Quatation is valid two weeks from date above.</li><li>Payment should be made to <strong>KSN SEWERAGE ENGINEERING SERVICE</strong> &quot; at Public Bank 3122 136 534&nbsp;</li></ol>', 'Mr Saravanan', 'sara_98@hotmail.com', '5370.50', '30.60', '5147.27', '253.82', '5116.68', '-0.02', '5147.25', 1, '', 'IN/2023/0358', 32, '', 0);

-- --------------------------------------------------------

--
-- Table structure for table `tbquotationdetail`
--

DROP TABLE IF EXISTS `tbquotationdetail`;
CREATE TABLE IF NOT EXISTS `tbquotationdetail` (
  `quotationDetail_id` int(11) NOT NULL AUTO_INCREMENT,
  `quotationDetail_quotationID` int(10) NOT NULL,
  `quotationDetail_no1` varchar(200) NOT NULL,
  `quotationDetail_no2` varchar(200) NOT NULL,
  `quotationDetail_no3` decimal(10,2) NOT NULL DEFAULT '0.00',
  `quotationDetail_no4` varchar(200) NOT NULL,
  `quotationDetail_bold` int(11) NOT NULL DEFAULT '0' COMMENT '0=normal, 1=bold',
  `quotationDetail_sortID` int(2) NOT NULL DEFAULT '0',
  `quotationDetail_no5` decimal(10,2) NOT NULL DEFAULT '0.00',
  `quotationDetail_rowTotal` decimal(10,2) NOT NULL DEFAULT '0.00',
  `quotationDetail_taxRateID` int(10) NOT NULL DEFAULT '0',
  `quotationDetail_taxPercent` decimal(10,2) NOT NULL DEFAULT '0.00',
  `quotationDetail_taxTotal` decimal(10,2) NOT NULL DEFAULT '0.00',
  `quotationDetail_rowGrandTotal` decimal(10,2) NOT NULL DEFAULT '0.00',
  `quotationDetail_discountPercent` decimal(10,2) NOT NULL DEFAULT '0.00',
  `quotationDetail_discountAmount` decimal(10,2) NOT NULL DEFAULT '0.00',
  `quotationDetail_rowTotalAfterDiscount` decimal(10,2) NOT NULL DEFAULT '0.00',
  PRIMARY KEY (`quotationDetail_id`)
) ENGINE=InnoDB AUTO_INCREMENT=949 DEFAULT CHARSET=latin1;

--
-- Dumping data for table `tbquotationdetail`
--

INSERT INTO `tbquotationdetail` (`quotationDetail_id`, `quotationDetail_quotationID`, `quotationDetail_no1`, `quotationDetail_no2`, `quotationDetail_no3`, `quotationDetail_no4`, `quotationDetail_bold`, `quotationDetail_sortID`, `quotationDetail_no5`, `quotationDetail_rowTotal`, `quotationDetail_taxRateID`, `quotationDetail_taxPercent`, `quotationDetail_taxTotal`, `quotationDetail_rowGrandTotal`, `quotationDetail_discountPercent`, `quotationDetail_discountAmount`, `quotationDetail_rowTotalAfterDiscount`) VALUES
(1, 1, '', 'LABOUR TO REPLACE PARTS & SERVICE', '0.00', '', 0, 1, '56.00', '56.00', 1, '0.00', '0.00', '56.00', '0.00', '0.00', '56.00'),
(2, 1, '', 'Latest we have also include the salary range RM 4000.00  RM 5000.00 into Socso table as instructed by PERKESO. Previously it was maximum calculation until RM 4000.00 only.', '2.00', '', 0, 2, '450.00', '900.00', 1, '0.00', '0.00', '900.00', '0.00', '0.00', '900.00'),
(3, 1, '', 'NOKIA CHARGER TYPE CARBON 4598BK2', '5.00', 'UNIT', 0, 3, '450.00', '2250.00', 1, '0.00', '0.00', '2250.00', '0.00', '0.00', '2250.00'),
(4, 1, '', '', '0.00', '', 0, 4, '0.00', '0.00', 1, '0.00', '0.00', '0.00', '0.00', '0.00', '0.00'),
(5, 1, '', '', '0.00', '', 0, 5, '0.00', '0.00', 1, '0.00', '0.00', '0.00', '0.00', '0.00', '0.00'),
(6, 2, '', 'LABOUR TO REPLACE PARTS & SERVICE', '0.00', '', 1, 1, '56.00', '56.00', 1, '0.00', '0.00', '56.00', '0.00', '0.00', '56.00'),
(7, 2, '', 'Latest we have also include the salary range RM 4000.00  RM 5000.00 into Socso table as instructed by PERKESO. Previously it was maximum calculation until RM 4000.00 only.', '2.00', '', 0, 2, '450.00', '900.00', 1, '0.00', '0.00', '900.00', '0.00', '0.00', '900.00'),
(8, 2, '', 'NOKIA CHARGER TYPE CARBON 4598BK2', '5.00', 'UNIT', 1, 3, '450.00', '2250.00', 1, '0.00', '0.00', '2250.00', '0.00', '0.00', '2250.00'),
(9, 2, '', 'TOP RADIATOR HOSE ORIGINAL', '0.00', '', 0, 4, '450.00', '450.00', 1, '0.00', '0.00', '450.00', '0.00', '0.00', '450.00'),
(10, 2, '', 'AUTOMATIC TRANSMISSION FLUID', '0.00', 'unit', 0, 5, '102.50', '102.50', 1, '0.00', '0.00', '102.50', '0.00', '0.00', '102.50'),
(21, 3, '', 'LABOUR TO REPLACE PARTS & SERVICE', '0.00', '', 0, 1, '56.00', '56.00', 1, '0.00', '0.00', '56.00', '0.00', '0.00', '56.00'),
(22, 3, '', 'Latest we have also include the salary range RM 4000.00  RM 5000.00 into Socso table as instructed by PERKESO. Previously it was maximum calculation until RM 4000.00 only.', '2.00', '', 0, 2, '450.00', '900.00', 1, '0.00', '0.00', '900.00', '0.00', '0.00', '900.00'),
(23, 3, '', 'NOKIA CHARGER TYPE CARBON 4598BK2', '5.00', 'UNIT', 0, 3, '450.00', '2250.00', 1, '0.00', '0.00', '2250.00', '0.00', '0.00', '2250.00'),
(24, 3, '', '', '0.00', '', 0, 4, '0.00', '0.00', 1, '0.00', '0.00', '0.00', '0.00', '0.00', '0.00'),
(25, 3, '', 'Latest we have also include the salary range RM 4000.00  RM 5000.00 into Socso table as instructed by PERKESO. Previously it was maximum calculation until RM 4000.00 only.', '0.00', '', 0, 5, '450.00', '450.00', 1, '0.00', '0.00', '450.00', '0.00', '0.00', '450.00'),
(26, 3, '', '', '0.00', '', 0, 6, '0.00', '0.00', 1, '0.00', '0.00', '0.00', '0.00', '0.00', '0.00'),
(27, 3, '', '', '0.00', '', 0, 7, '0.00', '0.00', 1, '0.00', '0.00', '0.00', '0.00', '0.00', '0.00'),
(28, 4, '', 'LABOUR TO REPLACE PARTS & SERVICE', '0.00', '', 1, 1, '56.00', '56.00', 6, '1.50', '0.84', '56.84', '0.00', '0.00', '56.00'),
(29, 4, '', 'Latest we have also include the salary range RM 4000.00  RM 5000.00 into Socso table as instructed by PERKESO. Previously it was maximum calculation until RM 4000.00 only.', '2.00', '', 0, 2, '450.00', '900.00', 1, '0.00', '0.00', '900.00', '0.00', '0.00', '900.00'),
(30, 4, '', 'NOKIA CHARGER TYPE CARBON 4598BK2', '5.00', 'UNIT', 0, 3, '450.00', '2250.00', 1, '0.00', '0.00', '2250.00', '0.00', '0.00', '2250.00'),
(31, 4, '', 'Latest we have also include the salary range RM 4000.00  RM 5000.00 into Socso table as instructed by PERKESO. Previously it was maximum calculation until RM 4000.00 only.', '45.00', '', 0, 4, '450.00', '20250.00', 1, '0.00', '0.00', '20250.00', '0.00', '0.00', '20250.00'),
(32, 4, '', '', '0.00', '', 0, 5, '0.00', '0.00', 1, '0.00', '0.00', '0.00', '0.00', '0.00', '0.00'),
(33, 4, '', 'Screw Holland made 6 type', '0.00', '', 0, 6, '77.00', '77.00', 1, '0.00', '0.00', '77.00', '0.00', '0.00', '77.00'),
(127, 5, '', 'MANHOLE CLEANING WORKS', '0.00', '', 1, 1, '0.00', '0.00', 1, '0.00', '0.00', '0.00', '0.00', '0.00', '0.00'),
(128, 5, '1.', 'STAFF NEED TO ENTER THE MANHOLES MANUALLY AND REMOVE ALL RUBBISH, DIRT AND SAND FROM THE BOTTOM OF MANHOLE.', '1.00', 'LOT', 0, 2, '2500.00', '2500.00', 1, '0.00', '0.00', '2500.00', '0.00', '0.00', '2500.00'),
(129, 5, '2.', 'COLLECT ALL THE RUBBISH AND SAND AND DISPOSE IN RORO RUBBISH BIN\r\nTO BE SEND TO DISPOSAL SITE USING LORRY.', '0.00', '', 0, 3, '0.00', '0.00', 1, '0.00', '0.00', '0.00', '0.00', '0.00', '0.00'),
(130, 5, '3.', 'DISPOSAL AMOUNT INCLUDED IN THE QUOTATION.', '0.00', '', 0, 4, '0.00', '0.00', 1, '0.00', '0.00', '0.00', '0.00', '0.00', '0.00'),
(131, 5, '', 'SEWERAGE PIPE CLEARING', '0.00', '', 1, 5, '0.00', '0.00', 1, '0.00', '0.00', '0.00', '0.00', '0.00', '0.00'),
(132, 5, '1.', 'USE MANUAL RODDING TO CLEAR THE BLOCKAGES', '1.00', 'LOT', 0, 6, '3500.00', '3500.00', 1, '0.00', '0.00', '3500.00', '0.00', '0.00', '3500.00'),
(133, 5, '2.', 'USE JETTING MACHINE WITH HIGH POWERED WATER PRESSURE TO CLEAR ALL BLOCKAGES.', '0.00', '', 0, 7, '0.00', '0.00', 1, '0.00', '0.00', '0.00', '0.00', '0.00', '0.00'),
(134, 5, '3.', 'REMOVE ALL THE CLEARED BLOCKAGES AND DISPOSE IN RORO BIN FOR DISPOSAL.', '0.00', '', 0, 8, '0.00', '0.00', 1, '0.00', '0.00', '0.00', '0.00', '0.00', '0.00'),
(135, 5, '', 'WORK SITE CLEANING WORKS', '0.00', '', 1, 9, '0.00', '0.00', 1, '0.00', '0.00', '0.00', '0.00', '0.00', '0.00'),
(136, 5, '1.', 'CLEAN ALL THE WORKSITE AREA OF DEBRIS, SLUDGE ETC AFTER THE WORKS IS COMPLETED.', '1.00', 'LOT', 0, 10, '1000.00', '1000.00', 1, '0.00', '0.00', '1000.00', '0.00', '0.00', '1000.00'),
(137, 5, '', 'PAYMENT TERMS', '0.00', '', 1, 11, '0.00', '0.00', 1, '0.00', '0.00', '0.00', '0.00', '0.00', '0.00'),
(138, 5, '1.', 'OFFICIAL PURCHASE ORDER NEED TO BE ISSUED BY CUSTOMER.', '0.00', '', 0, 12, '0.00', '0.00', 1, '0.00', '0.00', '0.00', '0.00', '0.00', '0.00'),
(139, 5, '2.', 'DEPOSIT AMOUNT OF 50 PERCENT OF TOTAL COST TO BE PAID BEFORE WORK STARTS.', '0.00', '', 0, 13, '0.00', '0.00', 1, '0.00', '0.00', '0.00', '0.00', '0.00', '0.00'),
(140, 5, '3.', 'BALANCE PAYMENT OF 50 PERCENT TO BE PAID WITHIN 7 DAYS OF WORK COMPLETION.', '0.00', '', 0, 14, '0.00', '0.00', 1, '0.00', '0.00', '0.00', '0.00', '0.00', '0.00'),
(141, 6, '', 'LABOUR TO REPLACE PARTS & SERVICE', '0.00', '', 0, 1, '56.00', '56.00', 1, '0.00', '0.00', '56.00', '0.00', '0.00', '56.00'),
(142, 6, '', '', '0.00', '', 0, 2, '0.00', '0.00', 1, '0.00', '0.00', '0.00', '0.00', '0.00', '0.00'),
(143, 6, '', '', '0.00', '', 0, 3, '0.00', '0.00', 1, '0.00', '0.00', '0.00', '0.00', '0.00', '0.00'),
(144, 6, '', '', '0.00', '', 0, 4, '0.00', '0.00', 1, '0.00', '0.00', '0.00', '0.00', '0.00', '0.00'),
(145, 6, '', 'MOTOROLLA HANDPHONE MODEL X-9', '0.00', 'unit', 0, 5, '5006.75', '5006.75', 1, '0.00', '0.00', '5006.75', '0.00', '0.00', '5006.75'),
(158, 8, '', 'A4 Bahasa Malaysia Exam papers9', '6.00', 'pcs', 0, 1, '6.49', '38.94', 1, '0.00', '0.00', '38.94', '0.00', '0.00', '38.94'),
(159, 8, '', 'Latest we have also include the salary range RM 4000.00  RM 5000.00 into Socso table as instructed by PERKESO. Previously it was maximum calculation until RM 4000.00 only.', '6.00', '', 0, 2, '450.00', '2700.00', 1, '0.00', '0.00', '2700.00', '0.00', '0.00', '2700.00'),
(160, 8, '', 'Teak Wood furniture sofa chair', '5.00', '', 0, 3, '66.00', '330.00', 1, '0.00', '0.00', '313.50', '5.00', '16.50', '313.50'),
(161, 8, '', 'NOKIA CHARGER TYPE CARBON 4598BK', '1.00', 'UNIT', 0, 4, '59.00', '59.00', 1, '0.00', '0.00', '59.00', '0.00', '0.00', '59.00'),
(162, 8, '', 'MOTOROLLA HANDPHONE MODEL X-9', '1.00', 'unit', 0, 5, '5006.75', '5006.75', 4, '34.00', '1702.30', '6709.05', '0.00', '0.00', '5006.75'),
(163, 8, '', 'Chicken Eggs \r\nMount Road Poulty Farm', '0.00', '', 0, 6, '77.85', '77.85', 1, '0.00', '0.00', '77.85', '0.00', '0.00', '77.85'),
(164, 8, '', 'Screw Holland made 6 type', '3.00', '', 0, 7, '77.00', '231.00', 1, '0.00', '0.00', '231.00', '0.00', '0.00', '231.00'),
(165, 8, '', 'Electrical Cable Malaysia Made', '1.00', 'pc', 0, 8, '10.49', '10.49', 1, '0.00', '0.00', '10.49', '0.00', '0.00', '10.49'),
(166, 9, '', 'A4 Bahasa Malaysia Exam papers9', '6.00', 'pcs', 0, 1, '6.49', '38.94', 1, '0.00', '0.00', '38.94', '0.00', '0.00', '38.94'),
(167, 9, '', 'Latest we have also include the salary range RM 4000.00  RM 5000.00 into Socso table as instructed by PERKESO. Previously it was maximum calculation until RM 4000.00 only.', '6.00', '', 0, 2, '450.00', '2700.00', 1, '0.00', '0.00', '2700.00', '0.00', '0.00', '2700.00'),
(168, 9, '', 'Teak Wood furniture sofa chair', '5.00', '', 0, 3, '66.00', '330.00', 1, '0.00', '0.00', '313.50', '5.00', '16.50', '313.50'),
(169, 9, '', 'NOKIA CHARGER TYPE CARBON 4598BK', '1.00', 'UNIT', 0, 4, '59.00', '59.00', 1, '0.00', '0.00', '59.00', '0.00', '0.00', '59.00'),
(170, 9, '', 'MOTOROLLA HANDPHONE MODEL X-9', '1.00', 'unit', 0, 5, '5006.75', '5006.75', 4, '34.00', '1702.30', '6709.05', '0.00', '0.00', '5006.75'),
(171, 9, '', 'Chicken Eggs \r\nMount Road Poulty Farm', '0.00', '', 0, 6, '77.85', '77.85', 1, '0.00', '0.00', '77.85', '0.00', '0.00', '77.85'),
(172, 9, '', 'Screw Holland made 6 type', '3.00', '', 0, 7, '77.00', '231.00', 1, '0.00', '0.00', '231.00', '0.00', '0.00', '231.00'),
(173, 9, '', 'Electrical Cable Malaysia Made', '1.00', 'pc', 0, 8, '10.49', '10.49', 1, '0.00', '0.00', '10.49', '0.00', '0.00', '10.49'),
(185, 11, '1', 'HACK AND BREAK THE TILES AND CONCRETE ON THE TOILET\r\n(ONLY THE BROKEN PIPE SECTION)', '0.00', '', 0, 1, '7000.00', '7000.00', 1, '0.00', '0.00', '7000.00', '0.00', '0.00', '7000.00'),
(186, 11, '2', '2.) NEED TO BREAK AND REMOVE THE EXISTING TOILET BOWL.', '0.00', '', 0, 2, '0.00', '0.00', 1, '0.00', '0.00', '0.00', '0.00', '0.00', '0.00'),
(187, 11, '3', '3.) NEED TO DIG TO THE DEPTH OF TWO AND HALF FEET TO ACCESS THE BROKEN SEWERAGE PIPE', '0.00', '', 0, 3, '0.00', '0.00', 1, '0.00', '0.00', '0.00', '0.00', '0.00', '0.00'),
(188, 11, '4', '4.) CUT AND REMOVE THE EXISTING DAMAGED SEWERAGE PIPE        (ONLY THE BROKEN SECTION)', '0.00', '', 0, 4, '0.00', '0.00', 1, '0.00', '0.00', '0.00', '0.00', '0.00', '0.00'),
(189, 11, '5', '5.) TO SUPPLY NEW UPVC UNDERGROUND SEWERAGE PIPE', '0.00', '', 0, 5, '0.00', '0.00', 1, '0.00', '0.00', '0.00', '0.00', '0.00', '0.00'),
(190, 11, '6', '6.) TO LAY, INSTALL AND JOIN THIS NEW PIPE TO THE   EXISTING UNDAMAGED  SEWERAGE PIPE.', '0.00', '', 0, 6, '0.00', '0.00', 1, '0.00', '0.00', '0.00', '0.00', '0.00', '0.00'),
(191, 11, '1', '7.) TO COVER THE PIPE WITH SAND AND GRAVEL .', '0.00', '', 0, 7, '0.00', '0.00', 1, '0.00', '0.00', '0.00', '0.00', '0.00', '0.00'),
(192, 11, '2', '8.) TO LAY NEW CONCRETE FLOORING', '0.00', '', 0, 8, '0.00', '0.00', 1, '0.00', '0.00', '0.00', '0.00', '0.00', '0.00'),
(193, 11, '3', '9.) TO LAY NEW TILES TO REPLACE ALL THE DAMAGES TILES.', '0.00', '', 0, 9, '0.00', '0.00', 1, '0.00', '0.00', '0.00', '0.00', '0.00', '0.00'),
(194, 11, '4', '10.) TO SUPPLY AND REINSTALL NEW TOILET BOWL', '0.00', '', 0, 10, '0.00', '0.00', 1, '0.00', '0.00', '0.00', '0.00', '0.00', '0.00'),
(195, 11, '5', '11.) TO CLEAN AND CLEAR WORKSITE OF ALL SAND AND DEBRIS', '0.00', '', 0, 11, '0.00', '0.00', 1, '0.00', '0.00', '0.00', '0.00', '0.00', '0.00'),
(196, 10, '1', 'HACK AND BREAK THE TILES AND CONCRETE ON THE TOILET\r\n(ONLY THE BROKEN PIPE SECTION)', '0.00', '', 0, 1, '6000.00', '6000.00', 4, '34.00', '1876.80', '7396.80', '8.00', '480.00', '5520.00'),
(197, 10, '2', '2.) NEED TO BREAK AND REMOVE THE EXISTING TOILET BOWL.', '0.00', '', 0, 2, '0.00', '0.00', 1, '0.00', '0.00', '0.00', '0.00', '0.00', '0.00'),
(198, 10, '3', '3.) NEED TO DIG TO THE DEPTH OF TWO AND HALF FEET TO ACCESS THE BROKEN SEWERAGE PIPE', '0.00', '', 0, 3, '0.00', '0.00', 1, '0.00', '0.00', '0.00', '0.00', '0.00', '0.00'),
(199, 10, '4', '4.) CUT AND REMOVE THE EXISTING DAMAGED SEWERAGE PIPE        (ONLY THE BROKEN SECTION)', '0.00', '', 0, 4, '0.00', '0.00', 1, '0.00', '0.00', '0.00', '0.00', '0.00', '0.00'),
(200, 10, '5', '5.) TO SUPPLY NEW UPVC UNDERGROUND SEWERAGE PIPE', '0.00', '', 0, 5, '0.00', '0.00', 1, '0.00', '0.00', '0.00', '0.00', '0.00', '0.00'),
(201, 10, '6', '6.) TO LAY, INSTALL AND JOIN THIS NEW PIPE TO THE   EXISTING UNDAMAGED  SEWERAGE PIPE.', '0.00', '', 0, 6, '0.00', '0.00', 1, '0.00', '0.00', '0.00', '0.00', '0.00', '0.00'),
(202, 10, '1', '7.) TO COVER THE PIPE WITH SAND AND GRAVEL .', '0.00', '', 0, 7, '0.00', '0.00', 1, '0.00', '0.00', '0.00', '0.00', '0.00', '0.00'),
(203, 10, '2', '8.) TO LAY NEW CONCRETE FLOORING', '0.00', '', 0, 8, '0.00', '0.00', 1, '0.00', '0.00', '0.00', '0.00', '0.00', '0.00'),
(204, 10, '3', '9.) TO LAY NEW TILES TO REPLACE ALL THE DAMAGES TILES.', '0.00', '', 0, 9, '0.00', '0.00', 1, '0.00', '0.00', '0.00', '0.00', '0.00', '0.00'),
(205, 10, '4', '10.) TO SUPPLY AND REINSTALL NEW TOILET BOWL', '0.00', '', 0, 10, '0.00', '0.00', 1, '0.00', '0.00', '0.00', '0.00', '0.00', '0.00'),
(206, 10, '5', '11.) TO CLEAN AND CLEAR WORKSITE OF ALL SAND AND DEBRIS', '0.00', '', 0, 11, '0.00', '0.00', 1, '0.00', '0.00', '0.00', '0.00', '0.00', '0.00'),
(207, 12, '', 'LABOUR TO REPLACE PARTS & SERVICE', '1.00', '', 0, 1, '4560.00', '4560.00', 2, '6.00', '273.60', '4833.60', '0.00', '0.00', '4560.00'),
(208, 12, '', 'Screw Holland made 6 type', '2.00', '', 0, 2, '77.00', '154.00', 6, '1.50', '2.31', '156.31', '0.00', '0.00', '154.00'),
(209, 12, '', 'Latest we have also include the salary range RM 4000.00  RM 5000.00 into Socso table as instructed by PERKESO. Previously it was maximum calculation until RM 4000.00 only.', '1.00', '', 0, 3, '450.00', '450.00', 1, '0.00', '0.00', '450.00', '0.00', '0.00', '450.00'),
(210, 12, '', 'Teak Wood furniture sofa chair', '1.00', '', 0, 4, '66.00', '66.00', 1, '0.00', '0.00', '66.00', '0.00', '0.00', '66.00'),
(211, 12, '', '', '0.00', '', 0, 5, '0.00', '0.00', 1, '0.00', '0.00', '0.00', '0.00', '0.00', '0.00'),
(219, 13, '1.', 'General Pest Control: Our general pest control service includes the treatment of common household pests such as ants, cockroaches, spiders, and rodents.', '0.00', '', 0, 1, '700.00', '700.00', 4, '34.00', '238.00', '938.00', '0.00', '0.00', '700.00'),
(220, 13, '2.', 'This service involves a thorough inspection of of your property to identify pest infestations and potential problem areas, followed by the application of targeted pest control treatments to eliminate', '0.00', '', 0, 2, '900.00', '900.00', 1, '0.00', '0.00', '828.00', '8.00', '72.00', '828.00'),
(221, 13, '3.', 'Termite Control: Termites can cause significant damage to your property and can be difficult to detect without professional assistance. Our termite control service includes a comprehensive inspection', '0.00', '', 0, 3, '0.00', '0.00', 1, '0.00', '0.00', '0.00', '0.00', '0.00', '0.00'),
(222, 13, '4.', 'We then use industry-leading termite control treatments to eliminate termites and protect your property from further damage.', '0.00', '', 0, 4, '0.00', '0.00', 1, '0.00', '0.00', '0.00', '0.00', '0.00', '0.00'),
(223, 13, '5.', 'Bed Bug Control: Bed bugs can be a persistent and frustrating problem for homeowners and businesses.', '0.00', '', 0, 5, '1290.00', '1290.00', 6, '1.50', '19.35', '1309.35', '0.00', '0.00', '1290.00'),
(224, 13, '', '', '0.00', '', 0, 6, '0.00', '0.00', 1, '0.00', '0.00', '0.00', '0.00', '0.00', '0.00'),
(225, 13, '', '', '0.00', '', 0, 7, '0.00', '0.00', 1, '0.00', '0.00', '0.00', '0.00', '0.00', '0.00'),
(233, 14, '1.', 'General Pest Control: Our general pest control service includes the treatment of common household pests such as ants, cockroaches, spiders, and rodents.', '0.00', '', 0, 1, '890.00', '890.00', 4, '34.00', '281.42', '1109.12', '7.00', '62.30', '827.70'),
(234, 14, '2.', 'This service involves a thorough inspection of of your property to identify pest infestations and potential problem areas, followed by the application of targeted pest control treatments to eliminate', '0.00', '', 0, 2, '56.00', '56.00', 1, '0.00', '0.00', '51.52', '8.00', '4.48', '51.52'),
(235, 14, '3.', 'Termite Control: Termites can cause significant damage to your property and can be difficult to detect without professional assistance. Our termite control service includes a comprehensive inspection', '0.00', '', 0, 3, '0.00', '0.00', 1, '0.00', '0.00', '0.00', '0.00', '0.00', '0.00'),
(236, 14, '4.', 'We then use industry-leading termite control treatments to eliminate termites and protect your property from further damage.', '0.00', '', 0, 4, '700.00', '700.00', 1, '0.00', '0.00', '700.00', '0.00', '0.00', '700.00'),
(237, 14, '5.', 'Bed Bug Control: Bed bugs can be a persistent and frustrating problem for homeowners and businesses.', '0.00', '', 0, 5, '1290.00', '1290.00', 6, '1.50', '19.35', '1309.35', '0.00', '0.00', '1290.00'),
(238, 14, '', '', '0.00', '', 0, 6, '0.00', '0.00', 1, '0.00', '0.00', '0.00', '0.00', '0.00', '0.00'),
(239, 14, '', '', '0.00', '', 0, 7, '0.00', '0.00', 1, '0.00', '0.00', '0.00', '0.00', '0.00', '0.00'),
(245, 15, '1.', 'Exterior surface preparation, including power washing and scraping loose paint', '0.00', '', 0, 1, '800.00', '800.00', 4, '34.00', '272.00', '1072.00', '0.00', '0.00', '800.00'),
(246, 15, '2.', 'Applying primer to bare surfaces', '0.00', '', 0, 2, '900.00', '900.00', 1, '0.00', '0.00', '846.00', '6.00', '54.00', '846.00'),
(247, 15, '3.', 'Applying two coats of high-quality paint to all surfaces', '0.00', '', 0, 3, '450.00', '450.00', 6, '1.50', '6.34', '429.35', '6.00', '27.00', '423.00'),
(248, 15, '4.', 'Thorough cleanup of the job site upon completion', '0.00', '', 0, 4, '130.00', '130.00', 1, '0.00', '0.00', '130.00', '0.00', '0.00', '130.00'),
(249, 15, '', '', '0.00', '', 0, 5, '0.00', '0.00', 1, '0.00', '0.00', '0.00', '0.00', '0.00', '0.00'),
(250, 15, '', '', '0.00', '', 0, 6, '0.00', '0.00', 1, '0.00', '0.00', '0.00', '0.00', '0.00', '0.00'),
(251, 15, '', '', '0.00', '', 0, 7, '0.00', '0.00', 1, '0.00', '0.00', '0.00', '0.00', '0.00', '0.00'),
(252, 15, '', '', '0.00', '', 0, 8, '0.00', '0.00', 1, '0.00', '0.00', '0.00', '0.00', '0.00', '0.00'),
(253, 15, '', '', '0.00', '', 0, 9, '0.00', '0.00', 1, '0.00', '0.00', '0.00', '0.00', '0.00', '0.00'),
(254, 16, '1', 'AUTOMATIC TRANSMISSION FLUID', '2.00', 'unit', 0, 1, '102.50', '205.00', 4, '34.00', '69.70', '274.70', '0.00', '0.00', '205.00'),
(255, 16, '2', 'MOTOROLLA HANDPHONE MODEL X-9', '2.00', 'unit', 0, 2, '5006.75', '10013.50', 1, '0.00', '0.00', '10013.50', '0.00', '0.00', '10013.50'),
(256, 16, '3', 'Chicken Eggs \r\nMount Road Poulty Farm', '3.00', '', 0, 3, '77.85', '233.55', 5, '8.00', '18.68', '252.23', '0.00', '0.00', '233.55'),
(257, 16, '', '', '0.00', '', 0, 4, '0.00', '0.00', 1, '0.00', '0.00', '0.00', '0.00', '0.00', '0.00'),
(258, 16, '', '', '0.00', '', 0, 5, '0.00', '0.00', 1, '0.00', '0.00', '0.00', '0.00', '0.00', '0.00'),
(259, 17, '1.', 'General Pest Control: Our general pest control service includes the treatment of common household pests such as ants, cockroaches, spiders, and rodents.', '0.00', '', 0, 1, '700.00', '700.00', 4, '34.00', '238.00', '938.00', '0.00', '0.00', '700.00'),
(260, 17, '2.', 'This service involves a thorough inspection of of your property to identify pest infestations and potential problem areas, followed by the application of targeted pest control treatments to eliminate', '0.00', '', 0, 2, '900.00', '900.00', 1, '0.00', '0.00', '828.00', '8.00', '72.00', '828.00'),
(261, 17, '3.', 'Termite Control: Termites can cause significant damage to your property and can be difficult to detect without professional assistance. Our termite control service includes a comprehensive inspection', '0.00', '', 0, 3, '0.00', '0.00', 1, '0.00', '0.00', '0.00', '0.00', '0.00', '0.00'),
(262, 17, '4.', 'We then use industry-leading termite control treatments to eliminate termites and protect your property from further damage.', '0.00', '', 0, 4, '0.00', '0.00', 1, '0.00', '0.00', '0.00', '0.00', '0.00', '0.00'),
(263, 17, '5.', 'Bed Bug Control: Bed bugs can be a persistent and frustrating problem for homeowners and businesses.', '0.00', '', 0, 5, '1290.00', '1290.00', 6, '1.50', '19.35', '1309.35', '0.00', '0.00', '1290.00'),
(264, 17, '', '', '0.00', '', 0, 6, '0.00', '0.00', 1, '0.00', '0.00', '0.00', '0.00', '0.00', '0.00'),
(265, 17, '', '', '0.00', '', 0, 7, '0.00', '0.00', 1, '0.00', '0.00', '0.00', '0.00', '0.00', '0.00'),
(266, 18, '', 'AUTOMATIC TRANSMISSION FLUID', '0.00', 'unit', 1, 1, '102.50', '102.50', 1, '0.00', '0.00', '102.50', '0.00', '0.00', '102.50'),
(267, 18, '', 'NOKIA CHARGER TYPE CARBON 4598BK', '0.00', 'UNIT', 0, 2, '59.00', '59.00', 1, '0.00', '0.00', '59.00', '0.00', '0.00', '59.00'),
(268, 18, '', 'Latest we have also include the salary range RM 4000.00  RM 5000.00 into Socso table as instructed by PERKESO. Previously it was maximum calculation until RM 4000.00 only.', '0.00', '', 1, 3, '450.00', '450.00', 1, '0.00', '0.00', '450.00', '0.00', '0.00', '450.00'),
(269, 18, '', '', '0.00', '', 0, 4, '0.00', '0.00', 1, '0.00', '0.00', '0.00', '0.00', '0.00', '0.00'),
(270, 18, '', 'Jetting Works and Clear blockages with rodder machine', '0.00', 'unit', 1, 5, '6.00', '6.00', 1, '0.00', '0.00', '6.00', '0.00', '0.00', '6.00'),
(271, 19, '', 'Desludging Tanker 10 cubic metres (Cina Made)', '0.00', 'units', 1, 1, '99.00', '99.00', 1, '0.00', '0.00', '99.00', '0.00', '0.00', '99.00'),
(272, 19, '', 'LABOUR TO REPLACE PARTS & SERVICE', '0.00', '', 0, 2, '56.00', '56.00', 1, '0.00', '0.00', '56.00', '0.00', '0.00', '56.00'),
(273, 19, '', 'Chicken Eggs \r\nMount Road Poulty Farm', '0.00', '', 0, 3, '77.85', '77.85', 1, '0.00', '0.00', '77.85', '0.00', '0.00', '77.85'),
(274, 19, '', 'Latest we have also include the salary range RM 4000.00  RM 5000.00 into Socso table as instructed by PERKESO. Previously it was maximum calculation until RM 4000.00 only.', '0.00', '', 1, 4, '450.00', '450.00', 1, '0.00', '0.00', '450.00', '0.00', '0.00', '450.00'),
(275, 19, '', 'NOKIA CHARGER TYPE CARBON 4598BK', '0.00', 'UNIT', 0, 5, '59.00', '59.00', 1, '0.00', '0.00', '59.00', '0.00', '0.00', '59.00'),
(276, 19, '', 'Jetting Works and Clear blockages with rodder machine', '0.00', 'unit', 0, 6, '6.00', '6.00', 1, '0.00', '0.00', '6.00', '0.00', '0.00', '6.00'),
(277, 19, '', 'MOTOROLLA HANDPHONE MODEL X-9', '0.00', 'unit', 1, 7, '5006.75', '5006.75', 1, '0.00', '0.00', '5006.75', '0.00', '0.00', '5006.75'),
(338, 21, '', 'AUTOMATIC TRANSMISSION FLUID', '0.00', 'unit', 1, 1, '102.50', '102.50', 1, '0.00', '0.00', '102.50', '0.00', '0.00', '102.50'),
(339, 21, '', 'NOKIA CHARGER TYPE CARBON 4598BK', '0.00', 'UNIT', 0, 2, '59.00', '59.00', 1, '0.00', '0.00', '59.00', '0.00', '0.00', '59.00'),
(340, 21, '', 'Latest we have also include the salary range RM 4000.00  RM 5000.00 into Socso table as instructed by PERKESO. Previously it was maximum calculation until RM 4000.00 only.', '0.00', '', 1, 3, '450.00', '450.00', 1, '0.00', '0.00', '450.00', '0.00', '0.00', '450.00'),
(341, 21, '', '', '0.00', '', 0, 4, '0.00', '0.00', 1, '0.00', '0.00', '0.00', '0.00', '0.00', '0.00'),
(342, 21, '', 'Jetting Works and Clear blockages with rodder machine', '0.00', 'unit', 1, 5, '6.00', '6.00', 1, '0.00', '0.00', '6.00', '0.00', '0.00', '6.00'),
(343, 20, '1.', '', '0.00', 'unit', 1, 1, '102.50', '102.50', 1, '0.00', '0.00', '102.50', '0.00', '0.00', '102.50'),
(344, 20, '3', 'NOKIA CHARGER TYPE CARBON 4598BK', '0.00', 'UNIT', 0, 2, '59.00', '59.00', 1, '0.00', '0.00', '59.00', '0.00', '0.00', '59.00'),
(345, 20, '4', 'Desludging Tanker 10 cubic metres (Cina Made)', '5.00', 'units', 1, 3, '99.00', '495.00', 6, '1.50', '7.05', '477.30', '5.00', '24.75', '470.25'),
(346, 20, '', '', '0.00', '', 0, 4, '0.00', '0.00', 1, '0.00', '0.00', '0.00', '0.00', '0.00', '0.00'),
(347, 20, '2.', '', '0.00', 'unit', 1, 5, '6.00', '6.00', 1, '0.00', '0.00', '6.00', '0.00', '0.00', '6.00'),
(348, 20, '', 'A4 Bahasa Malaysia Exam papers9', '0.00', 'pcs', 0, 6, '6.49', '6.49', 1, '0.00', '0.00', '6.49', '0.00', '0.00', '6.49'),
(349, 20, '', 'AUTOMATIC TRANSMISSION FLUID', '0.00', 'unit', 0, 7, '102.50', '102.50', 1, '0.00', '0.00', '102.50', '0.00', '0.00', '102.50'),
(350, 20, '', 'Desludging Tanker 10 cubic metres (Cina Made)', '0.00', 'units', 0, 8, '99.00', '99.00', 1, '0.00', '0.00', '99.00', '0.00', '0.00', '99.00'),
(351, 20, '', 'Electrical Cable Malaysia Made', '0.00', 'pc', 0, 9, '10.49', '10.49', 1, '0.00', '0.00', '10.49', '0.00', '0.00', '10.49'),
(352, 20, '', 'Latest we have also include the salary range RM 4000.00  RM 5000.00 into Socso table as instructed by PERKESO. Previously it was maximum calculation until RM 4000.00 only.', '0.00', '', 1, 10, '450.00', '450.00', 1, '0.00', '0.00', '450.00', '0.00', '0.00', '450.00'),
(353, 22, '', 'LABOUR TO REPLACE PARTS & SERVICE', '0.00', '', 0, 1, '56.00', '56.00', 1, '0.00', '0.00', '56.00', '0.00', '0.00', '56.00'),
(354, 22, '', 'Jetting Works and Clear blockages with rodder machine', '0.00', 'unit', 0, 2, '6.00', '6.00', 1, '0.00', '0.00', '6.00', '0.00', '0.00', '6.00'),
(355, 22, '', 'AUTOMATIC TRANSMISSION FLUID', '0.00', 'unit', 0, 3, '102.50', '102.50', 1, '0.00', '0.00', '102.50', '0.00', '0.00', '102.50'),
(356, 22, '', 'TOP RADIATOR HOSE ORIGINAL', '0.00', '', 0, 4, '450.00', '450.00', 1, '0.00', '0.00', '450.00', '0.00', '0.00', '450.00'),
(357, 22, '', 'Latest we have also include the salary range RM 4000.00  RM 5000.00 into Socso table as instructed by PERKESO. Previously it was maximum calculation until RM 4000.00 only.', '0.00', '', 1, 5, '450.00', '450.00', 1, '0.00', '0.00', '450.00', '0.00', '0.00', '450.00'),
(358, 23, '1', 'Latest we have also include the salary range RM 4000.00  RM 5000.00 into Socso table as instructed by PERKESO. Previously it was maximum calculation until RM 4000.00 only.', '0.00', '', 0, 1, '450.00', '450.00', 1, '0.00', '0.00', '450.00', '0.00', '0.00', '450.00'),
(359, 23, '2', 'LABOUR TO REPLACE PARTS & SERVICE', '0.00', '', 1, 2, '56.00', '56.00', 1, '0.00', '0.00', '56.00', '0.00', '0.00', '56.00'),
(360, 23, '3', 'NOKIA CHARGER TYPE CARBON 4598BK', '0.00', 'UNIT', 0, 3, '59.00', '59.00', 1, '0.00', '0.00', '59.00', '0.00', '0.00', '59.00'),
(361, 23, '4', 'TOP RADIATOR HOSE ORIGINAL', '0.00', '', 0, 4, '450.00', '450.00', 1, '0.00', '0.00', '450.00', '0.00', '0.00', '450.00'),
(362, 23, '5', 'Desludging Tanker 10 cubic metres (Cina Made)', '0.00', 'units', 0, 5, '99.00', '99.00', 1, '0.00', '0.00', '99.00', '0.00', '0.00', '99.00'),
(363, 24, '', 'AUTOMATIC TRANSMISSION FLUID', '0.00', 'unit', 1, 1, '102.50', '102.50', 1, '0.00', '0.00', '102.50', '0.00', '0.00', '102.50'),
(364, 24, '', 'NOKIA CHARGER TYPE CARBON 4598BK', '0.00', 'UNIT', 0, 2, '59.00', '59.00', 1, '0.00', '0.00', '59.00', '0.00', '0.00', '59.00'),
(365, 24, '', 'Latest we have also include the salary range RM 4000.00  RM 5000.00 into Socso table as instructed by PERKESO. Previously it was maximum calculation until RM 4000.00 only.', '0.00', '', 1, 3, '450.00', '450.00', 1, '0.00', '0.00', '450.00', '0.00', '0.00', '450.00'),
(366, 24, '', '', '0.00', '', 0, 4, '0.00', '0.00', 1, '0.00', '0.00', '0.00', '0.00', '0.00', '0.00'),
(367, 24, '', 'Jetting Works and Clear blockages with rodder machine', '0.00', 'unit', 1, 5, '6.00', '6.00', 1, '0.00', '0.00', '6.00', '0.00', '0.00', '6.00'),
(368, 25, '1.', '', '0.00', 'unit', 1, 1, '102.50', '102.50', 1, '0.00', '0.00', '102.50', '0.00', '0.00', '102.50'),
(369, 25, '3', 'NOKIA CHARGER TYPE CARBON 4598BK', '0.00', 'UNIT', 0, 2, '59.00', '59.00', 1, '0.00', '0.00', '59.00', '0.00', '0.00', '59.00'),
(370, 25, '4', 'Desludging Tanker 10 cubic metres (Cina Made)', '5.00', 'units', 1, 3, '99.00', '495.00', 6, '1.50', '7.05', '477.30', '5.00', '24.75', '470.25'),
(371, 25, '', '', '0.00', '', 0, 4, '0.00', '0.00', 1, '0.00', '0.00', '0.00', '0.00', '0.00', '0.00'),
(372, 25, '2.', '', '0.00', 'unit', 1, 5, '6.00', '6.00', 1, '0.00', '0.00', '6.00', '0.00', '0.00', '6.00'),
(373, 25, '', 'A4 Bahasa Malaysia Exam papers9', '0.00', 'pcs', 0, 6, '6.49', '6.49', 1, '0.00', '0.00', '6.49', '0.00', '0.00', '6.49'),
(374, 25, '', 'AUTOMATIC TRANSMISSION FLUID', '0.00', 'unit', 0, 7, '102.50', '102.50', 1, '0.00', '0.00', '102.50', '0.00', '0.00', '102.50'),
(375, 25, '', 'Desludging Tanker 10 cubic metres (Cina Made)', '0.00', 'units', 0, 8, '99.00', '99.00', 1, '0.00', '0.00', '99.00', '0.00', '0.00', '99.00'),
(376, 25, '', 'Electrical Cable Malaysia Made', '0.00', 'pc', 0, 9, '10.49', '10.49', 1, '0.00', '0.00', '10.49', '0.00', '0.00', '10.49'),
(377, 25, '', 'Latest we have also include the salary range RM 4000.00  RM 5000.00 into Socso table as instructed by PERKESO. Previously it was maximum calculation until RM 4000.00 only.', '0.00', '', 1, 10, '450.00', '450.00', 1, '0.00', '0.00', '450.00', '0.00', '0.00', '450.00'),
(388, 26, '1.', 'TO SUPPLY LABOUR AND TOOLS FOR CLEAR RUSTY AND SLUDGE IN CONCRETE WATER TANK.', '12.00', 'UNITS', 0, 1, '1650.00', '19800.00', 1, '0.00', '0.00', '19800.00', '0.00', '0.00', '19800.00'),
(389, 26, '2.', 'TO SUPPLY LABOUR AND TOOLS FOR CLEAR RUSTY AND SLUDGE IN FIBER WATER TANK ( SIZE  1600 X 800 X 1600)', '12.00', 'UNITS', 0, 2, '0.00', '16200.00', 1, '0.00', '0.00', '16200.00', '0.00', '0.00', '16200.00'),
(390, 26, '3.', 'TO SUPPLY LABOUR AND TOOLS FOR CLEAR RUSTY AND SLUDGE IN FIBER WATER TANK ( SIZE  2800 X 2000 X 3200 )', '24.00', 'UNITS', 0, 3, '1850.00', '44400.00', 1, '0.00', '0.00', '44400.00', '0.00', '0.00', '44400.00'),
(391, 26, '4.', 'BOLT & NUT FOR FITTINGS, BRACKETS ETC', '200.00', 'PCS', 0, 4, '5.00', '1000.00', 1, '0.00', '0.00', '1000.00', '0.00', '0.00', '1000.00'),
(392, 26, '5.', 'TO SUPPLY ELBOW AND FITTINGS TO REPAIR LEAKING  (USE SCAFFFOLDING)', '2.00', '', 0, 5, '1900.00', '3800.00', 1, '0.00', '0.00', '3800.00', '0.00', '0.00', '3800.00'),
(393, 26, '6.', 'TO REMOVE ALL DEBRIS AND UNUSED PARTS / MATERIALS FROM WORKSITE AND DISPOSE AT AUTHORISED SITE', '0.00', '', 0, 6, '800.00', '800.00', 1, '0.00', '0.00', '800.00', '0.00', '0.00', '800.00'),
(394, 26, '7.', 'TO SUPPLY ALL TOOLS, MATERIALS AND SKILLED WORKERS TO COMPLETE THE JOB.', '0.00', '', 0, 7, '0.00', '0.00', 1, '0.00', '0.00', '0.00', '0.00', '0.00', '0.00'),
(395, 26, '8.', 'TO FOLLOW ALL SAFETY PROCEDURES AT WORK SITE AT ALL TIMES', '0.00', '', 0, 8, '0.00', '0.00', 1, '0.00', '0.00', '0.00', '0.00', '0.00', '0.00'),
(396, 26, '', '', '0.00', '', 0, 9, '0.00', '0.00', 1, '0.00', '0.00', '0.00', '0.00', '0.00', '0.00'),
(397, 26, '', '', '0.00', '', 0, 10, '0.00', '0.00', 1, '0.00', '0.00', '0.00', '0.00', '0.00', '0.00'),
(398, 27, '1.', 'TO SUPPLY LABOUR AND TOOLS FOR CLEAR RUSTY AND SLUDGE IN CONCRETE WATER TANK.', '12.00', 'UNITS', 1, 1, '1650.00', '19800.00', 1, '0.00', '0.00', '19800.00', '0.00', '0.00', '19800.00'),
(399, 27, '2.', 'TO SUPPLY LABOUR AND TOOLS FOR CLEAR RUSTY AND SLUDGE IN FIBER WATER TANK ( SIZE  1600 X 800 X 1600)', '12.00', 'UNITS', 0, 2, '0.00', '16200.00', 1, '0.00', '0.00', '16200.00', '0.00', '0.00', '16200.00'),
(400, 27, '3.', 'TO SUPPLY LABOUR AND TOOLS FOR CLEAR RUSTY AND SLUDGE IN FIBER WATER TANK ( SIZE  2800 X 2000 X 3200 )', '24.00', 'UNITS', 0, 3, '1850.00', '44400.00', 1, '0.00', '0.00', '44400.00', '0.00', '0.00', '44400.00'),
(401, 27, '4.', 'BOLT & NUT FOR FITTINGS, BRACKETS ETC', '200.00', 'PCS', 0, 4, '5.00', '1000.00', 1, '0.00', '0.00', '1000.00', '0.00', '0.00', '1000.00'),
(402, 27, '5.', 'TO SUPPLY ELBOW AND FITTINGS TO REPAIR LEAKING  (USE SCAFFFOLDING)', '2.00', '', 0, 5, '1900.00', '3800.00', 1, '0.00', '0.00', '3800.00', '0.00', '0.00', '3800.00'),
(403, 27, '6.', 'TO REMOVE ALL DEBRIS AND UNUSED PARTS / MATERIALS FROM WORKSITE AND DISPOSE AT AUTHORISED SITE', '0.00', '', 0, 6, '800.00', '800.00', 1, '0.00', '0.00', '800.00', '0.00', '0.00', '800.00'),
(404, 27, '7.', 'TO SUPPLY ALL TOOLS, MATERIALS AND SKILLED WORKERS TO COMPLETE THE JOB.', '0.00', '', 0, 7, '0.00', '0.00', 1, '0.00', '0.00', '0.00', '0.00', '0.00', '0.00'),
(405, 27, '8.', 'TO FOLLOW ALL SAFETY PROCEDURES AT WORK SITE AT ALL TIMES', '0.00', '', 1, 8, '0.00', '0.00', 1, '0.00', '0.00', '0.00', '0.00', '0.00', '0.00'),
(406, 27, '', '', '0.00', '', 0, 9, '0.00', '0.00', 1, '0.00', '0.00', '0.00', '0.00', '0.00', '0.00'),
(407, 27, '', '', '0.00', '', 0, 10, '0.00', '0.00', 1, '0.00', '0.00', '0.00', '0.00', '0.00', '0.00'),
(408, 28, '1.', 'TO SUPPLY LABOUR AND TOOLS FOR CLEAR RUSTY AND SLUDGE IN CONCRETE WATER TANK.', '12.00', 'UNITS', 0, 1, '1650.00', '19800.00', 1, '0.00', '0.00', '19800.00', '0.00', '0.00', '19800.00'),
(409, 28, '2.', 'TO SUPPLY LABOUR AND TOOLS FOR CLEAR RUSTY AND SLUDGE IN FIBER WATER TANK ( SIZE  1600 X 800 X 1600)', '12.00', 'UNITS', 0, 2, '0.00', '16200.00', 1, '0.00', '0.00', '16200.00', '0.00', '0.00', '16200.00'),
(410, 28, '3.', 'TO SUPPLY LABOUR AND TOOLS FOR CLEAR RUSTY AND SLUDGE IN FIBER WATER TANK ( SIZE  2800 X 2000 X 3200 )', '24.00', 'UNITS', 0, 3, '1850.00', '44400.00', 1, '0.00', '0.00', '44400.00', '0.00', '0.00', '44400.00'),
(411, 28, '4.', 'BOLT & NUT FOR FITTINGS, BRACKETS ETC', '200.00', 'PCS', 0, 4, '5.00', '1000.00', 1, '0.00', '0.00', '1000.00', '0.00', '0.00', '1000.00'),
(412, 28, '5.', 'TO SUPPLY ELBOW AND FITTINGS TO REPAIR LEAKING  (USE SCAFFFOLDING)', '2.00', '', 0, 5, '1900.00', '3800.00', 1, '0.00', '0.00', '3800.00', '0.00', '0.00', '3800.00'),
(413, 28, '6.', 'TO REMOVE ALL DEBRIS AND UNUSED PARTS / MATERIALS FROM WORKSITE AND DISPOSE AT AUTHORISED SITE', '0.00', '', 0, 6, '800.00', '800.00', 1, '0.00', '0.00', '800.00', '0.00', '0.00', '800.00'),
(414, 28, '7.', 'TO SUPPLY ALL TOOLS, MATERIALS AND SKILLED WORKERS TO COMPLETE THE JOB.', '0.00', '', 0, 7, '0.00', '0.00', 1, '0.00', '0.00', '0.00', '0.00', '0.00', '0.00'),
(415, 28, '8.', 'TO FOLLOW ALL SAFETY PROCEDURES AT WORK SITE AT ALL TIMES', '0.00', '', 0, 8, '0.00', '0.00', 1, '0.00', '0.00', '0.00', '0.00', '0.00', '0.00'),
(416, 28, '9.', 'TRANSPORT CHARGES NOT INCLDUDE IN THE INVOICE. PAID SEPARATELY', '0.00', '', 0, 9, '0.00', '0.00', 1, '0.00', '0.00', '0.00', '0.00', '0.00', '0.00'),
(417, 28, '', '', '0.00', '', 0, 10, '0.00', '0.00', 1, '0.00', '0.00', '0.00', '0.00', '0.00', '0.00'),
(438, 29, '1.', 'TO SUPPLY LABOUR AND TOOLS FOR CLEAR RUSTY AND SLUDGE IN CONCRETE WATER TANK.', '12.00', 'UNITS', 1, 1, '1650.00', '19800.00', 1, '0.00', '0.00', '19800.00', '0.00', '0.00', '19800.00'),
(439, 29, '2.', 'TO SUPPLY LABOUR AND TOOLS FOR CLEAR RUSTY AND SLUDGE IN FIBER WATER TANK ( SIZE  1600 X 800 X 1600)', '12.00', 'UNITS', 0, 2, '0.00', '16200.00', 1, '0.00', '0.00', '16200.00', '0.00', '0.00', '16200.00'),
(440, 29, '3.', 'TO SUPPLY LABOUR AND TOOLS FOR CLEAR RUSTY AND SLUDGE IN FIBER WATER TANK ( SIZE  2800 X 2000 X 3200 )', '24.00', 'UNITS', 0, 3, '1850.00', '44400.00', 1, '0.00', '0.00', '44400.00', '0.00', '0.00', '44400.00'),
(441, 29, '4.', 'BOLT & NUT FOR FITTINGS, BRACKETS ETC', '200.00', 'PCS', 0, 4, '5.00', '1000.00', 1, '0.00', '0.00', '1000.00', '0.00', '0.00', '1000.00'),
(442, 29, '5.', 'TO SUPPLY ELBOW AND FITTINGS TO REPAIR LEAKING  (USE SCAFFFOLDING)', '2.00', '', 0, 5, '1900.00', '3800.00', 1, '0.00', '0.00', '3800.00', '0.00', '0.00', '3800.00'),
(443, 29, '6.', 'TO REMOVE ALL DEBRIS AND UNUSED PARTS / MATERIALS FROM WORKSITE AND DISPOSE AT AUTHORISED SITE', '0.00', '', 0, 6, '800.00', '800.00', 1, '0.00', '0.00', '800.00', '0.00', '0.00', '800.00'),
(444, 29, '7.', 'TO SUPPLY ALL TOOLS, MATERIALS AND SKILLED WORKERS TO COMPLETE THE JOB.', '0.00', '', 0, 7, '0.00', '0.00', 1, '0.00', '0.00', '0.00', '0.00', '0.00', '0.00'),
(445, 29, '8.', 'TO FOLLOW ALL SAFETY PROCEDURES AT WORK SITE AT ALL TIMES', '0.00', '', 0, 8, '0.00', '0.00', 1, '0.00', '0.00', '0.00', '0.00', '0.00', '0.00'),
(446, 29, '9.', 'TRANSPORT CHARGES NOT INCLDUDE IN THE INVOICE. PAID SEPARATELY', '0.00', '', 1, 9, '0.00', '0.00', 1, '0.00', '0.00', '0.00', '0.00', '0.00', '0.00'),
(447, 29, '', '', '0.00', '', 0, 10, '0.00', '0.00', 1, '0.00', '0.00', '0.00', '0.00', '0.00', '0.00'),
(458, 31, '', 'REMOVE WINDSCREEN AND TINTING WORKS DONE FOR THE WHOLE CAR', '2.00', 'UNITS', 0, 1, '800.00', '1600.00', 1, '0.00', '0.00', '1600.00', '0.00', '0.00', '1600.00'),
(459, 31, '', '', '0.00', '', 0, 2, '0.00', '0.00', 1, '0.00', '0.00', '0.00', '0.00', '0.00', '0.00'),
(460, 31, '', '', '0.00', '', 0, 3, '0.00', '0.00', 1, '0.00', '0.00', '0.00', '0.00', '0.00', '0.00'),
(461, 31, '', '', '0.00', '', 0, 4, '0.00', '0.00', 1, '0.00', '0.00', '0.00', '0.00', '0.00', '0.00'),
(462, 31, '', '', '0.00', '', 0, 5, '0.00', '0.00', 1, '0.00', '0.00', '0.00', '0.00', '0.00', '0.00'),
(473, 32, '1', 'PLASTIC CHAIR', '2.00', 'CRATE', 0, 1, '421.00', '842.00', 1, '0.00', '0.00', '842.00', '0.00', '0.00', '842.00'),
(474, 32, '2', 'STEEL CHAIR', '2.00', 'UNIT', 0, 2, '209.50', '419.00', 1, '0.00', '0.00', '419.00', '0.00', '0.00', '419.00'),
(475, 32, '3', 'COMPUTER DELL XPS 15 16GB RAM 512GB SSD INTEL I9 PROCESSOR', '1.00', 'PCS', 0, 3, '0.00', '0.00', 1, '0.00', '0.00', '0.00', '0.00', '0.00', '0.00'),
(476, 32, '4', 'COMPUTER HP 16GB RAM 256 GB RAM JAPAN MADE', '1.00', 'PC', 0, 4, '100.00', '100.00', 1, '0.00', '0.00', '100.00', '0.00', '0.00', '100.00'),
(477, 32, '5', 'PREPARE HOUSE TENANCY AGREEMENT FOR CUSTOMER FOR THE YEAR 2023 AND 2024', '5.00', 'LOT', 0, 5, '0.00', '0.00', 1, '0.00', '0.00', '0.00', '0.00', '0.00', '0.00'),
(478, 32, '', 'LABOUR CHARGES', '0.00', '', 1, 6, '0.00', '0.00', 1, '0.00', '0.00', '0.00', '0.00', '0.00', '0.00'),
(479, 32, '1', 'MILO TIN BIG ( MADE IN HOLLAND)', '1.00', 'TIN', 0, 7, '66.00', '66.00', 1, '0.00', '0.00', '66.00', '0.00', '0.00', '66.00'),
(480, 32, '2', 'REMOVE WINDSCREEN AND TINTING WORKS DONE FOR THE WHOLE CAR', '3.00', 'UNITS', 0, 8, '0.00', '0.00', 1, '0.00', '0.00', '0.00', '0.00', '0.00', '0.00'),
(481, 32, '3', 'TO USE TOOLS AND MANUALLY ENTER THE  DRAIN TO REMOVE ALL SAND, STONES, DEBRIS ETC FROM THE SIDES AND BOTTOM OF DRAIN.', '4.00', 'LOT', 0, 9, '3700.00', '14800.00', 1, '0.00', '0.00', '14800.00', '0.00', '0.00', '14800.00'),
(482, 32, '', '', '0.00', '', 0, 10, '0.00', '0.00', 1, '0.00', '0.00', '0.00', '0.00', '0.00', '0.00'),
(488, 33, '1', 'COMPUTER DELL XPS 15 16GB RAM 512GB SSD INTEL I9 PROCESSOR', '0.00', 'PCS', 1, 1, '0.00', '0.00', 1, '0.00', '0.00', '0.00', '0.00', '0.00', '0.00'),
(489, 33, '2', 'CAR DENT KNOCKING AND PAINTING', '0.00', 'LOT', 0, 2, '0.00', '0.00', 1, '0.00', '0.00', '0.00', '0.00', '0.00', '0.00'),
(490, 33, '3', 'GRAND TURISMO 2.4', '0.00', 'UNIT', 0, 3, '13000.00', '13000.00', 1, '0.00', '0.00', '13000.00', '0.00', '0.00', '13000.00'),
(491, 33, '4', 'REMOVE WINDSCREEN AND TINTING WORKS DONE FOR THE WHOLE CAR', '0.00', 'UNITS', 0, 4, '0.00', '0.00', 1, '0.00', '0.00', '0.00', '0.00', '0.00', '0.00'),
(492, 33, '5', 'DHLD PACKAGE DELIVERY CHARGES', '0.00', 'LOT', 0, 5, '50.00', '50.00', 1, '0.00', '0.00', '50.00', '0.00', '0.00', '50.00'),
(493, 34, '', 'CAR AIRCOND REFILL GAS AND SERVICE', '0.00', '', 0, 1, '99.65', '99.65', 1, '0.00', '0.00', '99.65', '0.00', '0.00', '99.65'),
(494, 34, '', 'COMPUTER HP 16GB RAM 256 GB RAM JAPAN MADE', '0.00', 'PC', 0, 2, '100.00', '100.00', 1, '0.00', '0.00', '100.00', '0.00', '0.00', '100.00'),
(495, 34, '', 'KUFAAN CHEESE PASTRY', '0.00', 'PCS', 0, 3, '30.00', '30.00', 1, '0.00', '0.00', '30.00', '0.00', '0.00', '30.00'),
(496, 34, '', 'MAZDA X5 TYRE CHANGE 175/90PSI JAPAN MADE', '0.00', 'PCS', 0, 4, '130.50', '130.50', 1, '0.00', '0.00', '130.50', '0.00', '0.00', '130.50'),
(497, 34, '', 'CALENDAR FOR YEAR 2023 INCLUDING STICKERS MICKEY MOUSE', '0.00', 'PCS', 0, 5, '50.95', '50.95', 1, '0.00', '0.00', '50.95', '0.00', '0.00', '50.95'),
(498, 34, '', 'MAZDA X5 TYRE CHANGE 175/90PSI JAPAN MADE', '0.00', 'PCS', 0, 6, '130.50', '130.50', 1, '0.00', '0.00', '130.50', '0.00', '0.00', '130.50'),
(499, 34, '', 'PREPARE HOUSE TENANCY AGREEMENT FOR CUSTOMER FOR THE YEAR 2023 AND 2024', '0.00', 'LOT', 0, 7, '0.00', '0.00', 1, '0.00', '0.00', '0.00', '0.00', '0.00', '0.00'),
(500, 34, '', 'TO USE TOOLS AND MANUALLY ENTER THE  DRAIN TO REMOVE ALL SAND, STONES, DEBRIS ETC FROM THE SIDES AND BOTTOM OF DRAIN.', '0.00', 'LOT', 0, 8, '3700.00', '3700.00', 1, '0.00', '0.00', '3700.00', '0.00', '0.00', '3700.00'),
(501, 35, '1.', 'TO SUPPLY LABOUR AND TOOLS FOR CLEAR RUSTY AND SLUDGE IN CONCRETE WATER TANK.', '12.00', 'UNITS', 1, 1, '1650.00', '19800.00', 1, '0.00', '0.00', '19800.00', '0.00', '0.00', '19800.00'),
(502, 35, '2.', 'TO SUPPLY LABOUR AND TOOLS FOR CLEAR RUSTY AND SLUDGE IN FIBER WATER TANK ( SIZE  1600 X 800 X 1600)', '12.00', 'UNITS', 0, 2, '0.00', '16200.00', 1, '0.00', '0.00', '16200.00', '0.00', '0.00', '16200.00'),
(503, 35, '3.', 'TO SUPPLY LABOUR AND TOOLS FOR CLEAR RUSTY AND SLUDGE IN FIBER WATER TANK ( SIZE  2800 X 2000 X 3200 )', '24.00', 'UNITS', 0, 3, '1850.00', '44400.00', 1, '0.00', '0.00', '44400.00', '0.00', '0.00', '44400.00'),
(504, 35, '4.', 'BOLT & NUT FOR FITTINGS, BRACKETS ETC', '200.00', 'PCS', 0, 4, '5.00', '1000.00', 1, '0.00', '0.00', '1000.00', '0.00', '0.00', '1000.00'),
(505, 35, '5.', 'TO SUPPLY ELBOW AND FITTINGS TO REPAIR LEAKING  (USE SCAFFFOLDING)', '2.00', '', 0, 5, '1900.00', '3800.00', 1, '0.00', '0.00', '3800.00', '0.00', '0.00', '3800.00'),
(506, 35, '6.', 'TO REMOVE ALL DEBRIS AND UNUSED PARTS / MATERIALS FROM WORKSITE AND DISPOSE AT AUTHORISED SITE', '0.00', '', 0, 6, '800.00', '800.00', 1, '0.00', '0.00', '800.00', '0.00', '0.00', '800.00'),
(507, 35, '7.', 'TO SUPPLY ALL TOOLS, MATERIALS AND SKILLED WORKERS TO COMPLETE THE JOB.', '0.00', '', 0, 7, '0.00', '0.00', 1, '0.00', '0.00', '0.00', '0.00', '0.00', '0.00'),
(508, 35, '8.', 'TO FOLLOW ALL SAFETY PROCEDURES AT WORK SITE AT ALL TIMES', '0.00', '', 0, 8, '0.00', '0.00', 1, '0.00', '0.00', '0.00', '0.00', '0.00', '0.00'),
(509, 35, '9.', 'TRANSPORT CHARGES NOT INCLDUDE IN THE INVOICE. PAID SEPARATELY', '0.00', '', 1, 9, '0.00', '0.00', 1, '0.00', '0.00', '0.00', '0.00', '0.00', '0.00'),
(510, 35, '', '', '0.00', '', 0, 10, '0.00', '0.00', 1, '0.00', '0.00', '0.00', '0.00', '0.00', '0.00'),
(528, 38, '1.', 'TO SUPPLY LABOUR AND TOOLS FOR CLEAR RUSTY AND SLUDGE IN CONCRETE WATER TANK.', '12.00', 'UNITS', 1, 1, '1650.00', '19800.00', 1, '0.00', '0.00', '19800.00', '0.00', '0.00', '19800.00'),
(529, 38, '2.', 'TO SUPPLY LABOUR AND TOOLS FOR CLEAR RUSTY AND SLUDGE IN FIBER WATER TANK ( SIZE  1600 X 800 X 1600)', '12.00', 'UNITS', 0, 2, '0.00', '16200.00', 1, '0.00', '0.00', '16200.00', '0.00', '0.00', '16200.00'),
(530, 38, '3.', 'TO SUPPLY LABOUR AND TOOLS FOR CLEAR RUSTY AND SLUDGE IN FIBER WATER TANK ( SIZE  2800 X 2000 X 3200 )', '24.00', 'UNITS', 0, 3, '1850.00', '44400.00', 1, '0.00', '0.00', '44400.00', '0.00', '0.00', '44400.00'),
(531, 38, '4.', 'BOLT & NUT FOR FITTINGS, BRACKETS ETC', '200.00', 'PCS', 0, 4, '5.00', '1000.00', 1, '0.00', '0.00', '1000.00', '0.00', '0.00', '1000.00'),
(532, 38, '5.', 'TO SUPPLY ELBOW AND FITTINGS TO REPAIR LEAKING  (USE SCAFFFOLDING)', '2.00', '', 0, 5, '1900.00', '3800.00', 1, '0.00', '0.00', '3800.00', '0.00', '0.00', '3800.00'),
(533, 38, '6.', 'TO REMOVE ALL DEBRIS AND UNUSED PARTS / MATERIALS FROM WORKSITE AND DISPOSE AT AUTHORISED SITE', '0.00', '', 0, 6, '800.00', '800.00', 1, '0.00', '0.00', '800.00', '0.00', '0.00', '800.00'),
(534, 38, '7.', 'TO SUPPLY ALL TOOLS, MATERIALS AND SKILLED WORKERS TO COMPLETE THE JOB.', '0.00', '', 0, 7, '0.00', '0.00', 1, '0.00', '0.00', '0.00', '0.00', '0.00', '0.00'),
(535, 38, '8.', 'TO FOLLOW ALL SAFETY PROCEDURES AT WORK SITE AT ALL TIMES', '0.00', '', 0, 8, '0.00', '0.00', 1, '0.00', '0.00', '0.00', '0.00', '0.00', '0.00'),
(536, 38, '9.', 'TRANSPORT CHARGES NOT INCLDUDE IN THE INVOICE. PAID SEPARATELY', '0.00', '', 1, 9, '0.00', '0.00', 1, '0.00', '0.00', '0.00', '0.00', '0.00', '0.00'),
(537, 38, '', '', '0.00', '', 0, 10, '0.00', '0.00', 1, '0.00', '0.00', '0.00', '0.00', '0.00', '0.00'),
(573, 39, '1.', 'USE CHECMICALS TO KILL GERMS AND OTHER ALSO REDUCE THE ODOUR FROM MANHOLES', '0.00', '', 1, 1, '0.00', '0.00', 1, '0.00', '0.00', '0.00', '0.00', '0.00', '0.00'),
(574, 39, '', 'PRICE FOR SERVICE', '45.00', 'UNITS', 0, 2, '160.00', '7200.00', 1, '0.00', '0.00', '7200.00', '0.00', '0.00', '7200.00'),
(575, 39, '', '', '0.00', '', 0, 3, '0.00', '0.00', 1, '0.00', '0.00', '0.00', '0.00', '0.00', '0.00'),
(576, 39, '2.', 'NO CHEMICALS USED IN THE JETTING WATER', '45.00', 'UNITS', 1, 4, '120.00', '5400.00', 1, '0.00', '0.00', '5400.00', '0.00', '0.00', '5400.00'),
(577, 39, '', 'PRICE FOR SERVICE', '0.00', '', 0, 5, '0.00', '0.00', 1, '0.00', '0.00', '0.00', '0.00', '0.00', '0.00'),
(578, 39, '', '', '0.00', '', 0, 6, '0.00', '0.00', 1, '0.00', '0.00', '0.00', '0.00', '0.00', '0.00'),
(579, 39, '', 'PAYMENT TERMS', '0.00', '', 1, 7, '0.00', '0.00', 1, '0.00', '0.00', '0.00', '0.00', '0.00', '0.00'),
(580, 39, '1.', 'DEPOSIT AMOUNT OF RM 2,500.00 NEED TO BE PAID BEFORE WORK START.', '0.00', '', 0, 8, '0.00', '0.00', 1, '0.00', '0.00', '0.00', '0.00', '0.00', '0.00'),
(581, 39, '2.', 'BALANCE CASH PAYMENT ONCE WORK COMPLETED', '0.00', '', 0, 9, '0.00', '0.00', 1, '0.00', '0.00', '0.00', '0.00', '0.00', '0.00'),
(582, 39, '', '', '0.00', '', 0, 10, '0.00', '0.00', 1, '0.00', '0.00', '0.00', '0.00', '0.00', '0.00'),
(583, 40, '1.', 'USE CHECMICALS TO KILL GERMS AND OTHER ALSO REDUCE THE ODOUR FROM MANHOLES', '0.00', '', 1, 1, '0.00', '0.00', 1, '0.00', '0.00', '0.00', '0.00', '0.00', '0.00'),
(584, 40, '', 'PRICE FOR SERVICE', '45.00', 'UNITS', 0, 2, '160.00', '7200.00', 1, '0.00', '0.00', '7200.00', '0.00', '0.00', '7200.00'),
(585, 40, '', '', '0.00', '', 0, 3, '0.00', '0.00', 1, '0.00', '0.00', '0.00', '0.00', '0.00', '0.00'),
(586, 40, '2.', 'NO CHEMICALS USED IN THE JETTING WATER', '45.00', 'UNITS', 1, 4, '120.00', '5400.00', 1, '0.00', '0.00', '5400.00', '0.00', '0.00', '5400.00'),
(587, 40, '', 'PRICE FOR SERVICE', '0.00', '', 0, 5, '0.00', '0.00', 1, '0.00', '0.00', '0.00', '0.00', '0.00', '0.00'),
(588, 40, '', '', '0.00', '', 0, 6, '0.00', '0.00', 1, '0.00', '0.00', '0.00', '0.00', '0.00', '0.00'),
(589, 40, '', 'PAYMENT TERMS', '0.00', '', 1, 7, '0.00', '0.00', 1, '0.00', '0.00', '0.00', '0.00', '0.00', '0.00'),
(590, 40, '1.', 'DEPOSIT AMOUNT OF RM 2,500.00 NEED TO BE PAID BEFORE WORK START.', '0.00', '', 0, 8, '0.00', '0.00', 1, '0.00', '0.00', '0.00', '0.00', '0.00', '0.00'),
(591, 40, '2.', 'BALANCE CASH PAYMENT ONCE WORK COMPLETED', '0.00', '', 0, 9, '0.00', '0.00', 1, '0.00', '0.00', '0.00', '0.00', '0.00', '0.00'),
(592, 40, '', '', '0.00', '', 0, 10, '0.00', '0.00', 1, '0.00', '0.00', '0.00', '0.00', '0.00', '0.00'),
(696, 41, '', 'WORK SCOPE ( FOLLOW THE SCHEDU A655 )', '0.00', '', 1, 1, '0.00', '0.00', 2, '6.00', '0.00', '0.00', '0.00', '0.00', '0.00'),
(697, 41, '1.', 'CALENDAR FOR YEAR 2023 INCLUDING STICKERS MICKEY MOUSE', '2.00', 'PCS', 0, 2, '50.95', '101.90', 1, '0.00', '0.00', '96.81', '5.00', '5.09', '96.81'),
(698, 41, '2.', 'COMPUTER DELL XPS 15 16GB RAM 512GB SSD INTEL I9 PROCESSOR', '2.00', 'PCS', 0, 3, '560.00', '1120.00', 1, '0.00', '0.00', '1120.00', '0.00', '0.00', '1120.00'),
(699, 41, '3.', 'FRANCE PERFUME ( LAVENDAR SMELL)', '0.00', '', 0, 4, '98.00', '98.00', 1, '0.00', '0.00', '98.00', '0.00', '0.00', '98.00'),
(700, 41, '4.', 'TEAK WOOD IKEA TABLE 5 X 7 FEET', '4.00', 'PCS', 0, 5, '0.00', '0.00', 1, '0.00', '0.00', '0.00', '0.00', '0.00', '0.00'),
(701, 41, '5', 'CAR CARBURATOR CHANGE', '0.00', '', 0, 6, '33.00', '33.00', 1, '0.00', '0.00', '33.00', '0.00', '0.00', '33.00'),
(702, 41, '', 'LABOUR RELATED CHARGES', '0.00', '', 1, 7, '0.00', '0.00', 1, '0.00', '0.00', '0.00', '0.00', '0.00', '0.00'),
(703, 41, '', 'PREPARE HOUSE TENANCY AGREEMENT FOR CUSTOMER FOR THE YEAR 2023 AND 2024', '1.00', 'LOT', 0, 8, '890.00', '890.00', 1, '0.00', '0.00', '890.00', '0.00', '0.00', '890.00'),
(704, 41, '', 'REMOVE WINDSCREEN AND TINTING WORKS DONE FOR THE WHOLE CAR', '3.00', 'UNITS', 0, 9, '66.00', '198.00', 1, '0.00', '0.00', '198.00', '0.00', '0.00', '198.00'),
(705, 41, '', 'TO USE TOOLS AND MANUALLY ENTER THE  DRAIN TO REMOVE ALL SAND, STONES, DEBRIS ETC FROM THE SIDES AND BOTTOM OF DRAIN.', '0.00', 'LOT', 0, 10, '3700.00', '3700.00', 1, '0.00', '0.00', '3700.00', '0.00', '0.00', '3700.00'),
(706, 41, '', '', '0.00', '', 0, 11, '0.00', '0.00', 1, '0.00', '0.00', '0.00', '0.00', '0.00', '0.00'),
(707, 37, '1.', 'TO SUPPLY LABOUR AND TOOLS FOR CLEAR RUSTY AND SLUDGE IN CONCRETE WATER TANK.', '12.00', 'UNITS', 1, 1, '1650.00', '19800.00', 1, '0.00', '0.00', '19800.00', '0.00', '0.00', '19800.00'),
(708, 37, '2.', 'TO SUPPLY LABOUR AND TOOLS FOR CLEAR RUSTY AND SLUDGE IN FIBER WATER TANK ( SIZE  1600 X 800 X 1600)', '12.00', 'UNITS', 0, 2, '0.00', '0.00', 1, '0.00', '0.00', '0.00', '0.00', '0.00', '0.00'),
(709, 37, '3.', 'TO SUPPLY LABOUR AND TOOLS FOR CLEAR RUSTY AND SLUDGE IN FIBER WATER TANK ( SIZE  2800 X 2000 X 3200 )', '24.00', 'UNITS', 0, 3, '1850.00', '44400.00', 1, '0.00', '0.00', '44400.00', '0.00', '0.00', '44400.00'),
(710, 37, '4.', 'BOLT & NUT FOR FITTINGS, BRACKETS ETC', '200.00', 'PCS', 0, 4, '5.00', '1000.00', 1, '0.00', '0.00', '1000.00', '0.00', '0.00', '1000.00'),
(711, 37, '5.', 'TO SUPPLY ELBOW AND FITTINGS TO REPAIR LEAKING  (USE SCAFFFOLDING)', '2.00', '', 0, 5, '1900.00', '3800.00', 1, '0.00', '0.00', '3800.00', '0.00', '0.00', '3800.00'),
(712, 37, '6.', 'TO REMOVE ALL DEBRIS AND UNUSED PARTS / MATERIALS FROM WORKSITE AND DISPOSE AT AUTHORISED SITE', '0.00', '', 0, 6, '800.00', '800.00', 1, '0.00', '0.00', '800.00', '0.00', '0.00', '800.00'),
(713, 37, '7.', 'TO SUPPLY ALL TOOLS, MATERIALS AND SKILLED WORKERS TO COMPLETE THE JOB.', '0.00', '', 0, 7, '0.00', '0.00', 1, '0.00', '0.00', '0.00', '0.00', '0.00', '0.00'),
(714, 37, '8.', 'TO FOLLOW ALL SAFETY PROCEDURES AT WORK SITE AT ALL TIMES', '0.00', '', 0, 8, '0.00', '0.00', 1, '0.00', '0.00', '0.00', '0.00', '0.00', '0.00'),
(715, 37, '9.', 'TRANSPORT CHARGES NOT INCLDUDE IN THE INVOICE. PAID SEPARATELY', '0.00', '', 1, 9, '0.00', '0.00', 1, '0.00', '0.00', '0.00', '0.00', '0.00', '0.00'),
(716, 37, '', '', '0.00', '', 0, 10, '0.00', '0.00', 1, '0.00', '0.00', '0.00', '0.00', '0.00', '0.00');
INSERT INTO `tbquotationdetail` (`quotationDetail_id`, `quotationDetail_quotationID`, `quotationDetail_no1`, `quotationDetail_no2`, `quotationDetail_no3`, `quotationDetail_no4`, `quotationDetail_bold`, `quotationDetail_sortID`, `quotationDetail_no5`, `quotationDetail_rowTotal`, `quotationDetail_taxRateID`, `quotationDetail_taxPercent`, `quotationDetail_taxTotal`, `quotationDetail_rowGrandTotal`, `quotationDetail_discountPercent`, `quotationDetail_discountAmount`, `quotationDetail_rowTotalAfterDiscount`) VALUES
(717, 37, '', '', '0.00', '', 0, 11, '0.00', '0.00', 1, '0.00', '0.00', '0.00', '0.00', '0.00', '0.00'),
(718, 37, '', '', '0.00', '', 0, 12, '0.00', '0.00', 1, '0.00', '0.00', '0.00', '0.00', '0.00', '0.00'),
(719, 30, '1.', 'TO SUPPLY LABOUR AND TOOLS FOR CLEAR RUSTY AND SLUDGE IN CONCRETE WATER TANK.', '12.00', 'UNITS', 1, 1, '1650.00', '19800.00', 1, '0.00', '0.00', '19800.00', '0.00', '0.00', '19800.00'),
(720, 30, '2.', 'TO SUPPLY LABOUR AND TOOLS FOR CLEAR RUSTY AND SLUDGE IN FIBER WATER TANK ( SIZE  1600 X 800 X 1600)', '12.00', 'UNITS', 0, 2, '0.00', '16200.00', 1, '0.00', '0.00', '16200.00', '0.00', '0.00', '16200.00'),
(721, 30, '3.', 'TO SUPPLY LABOUR AND TOOLS FOR CLEAR RUSTY AND SLUDGE IN FIBER WATER TANK ( SIZE  2800 X 2000 X 3200 )', '24.00', 'UNITS', 0, 3, '1850.00', '44400.00', 1, '0.00', '0.00', '44400.00', '0.00', '0.00', '44400.00'),
(722, 30, '4.', 'BOLT & NUT FOR FITTINGS, BRACKETS ETC', '200.00', 'PCS', 0, 4, '5.00', '1000.00', 1, '0.00', '0.00', '1000.00', '0.00', '0.00', '1000.00'),
(723, 30, '5.', 'TO SUPPLY ELBOW AND FITTINGS TO REPAIR LEAKING  (USE SCAFFFOLDING)', '2.00', '', 0, 5, '1900.00', '3800.00', 1, '0.00', '0.00', '3800.00', '0.00', '0.00', '3800.00'),
(724, 30, '6.', 'TO REMOVE ALL DEBRIS AND UNUSED PARTS / MATERIALS FROM WORKSITE AND DISPOSE AT AUTHORISED SITE', '0.00', '', 0, 6, '800.00', '800.00', 1, '0.00', '0.00', '800.00', '0.00', '0.00', '800.00'),
(725, 30, '7.', 'TO SUPPLY ALL TOOLS, MATERIALS AND SKILLED WORKERS TO COMPLETE THE JOB.', '0.00', '', 0, 7, '0.00', '0.00', 1, '0.00', '0.00', '0.00', '0.00', '0.00', '0.00'),
(726, 30, '8.', 'TO FOLLOW ALL SAFETY PROCEDURES AT WORK SITE AT ALL TIMES', '0.00', '', 0, 8, '0.00', '0.00', 1, '0.00', '0.00', '0.00', '0.00', '0.00', '0.00'),
(727, 30, '9.', 'TRANSPORT CHARGES NOT INCLDUDE IN THE INVOICE. PAID SEPARATELY', '0.00', '', 0, 9, '0.00', '0.00', 1, '0.00', '0.00', '0.00', '0.00', '0.00', '0.00'),
(728, 30, '', '', '0.00', '', 0, 10, '0.00', '0.00', 1, '0.00', '0.00', '0.00', '0.00', '0.00', '0.00'),
(729, 42, '', 'WORK SCOPE ( FOLLOW THE SCHEDU A655 )', '0.00', '', 1, 1, '0.00', '0.00', 2, '6.00', '0.00', '0.00', '0.00', '0.00', '0.00'),
(730, 42, '1.', 'CALENDAR FOR YEAR 2023 INCLUDING STICKERS MICKEY MOUSE', '2.00', 'PCS', 0, 2, '50.95', '101.90', 1, '0.00', '0.00', '96.81', '5.00', '5.09', '96.81'),
(731, 42, '2.', 'COMPUTER DELL XPS 15 16GB RAM 512GB SSD INTEL I9 PROCESSOR', '2.00', 'PCS', 0, 3, '560.00', '1120.00', 1, '0.00', '0.00', '1120.00', '0.00', '0.00', '1120.00'),
(732, 42, '3.', 'FRANCE PERFUME ( LAVENDAR SMELL)', '0.00', '', 0, 4, '98.00', '98.00', 1, '0.00', '0.00', '98.00', '0.00', '0.00', '98.00'),
(733, 42, '4.', 'TEAK WOOD IKEA TABLE 5 X 7 FEET', '4.00', 'PCS', 0, 5, '0.00', '0.00', 1, '0.00', '0.00', '0.00', '0.00', '0.00', '0.00'),
(734, 42, '5', 'CAR CARBURATOR CHANGE', '0.00', '', 0, 6, '33.00', '33.00', 1, '0.00', '0.00', '33.00', '0.00', '0.00', '33.00'),
(735, 42, '', 'LABOUR RELATED CHARGES', '0.00', '', 1, 7, '0.00', '0.00', 1, '0.00', '0.00', '0.00', '0.00', '0.00', '0.00'),
(736, 42, '', 'PREPARE HOUSE TENANCY AGREEMENT FOR CUSTOMER FOR THE YEAR 2023 AND 2024', '1.00', 'LOT', 0, 8, '890.00', '890.00', 1, '0.00', '0.00', '890.00', '0.00', '0.00', '890.00'),
(737, 42, '', 'REMOVE WINDSCREEN AND TINTING WORKS DONE FOR THE WHOLE CAR', '3.00', 'UNITS', 0, 9, '66.00', '198.00', 1, '0.00', '0.00', '198.00', '0.00', '0.00', '198.00'),
(738, 42, '', 'TO USE TOOLS AND MANUALLY ENTER THE  DRAIN TO REMOVE ALL SAND, STONES, DEBRIS ETC FROM THE SIDES AND BOTTOM OF DRAIN.', '0.00', 'LOT', 0, 10, '3700.00', '3700.00', 1, '0.00', '0.00', '3700.00', '0.00', '0.00', '3700.00'),
(739, 42, '', '', '0.00', '', 0, 11, '0.00', '0.00', 1, '0.00', '0.00', '0.00', '0.00', '0.00', '0.00'),
(740, 43, '1', 'CALENDAR FOR YEAR 2023 INCLUDING STICKERS MICKEY MOUSE', '0.00', 'PCS', 0, 1, '50.95', '50.95', 1, '0.00', '0.00', '50.95', '0.00', '0.00', '50.95'),
(741, 43, '2', 'MAZDA X5 TYRE CHANGE 175/90PSI JAPAN MADE', '0.00', 'PCS', 0, 2, '130.50', '130.50', 1, '0.00', '0.00', '130.50', '0.00', '0.00', '130.50'),
(742, 43, '3', 'TO USE TOOLS AND MANUALLY ENTER THE  DRAIN TO REMOVE ALL SAND, STONES, DEBRIS ETC FROM THE SIDES AND BOTTOM OF DRAIN.', '0.00', 'LOT', 0, 3, '3700.00', '3700.00', 1, '0.00', '0.00', '3700.00', '0.00', '0.00', '3700.00'),
(743, 43, '4', 'COMPUTER DELL XPS 15 16GB RAM 512GB SSD INTEL I9 PROCESSOR', '0.00', 'PCS', 0, 4, '0.00', '0.00', 1, '0.00', '0.00', '0.00', '0.00', '0.00', '0.00'),
(744, 43, '5', 'PREPARE HOUSE TENANCY AGREEMENT FOR CUSTOMER FOR THE YEAR 2023 AND 2024', '0.00', 'LOT', 0, 5, '0.00', '0.00', 1, '0.00', '0.00', '0.00', '0.00', '0.00', '0.00'),
(745, 43, '', '', '0.00', '', 0, 6, '0.00', '0.00', 1, '0.00', '0.00', '0.00', '0.00', '0.00', '0.00'),
(746, 43, '', '', '0.00', '', 0, 7, '0.00', '0.00', 1, '0.00', '0.00', '0.00', '0.00', '0.00', '0.00'),
(747, 44, '1', 'CALENDAR FOR YEAR 2023 INCLUDING STICKERS MICKEY MOUSE', '0.00', 'PCS', 0, 1, '50.95', '50.95', 1, '0.00', '0.00', '50.95', '0.00', '0.00', '50.95'),
(748, 44, '2', 'MAZDA X5 TYRE CHANGE 175/90PSI JAPAN MADE', '0.00', 'PCS', 0, 2, '130.50', '130.50', 1, '0.00', '0.00', '130.50', '0.00', '0.00', '130.50'),
(749, 44, '3', 'TO USE TOOLS AND MANUALLY ENTER THE  DRAIN TO REMOVE ALL SAND, STONES, DEBRIS ETC FROM THE SIDES AND BOTTOM OF DRAIN.', '0.00', 'LOT', 0, 3, '3700.00', '3700.00', 1, '0.00', '0.00', '3700.00', '0.00', '0.00', '3700.00'),
(750, 44, '4', 'COMPUTER DELL XPS 15 16GB RAM 512GB SSD INTEL I9 PROCESSOR', '0.00', 'PCS', 0, 4, '0.00', '0.00', 1, '0.00', '0.00', '0.00', '0.00', '0.00', '0.00'),
(751, 44, '5', 'PREPARE HOUSE TENANCY AGREEMENT FOR CUSTOMER FOR THE YEAR 2023 AND 2024', '0.00', 'LOT', 0, 5, '0.00', '0.00', 1, '0.00', '0.00', '0.00', '0.00', '0.00', '0.00'),
(752, 44, '', '', '0.00', '', 0, 6, '0.00', '0.00', 1, '0.00', '0.00', '0.00', '0.00', '0.00', '0.00'),
(753, 44, '', '', '0.00', '', 0, 7, '0.00', '0.00', 1, '0.00', '0.00', '0.00', '0.00', '0.00', '0.00'),
(754, 45, '1', 'CALENDAR FOR YEAR 2023 INCLUDING STICKERS MICKEY MOUSE', '0.00', 'PCS', 1, 1, '50.95', '50.95', 1, '0.00', '0.00', '50.95', '0.00', '0.00', '50.95'),
(755, 45, '2', 'TO USE TOOLS AND MANUALLY ENTER THE  DRAIN TO REMOVE ALL SAND, STONES, DEBRIS ETC FROM THE SIDES AND BOTTOM OF DRAIN.', '0.00', 'LOT', 0, 2, '3700.00', '3700.00', 1, '0.00', '0.00', '3700.00', '0.00', '0.00', '3700.00'),
(756, 45, '3', 'CAR TINTING SERVICE - V COOL HOLLAND TYPE', '0.00', 'PCS', 0, 3, '66.00', '66.00', 1, '0.00', '0.00', '66.00', '0.00', '0.00', '66.00'),
(757, 45, '4', 'CAR AIRCOND REFILL GAS AND SERVICE', '0.00', '', 0, 4, '99.65', '99.65', 1, '0.00', '0.00', '99.65', '0.00', '0.00', '99.65'),
(758, 45, '5', 'TOP RADIATOR HOSE ORIGINAL', '0.00', '', 0, 5, '450.00', '450.00', 1, '0.00', '0.00', '450.00', '0.00', '0.00', '450.00'),
(759, 46, '1', 'CALENDAR FOR YEAR 2023 INCLUDING STICKERS MICKEY MOUSE', '0.00', 'PCS', 1, 1, '50.95', '50.95', 1, '0.00', '0.00', '50.95', '0.00', '0.00', '50.95'),
(760, 46, '2', 'TO USE TOOLS AND MANUALLY ENTER THE  DRAIN TO REMOVE ALL SAND, STONES, DEBRIS ETC FROM THE SIDES AND BOTTOM OF DRAIN.', '0.00', 'LOT', 0, 2, '3700.00', '3700.00', 1, '0.00', '0.00', '3700.00', '0.00', '0.00', '3700.00'),
(761, 46, '3', 'CAR TINTING SERVICE - V COOL HOLLAND TYPE', '0.00', 'PCS', 0, 3, '66.00', '66.00', 1, '0.00', '0.00', '66.00', '0.00', '0.00', '66.00'),
(762, 46, '4', 'CAR AIRCOND REFILL GAS AND SERVICE', '0.00', '', 0, 4, '99.65', '99.65', 1, '0.00', '0.00', '99.65', '0.00', '0.00', '99.65'),
(763, 46, '5', 'TOP RADIATOR HOSE ORIGINAL', '0.00', '', 0, 5, '450.00', '450.00', 1, '0.00', '0.00', '450.00', '0.00', '0.00', '450.00'),
(774, 47, '', 'CALENDAR FOR YEAR 2023 INCLUDING STICKERS MICKEY MOUSE', '100.00', 'PCS', 0, 1, '41.55', '4155.00', 2, '6.00', '224.37', '3963.87', '10.00', '415.50', '3739.50'),
(775, 47, '', '', '0.00', '', 0, 2, '1000.00', '1000.00', 1, '0.00', '0.00', '1000.00', '0.00', '0.00', '1000.00'),
(776, 47, '', '', '0.00', '', 0, 3, '0.00', '0.00', 1, '0.00', '0.00', '0.00', '0.00', '0.00', '0.00'),
(777, 47, '', '', '0.00', '', 0, 4, '0.00', '0.00', 1, '0.00', '0.00', '0.00', '0.00', '0.00', '0.00'),
(778, 47, '', '', '0.00', '', 0, 5, '0.00', '0.00', 1, '0.00', '0.00', '0.00', '0.00', '0.00', '0.00'),
(779, 48, '1', 'nh dhdj d df d', '78.00', 'fg', 0, 1, '89.00', '6942.00', 4, '34.00', '2147.85', '8465.07', '9.00', '624.78', '6317.22'),
(780, 48, '', '', '0.00', '', 0, 2, '777.00', '777.00', 2, '6.00', '46.62', '823.62', '0.00', '0.00', '777.00'),
(781, 48, '', '', '0.00', '', 0, 3, '0.00', '0.00', 1, '0.00', '0.00', '0.00', '0.00', '0.00', '0.00'),
(782, 48, '', '', '0.00', '', 0, 4, '0.00', '0.00', 1, '0.00', '0.00', '0.00', '0.00', '0.00', '0.00'),
(783, 48, '', '', '0.00', '', 0, 5, '0.00', '0.00', 1, '0.00', '0.00', '0.00', '0.00', '0.00', '0.00'),
(784, 48, '', '', '0.00', '', 0, 6, '0.00', '0.00', 1, '0.00', '0.00', '0.00', '0.00', '0.00', '0.00'),
(785, 48, '', '', '0.00', '', 0, 7, '0.00', '0.00', 1, '0.00', '0.00', '0.00', '0.00', '0.00', '0.00'),
(806, 49, '1', 'ELECTRONIC PARTS', '0.00', '', 0, 1, '0.00', '0.00', 1, '0.00', '0.00', '0.00', '0.00', '0.00', '0.00'),
(807, 49, '2', 'COMPUTER DELL XPS 15 16GB RAM 512GB SSD INTEL I9 PROCESSOR', '0.00', 'PCS', 0, 2, '0.00', '0.00', 5, '8.00', '0.00', '0.00', '0.00', '0.00', '0.00'),
(808, 49, '3', 'CAR POLISH 2.5 LITRES', '0.00', 'BOTTLE', 0, 3, '19.00', '19.00', 2, '6.00', '1.14', '20.14', '0.00', '0.00', '19.00'),
(809, 49, '4', 'CAR TINTING SERVICE - V COOL HOLLAND TYPE', '0.00', 'PCS', 0, 4, '66.00', '66.00', 1, '0.00', '0.00', '66.00', '0.00', '0.00', '66.00'),
(810, 49, '5', 'BEZA CAR Malaysia Made', '0.00', 'PCS', 0, 5, '3500.90', '3500.90', 1, '0.00', '0.00', '3500.90', '0.00', '0.00', '3500.90'),
(811, 49, '6', 'CAR POLISH 2.5 LITRES', '0.00', 'BOTTLE', 0, 6, '19.00', '19.00', 1, '0.00', '0.00', '19.00', '0.00', '0.00', '19.00'),
(812, 49, '', '', '0.00', '', 0, 7, '0.00', '0.00', 1, '0.00', '0.00', '0.00', '0.00', '0.00', '0.00'),
(813, 49, '7', 'BEZA CAR Malaysia Made', '0.00', 'PCS', 0, 8, '3500.90', '3500.90', 1, '0.00', '0.00', '3500.90', '0.00', '0.00', '3500.90'),
(814, 49, '', '', '0.00', '', 0, 9, '0.00', '0.00', 1, '0.00', '0.00', '0.00', '0.00', '0.00', '0.00'),
(815, 49, '8', 'SERVICE CHARGE', '0.00', '', 1, 10, '960.00', '960.00', 1, '0.00', '0.00', '960.00', '0.00', '0.00', '960.00'),
(816, 50, '', 'COMPUTER HP 16GB RAM 256 GB RAM JAPAN MADE', '0.00', 'PC', 0, 1, '100.00', '100.00', 1, '0.00', '0.00', '100.00', '0.00', '0.00', '100.00'),
(817, 50, '', 'COMPUTER DELL XPS 15 16GB RAM 512GB SSD INTEL I9 PROCESSOR', '0.00', 'PCS', 0, 2, '0.00', '0.00', 1, '0.00', '0.00', '0.00', '0.00', '0.00', '0.00'),
(818, 50, '', 'COMPUTER DELL XPS 15 16GB RAM 512GB SSD INTEL I9 PROCESSOR', '0.00', 'PCS', 0, 3, '0.00', '0.00', 1, '0.00', '0.00', '0.00', '0.00', '0.00', '0.00'),
(819, 50, '', 'MAZDA X5 TYRE CHANGE 175/90PSI JAPAN MADE', '0.00', 'PCS', 0, 4, '130.50', '130.50', 1, '0.00', '0.00', '130.50', '0.00', '0.00', '130.50'),
(820, 50, '', 'CALENDAR FOR YEAR 2023 INCLUDING STICKERS MICKEY MOUSE', '0.00', 'PCS', 0, 5, '50.95', '50.95', 1, '0.00', '0.00', '50.95', '0.00', '0.00', '50.95'),
(821, 51, '', 'CALENDAR FOR YEAR 2023 INCLUDING STICKERS MICKEY MOUSE', '0.00', 'PCS', 0, 1, '50.95', '50.95', 1, '0.00', '0.00', '50.95', '0.00', '0.00', '50.95'),
(822, 51, '', 'TO USE TOOLS AND MANUALLY ENTER THE  DRAIN TO REMOVE ALL SAND, STONES, DEBRIS ETC FROM THE SIDES AND BOTTOM OF DRAIN.', '0.00', 'LOT', 0, 2, '3700.00', '3700.00', 1, '0.00', '0.00', '3700.00', '0.00', '0.00', '3700.00'),
(823, 51, '', 'PREPARE HOUSE TENANCY AGREEMENT FOR CUSTOMER FOR THE YEAR 2023 AND 2024', '0.00', 'LOT', 0, 3, '0.00', '0.00', 1, '0.00', '0.00', '0.00', '0.00', '0.00', '0.00'),
(824, 51, '', 'REMOVE WINDSCREEN AND TINTING WORKS DONE FOR THE WHOLE CAR', '0.00', 'UNITS', 0, 4, '0.00', '0.00', 1, '0.00', '0.00', '0.00', '0.00', '0.00', '0.00'),
(825, 51, '', 'BEZA CAR Malaysia Made', '0.00', 'PCS', 0, 5, '3500.90', '3500.90', 1, '0.00', '0.00', '3500.90', '0.00', '0.00', '3500.90'),
(826, 52, '', '', '0.00', '', 0, 1, '500.00', '500.00', 1, '0.00', '0.00', '500.00', '0.00', '0.00', '500.00'),
(827, 52, '', '', '0.00', '', 0, 2, '0.00', '0.00', 1, '0.00', '0.00', '0.00', '0.00', '0.00', '0.00'),
(828, 52, '', '', '0.00', '', 0, 3, '0.00', '0.00', 1, '0.00', '0.00', '0.00', '0.00', '0.00', '0.00'),
(829, 52, '', '', '0.00', '', 0, 4, '0.00', '0.00', 1, '0.00', '0.00', '0.00', '0.00', '0.00', '0.00'),
(830, 52, '', '', '0.00', '', 0, 5, '0.00', '0.00', 1, '0.00', '0.00', '0.00', '0.00', '0.00', '0.00'),
(831, 53, '', 'CALENDAR FOR YEAR 2023 INCLUDING STICKERS MICKEY MOUSE', '0.00', 'PCS', 0, 1, '50.95', '50.95', 1, '0.00', '0.00', '48.40', '5.00', '2.55', '48.40'),
(832, 53, '', 'CAR TINTING SERVICE - V COOL HOLLAND TYPE', '0.00', 'PCS', 0, 2, '66.00', '66.00', 1, '0.00', '0.00', '66.00', '0.00', '0.00', '66.00'),
(833, 53, '', 'LABOUR TO REPLACE PARTS & SERVICE', '0.00', 'bundles', 0, 3, '56.00', '56.00', 1, '0.00', '0.00', '51.52', '8.00', '4.48', '51.52'),
(834, 53, '', 'TO USE TOOLS AND MANUALLY ENTER THE  DRAIN TO REMOVE ALL SAND, STONES, DEBRIS ETC FROM THE SIDES AND BOTTOM OF DRAIN.', '0.00', 'LOT', 0, 4, '3700.00', '3700.00', 1, '0.00', '0.00', '3700.00', '0.00', '0.00', '3700.00'),
(835, 53, '', 'REMOVE WINDSCREEN AND TINTING WORKS DONE FOR THE WHOLE CAR', '0.00', 'UNITS', 0, 5, '904.00', '904.00', 2, '6.00', '54.24', '958.24', '0.00', '0.00', '904.00'),
(836, 54, '', 'CALENDAR FOR YEAR 2023 INCLUDING STICKERS MICKEY MOUSE', '0.00', 'PCS', 0, 1, '50.95', '50.95', 1, '0.00', '0.00', '48.40', '5.00', '2.55', '48.40'),
(837, 54, '', 'CAR TINTING SERVICE - V COOL HOLLAND TYPE', '0.00', 'PCS', 0, 2, '66.00', '66.00', 1, '0.00', '0.00', '66.00', '0.00', '0.00', '66.00'),
(838, 54, '', 'LABOUR TO REPLACE PARTS & SERVICE', '0.00', 'bundles', 0, 3, '56.00', '56.00', 1, '0.00', '0.00', '51.52', '8.00', '4.48', '51.52'),
(839, 54, '', 'TO USE TOOLS AND MANUALLY ENTER THE  DRAIN TO REMOVE ALL SAND, STONES, DEBRIS ETC FROM THE SIDES AND BOTTOM OF DRAIN.', '0.00', 'LOT', 0, 4, '3700.00', '3700.00', 1, '0.00', '0.00', '3700.00', '0.00', '0.00', '3700.00'),
(840, 54, '', 'REMOVE WINDSCREEN AND TINTING WORKS DONE FOR THE WHOLE CAR', '0.00', 'UNITS', 0, 5, '904.00', '904.00', 2, '6.00', '54.24', '958.24', '0.00', '0.00', '904.00'),
(841, 55, '', 'CALENDAR FOR YEAR 2023 INCLUDING STICKERS MICKEY MOUSE', '0.00', 'PCS', 0, 1, '50.95', '50.95', 1, '0.00', '0.00', '48.40', '5.00', '2.55', '48.40'),
(842, 55, '', 'CAR TINTING SERVICE - V COOL HOLLAND TYPE', '0.00', 'PCS', 0, 2, '66.00', '66.00', 1, '0.00', '0.00', '66.00', '0.00', '0.00', '66.00'),
(843, 55, '', 'LABOUR TO REPLACE PARTS & SERVICE', '0.00', 'bundles', 0, 3, '56.00', '56.00', 1, '0.00', '0.00', '51.52', '8.00', '4.48', '51.52'),
(844, 55, '', 'TO USE TOOLS AND MANUALLY ENTER THE  DRAIN TO REMOVE ALL SAND, STONES, DEBRIS ETC FROM THE SIDES AND BOTTOM OF DRAIN.', '0.00', 'LOT', 0, 4, '3700.00', '3700.00', 1, '0.00', '0.00', '3700.00', '0.00', '0.00', '3700.00'),
(845, 55, '', 'REMOVE WINDSCREEN AND TINTING WORKS DONE FOR THE WHOLE CAR', '0.00', 'UNITS', 0, 5, '904.00', '904.00', 2, '6.00', '54.24', '958.24', '0.00', '0.00', '904.00'),
(846, 56, '', 'CALENDAR FOR YEAR 2023 INCLUDING STICKERS MICKEY MOUSE', '0.00', 'PCS', 0, 1, '50.95', '50.95', 1, '0.00', '0.00', '48.40', '5.00', '2.55', '48.40'),
(847, 56, '', 'CAR TINTING SERVICE - V COOL HOLLAND TYPE', '0.00', 'PCS', 0, 2, '66.00', '66.00', 1, '0.00', '0.00', '66.00', '0.00', '0.00', '66.00'),
(848, 56, '', 'LABOUR TO REPLACE PARTS & SERVICE', '0.00', 'bundles', 0, 3, '56.00', '56.00', 1, '0.00', '0.00', '51.52', '8.00', '4.48', '51.52'),
(849, 56, '', 'TO USE TOOLS AND MANUALLY ENTER THE  DRAIN TO REMOVE ALL SAND, STONES, DEBRIS ETC FROM THE SIDES AND BOTTOM OF DRAIN.', '0.00', 'LOT', 0, 4, '3700.00', '3700.00', 1, '0.00', '0.00', '3700.00', '0.00', '0.00', '3700.00'),
(850, 56, '', 'REMOVE WINDSCREEN AND TINTING WORKS DONE FOR THE WHOLE CAR', '0.00', 'UNITS', 0, 5, '904.00', '904.00', 2, '6.00', '54.24', '958.24', '0.00', '0.00', '904.00'),
(851, 57, '', 'CALENDAR FOR YEAR 2023 INCLUDING STICKERS MICKEY MOUSE', '0.00', 'PCS', 0, 1, '50.95', '50.95', 1, '0.00', '0.00', '48.40', '5.00', '2.55', '48.40'),
(852, 57, '', 'CAR TINTING SERVICE - V COOL HOLLAND TYPE', '0.00', 'PCS', 0, 2, '66.00', '66.00', 1, '0.00', '0.00', '66.00', '0.00', '0.00', '66.00'),
(853, 57, '', 'LABOUR TO REPLACE PARTS & SERVICE', '0.00', 'bundles', 0, 3, '56.00', '56.00', 1, '0.00', '0.00', '51.52', '8.00', '4.48', '51.52'),
(854, 57, '', 'TO USE TOOLS AND MANUALLY ENTER THE  DRAIN TO REMOVE ALL SAND, STONES, DEBRIS ETC FROM THE SIDES AND BOTTOM OF DRAIN.', '0.00', 'LOT', 0, 4, '3700.00', '3700.00', 1, '0.00', '0.00', '3700.00', '0.00', '0.00', '3700.00'),
(855, 57, '', 'REMOVE WINDSCREEN AND TINTING WORKS DONE FOR THE WHOLE CAR', '0.00', 'UNITS', 0, 5, '904.00', '904.00', 2, '6.00', '54.24', '958.24', '0.00', '0.00', '904.00'),
(861, 59, '', 'CALENDAR FOR YEAR 2023 INCLUDING STICKERS MICKEY MOUSE', '0.00', 'PCS', 0, 1, '50.95', '50.95', 1, '0.00', '0.00', '48.40', '5.00', '2.55', '48.40'),
(862, 59, '', 'CAR TINTING SERVICE - V COOL HOLLAND TYPE', '0.00', 'PCS', 0, 2, '66.00', '66.00', 1, '0.00', '0.00', '66.00', '0.00', '0.00', '66.00'),
(863, 59, '', 'LABOUR TO REPLACE PARTS & SERVICE', '0.00', 'bundles', 0, 3, '56.00', '56.00', 1, '0.00', '0.00', '51.52', '8.00', '4.48', '51.52'),
(864, 59, '', 'TO USE TOOLS AND MANUALLY ENTER THE  DRAIN TO REMOVE ALL SAND, STONES, DEBRIS ETC FROM THE SIDES AND BOTTOM OF DRAIN.', '0.00', 'LOT', 0, 4, '3700.00', '3700.00', 1, '0.00', '0.00', '3700.00', '0.00', '0.00', '3700.00'),
(865, 59, '', 'REMOVE WINDSCREEN AND TINTING WORKS DONE FOR THE WHOLE CAR', '0.00', 'UNITS', 0, 5, '904.00', '904.00', 2, '6.00', '54.24', '958.24', '0.00', '0.00', '904.00'),
(866, 59, '', '', '0.00', '', 0, 6, '34.00', '34.00', 1, '0.00', '0.00', '34.00', '0.00', '0.00', '34.00'),
(867, 59, '', '', '4.00', '', 0, 7, '1872.00', '7488.00', 4, '34.00', '2507.73', '9883.41', '0.00', '112.32', '7375.68'),
(868, 59, '', '', '0.00', '', 0, 8, '7000.00', '7000.00', 1, '0.00', '0.00', '7000.00', '0.00', '0.00', '7000.00'),
(869, 59, '', '', '0.00', '', 0, 9, '300.00', '300.00', 1, '0.00', '0.00', '300.00', '0.00', '0.00', '300.00'),
(870, 58, '1.', 'CALENDAR FOR YEAR 2023 INCLUDING STICKERS MICKEY MOUSE', '0.00', 'PCS', 1, 1, '50.95', '50.95', 1, '0.00', '0.00', '48.40', '5.00', '2.55', '48.40'),
(871, 58, '2.', 'CAR TINTING SERVICE - V COOL HOLLAND TYPE', '0.00', 'PCS', 0, 2, '66.00', '66.00', 1, '0.00', '0.00', '66.00', '0.00', '0.00', '66.00'),
(872, 58, '3.', 'LABOUR TO REPLACE PARTS & SERVICE', '0.00', 'bundles', 0, 3, '56.00', '56.00', 1, '0.00', '0.00', '51.52', '8.00', '4.48', '51.52'),
(873, 58, '4.', 'TO USE TOOLS AND MANUALLY ENTER THE  DRAIN TO REMOVE ALL SAND, STONES, DEBRIS ETC FROM THE SIDES AND BOTTOM OF DRAIN.', '0.00', 'LOT', 0, 4, '3700.00', '3700.00', 1, '0.00', '0.00', '3700.00', '0.00', '0.00', '3700.00'),
(874, 58, '5.', 'REMOVE WINDSCREEN AND TINTING WORKS DONE FOR THE WHOLE CAR', '0.00', 'UNITS', 0, 5, '904.00', '904.00', 2, '6.00', '54.24', '958.24', '0.00', '0.00', '904.00'),
(875, 60, '', 'CALENDAR FOR YEAR 2023 INCLUDING STICKERS MICKEY MOUSE', '0.00', 'PCS', 0, 1, '50.95', '50.95', 1, '0.00', '0.00', '48.40', '5.00', '2.55', '48.40'),
(876, 60, '', 'CAR TINTING SERVICE - V COOL HOLLAND TYPE', '0.00', 'PCS', 0, 2, '66.00', '66.00', 1, '0.00', '0.00', '66.00', '0.00', '0.00', '66.00'),
(877, 60, '', 'LABOUR TO REPLACE PARTS & SERVICE', '0.00', 'bundles', 0, 3, '56.00', '56.00', 1, '0.00', '0.00', '51.52', '8.00', '4.48', '51.52'),
(878, 60, '', 'TO USE TOOLS AND MANUALLY ENTER THE  DRAIN TO REMOVE ALL SAND, STONES, DEBRIS ETC FROM THE SIDES AND BOTTOM OF DRAIN.', '0.00', 'LOT', 0, 4, '3700.00', '3700.00', 1, '0.00', '0.00', '3700.00', '0.00', '0.00', '3700.00'),
(879, 60, '', 'REMOVE WINDSCREEN AND TINTING WORKS DONE FOR THE WHOLE CAR', '0.00', 'UNITS', 0, 5, '904.00', '904.00', 2, '6.00', '54.24', '958.24', '0.00', '0.00', '904.00'),
(880, 60, '', '', '0.00', '', 0, 6, '34.00', '34.00', 1, '0.00', '0.00', '34.00', '0.00', '0.00', '34.00'),
(881, 60, '', '', '4.00', '', 0, 7, '1872.00', '7488.00', 4, '34.00', '2507.73', '9883.41', '0.00', '112.32', '7375.68'),
(882, 60, '', '', '0.00', '', 0, 8, '7000.00', '7000.00', 1, '0.00', '0.00', '7000.00', '0.00', '0.00', '7000.00'),
(883, 60, '', '', '0.00', '', 0, 9, '300.00', '300.00', 1, '0.00', '0.00', '300.00', '0.00', '0.00', '300.00'),
(913, 61, '1.', 'TO USE BASEMENT TANKER TO DESLUDGE AND REMOVE L/S 9,500.00 GREASE SLUDE WASTE FROM GREASE TANK. THE GREASE WASTE WILL BE TRANSPORTED OUTSIDE AND TRANSFERRED TO 10m3 TANKER PARKED OUTSIDE BUILDING.', '0.00', 'L/S', 0, 1, '9500.00', '9500.00', 1, '0.00', '0.00', '9500.00', '0.00', '0.00', '9500.00'),
(914, 61, '2.', 'ONCE THE GREASE TANK IS EMPTY, WE WILL USE SPECIAL JACKING TOOL TO LIFT UP THE GREASE TANK. ONCE THE TANK HAS BEEN LIFTED, NEED TO REMOVE ALL THE DEBRIS, EXCESS SAND AND STONES ETC', '0.00', '', 0, 2, '0.00', '0.00', 1, '0.00', '0.00', '0.00', '0.00', '0.00', '0.00'),
(915, 61, '3.', 'THEN NEED TO REFILL THE BOTTOM WITH NEW SAND, CRUSH STONES.', '0.00', '', 0, 3, '0.00', '0.00', 1, '0.00', '0.00', '0.00', '0.00', '0.00', '0.00'),
(916, 61, '4.', 'NEED TO LOWER THE GREASE TANK INTO THE GROUND AND ADD BRACKETS ETC TO HOLD IT IN PLACE.', '0.00', '', 0, 4, '0.00', '0.00', 1, '0.00', '0.00', '0.00', '0.00', '0.00', '0.00'),
(917, 61, '5.', 'TO SUPPLY AND INSTALL NEW INLET AND OUTLET PIPING FOR THE GREASE TANK.', '0.00', '', 0, 5, '0.00', '0.00', 1, '0.00', '0.00', '0.00', '0.00', '0.00', '0.00'),
(918, 61, '6.', 'TO USE JETTER TRUCK MACHINE TO COMPLETELY CLEAN AND CLEAR THE INLET AND OUTLET PIPING.\r\nJETTING METHOD USES VERY HIGH PRESSURE WATER JET FLOW TO THROUGHLY CLEAN INSIDE THE PIPES.', '0.00', '', 0, 6, '0.00', '0.00', 1, '0.00', '0.00', '0.00', '0.00', '0.00', '0.00'),
(919, 61, '7.', 'TO SUPPLY BASEMENT TANKER, DESLUDGING TANKER, JETTER TRUCK, TOOLS, MATERIALS & SKILLED WORKERS', '0.00', '', 0, 7, '0.00', '0.00', 1, '0.00', '0.00', '0.00', '0.00', '0.00', '0.00'),
(920, 61, '8.', 'ALL SAFETY PROCEDURES FOLLOWED AT ALL TIMES AT WORK SITE.', '0.00', '', 0, 8, '0.00', '0.00', 1, '0.00', '0.00', '0.00', '0.00', '0.00', '0.00'),
(921, 62, '1.', 'TO USE BASEMENT TANKER TO DESLUDGE AND REMOVE L/S 9,500.00 GREASE SLUDE WASTE FROM GREASE TANK. THE GREASE WASTE WILL BE TRANSPORTED OUTSIDE AND TRANSFERRED TO 10m3 TANKER PARKED OUTSIDE BUILDING.', '0.00', 'L/S', 0, 1, '9500.00', '9500.00', 1, '0.00', '0.00', '9500.00', '0.00', '0.00', '9500.00'),
(922, 62, '2.', 'ONCE THE GREASE TANK IS EMPTY, WE WILL USE SPECIAL JACKING TOOL TO LIFT UP THE GREASE TANK. ONCE THE TANK HAS BEEN LIFTED, NEED TO REMOVE ALL THE DEBRIS, EXCESS SAND AND STONES ETC', '0.00', '', 0, 2, '0.00', '0.00', 1, '0.00', '0.00', '0.00', '0.00', '0.00', '0.00'),
(923, 62, '3.', 'THEN NEED TO REFILL THE BOTTOM WITH NEW SAND, CRUSH STONES.', '0.00', '', 0, 3, '0.00', '0.00', 1, '0.00', '0.00', '0.00', '0.00', '0.00', '0.00'),
(924, 62, '4.', 'NEED TO LOWER THE GREASE TANK INTO THE GROUND AND ADD BRACKETS ETC TO HOLD IT IN PLACE.', '0.00', '', 0, 4, '0.00', '0.00', 1, '0.00', '0.00', '0.00', '0.00', '0.00', '0.00'),
(925, 62, '5.', 'TO SUPPLY AND INSTALL NEW INLET AND OUTLET PIPING FOR THE GREASE TANK.', '0.00', '', 0, 5, '0.00', '0.00', 1, '0.00', '0.00', '0.00', '0.00', '0.00', '0.00'),
(926, 62, '6.', 'TO USE JETTER TRUCK MACHINE TO COMPLETELY CLEAN AND CLEAR THE INLET AND OUTLET PIPING.\r\nJETTING METHOD USES VERY HIGH PRESSURE WATER JET FLOW TO THROUGHLY CLEAN INSIDE THE PIPES.', '0.00', '', 0, 6, '0.00', '0.00', 1, '0.00', '0.00', '0.00', '0.00', '0.00', '0.00'),
(927, 62, '7.', 'TO SUPPLY BASEMENT TANKER, DESLUDGING TANKER, JETTER TRUCK, TOOLS, MATERIALS & SKILLED WORKERS', '0.00', '', 0, 7, '0.00', '0.00', 1, '0.00', '0.00', '0.00', '0.00', '0.00', '0.00'),
(928, 62, '8.', 'ALL SAFETY PROCEDURES FOLLOWED AT ALL TIMES AT WORK SITE.', '0.00', '', 0, 8, '0.00', '0.00', 1, '0.00', '0.00', '0.00', '0.00', '0.00', '0.00'),
(929, 63, '1', 'CALENDAR FOR YEAR 2023 INCLUDING STICKERS MICKEY MOUSE', '0.00', 'PCS', 1, 1, '50.95', '50.95', 1, '0.00', '0.00', '50.95', '0.00', '0.00', '50.95'),
(930, 63, '2', 'CAR TINTING SERVICE - V COOL HOLLAND TYPE', '0.00', 'PCS', 0, 2, '66.00', '66.00', 1, '0.00', '0.00', '66.00', '0.00', '0.00', '66.00'),
(931, 63, '3', 'PREPARE HOUSE TENANCY AGREEMENT FOR CUSTOMER FOR THE YEAR 2023 AND 2024', '0.00', 'LOT', 0, 3, '0.00', '0.00', 1, '0.00', '0.00', '0.00', '0.00', '0.00', '0.00'),
(932, 63, '4', 'TO USE TOOLS AND MANUALLY ENTER THE  DRAIN TO REMOVE ALL SAND, STONES, DEBRIS ETC FROM THE SIDES AND BOTTOM OF DRAIN.', '0.00', 'LOT', 0, 4, '3700.00', '3700.00', 1, '0.00', '0.00', '3700.00', '0.00', '0.00', '3700.00'),
(933, 63, '5', 'APPLE WATCH SMART', '0.00', 'PCS', 0, 5, '665.00', '665.00', 1, '0.00', '0.00', '665.00', '0.00', '0.00', '665.00'),
(934, 64, '1', 'MAZDA X5 TYRE CHANGE 175/90PSI JAPAN MADE', '0.00', 'PCS', 0, 1, '130.50', '130.50', 1, '0.00', '0.00', '123.97', '5.00', '6.53', '123.97'),
(935, 64, '2', 'TO USE TOOLS AND MANUALLY ENTER THE  DRAIN TO REMOVE ALL SAND, STONES, DEBRIS ETC FROM THE SIDES AND BOTTOM OF DRAIN.', '0.00', 'LOT', 0, 2, '3700.00', '3700.00', 1, '0.00', '0.00', '3515.00', '5.00', '185.00', '3515.00'),
(936, 64, '3', 'REMOVE WINDSCREEN AND TINTING WORKS DONE FOR THE WHOLE CAR', '0.00', 'UNITS', 0, 3, '90.00', '90.00', 4, '34.00', '30.60', '120.60', '0.00', '0.00', '90.00'),
(937, 64, '4', 'TO USE TOOLS AND MANUALLY ENTER THE  DRAIN TO REMOVE ALL SAND, STONES, DEBRIS ETC FROM THE SIDES AND BOTTOM OF DRAIN.', '0.00', 'LOT', 0, 4, '560.00', '560.00', 1, '0.00', '0.00', '560.00', '0.00', '0.00', '560.00'),
(938, 64, '5', 'TO USE TOOLS AND MANUALLY ENTER THE  DRAIN TO REMOVE ALL SAND, STONES, DEBRIS ETC FROM THE SIDES AND BOTTOM OF DRAIN.', '0.00', 'LOT', 0, 5, '890.00', '890.00', 1, '0.00', '0.00', '827.70', '7.00', '62.30', '827.70'),
(939, 65, '1', 'MAZDA X5 TYRE CHANGE 175/90PSI JAPAN MADE', '0.00', 'PCS', 0, 1, '130.50', '130.50', 1, '0.00', '0.00', '123.97', '5.00', '6.53', '123.97'),
(940, 65, '2', 'TO USE TOOLS AND MANUALLY ENTER THE  DRAIN TO REMOVE ALL SAND, STONES, DEBRIS ETC FROM THE SIDES AND BOTTOM OF DRAIN.', '0.00', 'LOT', 0, 2, '3700.00', '3700.00', 1, '0.00', '0.00', '3515.00', '5.00', '185.00', '3515.00'),
(941, 65, '3', 'REMOVE WINDSCREEN AND TINTING WORKS DONE FOR THE WHOLE CAR', '0.00', 'UNITS', 0, 3, '90.00', '90.00', 4, '34.00', '30.60', '120.60', '0.00', '0.00', '90.00'),
(942, 65, '4', 'TO USE TOOLS AND MANUALLY ENTER THE  DRAIN TO REMOVE ALL SAND, STONES, DEBRIS ETC FROM THE SIDES AND BOTTOM OF DRAIN.', '0.00', 'LOT', 0, 4, '560.00', '560.00', 1, '0.00', '0.00', '560.00', '0.00', '0.00', '560.00'),
(943, 65, '5', 'TO USE TOOLS AND MANUALLY ENTER THE  DRAIN TO REMOVE ALL SAND, STONES, DEBRIS ETC FROM THE SIDES AND BOTTOM OF DRAIN.', '0.00', 'LOT', 0, 5, '890.00', '890.00', 1, '0.00', '0.00', '827.70', '7.00', '62.30', '827.70'),
(944, 66, '1', 'MAZDA X5 TYRE CHANGE 175/90PSI JAPAN MADE', '0.00', 'PCS', 0, 1, '130.50', '130.50', 1, '0.00', '0.00', '123.97', '5.00', '6.53', '123.97'),
(945, 66, '2', 'TO USE TOOLS AND MANUALLY ENTER THE  DRAIN TO REMOVE ALL SAND, STONES, DEBRIS ETC FROM THE SIDES AND BOTTOM OF DRAIN.', '0.00', 'LOT', 0, 2, '3700.00', '3700.00', 1, '0.00', '0.00', '3515.00', '5.00', '185.00', '3515.00'),
(946, 66, '3', 'REMOVE WINDSCREEN AND TINTING WORKS DONE FOR THE WHOLE CAR', '0.00', 'UNITS', 0, 3, '90.00', '90.00', 4, '34.00', '30.60', '120.60', '0.00', '0.00', '90.00'),
(947, 66, '4', 'TO USE TOOLS AND MANUALLY ENTER THE  DRAIN TO REMOVE ALL SAND, STONES, DEBRIS ETC FROM THE SIDES AND BOTTOM OF DRAIN.', '0.00', 'LOT', 0, 4, '560.00', '560.00', 1, '0.00', '0.00', '560.00', '0.00', '0.00', '560.00'),
(948, 66, '5', 'TO USE TOOLS AND MANUALLY ENTER THE  DRAIN TO REMOVE ALL SAND, STONES, DEBRIS ETC FROM THE SIDES AND BOTTOM OF DRAIN.', '0.00', 'LOT', 0, 5, '890.00', '890.00', 1, '0.00', '0.00', '827.70', '7.00', '62.30', '827.70');

-- --------------------------------------------------------

--
-- Table structure for table `tbsecret`
--

DROP TABLE IF EXISTS `tbsecret`;
CREATE TABLE IF NOT EXISTS `tbsecret` (
  `secret_id` int(2) NOT NULL AUTO_INCREMENT,
  `secret_name` varchar(100) NOT NULL,
  `secret_login` varchar(10) NOT NULL,
  `secret_password` varchar(255) NOT NULL,
  `secret_status` int(1) NOT NULL COMMENT '1=boss, 2=clerk',
  PRIMARY KEY (`secret_id`)
) ENGINE=InnoDB AUTO_INCREMENT=6 DEFAULT CHARSET=latin1;

--
-- Dumping data for table `tbsecret`
--

INSERT INTO `tbsecret` (`secret_id`, `secret_name`, `secret_login`, `secret_password`, `secret_status`) VALUES
(2, '', 'john', '$2y$10$7rVKW2jNJIx2RP58ggHmc.cfAMHiEcplaz/oDmu1.s7B2/MaE/0OO', 1),
(3, '', 'palani', '$2y$10$CSe7O.UTL0kII8RIHr72Y.ik7w8pRtO8CSrWDuRdbDVVWqDg0U/hG', 1),
(4, 'melati', 'admin', '$2y$10$nXLhXGp.fxeOPH1UT3n4meRdFfyYW/QqJEGDuBH3zweiseb.G5Al6', 1),
(5, '', 'melati', '$2y$10$XbiatjnoX5jhXRxNdOl5PO/3765QySuDkKHntVbczqE0E3ZK1jptm', 1);

-- --------------------------------------------------------

--
-- Table structure for table `tbtaxrate`
--

DROP TABLE IF EXISTS `tbtaxrate`;
CREATE TABLE IF NOT EXISTS `tbtaxrate` (
  `taxRate_id` int(11) NOT NULL AUTO_INCREMENT,
  `taxRate_code` varchar(10) NOT NULL,
  `taxRate_rate` decimal(10,2) NOT NULL DEFAULT '0.00',
  `taxRate_description` varchar(100) NOT NULL,
  `taxRate_default` int(1) NOT NULL DEFAULT '0' COMMENT '1= default, rest all follow code',
  PRIMARY KEY (`taxRate_id`)
) ENGINE=InnoDB AUTO_INCREMENT=7 DEFAULT CHARSET=latin1;

--
-- Dumping data for table `tbtaxrate`
--

INSERT INTO `tbtaxrate` (`taxRate_id`, `taxRate_code`, `taxRate_rate`, `taxRate_description`, `taxRate_default`) VALUES
(1, 'NRT', '0.00', 'NR = No Rate, default rate = 0, dont DELETE', 1),
(2, 'SST', '6.00', 'Standard Rate', 0),
(3, 'STX', '10.00', 'Sales Tax', 0),
(4, 'PRG', '34.00', 'Electronic Items', 0),
(5, 'SXF', '8.00', 'Services Tax', 0),
(6, 'PPP', '1.50', 'Agriculture Products', 0);

-- --------------------------------------------------------

--
-- Table structure for table `tbtest`
--

DROP TABLE IF EXISTS `tbtest`;
CREATE TABLE IF NOT EXISTS `tbtest` (
  `test_id` int(11) NOT NULL AUTO_INCREMENT,
  `test_name` varchar(100) NOT NULL,
  PRIMARY KEY (`test_id`)
) ENGINE=InnoDB DEFAULT CHARSET=latin1;
COMMIT;

/*!40101 SET CHARACTER_SET_CLIENT=@OLD_CHARACTER_SET_CLIENT */;
/*!40101 SET CHARACTER_SET_RESULTS=@OLD_CHARACTER_SET_RESULTS */;
/*!40101 SET COLLATION_CONNECTION=@OLD_COLLATION_CONNECTION */;
