-- phpMyAdmin SQL Dump
-- version 4.8.4
-- https://www.phpmyadmin.net/
--
-- Host: 127.0.0.1:3306
-- Generation Time: Jul 24, 2024 at 07:04 AM
-- Server version: 5.7.24
-- PHP Version: 7.2.14

SET SQL_MODE = "NO_AUTO_VALUE_ON_ZERO";
SET AUTOCOMMIT = 0;
START TRANSACTION;
SET time_zone = "+00:00";


/*!40101 SET @OLD_CHARACTER_SET_CLIENT=@@CHARACTER_SET_CLIENT */;
/*!40101 SET @OLD_CHARACTER_SET_RESULTS=@@CHARACTER_SET_RESULTS */;
/*!40101 SET @OLD_COLLATION_CONNECTION=@@COLLATION_CONNECTION */;
/*!40101 SET NAMES utf8mb4 */;

--
-- Database: `imes`
--

-- --------------------------------------------------------

--
-- Table structure for table `tbaccount1`
--

DROP TABLE IF EXISTS `tbaccount1`;
CREATE TABLE IF NOT EXISTS `tbaccount1` (
  `account1_id` int(11) NOT NULL AUTO_INCREMENT,
  `account1_name` varchar(50) NOT NULL,
  `account1_number` int(6) NOT NULL DEFAULT '0',
  `account1_chartAccountID` int(6) NOT NULL DEFAULT '0',
  PRIMARY KEY (`account1_id`)
) ENGINE=InnoDB AUTO_INCREMENT=6 DEFAULT CHARSET=latin1;

--
-- Dumping data for table `tbaccount1`
--

INSERT INTO `tbaccount1` (`account1_id`, `account1_name`, `account1_number`, `account1_chartAccountID`) VALUES
(1, 'ASSETS', 1000, 1),
(2, 'LIABILITIES', 2000, 1),
(3, 'EQUITY', 3000, 1),
(4, 'REVENUE', 4000, 2),
(5, 'EXPENSE', 5000, 2);

-- --------------------------------------------------------

--
-- Table structure for table `tbaccount2`
--

DROP TABLE IF EXISTS `tbaccount2`;
CREATE TABLE IF NOT EXISTS `tbaccount2` (
  `account2_id` int(11) NOT NULL AUTO_INCREMENT,
  `account2_name` varchar(50) NOT NULL,
  `account2_number` int(6) NOT NULL DEFAULT '0',
  `account2_account1ID` int(6) NOT NULL DEFAULT '0',
  PRIMARY KEY (`account2_id`)
) ENGINE=InnoDB AUTO_INCREMENT=11 DEFAULT CHARSET=latin1;

--
-- Dumping data for table `tbaccount2`
--

INSERT INTO `tbaccount2` (`account2_id`, `account2_name`, `account2_number`, `account2_account1ID`) VALUES
(1, 'CURRENT ASSET', 1100, 1),
(2, 'FIXED ASSET', 1200, 1),
(3, 'CURRENT LIABILITIES', 2100, 2),
(4, 'NON-CURRENT LIABILITIES', 2200, 2),
(5, 'OPERATING  REVENUE', 4100, 4),
(6, 'NON-OPERATING REVENUE', 4200, 4),
(7, 'COGS', 5100, 5),
(8, 'OPERATING EXPENSES', 5200, 5),
(9, 'EQUITY ACCOUNT', 3100, 3),
(10, 'NON OPERATING EXPENSE', 5300, 5);

-- --------------------------------------------------------

--
-- Table structure for table `tbaccount3`
--

DROP TABLE IF EXISTS `tbaccount3`;
CREATE TABLE IF NOT EXISTS `tbaccount3` (
  `account3_id` int(11) NOT NULL AUTO_INCREMENT,
  `account3_name` varchar(50) NOT NULL,
  `account3_number` int(6) NOT NULL DEFAULT '0',
  `account3_account2ID` int(6) NOT NULL DEFAULT '0',
  `account3_group` varchar(2) NOT NULL COMMENT 'CA = Cash Account, UT=Utilities Account',
  `account3_accountNumber` varchar(100) NOT NULL COMMENT 'account number, other identity etc',
  PRIMARY KEY (`account3_id`)
) ENGINE=InnoDB AUTO_INCREMENT=26 DEFAULT CHARSET=latin1;

--
-- Dumping data for table `tbaccount3`
--

INSERT INTO `tbaccount3` (`account3_id`, `account3_name`, `account3_number`, `account3_account2ID`, `account3_group`, `account3_accountNumber`) VALUES
(1, 'CASH ON HAND', 1102, 1, 'CA', ''),
(2, 'ACCOUNTS RECEIVABLE', 1150, 1, '', ''),
(3, 'INVENTORY', 1151, 1, '', ''),
(4, 'SALES', 4101, 5, '', ''),
(5, 'PETTY CASH', 1101, 1, '', ''),
(6, 'ACCOUNTS PAYABLE', 2101, 3, '', ''),
(7, 'MAYBANK', 1103, 1, 'CA', ''),
(8, 'PUBLIC BANK', 1104, 1, 'CA', ''),
(9, 'CIMB', 1105, 1, 'CA', ''),
(10, 'SALES TAX PAYABLE', 2102, 3, '', ''),
(11, 'ROUNDING ACCOUNT', 5290, 8, '', ''),
(13, 'ELECTRICITY', 5201, 8, 'UT', ''),
(14, 'WATER', 5202, 8, 'UT', ''),
(16, 'PURCHASE ACCOUNT', 5101, 7, '', ''),
(17, 'INCOME TAX', 5301, 10, '', ''),
(19, 'OWNERS CAPITAL', 3101, 9, '', ''),
(20, 'RETAINED EARNINGS', 3102, 9, '', ''),
(21, 'VEHICLE 1', 1201, 2, '', ''),
(22, 'VEHICLE 2', 1202, 2, '', ''),
(23, 'DEPRECIATION', 5291, 8, '', ''),
(24, 'ACC DEP VEHICLE 1', 1261, 2, '', 'ADCONT'),
(25, 'ACC DEP VEHICLE 2', 1262, 2, '', 'ADCONT');

-- --------------------------------------------------------

--
-- Table structure for table `tbaccount4`
--

DROP TABLE IF EXISTS `tbaccount4`;
CREATE TABLE IF NOT EXISTS `tbaccount4` (
  `account4_id` int(11) NOT NULL AUTO_INCREMENT,
  `account4_account3ID` int(6) NOT NULL DEFAULT '0',
  `account4_date` date NOT NULL,
  `account4_reference` varchar(100) NOT NULL,
  `account4_documentType` varchar(4) NOT NULL,
  `account4_documentTypeID` int(10) NOT NULL DEFAULT '0',
  `account4_description` varchar(100) NOT NULL,
  `account4_debit` decimal(10,2) NOT NULL DEFAULT '0.00',
  `account4_credit` decimal(10,2) NOT NULL DEFAULT '0.00',
  `account4_sort` int(1) NOT NULL DEFAULT '1' COMMENT '0=opening balance, 1 = normal ledger accounts, 2=closing balance, 3=double entry manual',
  `account4_selfFK` int(11) DEFAULT NULL COMMENT 'self rerenttial FK key',
  PRIMARY KEY (`account4_id`),
  KEY `account4_documentType` (`account4_documentType`),
  KEY `account4_selfFK` (`account4_selfFK`)
) ENGINE=InnoDB AUTO_INCREMENT=417 DEFAULT CHARSET=latin1;

--
-- Dumping data for table `tbaccount4`
--

INSERT INTO `tbaccount4` (`account4_id`, `account4_account3ID`, `account4_date`, `account4_reference`, `account4_documentType`, `account4_documentTypeID`, `account4_description`, `account4_debit`, `account4_credit`, `account4_sort`, `account4_selfFK`) VALUES
(1, 5, '2023-01-01', 'AP', 'APO', 4, 'Opening Balance', '100.00', '0.00', 0, NULL),
(2, 1, '2023-01-01', 'AP', 'APO', 5, 'Opening Balance', '200.00', '0.00', 0, NULL),
(3, 7, '2023-01-01', 'AP', 'APO', 6, 'Opening Balance', '1000.00', '0.00', 0, NULL),
(4, 8, '2023-01-01', 'AP', 'APO', 7, 'Opening Balance', '2000.00', '0.00', 0, NULL),
(5, 9, '2023-01-01', 'AP', 'APO', 8, 'Opening Balance', '3000.00', '0.00', 0, NULL),
(6, 2, '2023-01-01', 'AP', 'APO', 9, 'Opening Balance', '5000.00', '0.00', 0, NULL),
(7, 3, '2023-01-01', 'AP', 'APO', 10, 'Opening Balance', '1000.00', '0.00', 0, NULL),
(8, 21, '2023-01-01', 'AP', 'APO', 11, 'Opening Balance', '5000.00', '0.00', 0, NULL),
(9, 22, '2023-01-01', 'AP', 'APO', 12, 'Opening Balance', '1400.00', '0.00', 0, NULL),
(10, 24, '2023-01-01', 'AP', 'APO', 13, 'Opening Balance', '0.00', '900.00', 0, NULL),
(11, 25, '2023-01-01', 'AP', 'APO', 14, 'Opening Balance', '0.00', '800.00', 0, NULL),
(12, 6, '2023-01-01', 'AP', 'APO', 15, 'Opening Balance', '0.00', '9000.00', 0, NULL),
(13, 10, '2023-01-01', 'AP', 'APO', 16, 'Opening Balance', '0.00', '5000.00', 0, NULL),
(14, 19, '2023-01-01', 'AP', 'APO', 17, 'Opening Balance', '0.00', '1000.00', 0, NULL),
(15, 20, '2023-01-01', 'AP', 'APO', 18, 'Opening Balance', '0.00', '2000.00', 0, NULL),
(16, 5, '2023-09-18', 'DE', 'DET', 0, 'cash out some money', '500.00', '0.00', 3, NULL),
(17, 7, '2023-09-18', 'DE', 'DET', 0, 'cash out some money', '0.00', '500.00', 3, 16),
(18, 5, '2023-09-18', 'DE', 'DET', 0, 'not emouhg so take somomore', '1000.00', '0.00', 3, NULL),
(19, 7, '2023-09-18', 'DE', 'DET', 0, 'not emouhg so take somomore', '0.00', '1000.00', 3, 18),
(20, 2, '2023-09-18', 'INV/2023/051', 'INV', 50, 'INDAH WATER KONSORTIUM  BERHAD', '954.10', '0.00', 1, NULL),
(21, 4, '2023-09-18', 'INV/2023/051', 'INV', 50, 'INDAH WATER KONSORTIUM  BERHAD', '0.00', '940.00', 1, NULL),
(22, 2, '2023-09-18', 'RPT/2023/007', 'PAY', 18, 'INDAH WATER KONSORTIUM  BERHAD', '0.00', '550.00', 1, NULL),
(23, 7, '2023-09-18', 'RPT/2023/007', 'PAY', 18, 'INDAH WATER KONSORTIUM  BERHAD', '550.00', '0.00', 1, NULL),
(24, 2, '2023-09-18', 'INV/2023/052', 'INV', 51, 'CLEAN SEWERS SERVICES SDN BHD', '4613.40', '0.00', 1, NULL),
(25, 4, '2023-09-18', 'INV/2023/052', 'INV', 51, 'CLEAN SEWERS SERVICES SDN BHD', '0.00', '4613.42', 1, NULL),
(26, 2, '2023-09-18', 'CN/2023/003', 'CN', 3, 'CLEAN SEWERS SERVICES SDN BHD', '0.00', '235.85', 1, NULL),
(27, 4, '2023-09-18', 'CN/2023/003', 'CN', 3, 'CLEAN SEWERS SERVICES SDN BHD', '235.85', '0.00', 1, NULL),
(28, 2, '2023-09-18', 'RPT/2023/008', 'PAY', 19, 'CLEAN SEWERS SERVICES SDN BHD', '0.00', '50.65', 1, NULL),
(29, 1, '2023-09-18', 'RPT/2023/008', 'PAY', 19, 'CLEAN SEWERS SERVICES SDN BHD', '50.65', '0.00', 1, NULL),
(30, 19, '2023-09-18', 'DE', 'DET', 0, 'dsdsd', '34.00', '0.00', 3, NULL),
(31, 13, '2023-09-18', 'DE', 'DET', 0, 'dsdsd', '0.00', '34.00', 3, 30),
(32, 10, '2023-09-18', 'INV/2023/051', 'INV', 50, 'INDAH WATER KONSORTIUM  BERHAD', '0.00', '14.10', 1, NULL),
(33, 2, '2023-09-18', 'INV/2023/053', 'INV', 52, 'F & N MALAYSIA BERHAD', '1098.00', '0.00', 1, NULL),
(34, 4, '2023-09-18', 'INV/2023/053', 'INV', 52, 'F & N MALAYSIA BERHAD', '0.00', '1098.00', 1, NULL),
(37, 8, '2023-09-18', 'DE', 'DET', 0, 'tom use own money', '7000.00', '0.00', 3, NULL),
(38, 19, '2023-09-18', 'DE', 'DET', 0, 'tom use own money', '0.00', '7000.00', 3, 37),
(39, 8, '2023-09-20', 'DE', 'DET', 0, 'OWNER PUT IN HIS OWN MONEY PUBLIC BANK', '5000.60', '0.00', 3, NULL),
(40, 19, '2023-09-20', 'DE', 'DET', 0, 'OWNER PUT IN HIS OWN MONEY PUBLIC BANK', '0.00', '5000.60', 3, 39),
(41, 11, '2023-09-18', 'INV/2023/052', 'INV', 51, 'CLEAN SEWERS SERVICES SDN BHD', '0.02', '0.00', 1, NULL),
(42, 2, '2023-09-20', 'INV/2023/055', 'INV', 54, 'TANAHKU HOLDINGS SDN BHD', '4283.00', '0.00', 1, NULL),
(43, 4, '2023-09-20', 'INV/2023/055', 'INV', 54, 'TANAHKU HOLDINGS SDN BHD', '0.00', '4250.00', 1, NULL),
(44, 10, '2023-09-20', 'INV/2023/055', 'INV', 54, 'TANAHKU HOLDINGS SDN BHD', '0.00', '33.00', 1, NULL),
(45, 6, '2023-09-20', 'PB005', 'PB', 5, 'AAA INSURANCE SDN BHD', '0.00', '8155.00', 1, NULL),
(46, 12, '2023-09-20', 'PB005', 'PB', 5, 'AAA INSURANCE SDN BHD', '8155.00', '0.00', 1, NULL),
(47, 6, '2023-09-20', 'PV/2023/002', 'PAYV', 2, 'AAA INSURANCE SDN BHD', '8155.00', '0.00', 1, NULL),
(48, 1, '2023-09-20', 'PV/2023/002', 'PAYV', 2, 'AAA INSURANCE SDN BHD', '0.00', '8155.00', 1, NULL),
(49, 2, '2023-09-20', 'INV/2023/056', 'INV', 55, 'CLEAN SEWERS SERVICES SDN BHD', '4283.00', '0.00', 1, NULL),
(50, 4, '2023-09-20', 'INV/2023/056', 'INV', 55, 'CLEAN SEWERS SERVICES SDN BHD', '0.00', '4250.00', 1, NULL),
(51, 10, '2023-09-20', 'INV/2023/056', 'INV', 55, 'CLEAN SEWERS SERVICES SDN BHD', '0.00', '33.00', 1, NULL),
(52, 2, '2023-09-20', 'RPT/2023/009', 'PAY', 20, 'CLEAN SEWERS SERVICES SDN BHD', '0.00', '1500.00', 1, NULL),
(53, 8, '2023-09-20', 'RPT/2023/009', 'PAY', 20, 'CLEAN SEWERS SERVICES SDN BHD', '1500.00', '0.00', 1, NULL),
(54, 2, '2023-09-20', 'RPT/2023/010', 'PAY', 21, 'CLEAN SEWERS SERVICES SDN BHD', '0.00', '12009.85', 1, NULL),
(55, 7, '2023-09-20', 'RPT/2023/010', 'PAY', 21, 'CLEAN SEWERS SERVICES SDN BHD', '12009.85', '0.00', 1, NULL),
(56, 2, '2023-09-21', 'INV/2023/057', 'INV', 56, 'JERNIH SEWERAGE MAINTENANCE SDN BHD', '9628.34', '0.00', 1, NULL),
(57, 4, '2023-09-21', 'INV/2023/057', 'INV', 56, 'JERNIH SEWERAGE MAINTENANCE SDN BHD', '0.00', '9628.34', 1, NULL),
(58, 2, '2023-09-20', 'INV/2023/058', 'INV', 57, 'INDAH WATER KONSORTIUM  BERHAD', '9236.34', '0.00', 1, NULL),
(59, 4, '2023-09-20', 'INV/2023/058', 'INV', 57, 'INDAH WATER KONSORTIUM  BERHAD', '0.00', '9236.34', 1, NULL),
(60, 2, '2023-09-20', 'CN/2023/004', 'CN', 4, 'CADBURY CDN BHD', '0.00', '95.50', 1, NULL),
(61, 4, '2023-09-20', 'CN/2023/004', 'CN', 4, 'CADBURY CDN BHD', '91.40', '0.00', 1, NULL),
(62, 10, '2023-09-20', 'CN/2023/004', 'CN', 4, 'CADBURY CDN BHD', '0.00', '4.10', 1, NULL),
(63, 7, '2023-09-20', 'MA', 'MAT', 0, 'add 1000 to maybank', '1000.00', '0.00', 4, NULL),
(64, 7, '2023-09-20', 'MA', 'MAT', 0, 'reduce 1000 from maybank', '0.00', '1000.00', 4, NULL),
(65, 7, '2023-09-20', 'MA', 'MAT', 0, 'test petty cash boc', '0.00', '300.00', 4, NULL),
(66, 2, '2023-09-20', 'INV/2023/059', 'INV', 58, 'BATERY TECHNICAN SDN BHD', '9628.34', '0.00', 1, NULL),
(67, 4, '2023-09-20', 'INV/2023/059', 'INV', 58, 'BATERY TECHNICAN SDN BHD', '0.00', '9628.34', 1, NULL),
(68, 2, '2023-09-21', 'INV/2023/060', 'INV', 59, 'AVINOR SDN BHD', '9628.34', '0.00', 1, NULL),
(69, 4, '2023-09-21', 'INV/2023/060', 'INV', 59, 'AVINOR SDN BHD', '0.00', '9628.34', 1, NULL),
(70, 2, '2023-09-21', 'INV/2023/061', 'INV', 60, 'BADAN PENGURUSAN BERSAMA KENNY HILL', '8994.53', '0.00', 1, NULL),
(71, 4, '2023-09-21', 'INV/2023/061', 'INV', 60, 'BADAN PENGURUSAN BERSAMA KENNY HILL', '0.00', '8994.53', 1, NULL),
(72, 2, '2023-09-21', 'INV/2023/063', 'INV', 61, 'F & N MALAYSIA BERHAD', '53105.05', '0.00', 1, NULL),
(73, 4, '2023-09-21', 'INV/2023/063', 'INV', 61, 'F & N MALAYSIA BERHAD', '0.00', '53105.05', 1, NULL),
(74, 2, '2023-09-21', 'RPT/2023/011', 'PAY', 22, 'F & N MALAYSIA BERHAD', '0.00', '28946.90', 1, NULL),
(75, 1, '2023-09-21', 'RPT/2023/011', 'PAY', 22, 'F & N MALAYSIA BERHAD', '28946.90', '0.00', 1, NULL),
(76, 2, '2023-09-21', 'RPT/2023/015', 'PAY', 23, 'INDAH WATER KONSORTIUM  BERHAD', '0.00', '32533.64', 1, NULL),
(77, 7, '2023-09-21', 'RPT/2023/015', 'PAY', 23, 'INDAH WATER KONSORTIUM  BERHAD', '32533.64', '0.00', 1, NULL),
(78, 4, '2023-09-22', 'MA', 'MAT', 0, 'credit sales', '0.00', '3000.00', 4, NULL),
(79, 2, '2023-09-22', 'INV/2023/064', 'INV', 62, 'SEKOLAH MENENGAH TAMIL BRICKFILED', '16098.95', '0.00', 1, NULL),
(80, 4, '2023-09-22', 'INV/2023/064', 'INV', 62, 'SEKOLAH MENENGAH TAMIL BRICKFILED', '0.00', '16098.95', 1, NULL),
(81, 2, '2023-09-23', 'INV/2023/065', 'INV', 63, 'INDAH WATER KONSORTIUM  BERHAD', '4550.95', '0.00', 1, NULL),
(82, 4, '2023-09-23', 'INV/2023/065', 'INV', 63, 'INDAH WATER KONSORTIUM  BERHAD', '0.00', '4550.95', 1, NULL),
(83, 5, '2023-09-27', 'DE', 'DET', 0, 'Money from bank to petty cash', '300.00', '0.00', 3, NULL),
(84, 7, '2023-09-27', 'DE', 'DET', 0, 'Money from bank to petty cash', '0.00', '300.00', 3, 83),
(85, 5, '2023-09-29', 'DE', 'DET', 0, 'cash out maybank to petty cash', '1500.00', '0.00', 3, NULL),
(86, 7, '2023-09-29', 'DE', 'DET', 0, 'cash out maybank to petty cash', '0.00', '1500.00', 3, 85),
(87, 5, '2023-09-29', 'MA', 'MAT', 0, 'money missing', '0.00', '60.00', 4, NULL),
(88, 7, '2023-09-29', 'DE', 'DET', 0, 'transfer from public bank', '555.00', '0.00', 3, NULL),
(89, 8, '2023-09-29', 'DE', 'DET', 0, 'transfer from public bank', '0.00', '555.00', 3, 88),
(90, 2, '2023-09-29', 'MA', 'MAT', 0, 'extra charged', '0.00', '99.00', 4, NULL),
(91, 5, '2023-09-29', 'MA', 'MAT', 0, 'extra money found inside petty cash boc', '456.00', '0.00', 4, NULL),
(92, 2, '2023-08-17', 'INV/2023/088', 'INV', 64, 'INDAH WATER KONSORTIUM  BERHAD', '700.00', '0.00', 1, NULL),
(93, 4, '2023-08-17', 'INV/2023/088', 'INV', 64, 'INDAH WATER KONSORTIUM  BERHAD', '0.00', '700.00', 1, NULL),
(94, 7, '2023-10-01', 'DE', 'DET', 0, 'bank in cash in hand', '3300.00', '0.00', 3, NULL),
(95, 1, '2023-10-01', 'DE', 'DET', 0, 'bank in cash in hand', '0.00', '3300.00', 3, 94),
(96, 7, '2023-10-01', 'DE', 'DET', 0, 'transfer from public bank to maybank', '233.00', '0.00', 3, NULL),
(97, 8, '2023-10-01', 'DE', 'DET', 0, 'transfer from public bank to maybank', '0.00', '233.00', 3, 96),
(98, 9, '2023-10-01', 'DE', 'DET', 0, 'maybank pay money to bank name', '409.00', '0.00', 3, NULL),
(99, 7, '2023-10-01', 'DE', 'DET', 0, 'maybank pay money to bank name', '0.00', '409.00', 3, 98),
(100, 7, '2023-10-01', 'MA', 'MAT', 0, 'testing credit', '0.00', '333.00', 4, NULL),
(101, 2, '2023-10-01', 'INV/2023/089', 'INV', 65, 'CLEAN SEWERS SERVICES SDN BHD', '4283.00', '0.00', 1, NULL),
(102, 4, '2023-10-01', 'INV/2023/089', 'INV', 65, 'CLEAN SEWERS SERVICES SDN BHD', '0.00', '4250.00', 1, NULL),
(103, 10, '2023-10-01', 'INV/2023/089', 'INV', 65, 'CLEAN SEWERS SERVICES SDN BHD', '0.00', '33.00', 1, NULL),
(104, 2, '2023-10-01', 'BALANCE C/F', 'CA', 89, 'LEMBAGA HASIL DALAM NEGERI', '6600.00', '0.00', 1, NULL),
(105, 4, '2023-10-01', 'BALANCE C/F', 'CA', 89, 'LEMBAGA HASIL DALAM NEGERI', '0.00', '6600.00', 1, NULL),
(106, 2, '2023-10-01', 'INV/2023/090', 'INV', 66, 'LEMBAGA HASIL DALAM NEGERI', '4283.00', '0.00', 1, NULL),
(107, 4, '2023-10-01', 'INV/2023/090', 'INV', 66, 'LEMBAGA HASIL DALAM NEGERI', '0.00', '4250.00', 1, NULL),
(108, 10, '2023-10-01', 'INV/2023/090', 'INV', 66, 'LEMBAGA HASIL DALAM NEGERI', '0.00', '33.00', 1, NULL),
(109, 2, '2023-10-01', 'INV/2023/091', 'INV', 67, 'LEMBAGA HASIL DALAM NEGERI', '3500.00', '0.00', 1, NULL),
(110, 4, '2023-10-01', 'INV/2023/091', 'INV', 67, 'LEMBAGA HASIL DALAM NEGERI', '0.00', '3500.00', 1, NULL),
(111, 2, '2023-10-01', 'RPT/2023/016', 'PAY', 24, 'LEMBAGA HASIL DALAM NEGERI', '0.00', '70.00', 1, NULL),
(112, 7, '2023-10-01', 'RPT/2023/016', 'PAY', 24, 'LEMBAGA HASIL DALAM NEGERI', '70.00', '0.00', 1, NULL),
(113, 5, '2023-10-02', 'MA', 'MAT', 0, 'MISSING MONEY', '0.00', '500.00', 4, NULL),
(114, 2, '2023-10-02', 'RPT/2023/017', 'PAY', 25, 'LEMBAGA HASIL DALAM NEGERI', '0.00', '7713.00', 1, NULL),
(115, 7, '2023-10-02', 'RPT/2023/017', 'PAY', 25, 'LEMBAGA HASIL DALAM NEGERI', '7713.00', '0.00', 1, NULL),
(116, 5, '2023-10-02', 'DE', 'DET', 0, 'take out money from maybank for petty cash', '3000.00', '0.00', 3, NULL),
(117, 7, '2023-10-02', 'DE', 'DET', 0, 'take out money from maybank for petty cash', '0.00', '3000.00', 3, 116),
(118, 2, '2023-10-03', 'MA', 'MAT', 0, 'reduce due to bad debt', '666.00', '0.00', 4, NULL),
(119, 6, '2023-10-03', 'PB006', 'PB', 6, 'TECHREALTORS SDN BHD', '0.00', '24353.84', 1, NULL),
(120, 12, '2023-10-03', 'PB006', 'PB', 6, 'TECHREALTORS SDN BHD', '24353.84', '0.00', 1, NULL),
(121, 2, '2023-10-03', 'INV/2023/092', 'INV', 68, 'JERNIH SEWERAGE MAINTENANCE SDN BHD', '167.95', '0.00', 1, NULL),
(122, 4, '2023-10-03', 'INV/2023/092', 'INV', 68, 'JERNIH SEWERAGE MAINTENANCE SDN BHD', '0.00', '167.95', 1, NULL),
(123, 10, '2023-10-03', 'MA', 'MAT', 0, 'testing the systme', '700.00', '0.00', 4, NULL),
(124, 4, '2023-10-03', 'DE', 'DET', 0, 'return sales', '450.00', '0.00', 3, NULL),
(125, 7, '2023-10-03', 'DE', 'DET', 0, 'return sales', '0.00', '450.00', 3, 124),
(126, 2, '2023-10-04', 'INV/2023/093', 'INV', 69, 'MATSHUSHITA (M) SDN BHD', '4283.00', '0.00', 1, NULL),
(127, 4, '2023-10-04', 'INV/2023/093', 'INV', 69, 'MATSHUSHITA (M) SDN BHD', '0.00', '4250.00', 1, NULL),
(128, 10, '2023-10-04', 'INV/2023/093', 'INV', 69, 'MATSHUSHITA (M) SDN BHD', '0.00', '33.00', 1, NULL),
(129, 2, '2023-10-04', 'INV/2023/094', 'INV', 70, 'JMB TENDERFIELDS', '1000.00', '0.00', 1, NULL),
(130, 4, '2023-10-04', 'INV/2023/094', 'INV', 70, 'JMB TENDERFIELDS', '0.00', '1000.00', 1, NULL),
(131, 2, '2023-10-04', 'RPT/2023/018', 'PAY', 26, 'JMB TENDERFIELDS', '0.00', '650.00', 1, NULL),
(132, 1, '2023-10-04', 'RPT/2023/018', 'PAY', 26, 'JMB TENDERFIELDS', '650.00', '0.00', 1, NULL),
(133, 2, '2023-10-04', 'RPT/2023/019', 'PAY', 27, 'JMB TENDERFIELDS', '0.00', '350.00', 1, NULL),
(134, 1, '2023-10-04', 'RPT/2023/019', 'PAY', 27, 'JMB TENDERFIELDS', '350.00', '0.00', 1, NULL),
(135, 2, '2023-10-04', 'INV/2023/095', 'INV', 71, 'KEN HUAT HARDWARE SDN BHD', '1051.25', '0.00', 1, NULL),
(136, 4, '2023-10-04', 'INV/2023/095', 'INV', 71, 'KEN HUAT HARDWARE SDN BHD', '0.00', '955.69', 1, NULL),
(137, 10, '2023-10-04', 'INV/2023/095', 'INV', 71, 'KEN HUAT HARDWARE SDN BHD', '0.00', '95.57', 1, NULL),
(138, 11, '2023-10-04', 'INV/2023/095', 'INV', 71, 'KEN HUAT HARDWARE SDN BHD', '0.01', '0.00', 1, NULL),
(139, 2, '2023-10-04', 'RPT/2023/020', 'PAY', 28, 'KEN HUAT HARDWARE SDN BHD', '0.00', '888.00', 1, NULL),
(140, 7, '2023-10-04', 'RPT/2023/020', 'PAY', 28, 'KEN HUAT HARDWARE SDN BHD', '888.00', '0.00', 1, NULL),
(141, 6, '2023-10-04', 'PB007', 'PB', 7, 'BADAN PENGURUSAN BERSAMA KENNY HILL', '0.00', '600.00', 1, NULL),
(142, 13, '2023-10-04', 'PB007', 'PB', 7, 'BADAN PENGURUSAN BERSAMA KENNY HILL', '600.00', '0.00', 1, NULL),
(143, 6, '2023-10-04', 'PV/2023/003', 'PAYV', 3, 'BADAN PENGURUSAN BERSAMA KENNY HILL', '600.00', '0.00', 1, NULL),
(144, 7, '2023-10-04', 'PV/2023/003', 'PAYV', 3, 'BADAN PENGURUSAN BERSAMA KENNY HILL', '0.00', '600.00', 1, NULL),
(145, 2, '2023-10-04', 'INV/2023/096', 'INV', 72, 'ROYAL PORT DICKSON YACHT CLUB', '999.00', '0.00', 1, NULL),
(146, 4, '2023-10-04', 'INV/2023/096', 'INV', 72, 'ROYAL PORT DICKSON YACHT CLUB', '0.00', '999.00', 1, NULL),
(147, 2, '2023-10-04', 'RPT/2023/021', 'PAY', 29, 'ROYAL PORT DICKSON YACHT CLUB', '0.00', '555.00', 1, NULL),
(148, 1, '2023-10-04', 'RPT/2023/021', 'PAY', 29, 'ROYAL PORT DICKSON YACHT CLUB', '555.00', '0.00', 1, NULL),
(149, 2, '2023-10-04', 'RPT/2023/022', 'PAY', 30, 'ROYAL PORT DICKSON YACHT CLUB', '0.00', '111.00', 1, NULL),
(150, 1, '2023-10-04', 'RPT/2023/022', 'PAY', 30, 'ROYAL PORT DICKSON YACHT CLUB', '111.00', '0.00', 1, NULL),
(151, 2, '2023-10-05', 'INV/2023/097', 'INV', 73, 'JERNIH SEWERAGE MAINTENANCE SDN BHD', '2223.45', '0.00', 1, NULL),
(152, 4, '2023-10-05', 'INV/2023/097', 'INV', 73, 'JERNIH SEWERAGE MAINTENANCE SDN BHD', '0.00', '2223.45', 1, NULL),
(153, 2, '2023-10-05', 'INV/2023/098', 'INV', 74, 'BADAN PENGURUSAN BERSAMA LAKEVILLE RESIDENCE', '589.07', '0.00', 1, NULL),
(154, 4, '2023-10-05', 'INV/2023/098', 'INV', 74, 'BADAN PENGURUSAN BERSAMA LAKEVILLE RESIDENCE', '0.00', '558.84', 1, NULL),
(155, 10, '2023-10-05', 'INV/2023/098', 'INV', 74, 'BADAN PENGURUSAN BERSAMA LAKEVILLE RESIDENCE', '0.00', '30.23', 1, NULL),
(156, 2, '2023-10-05', 'RPT/2023/023', 'PAY', 31, 'BADAN PENGURUSAN BERSAMA LAKEVILLE RESIDENCE', '0.00', '3232.00', 1, NULL),
(157, 1, '2023-10-05', 'RPT/2023/023', 'PAY', 31, 'BADAN PENGURUSAN BERSAMA LAKEVILLE RESIDENCE', '3232.00', '0.00', 1, NULL),
(158, 7, '2023-10-05', 'MA', 'MAT', 0, 'BANKCHARGES', '0.00', '55.00', 4, NULL),
(159, 6, '2023-10-06', 'PB008', 'PB', 8, 'TNB SDN BHD', '0.00', '600.00', 1, NULL),
(160, 13, '2023-10-06', 'PB008', 'PB', 8, 'TNB SDN BHD', '600.00', '0.00', 1, NULL),
(161, 6, '2023-10-06', 'PV/2023/004', 'PAYV', 4, 'TNB SDN BHD', '933.00', '0.00', 1, NULL),
(162, 8, '2023-10-06', 'PV/2023/004', 'PAYV', 4, 'TNB SDN BHD', '0.00', '933.00', 1, NULL),
(163, 6, '2023-10-06', 'PB009', 'PB', 9, 'TNB SDN BHD', '0.00', '700.00', 1, NULL),
(164, 13, '2023-10-06', 'PB009', 'PB', 9, 'TNB SDN BHD', '700.00', '0.00', 1, NULL),
(167, 2, '2023-10-06', 'INV/2023/099', 'INV', 75, 'CITY SEWERAGE SDN BHD', '8119.00', '0.00', 1, NULL),
(168, 4, '2023-10-06', 'INV/2023/099', 'INV', 75, 'CITY SEWERAGE SDN BHD', '0.00', '8119.00', 1, NULL),
(169, 2, '2023-10-08', 'RPT/2023/024', 'PAY', 32, 'CITY SEWERAGE SDN BHD', '0.00', '100.00', 1, NULL),
(170, 7, '2023-10-08', 'RPT/2023/024', 'PAY', 32, 'CITY SEWERAGE SDN BHD', '100.00', '0.00', 1, NULL),
(171, 2, '2023-10-09', 'INV/2023/100', 'INV', 76, 'CITY SEWERAGE SDN BHD', '357.65', '0.00', 1, NULL),
(172, 4, '2023-10-09', 'INV/2023/100', 'INV', 76, 'CITY SEWERAGE SDN BHD', '0.00', '338.61', 1, NULL),
(174, 2, '2023-10-09', 'INV/2023/101', 'INV', 77, 'CITY SEWERAGE SDN BHD', '0.00', '0.00', 1, NULL),
(175, 4, '2023-10-09', 'INV/2023/101', 'INV', 77, 'CITY SEWERAGE SDN BHD', '0.00', '0.00', 1, NULL),
(176, 2, '2023-10-09', 'CN/2023/005', 'CN', 5, 'CITY SEWERAGE SDN BHD', '0.00', '300.00', 1, NULL),
(177, 4, '2023-10-09', 'CN/2023/005', 'CN', 5, 'CITY SEWERAGE SDN BHD', '300.00', '0.00', 1, NULL),
(178, 2, '2023-10-09', 'RPT/2023/025', 'PAY', 33, 'CITY SEWERAGE SDN BHD', '0.00', '100.00', 1, NULL),
(179, 7, '2023-10-09', 'RPT/2023/025', 'PAY', 33, 'CITY SEWERAGE SDN BHD', '100.00', '0.00', 1, NULL),
(180, 2, '2023-10-09', 'CN/2023/006', 'CN', 6, 'CITY SEWERAGE SDN BHD', '0.00', '50.00', 1, NULL),
(181, 4, '2023-10-09', 'CN/2023/006', 'CN', 6, 'CITY SEWERAGE SDN BHD', '50.00', '0.00', 1, NULL),
(182, 5, '2023-10-09', 'MA', 'MAT', 0, 'adjust', '0.00', '45.00', 4, NULL),
(183, 5, '2023-10-10', 'MA', 'MAT', 0, 'FDGDDG', '0.00', '55.00', 4, NULL),
(184, 5, '2023-10-10', 'DE', 'DET', 0, 'TRDEFDGDG', '666.00', '0.00', 3, NULL),
(185, 7, '2023-10-10', 'DE', 'DET', 0, 'TRDEFDGDG', '0.00', '666.00', 3, 184),
(186, 7, '2023-10-10', 'MA', 'MAT', 0, 'CADV', '0.00', '22.00', 4, NULL),
(187, 8, '2023-10-10', 'DE', 'DET', 0, 'CAPGJG', '9000.00', '0.00', 3, NULL),
(188, 19, '2023-10-10', 'DE', 'DET', 0, 'CAPGJG', '0.00', '9000.00', 3, 187),
(189, 6, '2023-10-10', 'PB0099', 'PB', 10, 'TNB SDN BHD', '0.00', '900.00', 1, NULL),
(190, 13, '2023-10-10', 'PB0099', 'PB', 10, 'TNB SDN BHD', '900.00', '0.00', 1, NULL),
(191, 6, '2023-10-10', 'PV/2023/007', 'PAYV', 6, 'TNB SDN BHD', '2200.00', '0.00', 1, NULL),
(192, 7, '2023-10-10', 'PV/2023/007', 'PAYV', 6, 'TNB SDN BHD', '0.00', '2200.00', 1, NULL),
(193, 2, '2023-10-10', 'INV/2023/106', 'INV', 78, 'CLEAN SEWERS SERVICES SDN BHD', '7000.00', '0.00', 1, NULL),
(194, 4, '2023-10-10', 'INV/2023/106', 'INV', 78, 'CLEAN SEWERS SERVICES SDN BHD', '0.00', '7000.00', 1, NULL),
(195, 2, '2023-10-10', 'RPT/2023/028', 'PAY', 34, 'CLEAN SEWERS SERVICES SDN BHD', '0.00', '906.00', 1, NULL),
(196, 8, '2023-10-10', 'RPT/2023/028', 'PAY', 34, 'CLEAN SEWERS SERVICES SDN BHD', '906.00', '0.00', 1, NULL),
(197, 10, '2023-10-09', 'INV/2023/100', 'INV', 76, 'CITY SEWERAGE SDN BHD', '0.00', '19.04', 1, NULL),
(198, 2, '2023-10-11', 'RPT/2023/029', 'PAY', 35, 'CLEAN SEWERS SERVICES SDN BHD', '0.00', '6094.00', 1, NULL),
(199, 1, '2023-10-11', 'RPT/2023/029', 'PAY', 35, 'CLEAN SEWERS SERVICES SDN BHD', '6094.00', '0.00', 1, NULL),
(200, 2, '2023-10-11', 'INV/2023/107', 'INV', 79, 'PERBADANAN PENGURUSAN PANGSAPURI DESA PALMA', '1000.00', '0.00', 1, NULL),
(201, 4, '2023-10-11', 'INV/2023/107', 'INV', 79, 'PERBADANAN PENGURUSAN PANGSAPURI DESA PALMA', '0.00', '1000.00', 1, NULL),
(202, 2, '2023-10-11', 'RPT/2023/030', 'PAY', 36, 'PERBADANAN PENGURUSAN PANGSAPURI DESA PALMA', '0.00', '150.00', 1, NULL),
(203, 1, '2023-10-11', 'RPT/2023/030', 'PAY', 36, 'PERBADANAN PENGURUSAN PANGSAPURI DESA PALMA', '150.00', '0.00', 1, NULL),
(204, 2, '2023-10-16', 'INV/2023/108', 'INV', 80, 'AR ADVANCE INFINITY (M) SDN BHD', '11000.00', '0.00', 1, NULL),
(205, 4, '2023-10-16', 'INV/2023/108', 'INV', 80, 'AR ADVANCE INFINITY (M) SDN BHD', '0.00', '11000.00', 1, NULL),
(206, 2, '2023-10-16', 'RPT/2023/031', 'PAY', 37, 'AR ADVANCE INFINITY (M) SDN BHD', '0.00', '6600.00', 1, NULL),
(207, 9, '2023-10-16', 'RPT/2023/031', 'PAY', 37, 'AR ADVANCE INFINITY (M) SDN BHD', '6600.00', '0.00', 1, NULL),
(208, 2, '2023-12-07', 'INV/2023/109', 'INV', 81, 'AA PHARMACY (PENANG BRANCH)', '950.80', '0.00', 1, NULL),
(209, 4, '2023-12-07', 'INV/2023/109', 'INV', 81, 'AA PHARMACY (PENANG BRANCH)', '0.00', '897.77', 1, NULL),
(211, 10, '2023-12-07', 'INV/2023/109', 'INV', 81, 'AA PHARMACY (PENANG BRANCH)', '0.00', '53.02', 1, NULL),
(212, 11, '2023-12-07', 'INV/2023/109', 'INV', 81, 'AA PHARMACY (PENANG BRANCH)', '0.00', '0.02', 1, NULL),
(213, 2, '2024-01-10', 'INV/2023/110', 'INV', 82, 'BMW G20 (KFK9888)', '2900.00', '0.00', 1, NULL),
(214, 4, '2024-01-10', 'INV/2023/110', 'INV', 82, 'BMW G20 (KFK9888)', '0.00', '2900.00', 1, NULL),
(215, 2, '2024-02-08', 'INV/2024/005', 'INV', 83, 'KSN SEWERAGE ENGINEERING SERVICES', '1274.00', '0.00', 1, NULL),
(216, 4, '2024-02-08', 'INV/2024/005', 'INV', 83, 'KSN SEWERAGE ENGINEERING SERVICES', '0.00', '1274.00', 1, NULL),
(219, 10, '2023-08-17', 'INV/2023/029', 'INV', 29, 'MICROSOFT SDN BHD', '0.00', '1747.50', 1, NULL),
(220, 11, '2023-08-17', 'INV/2023/029', 'INV', 29, 'MICROSOFT SDN BHD', '0.02', '0.00', 1, NULL),
(221, 6, '2024-03-15', 'PB00100', 'PB', 11, 'CLEAN SEWERS SERVICES SDN BHD', '0.00', '1000.07', 1, NULL),
(222, 12, '2024-03-15', 'PB00100', 'PB', 11, 'CLEAN SEWERS SERVICES SDN BHD', '1000.07', '0.00', 1, NULL),
(223, 2, '2024-03-15', 'INV/2024/006', 'INV', 84, 'INDAH WATER KONSORTIUM  BERHAD', '8931.40', '0.00', 1, NULL),
(224, 4, '2024-03-15', 'INV/2024/006', 'INV', 84, 'INDAH WATER KONSORTIUM  BERHAD', '0.00', '8921.92', 1, NULL),
(227, 6, '2023-08-15', 'PB00101', 'PB', 12, 'AA PHARMACY (PUCHONG BRANCH)', '0.00', '3441.55', 1, NULL),
(228, 12, '2023-08-15', 'PB00101', 'PB', 12, 'AA PHARMACY (PUCHONG BRANCH)', '3441.55', '0.00', 1, NULL),
(229, 6, '2024-03-15', 'PV/2023/008', 'PAYV', 7, 'CLEAN SEWERS SERVICES SDN BHD', '1000.07', '0.00', 1, NULL),
(230, 1, '2024-03-15', 'PV/2023/008', 'PAYV', 7, 'CLEAN SEWERS SERVICES SDN BHD', '0.00', '1000.07', 1, NULL),
(231, 2, '2024-03-15', 'INV/2024/007', 'INV', 85, 'ROYAL PORT DICKSON YACHT CLUB', '2803.80', '0.00', 1, NULL),
(232, 4, '2024-03-15', 'INV/2024/007', 'INV', 85, 'ROYAL PORT DICKSON YACHT CLUB', '0.00', '2803.80', 1, NULL),
(233, 7, '2023-09-17', 'MA', 'MAT', 0, 'add money from Tom', '6000.00', '0.00', 4, NULL),
(234, 6, '2024-03-15', 'PB00102', 'PB', 13, 'AA PHARMACY (PUCHONG BRANCH)', '0.00', '24353.84', 1, NULL),
(235, 12, '2024-03-15', 'PB00102', 'PB', 13, 'AA PHARMACY (PUCHONG BRANCH)', '24353.84', '0.00', 1, NULL),
(236, 6, '2024-03-15', 'PB00103', 'PB', 14, 'AA PHARMACY (PUCHONG BRANCH)', '0.00', '1000.00', 1, NULL),
(237, 12, '2024-03-15', 'PB00103', 'PB', 14, 'AA PHARMACY (PUCHONG BRANCH)', '1000.00', '0.00', 1, NULL),
(238, 6, '2024-03-15', 'PV/2023/009', 'PAYV', 8, 'AA PHARMACY (PUCHONG BRANCH)', '1200.00', '0.00', 1, NULL),
(239, 7, '2024-03-15', 'PV/2023/009', 'PAYV', 8, 'AA PHARMACY (PUCHONG BRANCH)', '0.00', '1200.00', 1, NULL),
(240, 10, '2024-03-15', 'INV/2024/006', 'INV', 84, 'INDAH WATER KONSORTIUM  BERHAD', '0.00', '9.47', 1, NULL),
(241, 11, '2024-03-15', 'INV/2024/006', 'INV', 84, 'INDAH WATER KONSORTIUM  BERHAD', '0.00', '0.01', 1, NULL),
(242, 6, '2024-03-16', 'PB00104', 'PB', 15, 'PERSATUAN TELUGU MALAYSIA (CAWANGAN KAJANG)', '0.00', '1000.00', 1, NULL),
(243, 12, '2024-03-16', 'PB00104', 'PB', 15, 'PERSATUAN TELUGU MALAYSIA (CAWANGAN KAJANG)', '1000.00', '0.00', 1, NULL),
(244, 6, '2024-03-16', 'PV/2024/010', 'PAYV', 9, 'PERSATUAN TELUGU MALAYSIA (CAWANGAN KAJANG)', '1000.00', '0.00', 1, NULL),
(245, 1, '2024-03-16', 'PV/2024/010', 'PAYV', 9, 'PERSATUAN TELUGU MALAYSIA (CAWANGAN KAJANG)', '0.00', '1000.00', 1, NULL),
(246, 6, '2024-03-22', 'PB00105', 'PB', 16, 'AJININOMOTO SDN BHD', '0.00', '24353.84', 1, NULL),
(247, 12, '2024-03-22', 'PB00105', 'PB', 16, 'AJININOMOTO SDN BHD', '24353.84', '0.00', 1, NULL),
(248, 2, '2024-03-24', 'INV/2024/008', 'INV', 86, 'CLEAN SEWERS SERVICES SDN BHD', '8931.40', '0.00', 1, NULL),
(249, 4, '2024-03-24', 'INV/2024/008', 'INV', 86, 'CLEAN SEWERS SERVICES SDN BHD', '0.00', '8921.92', 1, NULL),
(250, 10, '2024-03-24', 'INV/2024/008', 'INV', 86, 'CLEAN SEWERS SERVICES SDN BHD', '0.00', '9.47', 1, NULL),
(251, 11, '2024-03-24', 'INV/2024/008', 'INV', 86, 'CLEAN SEWERS SERVICES SDN BHD', '0.00', '0.01', 1, NULL),
(252, 2, '2024-03-25', 'INV/2024/009', 'INV', 87, 'F & N MALAYSIA BERHAD', '11000.00', '0.00', 1, NULL),
(253, 4, '2024-03-25', 'INV/2024/009', 'INV', 87, 'F & N MALAYSIA BERHAD', '0.00', '11000.00', 1, NULL),
(254, 2, '2024-03-25', 'RPT/2023/032', 'PAY', 38, 'F & N MALAYSIA BERHAD', '0.00', '2600.00', 1, NULL),
(255, 8, '2024-03-25', 'RPT/2023/032', 'PAY', 38, 'F & N MALAYSIA BERHAD', '2600.00', '0.00', 1, NULL),
(256, 2, '2024-03-25', 'INV/2024/010', 'INV', 88, 'PERSATUAN ORANG TUA', '12381.15', '0.00', 1, NULL),
(257, 4, '2024-03-25', 'INV/2024/010', 'INV', 88, 'PERSATUAN ORANG TUA', '0.00', '12249.00', 1, NULL),
(258, 10, '2024-03-25', 'INV/2024/010', 'INV', 88, 'PERSATUAN ORANG TUA', '0.00', '132.16', 1, NULL),
(259, 11, '2024-03-25', 'INV/2024/010', 'INV', 88, 'PERSATUAN ORANG TUA', '0.01', '0.00', 1, NULL),
(260, 2, '2024-03-25', 'INV/2024/011', 'INV', 89, 'PERBADANAN PENGURUSAN PANGSAPURI DESA PALMA', '18186.29', '0.00', 1, NULL),
(261, 4, '2024-03-25', 'INV/2024/011', 'INV', 89, 'PERBADANAN PENGURUSAN PANGSAPURI DESA PALMA', '0.00', '18168.65', 1, NULL),
(262, 10, '2024-03-25', 'INV/2024/011', 'INV', 89, 'PERBADANAN PENGURUSAN PANGSAPURI DESA PALMA', '0.00', '17.64', 1, NULL),
(263, 2, '2024-03-26', 'INV/2024/012', 'INV', 90, 'PERBANDANDAN CONDO IMPIAN 2', '8931.40', '0.00', 1, NULL),
(264, 4, '2024-03-26', 'INV/2024/012', 'INV', 90, 'PERBANDANDAN CONDO IMPIAN 2', '0.00', '8921.92', 1, NULL),
(265, 10, '2024-03-26', 'INV/2024/012', 'INV', 90, 'PERBANDANDAN CONDO IMPIAN 2', '0.00', '9.47', 1, NULL),
(266, 11, '2024-03-26', 'INV/2024/012', 'INV', 90, 'PERBANDANDAN CONDO IMPIAN 2', '0.00', '0.01', 1, NULL),
(267, 8, '2024-01-01', 'DE', 'DET', 0, 'coconut', '500.00', '0.00', 3, NULL),
(268, 4, '2024-01-01', 'DE', 'DET', 0, 'coconut', '0.00', '500.00', 3, 267),
(269, 8, '2024-01-05', 'DE', 'DET', 0, 'ddfff', '33.00', '0.00', 3, NULL),
(270, 4, '2024-01-05', 'DE', 'DET', 0, 'ddfff', '0.00', '33.00', 3, 269),
(271, 2, '2024-05-01', 'CN/2023/007', 'CN', 7, 'KSN SEWERAGE ENGINEERING SERVICE', '0.00', '1274.00', 1, NULL),
(272, 4, '2024-05-01', 'CN/2023/007', 'CN', 7, 'KSN SEWERAGE ENGINEERING SERVICE', '1274.00', '0.00', 1, NULL),
(273, 2, '2024-05-01', 'INV/2024/013', 'INV', 91, 'CLEAN SEWERS SERVICES SDN BHD', '8931.40', '0.00', 1, NULL),
(274, 4, '2024-05-01', 'INV/2024/013', 'INV', 91, 'CLEAN SEWERS SERVICES SDN BHD', '0.00', '8921.92', 1, NULL),
(275, 10, '2024-05-01', 'INV/2024/013', 'INV', 91, 'CLEAN SEWERS SERVICES SDN BHD', '0.00', '9.47', 1, NULL),
(276, 11, '2024-05-01', 'INV/2024/013', 'INV', 91, 'CLEAN SEWERS SERVICES SDN BHD', '0.00', '0.01', 1, NULL),
(277, 2, '2024-05-01', 'INV/2024/014', 'INV', 92, 'AA PHARMACY (PUCHONG BRANCH)', '8931.40', '0.00', 1, NULL),
(278, 4, '2024-05-01', 'INV/2024/014', 'INV', 92, 'AA PHARMACY (PUCHONG BRANCH)', '0.00', '8921.92', 1, NULL),
(279, 10, '2024-05-01', 'INV/2024/014', 'INV', 92, 'AA PHARMACY (PUCHONG BRANCH)', '0.00', '9.47', 1, NULL),
(280, 11, '2024-05-01', 'INV/2024/014', 'INV', 92, 'AA PHARMACY (PUCHONG BRANCH)', '0.00', '0.01', 1, NULL),
(283, 2, '2024-05-03', 'INV/2024/015', 'INV', 94, 'PERBADANAN PENGURUSAN PALM SPRING', '22500.00', '0.00', 1, NULL),
(284, 4, '2024-05-03', 'INV/2024/015', 'INV', 94, 'PERBADANAN PENGURUSAN PALM SPRING', '0.00', '22500.00', 1, NULL),
(285, 2, '2024-05-16', 'RPT/2023/033', 'PAY', 39, 'PERSATUAN ORANG TUA', '0.00', '12381.15', 1, NULL),
(286, 1, '2024-05-16', 'RPT/2023/033', 'PAY', 39, 'PERSATUAN ORANG TUA', '12381.15', '0.00', 1, NULL),
(287, 2, '2024-05-16', 'INV/2024/016', 'INV', 95, 'INDAH WATER KONSORTIUM  BERHAD', '22500.00', '0.00', 1, NULL),
(288, 4, '2024-05-16', 'INV/2024/016', 'INV', 95, 'INDAH WATER KONSORTIUM  BERHAD', '0.00', '22500.00', 1, NULL),
(289, 2, '2024-05-16', 'INV/2024/017', 'INV', 96, 'BADAN PENGURUSAN BERSAMA LAKEVILLE RESIDENCE', '12564.70', '0.00', 1, NULL),
(290, 4, '2024-05-16', 'INV/2024/017', 'INV', 96, 'BADAN PENGURUSAN BERSAMA LAKEVILLE RESIDENCE', '0.00', '12564.70', 1, NULL),
(291, 2, '2024-05-22', 'INV/2024/018', 'INV', 97, 'CLEAN SEWERS SERVICES SDN BHD', '20574.25', '0.00', 1, NULL),
(292, 4, '2024-05-22', 'INV/2024/018', 'INV', 97, 'CLEAN SEWERS SERVICES SDN BHD', '0.00', '20311.21', 1, NULL),
(293, 10, '2024-05-22', 'INV/2024/018', 'INV', 97, 'CLEAN SEWERS SERVICES SDN BHD', '0.00', '263.03', 1, NULL),
(294, 11, '2024-05-22', 'INV/2024/018', 'INV', 97, 'CLEAN SEWERS SERVICES SDN BHD', '0.00', '0.01', 1, NULL),
(295, 4, '2024-05-22', 'MA', 'MAT', 0, 'testing the syste', '0.00', '33.00', 4, NULL),
(296, 5, '2024-05-22', 'MA', 'MAT', 0, 'testing', '33.00', '0.00', 4, NULL),
(297, 2, '2024-06-04', 'INV/2024/019', 'INV', 98, 'INDAH WATER KONSORTIUM  BERHAD', '5099.90', '0.00', 1, NULL),
(298, 4, '2024-06-04', 'INV/2024/019', 'INV', 98, 'INDAH WATER KONSORTIUM  BERHAD', '0.00', '5039.90', 1, NULL),
(299, 10, '2024-06-04', 'INV/2024/019', 'INV', 98, 'INDAH WATER KONSORTIUM  BERHAD', '0.00', '60.00', 1, NULL),
(300, 2, '2024-06-04', 'RPT/2023/034', 'PAY', 40, 'INDAH WATER KONSORTIUM  BERHAD', '0.00', '372.90', 1, NULL),
(301, 1, '2024-06-04', 'RPT/2023/034', 'PAY', 40, 'INDAH WATER KONSORTIUM  BERHAD', '372.90', '0.00', 1, NULL),
(302, 2, '2024-06-09', 'INV/2024/020', 'INV', 99, 'ALFAMAX SDN BHD', '5099.90', '0.00', 1, NULL),
(303, 4, '2024-06-09', 'INV/2024/020', 'INV', 99, 'ALFAMAX SDN BHD', '0.00', '5039.90', 1, NULL),
(304, 10, '2024-06-09', 'INV/2024/020', 'INV', 99, 'ALFAMAX SDN BHD', '0.00', '60.00', 1, NULL),
(305, 2, '2024-06-09', 'RPT/2023/035', 'PAY', 41, 'ALFAMAX SDN BHD', '0.00', '600.00', 1, NULL),
(306, 1, '2024-06-09', 'RPT/2023/035', 'PAY', 41, 'ALFAMAX SDN BHD', '600.00', '0.00', 1, NULL),
(307, 2, '2024-06-10', 'INV/2024/021', 'INV', 100, 'ALAGAPAS CURRY POWDER (M) SDN BHD', '5905.50', '0.00', 1, NULL),
(308, 4, '2024-06-10', 'INV/2024/021', 'INV', 100, 'ALAGAPAS CURRY POWDER (M) SDN BHD', '0.00', '5614.80', 1, NULL),
(310, 10, '2024-06-10', 'INV/2024/021', 'INV', 100, 'ALAGAPAS CURRY POWDER (M) SDN BHD', '0.00', '290.70', 1, NULL),
(311, 2, '2024-06-10', 'INV/2024/022', 'INV', 101, 'PERBADANAN PENGURUSAN PANGSAPURI DESA PALMA', '5490.60', '0.00', 1, NULL),
(312, 4, '2024-06-10', 'INV/2024/022', 'INV', 101, 'PERBADANAN PENGURUSAN PANGSAPURI DESA PALMA', '0.00', '5490.60', 1, NULL),
(313, 2, '2024-06-05', 'INV/2024/023', 'INV', 102, 'INDAH WATER KONSORTIUM  BERHAD', '4180.23', '0.00', 1, NULL),
(314, 4, '2024-06-05', 'INV/2024/023', 'INV', 102, 'INDAH WATER KONSORTIUM  BERHAD', '0.00', '4119.90', 1, NULL),
(315, 10, '2024-06-05', 'INV/2024/023', 'INV', 102, 'INDAH WATER KONSORTIUM  BERHAD', '0.00', '60.33', 1, NULL),
(316, 2, '2024-06-10', 'INV/2024/024', 'INV', 103, 'PERBADANAN PENGURUSAN PALM SPRING', '35232.25', '0.00', 1, NULL),
(317, 4, '2024-06-10', 'INV/2024/024', 'INV', 103, 'PERBADANAN PENGURUSAN PALM SPRING', '0.00', '35232.25', 1, NULL),
(318, 2, '2024-06-10', 'RPT/2023/036', 'PAY', 42, 'PERBADANAN PENGURUSAN PANGSAPURI DESA PALMA', '0.00', '635.00', 1, NULL),
(319, 1, '2024-06-10', 'RPT/2023/036', 'PAY', 42, 'PERBADANAN PENGURUSAN PANGSAPURI DESA PALMA', '635.00', '0.00', 1, NULL),
(320, 2, '2024-06-10', 'RPT/2023/037', 'PAY', 43, 'ALAGAPAS CURRY POWDER (M) SDN BHD', '0.00', '800.00', 1, NULL),
(321, 8, '2024-06-10', 'RPT/2023/037', 'PAY', 43, 'ALAGAPAS CURRY POWDER (M) SDN BHD', '800.00', '0.00', 1, NULL),
(322, 2, '2024-06-10', 'RPT/2023/038', 'PAY', 44, 'PERBADANAN PENGURUSAN PALM SPRING', '0.00', '200.00', 1, NULL),
(323, 1, '2024-06-10', 'RPT/2023/038', 'PAY', 44, 'PERBADANAN PENGURUSAN PALM SPRING', '200.00', '0.00', 1, NULL),
(324, 2, '2024-06-10', 'INV/2024/025', 'INV', 104, 'PERSATUAN TELUGU MALAYSIA (CAWANGAN KAJANG)', '3845.60', '0.00', 1, NULL),
(325, 4, '2024-06-10', 'INV/2024/025', 'INV', 104, 'PERSATUAN TELUGU MALAYSIA (CAWANGAN KAJANG)', '0.00', '3845.60', 1, NULL),
(326, 2, '2024-06-10', 'RPT/2023/039', 'PAY', 45, 'PERSATUAN TELUGU MALAYSIA (CAWANGAN KAJANG)', '0.00', '100.00', 1, NULL),
(327, 1, '2024-06-10', 'RPT/2023/039', 'PAY', 45, 'PERSATUAN TELUGU MALAYSIA (CAWANGAN KAJANG)', '100.00', '0.00', 1, NULL),
(328, 2, '2024-06-24', 'INV/2024/027', 'INV', 105, 'KIMGRES MARKETING SDN BHD', '4090.21', '0.00', 1, NULL),
(329, 4, '2024-06-24', 'INV/2024/027', 'INV', 105, 'KIMGRES MARKETING SDN BHD', '0.00', '3991.20', 1, NULL),
(330, 10, '2024-06-24', 'INV/2024/027', 'INV', 105, 'KIMGRES MARKETING SDN BHD', '0.00', '99.01', 1, NULL),
(332, 6, '2024-06-24', 'PB00106', 'PB', 17, 'AMERICAN TABACCO MALAYSIA BERHAD', '0.00', '24353.84', 1, NULL),
(333, 12, '2024-06-24', 'PB00106', 'PB', 17, 'AMERICAN TABACCO MALAYSIA BERHAD', '24353.84', '0.00', 1, NULL),
(334, 6, '2024-06-24', 'PB00107', 'PB', 18, 'DESA DAMANSARA MANAGEMENT CORPORATION', '0.00', '5099.90', 1, NULL),
(335, 12, '2024-06-24', 'PB00107', 'PB', 18, 'DESA DAMANSARA MANAGEMENT CORPORATION', '5099.90', '0.00', 1, NULL),
(336, 6, '2024-06-25', 'PB00108', 'PB', 19, 'AA PHARMACY (PENANG BRANCH)', '0.00', '24354.80', 1, NULL),
(337, 12, '2024-06-25', 'PB00108', 'PB', 19, 'AA PHARMACY (PENANG BRANCH)', '24354.80', '0.00', 1, NULL),
(338, 2, '2024-06-25', 'CN/2023/008', 'CN', 8, 'KIMGRES MARKETING SDN BHD', '0.00', '911.18', 1, NULL),
(339, 4, '2024-06-25', 'CN/2023/008', 'CN', 8, 'KIMGRES MARKETING SDN BHD', '857.60', '0.00', 1, NULL),
(340, 10, '2024-06-25', 'CN/2023/008', 'CN', 8, 'KIMGRES MARKETING SDN BHD', '0.00', '53.58', 1, NULL),
(341, 2, '2024-06-26', 'CN/2023/009', 'CN', 9, 'KIMGRES MARKETING SDN BHD', '0.00', '4246.81', 1, NULL),
(342, 4, '2024-06-26', 'CN/2023/009', 'CN', 9, 'KIMGRES MARKETING SDN BHD', '4147.80', '0.00', 1, NULL),
(345, 10, '2024-06-26', 'CN/2023/009', 'CN', 9, 'KIMGRES MARKETING SDN BHD', '0.00', '99.01', 1, NULL),
(346, 6, '2024-06-26', 'PB00109', 'PB', 20, 'AYURVEDIC CENTRE SUBANG BRANCH', '0.00', '210.00', 1, NULL),
(347, 12, '2024-06-26', 'PB00109', 'PB', 20, 'AYURVEDIC CENTRE SUBANG BRANCH', '210.00', '0.00', 1, NULL),
(348, 6, '2024-06-26', 'PV/2024/011', 'PAYV', 10, 'AYURVEDIC CENTRE SUBANG BRANCH', '210.00', '0.00', 1, NULL),
(349, 1, '2024-06-26', 'PV/2024/011', 'PAYV', 10, 'AYURVEDIC CENTRE SUBANG BRANCH', '0.00', '210.00', 1, NULL),
(350, 2, '2024-06-26', 'CN/2023/010', 'CN', 10, 'INDAH WATER KONSORTIUM  BERHAD', '0.00', '867.37', 1, NULL),
(351, 4, '2024-06-26', 'CN/2023/010', 'CN', 10, 'INDAH WATER KONSORTIUM  BERHAD', '856.00', '0.00', 1, NULL),
(352, 10, '2024-06-26', 'CN/2023/010', 'CN', 10, 'INDAH WATER KONSORTIUM  BERHAD', '0.00', '11.37', 1, NULL),
(353, 2, '2024-06-26', 'RPT/2023/040', 'PAY', 46, 'INDAH WATER KONSORTIUM  BERHAD', '0.00', '3312.86', 1, NULL),
(354, 8, '2024-06-26', 'RPT/2023/040', 'PAY', 46, 'INDAH WATER KONSORTIUM  BERHAD', '3312.86', '0.00', 1, NULL),
(357, 2, '2024-06-27', 'INV/2024/028', 'INV', 106, 'PERBADANAN PENGURUSAN PALM SPRING', '22500.00', '0.00', 1, NULL),
(358, 4, '2024-06-27', 'INV/2024/028', 'INV', 106, 'PERBADANAN PENGURUSAN PALM SPRING', '0.00', '22500.00', 1, NULL),
(359, 6, '2024-06-27', 'PB00110', 'PB', 21, 'AA PHARMACY (PENANG BRANCH)', '0.00', '3397.50', 1, NULL),
(360, 12, '2024-06-27', 'PB00110', 'PB', 21, 'AA PHARMACY (PENANG BRANCH)', '3397.50', '0.00', 1, NULL),
(365, 6, '2024-06-27', 'PB00111', 'PB', 22, 'AJININOMOTO SDN BHD', '0.00', '1000.00', 1, NULL),
(366, 12, '2024-06-27', 'PB00111', 'PB', 22, 'AJININOMOTO SDN BHD', '1000.00', '0.00', 1, NULL),
(367, 6, '2024-06-27', 'PV/2024/015', 'PAYV', 14, 'AJININOMOTO SDN BHD', '1000.00', '0.00', 1, NULL),
(368, 8, '2024-06-27', 'PV/2024/015', 'PAYV', 14, 'AJININOMOTO SDN BHD', '0.00', '1000.00', 1, NULL),
(369, 6, '2024-06-29', 'PB00112', 'PB', 23, 'YONG SOON FATT SDN BHD', '0.00', '7000.00', 1, NULL),
(370, 16, '2024-06-29', 'PB00112', 'PB', 23, 'YONG SOON FATT SDN BHD', '7000.00', '0.00', 1, NULL),
(371, 3, '2024-06-29', 'DE', 'DET', 0, 'testing the system', '550.00', '0.00', 3, NULL),
(372, 16, '2024-06-29', 'DE', 'DET', 0, 'testing the system', '0.00', '550.00', 3, 371),
(373, 16, '2024-06-29', 'MA', 'MAT', 0, 'testing', '330.00', '0.00', 4, NULL),
(374, 6, '2024-06-29', 'PB00113', 'PB', 24, 'TNB SDN BHD', '0.00', '999.00', 1, NULL),
(375, 13, '2024-06-29', 'PB00113', 'PB', 24, 'TNB SDN BHD', '999.00', '0.00', 1, NULL),
(376, 2, '2024-06-29', 'INV/2024/029', 'INV', 107, 'TELCO OPTICS SDN BHD', '13312.20', '0.00', 1, NULL),
(377, 4, '2024-06-29', 'INV/2024/029', 'INV', 107, 'TELCO OPTICS SDN BHD', '0.00', '13312.20', 1, NULL),
(378, 6, '2024-07-02', 'PB00114', 'PB', 25, 'INDAH WATER KONSORTIUM  BERHAD', '0.00', '5763.85', 1, NULL),
(379, 16, '2024-07-02', 'PB00114', 'PB', 25, 'INDAH WATER KONSORTIUM  BERHAD', '5763.85', '0.00', 1, NULL),
(380, 6, '2024-07-05', 'PB00115', 'PB', 26, 'AJININOMOTO SDN BHD', '0.00', '1397.50', 1, NULL),
(381, 16, '2024-07-05', 'PB00115', 'PB', 26, 'AJININOMOTO SDN BHD', '1397.50', '0.00', 1, NULL),
(382, 6, '2024-07-05', 'PV/2024/016', 'PAYV', 15, 'AJININOMOTO SDN BHD', '1397.50', '0.00', 1, NULL),
(383, 1, '2024-07-05', 'PV/2024/016', 'PAYV', 15, 'AJININOMOTO SDN BHD', '0.00', '1397.50', 1, NULL),
(384, 6, '2024-07-05', 'PB00116', 'PB', 27, 'AJININOMOTO SDN BHD', '0.00', '1000.00', 1, NULL),
(385, 14, '2024-07-05', 'PB00116', 'PB', 27, 'AJININOMOTO SDN BHD', '1000.00', '0.00', 1, NULL),
(386, 6, '2024-07-05', 'PB00117', 'PB', 28, 'AJININOMOTO SDN BHD', '0.00', '400.00', 1, NULL),
(387, 16, '2024-07-05', 'PB00117', 'PB', 28, 'AJININOMOTO SDN BHD', '400.00', '0.00', 1, NULL),
(388, 6, '2024-07-05', 'PV/2024/017', 'PAYV', 16, 'AJININOMOTO SDN BHD', '1400.00', '0.00', 1, NULL),
(389, 1, '2024-07-05', 'PV/2024/017', 'PAYV', 16, 'AJININOMOTO SDN BHD', '0.00', '1400.00', 1, NULL),
(390, 6, '2024-07-08', 'PV/2024/018', 'PAYV', 17, 'INDAH WATER KONSORTIUM  BERHAD', '5763.85', '0.00', 1, NULL),
(391, 1, '2024-07-08', 'PV/2024/018', 'PAYV', 17, 'INDAH WATER KONSORTIUM  BERHAD', '0.00', '5763.85', 1, NULL),
(392, 6, '2024-07-12', 'PB00118', 'PB', 29, 'F & N MALAYSIA BERHAD', '0.00', '1000.00', 1, NULL),
(393, 16, '2024-07-12', 'PB00118', 'PB', 29, 'F & N MALAYSIA BERHAD', '1000.00', '0.00', 1, NULL),
(394, 6, '2024-07-12', 'PV/2024/019', 'PAYV', 18, 'F & N MALAYSIA BERHAD', '1000.00', '0.00', 1, NULL),
(395, 1, '2024-07-12', 'PV/2024/019', 'PAYV', 18, 'F & N MALAYSIA BERHAD', '0.00', '1000.00', 1, NULL),
(396, 6, '2024-07-12', 'PB00119', 'PB', 30, 'MATSHUSHITA (M) SDN BHD', '0.00', '1397.50', 1, NULL),
(397, 16, '2024-07-12', 'PB00119', 'PB', 30, 'MATSHUSHITA (M) SDN BHD', '1397.50', '0.00', 1, NULL),
(398, 6, '2024-07-12', 'PV/2024/020', 'PAYV', 19, 'MATSHUSHITA (M) SDN BHD', '1397.50', '0.00', 1, NULL),
(399, 1, '2024-07-12', 'PV/2024/020', 'PAYV', 19, 'MATSHUSHITA (M) SDN BHD', '0.00', '1397.50', 1, NULL),
(400, 6, '2024-07-14', 'PB00120', 'PB', 31, 'BADAN PENGURUSAN BERSAMA KENNY HILL', '0.00', '2500.45', 1, NULL),
(401, 16, '2024-07-14', 'PB00120', 'PB', 31, 'BADAN PENGURUSAN BERSAMA KENNY HILL', '2500.45', '0.00', 1, NULL),
(402, 6, '2024-07-16', 'PV/2024/025', 'PAYV', 20, 'AA PHARMACY (PENANG BRANCH)', '27752.30', '0.00', 1, NULL),
(403, 1, '2024-07-16', 'PV/2024/025', 'PAYV', 20, 'AA PHARMACY (PENANG BRANCH)', '0.00', '27752.30', 1, NULL),
(404, 6, '2024-07-16', 'PB00121', 'PB', 32, 'INDAH WATER KORSITIUM SDN BHD', '0.00', '6000.00', 1, NULL),
(405, 16, '2024-07-16', 'PB00121', 'PB', 32, 'INDAH WATER KORSITIUM SDN BHD', '6000.00', '0.00', 1, NULL),
(406, 6, '2024-07-16', 'PB00122', 'PB', 33, 'INDAH WATER KORSITIUM SDN BHD', '0.00', '450.00', 1, NULL),
(407, 16, '2024-07-16', 'PB00122', 'PB', 33, 'INDAH WATER KORSITIUM SDN BHD', '450.00', '0.00', 1, NULL),
(408, 6, '2024-07-16', 'PV/2024/026', 'PAYV', 21, 'INDAH WATER KORSITIUM SDN BHD', '6450.00', '0.00', 1, NULL),
(409, 8, '2024-07-16', 'PV/2024/026', 'PAYV', 21, 'INDAH WATER KORSITIUM SDN BHD', '0.00', '6450.00', 1, NULL),
(410, 2, '2024-07-18', 'INV/2024/030', 'INV', 108, 'CLEAN SEWERS SERVICES SDN BHD', '2511.20', '0.00', 1, NULL),
(411, 4, '2024-07-18', 'INV/2024/030', 'INV', 108, 'CLEAN SEWERS SERVICES SDN BHD', '0.00', '2457.20', 1, NULL),
(412, 10, '2024-07-18', 'INV/2024/030', 'INV', 108, 'CLEAN SEWERS SERVICES SDN BHD', '0.00', '54.00', 1, NULL),
(413, 6, '2024-07-19', 'PB00123', 'PB', 34, 'BADAN PENGURUSAN BERSAMA KENNY HILL', '0.00', '141.55', 1, NULL),
(414, 16, '2024-07-19', 'PB00123', 'PB', 34, 'BADAN PENGURUSAN BERSAMA KENNY HILL', '141.55', '0.00', 1, NULL),
(415, 6, '2024-07-19', 'PB002890', 'PB', 35, 'PELITA RESTORAN', '0.00', '1397.50', 1, NULL),
(416, 16, '2024-07-19', 'PB002890', 'PB', 35, 'PELITA RESTORAN', '1397.50', '0.00', 1, NULL);

-- --------------------------------------------------------

--
-- Table structure for table `tbaccountingperiod`
--

DROP TABLE IF EXISTS `tbaccountingperiod`;
CREATE TABLE IF NOT EXISTS `tbaccountingperiod` (
  `accountingPeriod_id` int(11) NOT NULL AUTO_INCREMENT,
  `accountingPeriod_dateStart` date DEFAULT NULL,
  `accountingPeriod_dateEnd` date DEFAULT NULL,
  `accountingPeriod_status` varchar(1) NOT NULL DEFAULT 'o' COMMENT 'o=open, c=close, t=temporary close',
  `accountingPeriod_userID` int(11) NOT NULL DEFAULT '0' COMMENT 'user id of person who create',
  `accountingPeriod_yearInfo` varchar(50) NOT NULL COMMENT 'year info, the finacial year etc',
  PRIMARY KEY (`accountingPeriod_id`)
) ENGINE=InnoDB AUTO_INCREMENT=10 DEFAULT CHARSET=latin1;

--
-- Dumping data for table `tbaccountingperiod`
--

INSERT INTO `tbaccountingperiod` (`accountingPeriod_id`, `accountingPeriod_dateStart`, `accountingPeriod_dateEnd`, `accountingPeriod_status`, `accountingPeriod_userID`, `accountingPeriod_yearInfo`) VALUES
(8, '2023-01-01', '2023-12-31', 'c', 0, ''),
(9, '2024-01-01', '2024-12-31', 'o', 0, '');

-- --------------------------------------------------------

--
-- Table structure for table `tbaccountingperioddetail`
--

DROP TABLE IF EXISTS `tbaccountingperioddetail`;
CREATE TABLE IF NOT EXISTS `tbaccountingperioddetail` (
  `accountingPeriodDetail_id` int(11) NOT NULL AUTO_INCREMENT,
  `accountingPeriodDetail_accountingPeriodID` int(11) NOT NULL COMMENT 'FK from tbaccountingperiod',
  `accountingPeriodDetail_openDebitBalance` decimal(10,2) NOT NULL DEFAULT '0.00',
  `accountingPeriodDetail_closeDebitBalance` decimal(10,2) NOT NULL DEFAULT '0.00',
  `accountingPeriodDetail_openCreditBalance` decimal(10,2) NOT NULL DEFAULT '0.00',
  `accountingPeriodDetail_closeCreditBalance` decimal(10,2) NOT NULL DEFAULT '0.00',
  `accountingPeriodDetail_debitAmount` decimal(10,2) NOT NULL DEFAULT '0.00',
  `accountingPeriodDetail_creditAmount` decimal(10,2) NOT NULL DEFAULT '0.00',
  `accountingPeriodDetail_dateCreated` date DEFAULT NULL,
  `accountingPeriodDetail_generated` varchar(1) NOT NULL COMMENT 'a=auto generated, m=manual key in',
  `accountingPeriodDetail_account3ID` int(11) NOT NULL,
  PRIMARY KEY (`accountingPeriodDetail_id`)
) ENGINE=InnoDB AUTO_INCREMENT=19 DEFAULT CHARSET=latin1;

--
-- Dumping data for table `tbaccountingperioddetail`
--

INSERT INTO `tbaccountingperioddetail` (`accountingPeriodDetail_id`, `accountingPeriodDetail_accountingPeriodID`, `accountingPeriodDetail_openDebitBalance`, `accountingPeriodDetail_closeDebitBalance`, `accountingPeriodDetail_openCreditBalance`, `accountingPeriodDetail_closeCreditBalance`, `accountingPeriodDetail_debitAmount`, `accountingPeriodDetail_creditAmount`, `accountingPeriodDetail_dateCreated`, `accountingPeriodDetail_generated`, `accountingPeriodDetail_account3ID`) VALUES
(4, 8, '100.00', '0.00', '0.00', '0.00', '0.00', '0.00', '2023-01-01', 'm', 5),
(5, 8, '200.00', '0.00', '0.00', '0.00', '0.00', '0.00', '2023-01-01', 'm', 1),
(6, 8, '1000.00', '0.00', '0.00', '0.00', '0.00', '0.00', '2023-01-01', 'm', 7),
(7, 8, '2000.00', '0.00', '0.00', '0.00', '0.00', '0.00', '2023-01-01', 'm', 8),
(8, 8, '3000.00', '0.00', '0.00', '0.00', '0.00', '0.00', '2023-01-01', 'm', 9),
(9, 8, '5000.00', '0.00', '0.00', '0.00', '0.00', '0.00', '2023-01-01', 'm', 2),
(10, 8, '1000.00', '0.00', '0.00', '0.00', '0.00', '0.00', '2023-01-01', 'm', 3),
(11, 8, '5000.00', '0.00', '0.00', '0.00', '0.00', '0.00', '2023-01-01', 'm', 21),
(12, 8, '1400.00', '0.00', '0.00', '0.00', '0.00', '0.00', '2023-01-01', 'm', 22),
(13, 8, '0.00', '0.00', '900.00', '0.00', '0.00', '0.00', '2023-01-01', 'm', 24),
(14, 8, '0.00', '0.00', '800.00', '0.00', '0.00', '0.00', '2023-01-01', 'm', 25),
(15, 8, '0.00', '0.00', '9000.00', '0.00', '0.00', '0.00', '2023-01-01', 'm', 6),
(16, 8, '0.00', '0.00', '5000.00', '0.00', '0.00', '0.00', '2023-01-01', 'm', 10),
(17, 8, '0.00', '0.00', '1000.00', '0.00', '0.00', '0.00', '2023-01-01', 'm', 19),
(18, 8, '0.00', '0.00', '2000.00', '0.00', '0.00', '0.00', '2023-01-01', 'm', 20);

-- --------------------------------------------------------

--
-- Table structure for table `tbchartaccount`
--

DROP TABLE IF EXISTS `tbchartaccount`;
CREATE TABLE IF NOT EXISTS `tbchartaccount` (
  `chartAccount_id` int(11) NOT NULL AUTO_INCREMENT,
  `chartAccount_name` varchar(50) NOT NULL,
  PRIMARY KEY (`chartAccount_id`)
) ENGINE=InnoDB AUTO_INCREMENT=3 DEFAULT CHARSET=latin1;

--
-- Dumping data for table `tbchartaccount`
--

INSERT INTO `tbchartaccount` (`chartAccount_id`, `chartAccount_name`) VALUES
(1, 'BALANCE SHEET'),
(2, 'INCOME STATEMENT');

-- --------------------------------------------------------

--
-- Table structure for table `tbcompany`
--

DROP TABLE IF EXISTS `tbcompany`;
CREATE TABLE IF NOT EXISTS `tbcompany` (
  `company_id` int(2) NOT NULL AUTO_INCREMENT,
  `company_name` varchar(100) NOT NULL,
  `company_no` varchar(25) NOT NULL,
  `company_address1` varchar(100) NOT NULL,
  `company_address2` varchar(100) NOT NULL,
  `company_telFax` varchar(100) NOT NULL,
  `company_quotationTerms` text NOT NULL,
  `company_purchaseOrderTerms` text NOT NULL,
  `company_deliveryOrderTerms` text NOT NULL,
  `company_invoiceTerms` text NOT NULL,
  `company_logo` varchar(50) NOT NULL,
  `company_dueDate` int(3) NOT NULL DEFAULT '0',
  `company_paymentVoucherTerms` text NOT NULL,
  PRIMARY KEY (`company_id`)
) ENGINE=InnoDB AUTO_INCREMENT=2 DEFAULT CHARSET=latin1;

--
-- Dumping data for table `tbcompany`
--

INSERT INTO `tbcompany` (`company_id`, `company_name`, `company_no`, `company_address1`, `company_address2`, `company_telFax`, `company_quotationTerms`, `company_purchaseOrderTerms`, `company_deliveryOrderTerms`, `company_invoiceTerms`, `company_logo`, `company_dueDate`, `company_paymentVoucherTerms`) VALUES
(1, 'BERJAYA EARA RESOURCES', '001776480-A', 'B-2-10 JALAN SS6/20 DATARAN GLOMAC', 'SELANGOR D.E', 'TEL +60 16-604 8059      012 2660547', '<p><strong>Quotation Terms</strong></p><p>1. Quatation is valid 14 DAYS from date above.<br />2. All cheques must be crossed &quot;A/C PAYEE ONLY&quot; and made payable to &quot;KSN SEWERAGE ENGINEERING SERVICE&quot;.</p>', '<p><strong>Purchase Order Terms</strong></p><ol><li>PO terms annd te ther day</li><li>f.) Hirer have to issue the Purchase Order before we can proceed the job.</li></ol>', '<p><strong>Delivery Order Terms</strong></p><p>a.) All necessary documentation permit to enter the jobsite shall be arranged by the Hirer.<br />b.) All lifting Gears to be provided by the Hirer.<br />c.) Sunday &amp; Public Holiday considered as overtime and minimum 8hrs.</p><p>&nbsp;</p><p>BERJAYA EARA RESOURCES<br />B-2-10 JALAN SS6/20 DATARAN GLOMAC<br />PUSAT BANDAR KELANA JAYA , 47301 SELANGOR D.E<br />001776480-A</p>', '<p><strong>Invoice Terms</strong></p><ul><li>Payment should be made to Hybrid Technologies Solutions 562085613738 (Maybank)</li><li>Our payment terms is 30 days and 5% interest per day after that will be charged.</li></ul>', 'logo7968.jpg', 15, '<p><strong>Payment Voucher Terms</strong></p><ol><li>PO terms annd te ther day</li><li>f.) Hirer have to issue the Purchase Order before we can proceed the job.</li></ol>');

-- --------------------------------------------------------

--
-- Table structure for table `tbcreditnote`
--

DROP TABLE IF EXISTS `tbcreditnote`;
CREATE TABLE IF NOT EXISTS `tbcreditnote` (
  `creditNote_id` int(11) NOT NULL AUTO_INCREMENT,
  `creditNote_no` varchar(30) NOT NULL,
  `creditNote_date` date NOT NULL,
  `creditNote_invoiceID` int(11) NOT NULL,
  `creditNote_title` varchar(200) NOT NULL,
  `creditNote_from` varchar(50) NOT NULL,
  `creditNote_terms` text NOT NULL,
  `creditNote_attention` varchar(100) NOT NULL,
  `creditNote_email` varchar(100) NOT NULL,
  `creditNote_subTotal` decimal(10,2) NOT NULL DEFAULT '0.00',
  `creditNote_taxTotal` decimal(10,2) NOT NULL DEFAULT '0.00',
  `creditNote_grandTotal` decimal(10,2) NOT NULL DEFAULT '0.00',
  `creditNote_discountTotal` decimal(10,2) NOT NULL DEFAULT '0.00',
  `creditNote_totalAfterDiscount` decimal(10,2) NOT NULL DEFAULT '0.00',
  `creditNote_roundAmount` decimal(10,2) NOT NULL DEFAULT '0.00',
  `creditNote_grandTotalRound` decimal(10,2) NOT NULL DEFAULT '0.00',
  `creditNote_roundStatus` int(1) NOT NULL DEFAULT '0',
  `creditNote_content` text NOT NULL,
  PRIMARY KEY (`creditNote_id`)
) ENGINE=InnoDB AUTO_INCREMENT=11 DEFAULT CHARSET=latin1;

--
-- Dumping data for table `tbcreditnote`
--

INSERT INTO `tbcreditnote` (`creditNote_id`, `creditNote_no`, `creditNote_date`, `creditNote_invoiceID`, `creditNote_title`, `creditNote_from`, `creditNote_terms`, `creditNote_attention`, `creditNote_email`, `creditNote_subTotal`, `creditNote_taxTotal`, `creditNote_grandTotal`, `creditNote_discountTotal`, `creditNote_totalAfterDiscount`, `creditNote_roundAmount`, `creditNote_grandTotalRound`, `creditNote_roundStatus`, `creditNote_content`) VALUES
(1, 'CN/2023/001', '2023-07-10', 3, '', '', '', 'ENCIK KAMARUDDIN', 'fn_malaysia@gmail.com', '500.00', '0.00', '500.00', '0.00', '500.00', '0.00', '500.00', 0, ''),
(2, 'CN/2023/002', '2023-09-13', 48, '', '', '', 'Mr Teng Ken Fatt', 'giant_selayang@gmail.com', '114.00', '0.00', '114.00', '0.00', '114.00', '0.00', '114.00', 0, ''),
(3, 'CN/2023/003', '2023-09-18', 51, '', '', '', 'MR RAMESH / SHOBA', 'admin@clean_sewers.com', '235.85', '0.00', '235.85', '0.00', '235.85', '0.00', '235.85', 0, ''),
(4, 'CN/2023/004', '2023-09-20', 36, '', '', '', 'MR LEE SOOK KENG', '', '99.00', '4.10', '95.50', '7.60', '91.40', '0.00', '95.50', 0, ''),
(5, 'CN/2023/005', '2023-10-09', 75, '', '', '', 'MR RAMESH (DATOK)', '', '300.00', '0.00', '300.00', '0.00', '300.00', '0.00', '300.00', 0, ''),
(6, 'CN/2023/006', '2023-10-09', 75, '', '', '', 'MR RAMESH (DATOK)', '', '50.00', '0.00', '50.00', '0.00', '50.00', '0.00', '50.00', 0, ''),
(7, 'CN/2023/007', '2024-05-01', 83, '', '', '', 'Madam Kavita', 'ksnsewerageworks@gmail.com', '1274.00', '0.00', '1274.00', '0.00', '1274.00', '0.00', '1274.00', 0, '<p>PRINCIPAL :&nbsp;GREENHILL RESOURCES SDN BHD<br />CONTRACTOR :&nbsp;KSN SEWERAGE ENGINEERING SERVICE<br /><br />PERIOD INSURED :&nbsp;15/02/2024 - 15/03/2024</p>'),
(8, 'CN/2023/008', '2024-06-25', 105, '', '', '', 'ENCIK AZHAR', 'azhar.rahman@kimgres.com', '857.60', '53.58', '911.18', '0.00', '857.60', '0.00', '911.18', 0, ''),
(9, 'CN/2023/009', '2024-06-26', 105, '', '', '', 'ENCIK AZHAR', 'azhar.rahman@kimgres.com', '4147.80', '99.01', '4246.81', '0.00', '4147.80', '0.00', '4246.81', 0, ''),
(10, 'CN/2023/010', '2024-06-26', 102, '', '', '', 'MR ALI KAMARUDDIN', 'care@iwk.com.my', '948.00', '11.37', '867.37', '92.00', '856.00', '0.00', '867.37', 0, '');

-- --------------------------------------------------------

--
-- Table structure for table `tbcreditnotedetail`
--

DROP TABLE IF EXISTS `tbcreditnotedetail`;
CREATE TABLE IF NOT EXISTS `tbcreditnotedetail` (
  `creditNoteDetail_id` int(11) NOT NULL AUTO_INCREMENT,
  `creditNoteDetail_creditNoteID` int(10) NOT NULL,
  `creditNoteDetail_no1` varchar(200) NOT NULL,
  `creditNoteDetail_no2` varchar(200) NOT NULL,
  `creditNoteDetail_no3` decimal(10,2) NOT NULL DEFAULT '0.00',
  `creditNoteDetail_no4` varchar(200) NOT NULL,
  `creditNoteDetail_bold` int(11) NOT NULL DEFAULT '0' COMMENT '0=normal, 1=bold',
  `creditNoteDetail_sortID` int(2) NOT NULL DEFAULT '0',
  `creditNoteDetail_no5` decimal(10,2) NOT NULL DEFAULT '0.00',
  `creditNoteDetail_rowTotal` decimal(10,2) NOT NULL DEFAULT '0.00',
  `creditNoteDetail_taxRateID` int(10) NOT NULL DEFAULT '0',
  `creditNoteDetail_taxPercent` decimal(10,2) NOT NULL DEFAULT '0.00',
  `creditNoteDetail_taxTotal` decimal(10,2) NOT NULL DEFAULT '0.00',
  `creditNoteDetail_rowGrandTotal` decimal(10,2) NOT NULL DEFAULT '0.00',
  `creditNoteDetail_discountPercent` decimal(10,2) NOT NULL DEFAULT '0.00',
  `creditNoteDetail_discountAmount` decimal(10,2) NOT NULL DEFAULT '0.00',
  `creditNoteDetail_rowTotalAfterDiscount` decimal(10,2) NOT NULL DEFAULT '0.00',
  PRIMARY KEY (`creditNoteDetail_id`)
) ENGINE=InnoDB AUTO_INCREMENT=87 DEFAULT CHARSET=latin1;

--
-- Dumping data for table `tbcreditnotedetail`
--

INSERT INTO `tbcreditnotedetail` (`creditNoteDetail_id`, `creditNoteDetail_creditNoteID`, `creditNoteDetail_no1`, `creditNoteDetail_no2`, `creditNoteDetail_no3`, `creditNoteDetail_no4`, `creditNoteDetail_bold`, `creditNoteDetail_sortID`, `creditNoteDetail_no5`, `creditNoteDetail_rowTotal`, `creditNoteDetail_taxRateID`, `creditNoteDetail_taxPercent`, `creditNoteDetail_taxTotal`, `creditNoteDetail_rowGrandTotal`, `creditNoteDetail_discountPercent`, `creditNoteDetail_discountAmount`, `creditNoteDetail_rowTotalAfterDiscount`) VALUES
(1, 1, '', '', '0.00', '', 0, 1, '500.00', '500.00', 1, '0.00', '0.00', '500.00', '0.00', '0.00', '500.00'),
(2, 1, '', '', '0.00', '', 0, 2, '0.00', '0.00', 1, '0.00', '0.00', '0.00', '0.00', '0.00', '0.00'),
(3, 1, '', '', '0.00', '', 0, 3, '0.00', '0.00', 1, '0.00', '0.00', '0.00', '0.00', '0.00', '0.00'),
(4, 1, '', '', '0.00', '', 0, 4, '0.00', '0.00', 1, '0.00', '0.00', '0.00', '0.00', '0.00', '0.00'),
(5, 1, '', '', '0.00', '', 0, 5, '0.00', '0.00', 1, '0.00', '0.00', '0.00', '0.00', '0.00', '0.00'),
(6, 2, '', 'CAR AIRCOND REFILL GAS AND SERVICE', '3.00', '', 0, 1, '3.00', '9.00', 1, '0.00', '0.00', '9.00', '0.00', '0.00', '9.00'),
(7, 2, '', 'LABOUR TO REPLACE PARTS & SERVICE', '3.00', 'bundles', 0, 2, '34.00', '102.00', 1, '0.00', '0.00', '102.00', '0.00', '0.00', '102.00'),
(8, 2, '', 'COMPUTER DELL XPS 15 16GB RAM 512GB SSD INTEL I9 PROCESSOR', '1.00', 'PCS', 0, 3, '3.00', '3.00', 1, '0.00', '0.00', '3.00', '0.00', '0.00', '3.00'),
(9, 2, '', '', '0.00', '', 0, 4, '0.00', '0.00', 1, '0.00', '0.00', '0.00', '0.00', '0.00', '0.00'),
(10, 2, '', '', '0.00', '', 0, 5, '0.00', '0.00', 1, '0.00', '0.00', '0.00', '0.00', '0.00', '0.00'),
(11, 3, '', 'GDSGDSGDDGDGD', '0.00', '', 0, 1, '79.00', '79.00', 1, '0.00', '0.00', '79.00', '0.00', '0.00', '79.00'),
(12, 3, '', 'GDGDDGFDFGDG', '0.00', '', 1, 2, '0.00', '0.00', 1, '0.00', '0.00', '0.00', '0.00', '0.00', '0.00'),
(13, 3, '', 'DGD', '0.00', '', 0, 3, '4.00', '4.00', 1, '0.00', '0.00', '4.00', '0.00', '0.00', '4.00'),
(14, 3, '', 'CALENDAR FOR YEAR 2023 INCLUDING STICKERS MICKEY MOUSE', '3.00', 'PCS', 0, 4, '50.95', '152.85', 1, '0.00', '0.00', '152.85', '0.00', '0.00', '152.85'),
(15, 3, '', 'FHFGFGH', '0.00', '', 1, 5, '0.00', '0.00', 1, '0.00', '0.00', '0.00', '0.00', '0.00', '0.00'),
(16, 3, '', 'FDFDF', '0.00', '', 0, 6, '0.00', '0.00', 1, '0.00', '0.00', '0.00', '0.00', '0.00', '0.00'),
(17, 3, '', 'FDFDF', '0.00', '', 0, 7, '0.00', '0.00', 1, '0.00', '0.00', '0.00', '0.00', '0.00', '0.00'),
(18, 3, '', 'GDGDGD', '0.00', '', 0, 8, '0.00', '0.00', 1, '0.00', '0.00', '0.00', '0.00', '0.00', '0.00'),
(19, 3, '', 'GDGDSGDS', '0.00', '', 0, 9, '0.00', '0.00', 1, '0.00', '0.00', '0.00', '0.00', '0.00', '0.00'),
(20, 4, '1.', 'CALENDAR FOR YEAR 2023 INCLUDING STICKERS MICKEY MOUSE', '0.00', 'PCS', 0, 1, '5.00', '5.00', 1, '0.00', '0.00', '5.00', '0.00', '0.00', '5.00'),
(21, 4, '2.', 'COMPUTER DELL XPS 15 16GB RAM 512GB SSD INTEL I9 PROCESSOR', '0.00', 'PCS', 0, 2, '0.00', '0.00', 1, '0.00', '0.00', '0.00', '0.00', '0.00', '0.00'),
(22, 4, '3.', 'CAR TINTING SERVICE - V COOL HOLLAND TYPE', '0.00', 'PCS', 0, 3, '12.00', '12.00', 1, '0.00', '0.00', '12.00', '0.00', '0.00', '12.00'),
(23, 4, '4.', 'DHLD PACKAGE DELIVERY CHARGES', '0.00', 'LOT', 0, 4, '6.00', '6.00', 1, '0.00', '0.00', '6.00', '0.00', '0.00', '6.00'),
(24, 4, '5.', 'REMOVE WINDSCREEN AND TINTING WORKS DONE FOR THE WHOLE CAR', '0.00', 'UNITS', 0, 5, '0.00', '0.00', 1, '0.00', '0.00', '0.00', '0.00', '0.00', '0.00'),
(25, 4, '6.', 'CASIO SCIENTIFIC CALCULATOR\r\nMODEL 4590-J', '2.00', 'UNIT', 0, 6, '38.00', '76.00', 2, '6.00', '4.10', '72.50', '10.00', '7.60', '68.40'),
(26, 5, '', 'COMPUTER DELL XPS 15 16GB RAM 512GB SSD INTEL I9 PROCESSOR', '0.00', 'PCS', 0, 1, '0.00', '0.00', 1, '0.00', '0.00', '0.00', '0.00', '0.00', '0.00'),
(27, 5, '', 'MANUAL RODDING WORK USING ROD AND WIRE LINE', '0.00', 'unit', 0, 2, '300.00', '300.00', 1, '0.00', '0.00', '300.00', '0.00', '0.00', '300.00'),
(28, 5, '', 'LABOUR TO REPLACE PARTS & SERVICE', '0.00', 'bundles', 0, 3, '0.00', '0.00', 1, '0.00', '0.00', '0.00', '0.00', '0.00', '0.00'),
(29, 5, '', 'COLGATE MEDIUM PACKET', '0.00', 'bottle', 0, 4, '0.00', '0.00', 1, '0.00', '0.00', '0.00', '0.00', '0.00', '0.00'),
(30, 5, '', '', '0.00', '', 0, 5, '0.00', '0.00', 1, '0.00', '0.00', '0.00', '0.00', '0.00', '0.00'),
(31, 5, '', '', '0.00', '', 0, 6, '0.00', '0.00', 1, '0.00', '0.00', '0.00', '0.00', '0.00', '0.00'),
(32, 5, '', '', '0.00', '', 0, 7, '0.00', '0.00', 1, '0.00', '0.00', '0.00', '0.00', '0.00', '0.00'),
(33, 6, '', 'COMPUTER DELL XPS 15 16GB RAM 512GB SSD INTEL I9 PROCESSOR', '0.00', 'PCS', 0, 1, '50.00', '50.00', 1, '0.00', '0.00', '50.00', '0.00', '0.00', '50.00'),
(34, 6, '', 'MANUAL RODDING WORK USING ROD AND WIRE LINE', '0.00', 'unit', 0, 2, '0.00', '0.00', 1, '0.00', '0.00', '0.00', '0.00', '0.00', '0.00'),
(35, 6, '', 'LABOUR TO REPLACE PARTS & SERVICE', '0.00', 'bundles', 0, 3, '0.00', '0.00', 1, '0.00', '0.00', '0.00', '0.00', '0.00', '0.00'),
(36, 6, '', 'COLGATE MEDIUM PACKET', '0.00', 'bottle', 0, 4, '0.00', '0.00', 1, '0.00', '0.00', '0.00', '0.00', '0.00', '0.00'),
(37, 6, '', '', '0.00', '', 0, 5, '0.00', '0.00', 1, '0.00', '0.00', '0.00', '0.00', '0.00', '0.00'),
(38, 6, '', '', '0.00', '', 0, 6, '0.00', '0.00', 1, '0.00', '0.00', '0.00', '0.00', '0.00', '0.00'),
(39, 6, '', '', '0.00', '', 0, 7, '0.00', '0.00', 1, '0.00', '0.00', '0.00', '0.00', '0.00', '0.00'),
(40, 7, '', 'INSURANCE TYPE', '0.00', '', 1, 1, '0.00', '0.00', 1, '0.00', '0.00', '0.00', '0.00', '0.00', '0.00'),
(41, 7, '1.', 'PUBLIC LIABILITY ( RM 1 MILLION )', '0.00', '', 0, 2, '0.00', '0.00', 1, '0.00', '0.00', '0.00', '0.00', '0.00', '0.00'),
(42, 7, '2.', 'CONTRACTOR ALL RISK', '0.00', '', 0, 3, '0.00', '0.00', 1, '0.00', '0.00', '0.00', '0.00', '0.00', '0.00'),
(43, 7, '', 'TOTAL (TOGETHER )', '0.00', '', 0, 4, '805.00', '805.00', 1, '0.00', '0.00', '805.00', '0.00', '0.00', '805.00'),
(44, 7, '3.', 'WORKMEN COMPENSATION', '0.00', '', 0, 5, '169.00', '169.00', 1, '0.00', '0.00', '169.00', '0.00', '0.00', '169.00'),
(45, 7, '', 'SERVICE CHARGE', '0.00', '', 0, 6, '0.00', '0.00', 1, '0.00', '0.00', '0.00', '0.00', '0.00', '0.00'),
(46, 7, '1.', 'SERVICE', '0.00', '', 0, 7, '300.00', '300.00', 1, '0.00', '0.00', '300.00', '0.00', '0.00', '300.00'),
(47, 7, '', '', '0.00', '', 0, 8, '0.00', '0.00', 1, '0.00', '0.00', '0.00', '0.00', '0.00', '0.00'),
(48, 8, '', 'AIRCOND CLEANING AND SERVICING FOR JAPANESE CARS ONLY', '0.00', '', 0, 1, '12.00', '12.00', 4, '34.00', '4.08', '16.08', '0.00', '0.00', '12.00'),
(49, 8, '', 'COMPUTER DELL XPS 15 16GB RAM 512GB SSD INTEL I9 PROCESSOR', '0.00', 'PCS', 0, 2, '0.00', '0.00', 1, '0.00', '0.00', '0.00', '0.00', '0.00', '0.00'),
(50, 8, '', 'TO USE TOOLS AND MANUALLY ENTER THE  DRAIN TO REMOVE ALL SAND, STONES, DEBRIS ETC FROM THE SIDES AND BOTTOM OF DRAINAGE.', '0.00', 'LOT', 0, 3, '700.00', '700.00', 1, '0.00', '0.00', '700.00', '0.00', '0.00', '700.00'),
(51, 8, '', '', '0.00', '', 0, 4, '0.00', '0.00', 1, '0.00', '0.00', '0.00', '0.00', '0.00', '0.00'),
(52, 8, '', '', '0.00', '', 0, 5, '0.00', '0.00', 1, '0.00', '0.00', '0.00', '0.00', '0.00', '0.00'),
(53, 8, '', '', '0.00', '', 0, 6, '0.00', '0.00', 1, '0.00', '0.00', '0.00', '0.00', '0.00', '0.00'),
(54, 8, '', 'AIRCOND CLEANING AND SERVICING FOR JAPANESE CARS ONLY', '0.00', '', 0, 7, '145.60', '145.60', 4, '34.00', '49.50', '195.10', '0.00', '0.00', '145.60'),
(71, 9, '', 'AIRCOND CLEANING AND SERVICING FOR JAPANESE CARS ONLY', '0.00', '', 0, 1, '145.60', '145.60', 4, '34.00', '49.50', '195.10', '0.00', '0.00', '145.60'),
(72, 9, '', 'COMPUTER DELL XPS 15 16GB RAM 512GB SSD INTEL I9 PROCESSOR', '0.00', 'PCS', 0, 2, '0.00', '0.00', 1, '0.00', '0.00', '0.00', '0.00', '0.00', '0.00'),
(73, 9, '', 'TO USE TOOLS AND MANUALLY ENTER THE  DRAIN TO REMOVE ALL SAND, STONES, DEBRIS ETC FROM THE SIDES AND BOTTOM OF DRAINAGE.', '0.00', 'LOT', 0, 3, '3700.00', '3700.00', 1, '0.00', '0.00', '3700.00', '0.00', '0.00', '3700.00'),
(74, 9, '', '', '0.00', '', 0, 4, '0.00', '0.00', 1, '0.00', '0.00', '0.00', '0.00', '0.00', '0.00'),
(75, 9, '', 'MILO TIN BIG ( MADE IN HOLLAND)', '0.00', 'TIN', 0, 5, '66.00', '66.00', 1, '0.00', '0.00', '66.00', '0.00', '0.00', '66.00'),
(76, 9, '', '', '0.00', '', 0, 6, '0.00', '0.00', 1, '0.00', '0.00', '0.00', '0.00', '0.00', '0.00'),
(77, 9, '', 'AIRCOND CLEANING AND SERVICING FOR JAPANESE CARS ONLY', '0.00', '', 0, 7, '145.60', '145.60', 4, '34.00', '49.50', '195.10', '0.00', '0.00', '145.60'),
(78, 9, '', '', '0.00', '', 0, 8, '0.00', '0.00', 1, '0.00', '0.00', '0.00', '0.00', '0.00', '0.00'),
(79, 9, '', 'APPLE CIDER (KOREAN GINSENG)', '0.00', '', 0, 9, '90.60', '90.60', 1, '0.00', '0.00', '90.60', '0.00', '0.00', '90.60'),
(80, 10, '', 'JETTING WORKS AND CLEAR BLOCKAGES WITH RODDER MACHINE', '5.00', 'unit', 0, 1, '80.00', '400.00', 6, '1.50', '4.62', '312.62', '23.00', '92.00', '308.00'),
(81, 10, '', 'MANUAL RODDING WORK USING ROD AND WIRE LINE', '0.00', 'unit', 0, 2, '450.00', '450.00', 6, '1.50', '6.75', '456.75', '0.00', '0.00', '450.00'),
(82, 10, '', 'FRANCE PERFUME ( LAVENDAR SMELL)', '0.00', '', 0, 3, '98.00', '98.00', 1, '0.00', '0.00', '98.00', '0.00', '0.00', '98.00'),
(83, 10, '', '', '0.00', '', 0, 4, '0.00', '0.00', 1, '0.00', '0.00', '0.00', '0.00', '0.00', '0.00'),
(84, 10, '', '', '0.00', '', 0, 5, '0.00', '0.00', 1, '0.00', '0.00', '0.00', '0.00', '0.00', '0.00'),
(85, 10, '', '', '0.00', '', 0, 6, '0.00', '0.00', 1, '0.00', '0.00', '0.00', '0.00', '0.00', '0.00'),
(86, 10, '', '', '0.00', '', 0, 7, '0.00', '0.00', 1, '0.00', '0.00', '0.00', '0.00', '0.00', '0.00');

-- --------------------------------------------------------

--
-- Table structure for table `tbcustomer`
--

DROP TABLE IF EXISTS `tbcustomer`;
CREATE TABLE IF NOT EXISTS `tbcustomer` (
  `customer_id` int(11) NOT NULL AUTO_INCREMENT,
  `customer_name` varchar(150) NOT NULL,
  `customer_address` varchar(250) NOT NULL,
  `customer_tel` varchar(30) NOT NULL,
  `customer_type` int(1) NOT NULL DEFAULT '1' COMMENT '1=customer, 2 = supplier 3=staff',
  `customer_email` varchar(100) NOT NULL,
  `customer_attention` varchar(50) NOT NULL,
  `customer_deliveryAddress` varchar(250) NOT NULL,
  PRIMARY KEY (`customer_id`),
  KEY `customer_name` (`customer_name`)
) ENGINE=InnoDB AUTO_INCREMENT=255 DEFAULT CHARSET=latin1;

--
-- Dumping data for table `tbcustomer`
--

INSERT INTO `tbcustomer` (`customer_id`, `customer_name`, `customer_address`, `customer_tel`, `customer_type`, `customer_email`, `customer_attention`, `customer_deliveryAddress`) VALUES
(1, 'PERSATUAN ORANG CACAT SUNGAI WAY', 'No 34 Jalan Petaling Jaya\nJalan 45000 Kuala Lumpur', '012 654 9809', 1, 'suhu556@gmail.com', 'LIM BEE KOEW', ''),
(2, 'Sham Sredar', 'No 23 Jalan Kelaing', '324243511', 3, 'ewfqrwe tn tqnwt@gmail.com', '', ''),
(3, 'AMERICAN TABACCO MALAYSIA BERHAD', 'PUTRA PERDANA\nPUCHONG\nSELANGOR', '06-7800 5640', 3, 'american_88@hotmailcom', 'Mr John Tan', 'Puchong, Selangor'),
(5, 'Jurong Port Klang Sdn Bhd', 'Lot 67 Jalan Port Kalng 56/45 Taman Berkeley Selangor', '012 654 9809', 3, 'port_klang@hotmail.com', 'Ms Prema Nair', ''),
(6, 'VENICE VISION SDN BHD', 'NO 45 JALAN SS 6/90,\r\nKELANA JAYA\r\nPETALING JAYA, SELANGOR', '03 - 5600 9067', 1, 'lim_90@gmail.com', 'Ms Lim Ah Keong', ''),
(8, 'AYURVEDIC LESTARI CENTRE SDN BHD', 'No 34 Jalan USJ2/3, \nTaman Subang Jaya, \nSelangor D.E, \nMalaysia (South East Asia)', '03-6764 0987', 1, 'ayur_90@gmail.com', 'Hariharan', ''),
(9, 'PERCETAKAN CHEMY SDN BHD', '', '', 1, '', '', ''),
(10, 'CHURCH LOURDES', '', '', 1, '', '', ''),
(11, 'JERNIH SEWERAGE MAINTENANCE SDN BHD', 'No 45 Jalan SS 3/90 Taman Bahagia PJ', '03 7865 9098', 1, 'sara_98@hotmail.com', 'Mr Saravanan', ''),
(12, 'BERJAYA EARA RESOURCES', 'No 45 Jalan SS 5/7 Taman Kelana Jaya,\nSelangor D.E', '012 543 9008', 2, 'berjaya_eara@yahoo.com', 'Mr Paramisivam', ''),
(13, 'Proslip Sheet (M) Sdn Bhd', 'No 90, Jalan Klang Lama 4/5,\r\nTaman Sentosa, Selangor D.E, Malaysia', '012 8884 889', 2, 'jevah89@hotmail.com', 'Mr Jeevah', 'No 344 Jalan Suruhan Jaya, Centro Building, Klang, Malaysia'),
(14, 'PUSAT NIAGA SDN BHD', 'PUCHONG, SELANGOR', '3143253532', 1, 'CCDahgfdahfj', 'MR ALI', ''),
(15, 'KSN SEWERAGE ENGINEERING SERVICE', 'No 4, Jalan SS 5C/23, Taman Kelana Jaya', '603-7865 9073', 1, 'ksnsewerageworks@gmail.com', 'Madam Kavita', ''),
(16, 'INTEL CORPORATION SDN BHD', '', '', 1, '', '', ''),
(17, 'VKPT Payroll Sdn Bhd', 'No 45 Jalan Klang Lama, 34900 Ipoh, Perak', '05-78765 0098', 1, 'vkptpayroll@yahoo.com', 'Mr Vellu', ''),
(18, 'F & N MALAYSIA BERHAD', 'NO 45 JALAN KLANG, \nPORT KLANG 43009 \nSELANGOR D.E', '05-78765 0098', 1, 'fn_malaysia@gmail.com', 'ENCIK KAMARUDDIN', 'NO 333 LOT 45 PANDAMARAN WAREHOUSE, PORT KLANG'),
(19, 'RESTORAN ACCHA CURRY HOUSE SDN BHD', '', '', 1, '', '', ''),
(20, 'PES OIL & GAS SDN BHD', 'NO 54-09 JALAN UP78/345 TAMAN SRI DAMANSARA, 56400 SELANGOR D.E', '05-876543200', 1, 'pes_oilgas@gmail.com', 'MR ALBERT', ''),
(21, 'EPSON PRECISION MALAYSIA SDN BHD', 'Lot No 1, Jalan Persiaran Industri, Taman Perindustrian Sri Damansara, \r\n52200 Kuala Lumpur', '03-6272 9078', 1, 'devi_epson@gmail.com', 'Madam Devi Nair', 'No 45 Warehouse Klang 45099 Port Klang'),
(22, 'GIANT SUPERMARKET SDN BHD (SELAYANG)', 'No 34 Jalan Puchong 45/90 Taman Puchong Prima, Selangor D.E, Malaysia', '03 7654 0098', 1, 'giant_selayang@gmail.com', 'Mr Teng Ken Fatt', 'No 112 Jalan Puchong 45/90 Taman Puchong Prima, Selangor D.E, Malaysia (Warehouse)'),
(23, 'YONG SOON FATT SDN BHD', 'LOT 1504, BATU 8 1/2 JALAN KLANG LAMA KLANG, SELANGOR D.E Malaysia', '03 56782009', 0, 'soonfatt@hotmail.com', 'Mr Alex Tan', 'Port Klang'),
(24, 'PERSATUAN TELUGU MALAYSIA (CAWANGAN KAJANG)', 'NO 56 JALAN SS 6/90, PETALING JAYA\r\nSELANGOR D.E', '03-6750 0098', 1, 'telug_assc@gmail.com', 'MR KUMAR RAO', ''),
(25, 'VIENDA RESOURCES', 'SHAH ALAM', '', 1, '', 'DATIN AIDA', ''),
(26, 'WXX 7985 ( VW POLO )', '', '', 1, '', 'DR CHOW', ''),
(27, 'SYARIKAT XYZ SDN BHD', 'LOT 1001-015 NO 80 JLN BARU\r\nSRI BUNGA KERTAS\r\n50490 KUALA LUMPUR', '', 1, '', 'Encik Joy', ''),
(28, 'WYM 8219 ( TOYOTA VELLFIRE  )', '', '', 1, '', 'DATO YM TONG', ''),
(29, 'WPN 1027 ( TOYOTA VIOS)', '', '', 1, '', 'MR CHRIS', ''),
(30, 'JAYA GROCER SDN BHD', 'NO 45, JALAM PJS 45/90,\r\nTAMAN SUBANG JAYA,\r\nSELANGOR D.E', '03-5670 98088', 1, 'jaya_grocer@hotmail.com', 'MR ALEX CHAN', ''),
(31, 'OK Radio Sdn Bhd', '', '', 1, '', '', ''),
(32, 'RAMESH SINGH', 'No 34 Jalan SS5C/23 Taman Kelana Jaya, Selangor D.E', '', 1, '', 'Mr KARPAL Singh', ''),
(33, 'DAMAN CRIMSON MANAGEMENT CORPORATION', 'Crimson Apt, 2nd Floor (Club House), No 1,Jalan PJU 1A/41, Ara Jaya,47301 Petaling Jaya,\nSelangor D.E', '', 1, 'dcmc.crimson@gmail.com', 'HAZLAN SABTU', ''),
(34, 'ROYAL PORT DICKSON YACHT CLUB', 'BATU 4 1/2 , JALAN PANTAI, SI RUSA, 71050, \r\nNEGERI SEMBILAN DK', '', 1, 'gobalan2829@gmail.com', 'Mr Gobalan', ''),
(35, 'S & J BARCODE SDN BHD', 'NO 27, FIRST FLOOR, LORONG HELANG 2, DESA PERMAI INDAH, PENANG', '012 4181 890', 1, '', 'MR DERICK', ''),
(36, 'JMB TENDERFIELDS', 'NO 1 LINGKARAN ECO MAJESTIC\r\n43500 SEMENYIH SELANGOR', '', 1, '', '', ''),
(37, 'NESTLE (M) SDN BHD', 'NO 34 JALAN TANDANG, TAMAN SENTOSA, OLD TOWN, PETALING JAYA, SELANGOR D.E', '03-8986 0098', 1, 'kenny_nestle@nestlemalaysia.com', 'MR KENNY (MANAGER)', 'NO 34 JALAN TANDANG, TAMAN SENTOSA, OLD TOWN, PETALING JAYA, SELANGOR D.E'),
(39, 'IMPIAN WATER CONSORTIUM BERHAD', '', '', 1, '', 'MR GANESON', ''),
(40, 'CITY SEWERAGE SDN BHD', '', '', 1, '', 'MR RAMESH (DATOK)', ''),
(42, 'TEST 2', '', '', 1, '', '', ''),
(44, 'VINMURA TRADING SDN BHD', '', '', 1, '', 'MR CHANDRAN', ''),
(48, 'Melati Abdul Hai', '', '', 1, '', '', ''),
(51, 'AHSN DYNAMIC (M) SDN BHD', 'No 45 Jalan Pinang, Taman Midah, 45600 Cheras, Malaysia', '03 56782191', 2, 'ahsn_90@gmail.com', 'Mr Balvinder Singh', 'No 45 Jalan Pinang, Taman Midah, 45600 Cheras, Malaysia'),
(52, 'MELEWAR STEEL (M) SDN BHD', '', '', 3, '', '', ''),
(53, 'CITY ENVIRONMENT SDN BHD', '', '', 1, '', '', ''),
(54, 'CASIO SDN BHD', 'Lot 34 Petaling garden 33400 Petaling Jaya', '03 5677 9098', 1, '', 'Ms Faridah', ''),
(55, 'PRUDENTIAL INSURANCE', '', '', 1, '', '', ''),
(56, 'PROTON BERHAD', '', '', 1, '', 'MR TEE CHONG', ''),
(57, 'IOI PROPERTIES GROUP BERHAD', 'Level 25, IOI City Tower 2, Lebuh IRC, IOI Resort City, 62502 Putrajaya, Malaysia.', '+603-8947 6659', 1, 'shanice.wong@ioigroup.com', 'Shanice Wong  ( Contracts Executive )', ''),
(58, 'INDAH KOTA SDN BHD', '', '', 1, '', '', ''),
(59, 'RIANA GREEN JOINT MANAGEMENT BODY', 'No. 1, Jalan PJU 3/1C (Jalan Tropicana Utara)\r\n47410 Petaling Jaya', '03-78064409', 1, 'manager.rianagreen@gmail.com', 'Vegan - Building Manager', ''),
(60, 'MATSHUSHITA SDN BHD', '', '', 1, '', '', ''),
(61, 'AZAM BARU ENTERPRISE', 'NO 31 JALAN INDAH 3/8 \r\nPUCHONG INDAH \r\nPUCHONG 47150\r\nSELANGOR D.E', '05 8765 9008', 1, 'jumaatengineering@gmail.com', 'Mr Kamaruddin', ''),
(62, 'KIMGRES MARKETING SDN BHD', 'LOT 5 JALAN KILANG / JALAN 217 46050 PETALING JAYA, SELANGOR', '', 1, 'azhar.rahman@kimgres.com', 'ENCIK AZHAR', ''),
(63, 'IMPIAN WATER KONSORTIUM SDN BHD', '', '', 1, '', 'MR GANAESON', ''),
(64, 'RESTORAN YEE SUNG', '', '', 1, '', '', ''),
(65, 'IOI PROPERTIES (M) SDN BHD', '', '', 1, '', '', ''),
(66, 'INDAH WATER KORSITIUM SDN BHD', '', '', 1, '', '', ''),
(67, 'CARSOME MALAYSIA SDN BHD', 'No 45 Jalan Petaling 5/6 Taman Midah Jaya, Petaling Jaya, Selangor D.E', '03 7865 9088', 3, 'caresome_90@gmail.com', 'Mr Ramachandrean', 'Lot 4590 Warehouse Taman Midah Jaya, Petaling Jaya, Selangor D.E'),
(68, 'SPAN BERHAD', '', '', 1, '', '', ''),
(69, 'TENAGA NASIONAL BERHAD', 'NO 34 JALAN BANGSAR, KL', '012 654 8976', 1, 'guru_tnb@gmail.com', 'MR GURU PALANISAMY', 'NO 67 JALAN BENTONG KARAK, PAHANG'),
(70, 'SURUHANJAYA SYARIKAT MALAYSIA', '', '', 1, '', 'MR EZWAN', ''),
(72, 'COKE COLA SDN BHD', '', '', 1, '', '', ''),
(74, 'ALAGAPAS CURRY POWDER (M) SDN BHD', 'Lot 19 Jalan Bangsar, Selangor', '03 3490 0032', 0, 'alagapas@hotmail.com', 'Mr Anamalai', ''),
(75, 'CALTEX OILS SDN BHD', '', '', 1, '', 'MR RAYMOND', ''),
(76, 'BADAN PENGURUSAN BERSAMA LAKEVILLE RESIDENCE', 'NO 68 JALAN SIBU, TAMAN WAHYU 68100 BATU CAVES, KUALA LUMPUR', '016 7876009', 2, '', 'SERI WAHYU RESINDENCE MANAGEMENT OFFICE', ''),
(77, 'UKRAINE FLOOR MILL SDN BHD', '', '', 1, '', '', ''),
(79, 'PANASONIC MALAYSIA (M) SDN BHD', 'NO 45 LOT 6690 TAMAN SRI MUDA, SHAH ALAM', '03-8909 6755', 1, 'panasonic_malaysia@gmail.com', 'MR CHANDRAN', ''),
(80, 'KELAB SUKAN GOLD SELANGOR SDN BHD', '', '', 1, '', 'MR KAMARUDDING', ''),
(81, 'AVINOR SDN BHD', 'Damansara', '012 653 9009', 0, 'avinor@gmail.com', 'Mr Zeizen', 'Klang'),
(82, 'MATSHUSHITA (M) SDN BHD', '', '', 1, '', '', ''),
(83, 'DESA DAMANSARA MANAGEMENT CORPORATION', 'NO 99 JALAN SETIAKASIH, BUKIT DAMANSARA, 50490 KUALA LUMPUR', '03 2095 5099', 1, 'desa_90@gmail.com', 'Ms Fatimah Kassim', ''),
(84, 'HAZLAN SABTU GRAB ENTERPRIZE', '', '', 1, '', '', ''),
(85, 'NASIR AIRMAS SDN BHD', '', '', 1, '', '', ''),
(87, 'RAINE HORNE & ZAKI PROPERTY MANAGEMENT SDN BHD', 'NO 10 JALAN JALIL JAYA 2 JALIL LINK, BUKIT JALIL 57000 KUALA LUMPUR', '', 1, 'timothy@rainehome.com.my', 'MR TIMOTHY', ''),
(88, 'KEN HUAT HARDWARE SDN BHD', 'NO 4 JALAN SS 2/4 \nTAMAN BAHAGIA, \nPETALING JAYA, SELANGOR', '03-8976 5434', 2, 'ken_huat89@gmail.com', 'MR HUAT', ''),
(89, 'JAYA GROCER SDN BHD', '', '', 2, '', '', ''),
(90, 'VILLAGE GROCER SDN BHD', '', '', 2, '', '', ''),
(91, 'PETRONAS BERHAD', '', '', 2, '', '', ''),
(92, 'PREMIO STATIONARY SDN BHD', '', '', 2, '', '', ''),
(93, 'RIGHTONTRACK SDN BHD', 'E-12-1, BLOCK E, PLAZA GLOMAC, \nJALAN SS7/19, KELANA JAYA, \n47300 PETALING JAYA, SELANGOR', '603-7805 2999', 1, 'info@rightontrack.com.my', '', ''),
(94, 'CLEAN SEWERS SERVICES SDN BHD', 'NO 34 JALAN SR PETALING 4/5, \nTAMAN WAHYU, \nSHAH ALAM, \nSELANGOR D.E', '03 5640 0099', 1, 'admin@clean_sewers.com', 'MR RAMESH / SHOBA', ''),
(95, 'WPR 4597 ( TOYOTA VIOS NCP42 )', '', '', 1, '', 'JAMES LOWERENCE', ''),
(96, 'COLGATE PALMOLIVE SDN BHD', '', '', 1, '', '', ''),
(97, 'MOTOROLLA SDN BHD', 'NO 45 JALAN FREE TRADE ZONE, 56000 KELANA JAYA, SELANGOR', '03-9988 7700', 1, '', 'MR SELVAM', 'NO 90 JALAN FREE TRADE ZONE, 56000 KELANA JAYA, SELANGOR'),
(99, 'PEPSI COLA', '', '', 1, '', '', ''),
(100, 'MICROSOFT SDN BHD', '', '', 1, '', '', ''),
(102, 'SDDSD', '', '', 1, '', '', ''),
(105, 'TEMPLE ISWASRI', '', '', 3, '', '', ''),
(106, 'LEGO LAND SDB BHD (JOHOR)', 'JOHOR BAHRU, JOHOR', '04 243353587', 1, '', 'RAMLI', ''),
(107, 'RAJU', '', '', 1, '', '', ''),
(109, 'MUTHU AIRCOND SDN BHD', '', '', 3, '', '', ''),
(111, 'EVERGLADE SDN BHD', '', '', 3, '', '', ''),
(112, 'YONG SOON hardware', '', '', 3, '', '', ''),
(114, 'APPLE COMPUTER BERHAD', '', '', 1, '', '', ''),
(115, 'TOSHIBA MANAFACTURES', '', '', 1, '', '', ''),
(117, 'RESTORAN CHUTNEY BOX', '', '', 1, '', '', ''),
(118, 'BADAN PENGURUSAN BERSAMA KENNY HILL', 'LOT 76 JALAN PJU 34/90\nSUBANG JAYA\nSELANGOR', '018 908 4500', 3, 'kenny_90@gmail.com', 'MS CATHERINE', ''),
(119, 'RESTORAN SAJI SDN BHD', 'TAMAN SIA ALAM', '03 6540 9009', 3, 'saji@gmail.com', '', ''),
(120, 'BATERY TECHNICAN SDN BHD', 'NO 3400 JALAN TEMASEK\nKELANTAN FC\nMALAYSIA', '03 4589 7665', 3, '', 'Mr Frank', ''),
(122, 'MOTROLLA', '', '', 3, '', '', ''),
(123, 'COMPUTER SALES', '', '', 3, '', '', ''),
(124, 'APPLE CHINA MADE', '', '', 3, '', '', ''),
(131, 'SERDANG MEDICAL CENTRE', 'LOT 45 TAMAN SERI SERDANG, SELANGOR', '03 9098 3450', 2, 'serdang_hospital@gmail.com', 'DR YAMESH', ''),
(132, 'INDAH WATER KONSORTIUM  BERHAD', 'LOT 73 JALAN DAMANSARA,\nPETALING JAYA\nSELANGOR', '03 4560 2003', 2, 'care@iwk.com.my', 'MR ALI KAMARUDDIN', 'LOT 73 JALAN DAMANSARA, KL'),
(139, 'PRINTING ALLEN SDN BHD', '', '', 1, '', '', ''),
(142, 'RESTORAN SPICE GARDEN', '', '', 1, '', '', ''),
(143, 'GREAT EASTERN SDN BHD', 'WISMA GREAT ESTERN, AMPANG', '03 785 9099', 1, '', 'MR TEE', ''),
(144, 'WESTERN DIGITAL (M) SDN BHD', 'KELANA JAYA, FREE TRADE ZONE', '03 7650 0091', 1, '', 'MR YOGI', ''),
(145, 'MOTOROLLA BERHAD', '', '', 1, '', 'MR PREM ANAN', ''),
(146, 'SEKOLAH MENENGAH KEBANGSAAN PEREMPUAN SRI AMAN', '', '', 1, '', 'CIKGU RAMESH', ''),
(147, 'AA PHARMACY SDN BHD', 'KELANA JAYA\nSELANGOR', '012 7654 900', 1, 'aa_pharmacy@gmail.com', 'MR CHEE', ''),
(148, 'AJININOMOTO SDN BHD', 'JALAN TIOMAN (LOT 45TY-OP)\nTAMAN INDAH CHERAS\nSELANGOR', '', 1, '', 'MR KUMAR RAO', ''),
(149, 'TESTING E232', '', '', 1, '', '', ''),
(150, 'MUTHU TESTING', '', '', 1, '', '', ''),
(151, 'SONY (M) SDN BHD', '', '', 1, '', '', ''),
(152, 'SEKOLAH MENENGAH LA SALLE PJ', 'JALAN GASING, PETALING JAYA', '03 - 6530 9870', 1, 'lasalle_pj@gmail.com', 'BRO FELIX', ''),
(153, 'SEKOLAH SERI PETALING', '', '', 1, '', '', ''),
(154, 'REGINA DELETE', '', '', 1, '', '', ''),
(156, 'SAMY DELETE', '', '', 1, '', '', ''),
(158, 'RESTORAN CHETTIES KLANG BRANCH', '', '', 1, '', '', ''),
(161, 'JUNIOR', '', '', 1, '', '', ''),
(162, 'testing', '', '', 1, '', '', ''),
(163, 'SELIYAN swaminthan', '', '', 1, '', '', ''),
(164, 'melati abdul hai', '', '', 1, '', '', ''),
(166, 'KUMAR  RAO', '', '', 1, '', '', ''),
(167, 'MARUMAN CORPORATION SDN BHD', '', '', 1, '', '', ''),
(168, 'RAMESH KARUMAN', '', '', 1, '', 'Ms Prayankka Kaur', ''),
(169, 'MUTH SAMY', '', '', 1, '', '', ''),
(170, 'McDonald Sdn Bhd', '', '', 1, '', '', ''),
(171, 'GUARDIAN PHARMACY', '', '', 1, '', '', ''),
(172, 'CADBURY CDN BHD', 'PUCHONG, SELANGOR', '09 4500 2312', 2, '', 'MR LEE SOOK KENG', ''),
(173, 'muruga', '', '', 1, '', '', ''),
(174, 'PERBADANAN PENGURUSAN PANGSAPURI DESA PALMA', 'Block C, Ground Floor,\nDesa Palma Apartment\n71800 Nilai, Negeri Sembilan,', '', 1, '', 'Ms. Kithana', ''),
(175, 'ENGINEERING COLLEGE', '', '', 1, '', '', ''),
(176, 'GRAND CITY RESTORAN', '', '', 1, '', '', ''),
(177, 'SAMY', '', '', 1, '', '', ''),
(178, 'MEL SYSTEMS COMPUTER SDN BHD', 'KELANA JAYA', '012 653 9434', 1, 'suhupriya@gmail.com', 'SUHUMARAN', ''),
(180, 'AUSTRALIA EMBASSY', 'KUALA LUMPUR\nMALAYSIA', '', 1, '', 'MS BARBARA', ''),
(181, 'MS ALICIA LEGAL SOLITOR', '', '', 1, '', '', ''),
(182, 'thyalan', '', '', 1, '', '', ''),
(183, 'RESTORAN KRISHANA', 'KAMPUNG TUNGKU', '03 6764 8976', 1, 'restorankrishna@gmail.com', 'MR GOPAL', ''),
(184, 'MURAGESU', '', '', 1, '', '', ''),
(185, 'APPLE COMPUTERS', 'CYBERJAYA', '', 1, '', 'MR JOBS', ''),
(186, 'MALAVIKA MENON', '', '', 1, '', '', ''),
(187, 'JAPAN CORPORATION', '', '', 1, '', '', ''),
(188, 'RESTORAN GANDHI', 'BRICKFIELD\nKUALA LUMPUR', '', 1, '', 'MR MOGAN', ''),
(189, 'WKV2191', '', '012 653 9434', 1, '', 'SUHUMARAN DURAISAMY', ''),
(190, 'SRS MAINTENANCE SDN BHD', '', '', 1, '', 'MDM LOGES', ''),
(191, 'ASSUNTA SECONDARY SCHOOL', 'JALAN GASING, SELANGOR D.E', '603-7865 9002', 1, 'sister_assunta@hotmail.com', 'SISTER ENDA', ''),
(192, 'special', '', '', 1, '', '', ''),
(193, 'AYURVEDIC CENTRE SUBANG BRANCH', 'SUBANG JAYA SELANGOR', '012 654 9087', 2, 'hari@gmail.com', 'MR HARIHAREN', ''),
(195, 'MPSJ SEPANG COUNCIL', 'SEPANG', '06-8700 9865', 2, 'sepang@gov.com.my', 'ENCIK RAHMAN MOHD', ''),
(196, 'GLENEAGLE MEDICAL CENTRE', 'AMPANG', '012 5690 876', 3, 'ganesh_doctor@gmail.com', 'DOCTOR GANESH', ''),
(197, 'CARTIER WATCH SDN BHD', '', '', 1, '', 'Mr Cartier', ''),
(198, 'WEST PORT HOLDINGS SDN BHD', '', '', 1, '', 'MR GNALINGAM', ''),
(199, 'INTEL CORPORATION', '', '', 1, '', 'MR GROVE', ''),
(200, 'MICROSOFT SDN BHD', 'ampang', '03 5430 0098', 1, 'patrick@gmail.com', 'PATRICK DUTTON', 'klang'),
(201, 'NESTLE SDN BHD', 'NO 34 JALAN SS5C/34 KELANA JAYA', '03 5640 9987', 1, 'kenny_67@gmail.com', 'KENNY TAN', 'SELANGOR'),
(202, 'AAA INSURANCE SDN BHD', 'PENANG TOWN\nMALAYSIA', '09 5439 0098', 1, 'aaa_insurance@gmail.com', 'MADAM AISAH', ''),
(203, 'VOLLEY BALL ASSOCIATION MALAYSIA', 'NO 34 JALAN PETALING STREET, \nKUALA LUMPUR, PENANG', '05 8900 9800', 1, 'volleyball_msia@gmail.com', 'MR KAMARUL', ''),
(206, 'SEREMBAN TELUGU ASSOCIATION', '', '', 1, '', '', ''),
(207, 'RESTORAN KAYU ARA SDN BHD', '', '', 1, '', 'MR KADIR', ''),
(208, 'TNB SDN BHD', '', '', 1, '', '', ''),
(209, 'ASIAN CURRY POT SDN BHD', 'KELANA JAYA', '', 1, '', 'THOMAS RAJ', ''),
(210, 'TOYATA (M) SDN BHD', 'NO 990 JALAN YAP SENG LONG, KL', '03 4300 9951', 1, '', 'MR KARPAL SINGH', ''),
(211, 'KLINIK SIVA SDN BHD', '', '', 1, '', '', ''),
(212, 'SEKOLAH MENENGAH SUNGAI WAY (CINA)', 'SUNGAI WAY', '', 1, '', 'MS LEE SOOK LING', ''),
(213, 'SEKOLAH MENENGAH TAMIL BRICKFILED', '', '', 1, '', '', ''),
(214, 'CHURCH OF LOURDES (TAMPIN)', '', '', 1, '', '', ''),
(215, 'GEORGE KENT SDN BHD', 'PUTRA PERDANA', '03 6549 0087', 1, 'george_kent@hotmail.com', 'MR ALFRED CHONG', 'klang warehouse'),
(216, 'THE CHICKEN RICE SDN BHD', '', '', 2, '', '', ''),
(217, 'DIGI MALAYSIA SDN BHD', '', '', 1, '', '', ''),
(218, 'WATER SUPPLY SDN BHD', '', '', 2, '', '', ''),
(219, 'WATER CLEANER SDN BHD', '', '', 2, '', '', ''),
(220, 'LOTUS CINEMAS SDN BHD', '', '', 2, '', '', ''),
(221, 'LANGKAVI TOURISM SDN BHD', '', '', 2, '', '', ''),
(223, 'Muthu Samy', '', '', 2, '', '', ''),
(224, 'DATO RAVI', '', '', 1, '', '', ''),
(225, 'GREENHILL RESOURCES SDN BHD', 'No 2, Jalan Setia Indah X U13/X\nSetia Alam, 40170 Shah Alam\nSelangor', '', 1, '', 'MR NAJIB HUSSEIN', ''),
(226, 'HP COMPUTER  COMPANY', 'LOT 3232 JALAN PUDU, KUALA LUMPUR', '03 4560 8700', 1, 'hp_computer@gmail.com', 'MR ALEX TAN', ''),
(227, 'MC DONALD SUBANG JAYA', 'LOT 45 JALAN PERWAJA 45/78\nSUBANG JAYA\nSELANGOR D.E', '03 6543 0009', 1, 'porshe6@gmail.com', 'DR CHOW', ''),
(228, 'PELITA RESTORAN', 'KLCC TOWER', '03-9087 9908', 1, '', 'MR SAID ISKANDAR', ''),
(229, 'SEKOLAH (M) SEAPORT', 'KELANA JAYA', '', 1, '', 'MS MALANI', ''),
(230, 'PEJABAT TANAH DAN GALIAN NEGERI SELANGOR', '', '', 1, '', '', ''),
(231, 'WYK 983 (  MERCEDES BENZ E200 )', '', '', 1, '', 'DATO TONG YM', ''),
(232, 'CASH & CARRY SDN BHD', 'NO 399 JALAN SS 5C/45\nKELANA JAYA\nSELANGOR', '03 5433 9087', 1, 'cash_carry@hotmail.com', 'SRITHARAN', ''),
(233, 'HICOM GLENMARIE SDN BHD', 'NO 45 JALAN SS15 SUBANG JAYA, \nSELANGOR', '03 5490 8856', 1, 'hicom_glenmarie@gmail.com', 'MR KENNY', ''),
(234, 'WTU 8116 ( PROTON SAGA 1.3 )', '', '', 1, '', 'SKALI', ''),
(235, 'RESTORAN MANI SDN BHD', 'SS2, PETALING JAYA', '', 1, '', 'MR THIRU', ''),
(236, 'PUSAT PENGURUSAN PEJABAT GARDEN CITY BUSINESS CENTER -JMB', '', '', 1, '', '', ''),
(237, 'WC 7865 L MERCEDES C200', '', '', 1, '', 'LIOW WING CHING', ''),
(238, 'TANAHKU HOLDINGS SDN BHD', 'NO 34 JALAN PETALING 5/6\nPETALING GARDEN, 56000\nSELANGOR', '03 4567 0098', 1, 'tanah@gmail.com', 'MR ONG KIM YEE', ''),
(239, 'TECHREALTORS SDN BHD', 'NO 658 JALAN TPJ 6540/890\nSUBANG JAYA\nSELANGOR', '012 6543 903', 1, 'ravin_989@gmail.com', 'MR RAVINDRAN', ''),
(240, 'CLEAN SERVICES SDN BHD', '', '', 1, '', '', ''),
(241, 'AA PHARMACY (PUCHONG BRANCH)', 'NO 45 JALAN PUCHONG UTAMA 76/90\nTAMAN PUCHONG UTAMA\nSELANGOR', '0345679985', 1, 'pharmacy_99@gmail.com', 'MS JANET JI', ''),
(242, 'AA PHARMACY (PENANG BRANCH)', '', '05 7656 9087', 1, 'appb@gmail.com', '', ''),
(243, 'LEMBAGA HASIL DALAM NEGERI', 'NO 34 JALAN GASING, PETALING JAYA, SELANGOR D.E', '', 1, '', 'MR KASSIM', ''),
(244, 'PANTAI HOSPITAL CHERAS A BRANCH OF PANTAI MEDICAL CENTRE SDN BHD', 'CHERAS, KUALA LUMPUR\nMALAYSIA', '', 1, '', 'ENCIK FAZLAN', ''),
(245, 'AR ADVANCE INFINITY (M) SDN BHD', 'BANDAR KINRARA\nPUCHONG\nSELANGOR D.E', '', 1, '', 'DR KATHIR', ''),
(246, 'RESTORAN DEMAJU', '', '', 1, '', '', ''),
(247, 'BMW G20 (KFK9888)', '', '', 1, '', 'ALAN AUYONG', ''),
(248, 'PERSATUAN ORANG TUA', '', '', 1, '', '', ''),
(249, 'PERBANDANDAN CONDO IMPIAN 2', '', '', 1, '', 'MR APUKUTAN NAIR', ''),
(250, 'PERBADANAN PENGURUSAN PALM SPRING', '1ST FLOOR CLUBHOUSE PALM SPRING @ DAMANSARA, \nPJU 3/29, SECTION 13,KOTA DAMANSARA, \nPETALING JAYA 47810 SELANGOR.', '03-76125755', 1, 'palmspring_damansara@yahoo.com', '', ''),
(251, 'ALFAMAX SDN BHD', '', '', 1, '', '', ''),
(252, 'KLIA AIRPORT SDN BHD', 'NO 34, JALAN KLANG LAMA, TAMAN KUCHAI LAMA, SELANGOR D.E', '03 8900 3421', 1, '', 'MR SHAM SREDEAR', ''),
(253, 'TELCO OPTICS SDN BHD', 'NO 45 JALAN SUBANG, SUBANG JAYA 45000 SELANGOR', '', 1, '', 'MS SUBA', ''),
(254, 'RESTORAN KHANNA CURRY HOUSE', '', '', 1, '', '', '');

-- --------------------------------------------------------

--
-- Table structure for table `tbcustomeraccount`
--

DROP TABLE IF EXISTS `tbcustomeraccount`;
CREATE TABLE IF NOT EXISTS `tbcustomeraccount` (
  `customerAccount_id` int(11) NOT NULL AUTO_INCREMENT,
  `customerAccount_customerID` int(11) NOT NULL DEFAULT '0',
  `customerAccount_date` date NOT NULL,
  `customerAccount_reference` varchar(100) NOT NULL,
  `customerAccount_documentType` varchar(4) NOT NULL,
  `customerAccount_documentTypeID` int(11) NOT NULL DEFAULT '0',
  `customerAccount_description` varchar(100) NOT NULL,
  `customerAccount_debit` decimal(10,2) NOT NULL DEFAULT '0.00',
  `customerAccount_credit` decimal(10,2) NOT NULL DEFAULT '0.00',
  PRIMARY KEY (`customerAccount_id`)
) ENGINE=InnoDB AUTO_INCREMENT=211 DEFAULT CHARSET=latin1;

--
-- Dumping data for table `tbcustomeraccount`
--

INSERT INTO `tbcustomeraccount` (`customerAccount_id`, `customerAccount_customerID`, `customerAccount_date`, `customerAccount_reference`, `customerAccount_documentType`, `customerAccount_documentTypeID`, `customerAccount_description`, `customerAccount_debit`, `customerAccount_credit`) VALUES
(1, 94, '2023-07-08', 'INV/2023/001', 'INV', 1, '', '1000.00', '0.00'),
(2, 94, '2023-07-08', 'INV/2023/002', 'INV', 2, '', '1222.80', '0.00'),
(3, 94, '2023-07-08', 'RPT/2023/001', 'PAY', 13, 'PAYMENT', '0.00', '1000.00'),
(4, 208, '2023-07-10', 'PB001', 'PB', 1, 'Payment Bill', '0.00', '45.00'),
(5, 18, '2023-07-10', 'INV/2023/003', 'INV', 3, 'INVOICE', '7000.00', '0.00'),
(6, 18, '2023-07-10', 'CN/2023/001', 'CN', 1, 'CREDIT NOTE', '0.00', '500.00'),
(7, 18, '2023-07-12', 'PB002', 'PB', 2, 'Payment Bill', '0.00', '70.00'),
(8, 94, '2023-07-12', 'INV/2023/004', 'INV', 4, 'INVOICE', '6000.00', '0.00'),
(9, 94, '2023-07-12', 'INV/2023/005', 'INV', 5, 'INVOICE', '7030.50', '0.00'),
(10, 94, '2023-07-12', 'RPT/2023/002', 'PAY', 14, 'PAYMENT', '0.00', '888.00'),
(11, 94, '2023-07-15', 'INV/2023/007', 'INV', 6, 'INVOICE', '4482.88', '0.00'),
(12, 213, '2023-07-17', 'INV/2023/008', 'INV', 7, 'INVOICE', '3000.00', '0.00'),
(13, 76, '2023-07-17', 'INV/2023/009', 'INV', 8, 'INVOICE', '4266.95', '0.00'),
(14, 76, '2023-07-17', 'RPT/2023/003', 'PAY', 15, 'PAYMENT', '0.00', '350.00'),
(15, 174, '2023-07-24', 'INV/2023/010', 'INV', 9, '', '5293.45', '0.00'),
(16, 189, '2023-07-25', 'INV/2023/011', 'INV', 10, 'INVOICE', '3325.95', '0.00'),
(17, 94, '2023-07-25', 'INV/2023/012', 'INV', 11, 'INVOICE', '3325.95', '0.00'),
(18, 18, '2023-08-01', 'INV/2023/013', 'INV', 12, 'INVOICE', '6295.95', '0.00'),
(19, 18, '2023-08-03', 'PV/2023/001', 'PAYV', 1, 'PAYMENT VOUCHER', '70.00', '0.00'),
(20, 132, '2023-08-03', 'INV/2023/014', 'INV', 13, 'INVOICE', '6545.35', '0.00'),
(21, 18, '2023-08-04', 'INV/2023/015', 'INV', 14, 'INVOICE', '7177.65', '0.00'),
(22, 94, '2023-08-10', 'INV/2023/016', 'INV', 15, 'INVOICE', '16902.00', '0.00'),
(23, 18, '2023-08-10', 'INV/2023/017', 'INV', 16, 'INVOICE', '21552.95', '0.00'),
(24, 94, '2023-08-10', 'INV/2023/018', 'INV', 17, 'INVOICE', '4718.09', '0.00'),
(25, 88, '2023-08-12', 'INV/2023/019', 'INV', 18, 'INVOICE', '5088.09', '0.00'),
(26, 76, '2023-08-14', 'INV/2023/020', 'INV', 19, 'INVOICE', '0.00', '0.00'),
(27, 18, '2023-08-14', 'INV/2023/021', 'INV', 20, 'INVOICE', '21116.09', '0.00'),
(28, 231, '2023-08-14', 'INV/2023/022', 'INV', 21, 'INVOICE', '2075.05', '0.00'),
(29, 232, '2023-08-14', 'INV/2023/023', 'INV', 22, 'INVOICE', '6622.70', '0.00'),
(30, 189, '2023-08-15', 'INV/2023/024', 'INV', 23, 'INVOICE', '3998.65', '0.00'),
(31, 202, '2023-08-16', 'INV/2023/025', 'INV', 24, 'INVOICE', '88311.70', '0.00'),
(32, 189, '2023-08-17', 'INV/2023/026', 'INV', 25, 'INVOICE', '18186.29', '0.00'),
(34, 118, '2023-08-17', 'INV/2023/027', 'INV', 27, 'INVOICE', '600.02', '0.00'),
(35, 202, '2023-08-17', 'INV/2023/028', 'INV', 28, 'INVOICE', '2319.18', '0.00'),
(36, 200, '2023-08-17', 'INV/2023/029', 'INV', 29, 'INVOICE', '14838.20', '0.00'),
(37, 132, '2023-08-23', 'INV/2023/030', 'INV', 30, '', '14793.85', '0.00'),
(38, 95, '2023-08-23', 'INV/2023/031', 'INV', 31, '', '13121.55', '0.00'),
(39, 94, '2023-08-25', 'INV/2023/032', 'INV', 32, 'INVOICE', '5455.95', '0.00'),
(40, 94, '2023-08-25', 'RPT/2023/005', 'PAY', 16, 'PAYMENT', '0.00', '48250.17'),
(41, 94, '2023-08-25', 'INV/2023/033', 'INV', 33, 'INVOICE', '3900.95', '0.00'),
(42, 88, '2023-08-26', 'INV/2023/034', 'INV', 34, 'INVOICE', '0.00', '0.00'),
(43, 233, '2023-08-27', '', 'MAD', 0, 'BALANCE C/F', '7000.00', '0.00'),
(44, 233, '2023-08-27', 'INV/2023/035', 'INV', 35, 'INVOICE', '13492.62', '0.00'),
(45, 172, '2023-09-01', 'INV/2023/036', 'INV', 36, 'INVOICE', '1408.77', '0.00'),
(46, 234, '2023-09-02', 'INV/2023/037', 'INV', 37, 'INVOICE', '1935.00', '0.00'),
(47, 234, '2023-09-05', 'RPT/2023/006', 'PAY', 17, 'PAYMENT', '0.00', '33.00'),
(48, 221, '2023-09-05', 'PB003', 'PB', 3, 'Payment Bill', '0.00', '700.00'),
(49, 118, '2023-09-05', 'INV/2023/038', 'INV', 38, '', '3700.00', '0.00'),
(50, 146, '2023-09-05', 'INV/2023/039', 'INV', 39, '', '13121.55', '0.00'),
(51, 235, '2023-09-07', 'INV/2023/040', 'INV', 40, 'INVOICE', '5000.00', '0.00'),
(52, 132, '2023-09-07', 'INV/2023/041', 'INV', 41, 'INVOICE', '888.00', '0.00'),
(53, 94, '2023-09-07', 'INV/2023/042', 'INV', 42, 'INVOICE', '999.00', '0.00'),
(54, 87, '2023-09-07', 'INV/2023/043', 'INV', 43, 'INVOICE', '6565.00', '0.00'),
(55, 18, '2023-09-07', 'INV/2023/045', 'INV', 44, 'INVOICE', '1717.00', '0.00'),
(56, 132, '2023-09-08', 'INV/2023/046', 'INV', 45, '', '666.00', '0.00'),
(57, 76, '2023-09-08', 'INV/2023/047', 'INV', 46, '', '3232.00', '0.00'),
(58, 19, '2023-09-08', 'INV/2023/048', 'INV', 47, '', '29700.00', '0.00'),
(59, 22, '2023-09-10', 'INV/2023/049', 'INV', 48, 'INVOICE', '1066.95', '0.00'),
(60, 22, '2023-09-13', 'CN/2023/002', 'CN', 2, 'CREDIT NOTE', '0.00', '114.00'),
(61, 208, '2023-09-13', 'PB004', 'PB', 4, 'Payment Bill', '0.00', '888.00'),
(62, 236, '2023-09-15', 'INV/2023/050', 'INV', 49, 'INVOICE', '14769.85', '0.00'),
(63, 132, '2023-09-18', 'INV/2023/051', 'INV', 50, 'INVOICE', '954.10', '0.00'),
(64, 132, '2023-09-18', 'RPT/2023/007', 'PAY', 18, 'PAYMENT', '0.00', '550.00'),
(65, 94, '2023-09-18', 'INV/2023/052', 'INV', 51, 'INVOICE', '4613.40', '0.00'),
(66, 94, '2023-09-18', 'CN/2023/003', 'CN', 3, 'CREDIT NOTE', '0.00', '235.85'),
(67, 94, '2023-09-18', 'RPT/2023/008', 'PAY', 19, 'PAYMENT', '0.00', '50.65'),
(68, 18, '2023-09-18', 'INV/2023/053', 'INV', 52, 'INVOICE', '1098.00', '0.00'),
(70, 238, '2023-09-20', 'INV/2023/055', 'INV', 54, '', '4283.00', '0.00'),
(71, 202, '2023-09-20', 'PB005', 'PB', 5, 'Payment Bill', '0.00', '8155.00'),
(72, 202, '2023-09-20', 'PV/2023/002', 'PAYV', 2, 'PAYMENT VOUCHER', '8155.00', '0.00'),
(73, 94, '2023-09-20', 'INV/2023/056', 'INV', 55, 'INVOICE', '4283.00', '0.00'),
(74, 94, '2023-09-20', 'RPT/2023/009', 'PAY', 20, 'PAYMENT', '0.00', '1500.00'),
(75, 94, '2023-09-20', 'RPT/2023/010', 'PAY', 21, 'PAYMENT', '0.00', '12009.85'),
(76, 11, '2023-09-21', 'INV/2023/057', 'INV', 56, '', '9628.34', '0.00'),
(77, 132, '2023-09-20', 'INV/2023/058', 'INV', 57, 'INVOICE', '9236.34', '0.00'),
(78, 172, '2023-09-20', 'CN/2023/004', 'CN', 4, 'CREDIT NOTE', '0.00', '95.50'),
(79, 120, '2023-09-20', 'INV/2023/059', 'INV', 58, 'INVOICE', '9628.34', '0.00'),
(80, 81, '2023-09-21', 'INV/2023/060', 'INV', 59, 'INVOICE', '9628.34', '0.00'),
(81, 118, '2023-09-21', 'INV/2023/061', 'INV', 60, '', '8994.53', '0.00'),
(82, 18, '2023-09-21', 'INV/2023/063', 'INV', 61, '', '53105.05', '0.00'),
(83, 18, '2023-09-21', 'RPT/2023/011', 'PAY', 22, 'PAYMENT', '0.00', '28946.90'),
(84, 132, '2023-09-21', 'RPT/2023/015', 'PAY', 23, 'PAYMENT', '0.00', '32533.64'),
(85, 213, '2023-09-22', 'INV/2023/064', 'INV', 62, '', '16098.95', '0.00'),
(86, 132, '2023-09-23', 'INV/2023/065', 'INV', 63, 'INVOICE', '4550.95', '0.00'),
(87, 132, '2023-08-17', 'INV/2023/088', 'INV', 64, 'INVOICE', '700.00', '0.00'),
(88, 94, '2023-10-01', 'INV/2023/089', 'INV', 65, 'INVOICE', '4283.00', '0.00'),
(89, 243, '2023-10-01', '', 'MAD', 0, 'BALANCE C/F', '6600.00', '0.00'),
(90, 243, '2023-10-01', 'INV/2023/090', 'INV', 66, 'INVOICE', '4283.00', '0.00'),
(91, 243, '2023-10-01', 'INV/2023/091', 'INV', 67, 'INVOICE', '3500.00', '0.00'),
(92, 243, '2023-10-01', 'RPT/2023/016', 'PAY', 24, 'PAYMENT', '0.00', '70.00'),
(93, 243, '2023-10-02', 'RPT/2023/017', 'PAY', 25, 'PAYMENT', '0.00', '7713.00'),
(94, 239, '2023-10-03', 'PB006', 'PB', 6, 'Payment Bill', '0.00', '24353.84'),
(95, 11, '2023-10-03', 'INV/2023/092', 'INV', 68, 'INVOICE', '167.95', '0.00'),
(96, 82, '2023-10-04', 'INV/2023/093', 'INV', 69, 'INVOICE', '4283.00', '0.00'),
(97, 36, '2023-10-04', 'INV/2023/094', 'INV', 70, 'INVOICE', '1000.00', '0.00'),
(98, 36, '2023-10-04', 'RPT/2023/018', 'PAY', 26, 'PAYMENT', '0.00', '650.00'),
(99, 36, '2023-10-04', 'RPT/2023/019', 'PAY', 27, 'PAYMENT', '0.00', '350.00'),
(100, 88, '2023-10-04', 'INV/2023/095', 'INV', 71, 'INVOICE', '1051.25', '0.00'),
(101, 88, '2023-10-04', 'RPT/2023/020', 'PAY', 28, 'PAYMENT', '0.00', '888.00'),
(102, 118, '2023-10-04', 'PB007', 'PB', 7, 'Payment Bill', '0.00', '600.00'),
(103, 118, '2023-10-04', 'PV/2023/003', 'PAYV', 3, 'PAYMENT VOUCHER', '600.00', '0.00'),
(104, 34, '2023-10-04', 'INV/2023/096', 'INV', 72, 'INVOICE', '999.00', '0.00'),
(105, 34, '2023-10-04', 'RPT/2023/021', 'PAY', 29, 'PAYMENT', '0.00', '555.00'),
(106, 34, '2023-10-04', 'RPT/2023/022', 'PAY', 30, 'PAYMENT', '0.00', '111.00'),
(107, 11, '2023-10-05', 'INV/2023/097', 'INV', 73, 'INVOICE', '2223.45', '0.00'),
(108, 76, '2023-10-05', 'INV/2023/098', 'INV', 74, 'INVOICE', '589.07', '0.00'),
(109, 76, '2023-10-05', 'RPT/2023/023', 'PAY', 31, 'PAYMENT', '0.00', '3232.00'),
(110, 208, '2023-10-06', 'PB008', 'PB', 8, 'Payment Bill', '0.00', '600.00'),
(111, 208, '2023-10-06', 'PV/2023/004', 'PAYV', 4, 'PAYMENT VOUCHER', '933.00', '0.00'),
(112, 208, '2023-10-06', 'PB009', 'PB', 9, 'Payment Bill', '0.00', '700.00'),
(114, 40, '2023-10-06', 'INV/2023/099', 'INV', 75, '', '8119.00', '0.00'),
(115, 40, '2023-10-08', 'RPT/2023/024', 'PAY', 32, 'PAYMENT', '0.00', '100.00'),
(116, 40, '2023-10-09', 'INV/2023/100', 'INV', 76, 'INVOICE', '357.65', '0.00'),
(117, 40, '2023-10-09', 'INV/2023/101', 'INV', 77, 'INVOICE', '0.00', '0.00'),
(118, 40, '2023-10-09', 'CN/2023/005', 'CN', 5, 'CREDIT NOTE', '0.00', '300.00'),
(119, 40, '2023-10-09', 'RPT/2023/025', 'PAY', 33, 'PAYMENT', '0.00', '100.00'),
(120, 40, '2023-10-09', 'CN/2023/006', 'CN', 6, 'CREDIT NOTE', '0.00', '50.00'),
(121, 208, '2023-10-10', 'PB0099', 'PB', 10, 'Payment Bill', '0.00', '900.00'),
(122, 208, '2023-10-10', 'PV/2023/007', 'PAYV', 6, 'PAYMENT VOUCHER', '2200.00', '0.00'),
(123, 94, '2023-10-10', 'INV/2023/106', 'INV', 78, 'INVOICE', '7000.00', '0.00'),
(124, 94, '2023-10-10', 'RPT/2023/028', 'PAY', 34, 'PAYMENT', '0.00', '906.00'),
(125, 94, '2023-10-11', 'RPT/2023/029', 'PAY', 35, 'PAYMENT', '0.00', '6094.00'),
(126, 174, '2023-10-11', 'INV/2023/107', 'INV', 79, 'INVOICE', '1000.00', '0.00'),
(127, 174, '2023-10-11', 'RPT/2023/030', 'PAY', 36, 'PAYMENT', '0.00', '150.00'),
(128, 245, '2023-10-16', 'INV/2023/108', 'INV', 80, '', '11000.00', '0.00'),
(129, 245, '2023-10-16', 'RPT/2023/031', 'PAY', 37, 'PAYMENT', '0.00', '6600.00'),
(130, 242, '2023-12-07', 'INV/2023/109', 'INV', 81, 'INVOICE', '950.80', '0.00'),
(131, 247, '2024-01-10', 'INV/2023/110', 'INV', 82, 'INVOICE', '2900.00', '0.00'),
(132, 15, '2024-02-08', 'INV/2024/005', 'INV', 83, 'INVOICE', '1274.00', '0.00'),
(133, 94, '2024-03-15', 'PB00100', 'PB', 11, 'Payment Bill', '0.00', '1000.07'),
(134, 132, '2024-03-15', 'INV/2024/006', 'INV', 84, 'INVOICE', '8931.40', '0.00'),
(135, 241, '2023-08-15', 'PB00101', 'PB', 12, 'Payment Bill', '0.00', '3441.55'),
(136, 94, '2024-03-15', 'PV/2023/008', 'PAYV', 7, 'PAYMENT VOUCHER', '1000.07', '0.00'),
(137, 34, '2024-03-15', 'INV/2024/007', 'INV', 85, '', '2803.80', '0.00'),
(138, 241, '2024-03-15', 'PB00102', 'PB', 13, 'Payment Bill', '0.00', '24353.84'),
(139, 241, '2024-03-15', 'PB00103', 'PB', 14, 'Payment Bill', '0.00', '1000.00'),
(140, 241, '2024-03-15', 'PV/2023/009', 'PAYV', 8, 'PAYMENT VOUCHER', '1200.00', '0.00'),
(141, 24, '2024-03-16', 'PB00104', 'PB', 15, 'Payment Bill', '0.00', '1000.00'),
(142, 24, '2024-03-16', 'PV/2024/010', 'PAYV', 9, 'PAYMENT VOUCHER', '1000.00', '0.00'),
(143, 148, '2024-03-22', 'PB00105', 'PB', 16, 'Payment Bill', '0.00', '24353.84'),
(144, 94, '2024-03-24', 'INV/2024/008', 'INV', 86, 'INVOICE', '8931.40', '0.00'),
(145, 18, '2024-03-25', 'INV/2024/009', 'INV', 87, 'INVOICE', '11000.00', '0.00'),
(146, 18, '2024-03-25', 'RPT/2023/032', 'PAY', 38, 'PAYMENT', '0.00', '2600.00'),
(147, 248, '2024-03-25', 'INV/2024/010', 'INV', 88, 'INVOICE', '12381.15', '0.00'),
(148, 174, '2024-03-25', 'INV/2024/011', 'INV', 89, 'INVOICE', '18186.29', '0.00'),
(149, 249, '2024-03-26', 'INV/2024/012', 'INV', 90, 'INVOICE', '8931.40', '0.00'),
(150, 15, '2024-05-01', 'CN/2023/007', 'CN', 7, 'CREDIT NOTE', '0.00', '1274.00'),
(151, 94, '2024-05-01', 'INV/2024/013', 'INV', 91, 'INVOICE', '8931.40', '0.00'),
(152, 241, '2024-05-01', 'INV/2024/014', 'INV', 92, 'INVOICE', '8931.40', '0.00'),
(154, 250, '2024-05-03', 'INV/2024/015', 'INV', 94, '', '22500.00', '0.00'),
(155, 248, '2024-05-16', 'RPT/2023/033', 'PAY', 39, 'PAYMENT', '0.00', '12381.15'),
(156, 132, '2024-05-16', 'INV/2024/016', 'INV', 95, 'INVOICE', '22500.00', '0.00'),
(157, 76, '2024-05-16', 'INV/2024/017', 'INV', 96, 'INVOICE', '12564.70', '0.00'),
(158, 94, '2024-05-22', 'INV/2024/018', 'INV', 97, 'INVOICE', '20574.25', '0.00'),
(159, 132, '2024-06-04', 'INV/2024/019', 'INV', 98, 'INVOICE', '5099.90', '0.00'),
(160, 132, '2024-06-04', 'RPT/2023/034', 'PAY', 40, 'PAYMENT', '0.00', '372.90'),
(161, 251, '2024-06-09', 'INV/2024/020', 'INV', 99, 'INVOICE', '5099.90', '0.00'),
(162, 251, '2024-06-09', 'RPT/2023/035', 'PAY', 41, 'PAYMENT', '0.00', '600.00'),
(163, 74, '2024-06-10', 'INV/2024/021', 'INV', 100, 'INVOICE', '5905.50', '0.00'),
(164, 174, '2024-06-10', 'INV/2024/022', 'INV', 101, 'INVOICE', '5490.60', '0.00'),
(165, 132, '2024-06-05', 'INV/2024/023', 'INV', 102, 'INVOICE', '4180.23', '0.00'),
(166, 250, '2024-06-10', 'INV/2024/024', 'INV', 103, '', '35232.25', '0.00'),
(167, 174, '2024-06-10', 'RPT/2023/036', 'PAY', 42, 'PAYMENT', '0.00', '635.00'),
(168, 74, '2024-06-10', 'RPT/2023/037', 'PAY', 43, 'PAYMENT', '0.00', '800.00'),
(169, 250, '2024-06-10', 'RPT/2023/038', 'PAY', 44, 'PAYMENT', '0.00', '200.00'),
(170, 24, '2024-06-10', 'INV/2024/025', 'INV', 104, 'INVOICE', '3845.60', '0.00'),
(171, 24, '2024-06-10', 'RPT/2023/039', 'PAY', 45, 'PAYMENT', '0.00', '100.00'),
(172, 62, '2024-06-24', 'INV/2024/027', 'INV', 105, 'INVOICE', '4090.21', '0.00'),
(173, 3, '2024-06-24', 'PB00106', 'PB', 17, 'Payment Bill', '0.00', '24353.84'),
(174, 83, '2024-06-24', 'PB00107', 'PB', 18, 'Payment Bill', '0.00', '5099.90'),
(175, 242, '2024-06-25', 'PB00108', 'PB', 19, 'Payment Bill', '0.00', '24354.80'),
(176, 62, '2024-06-25', 'CN/2023/008', 'CN', 8, 'CREDIT NOTE', '0.00', '911.18'),
(177, 62, '2024-06-26', 'CN/2023/009', 'CN', 9, 'CREDIT NOTE', '0.00', '4246.81'),
(178, 193, '2024-06-26', 'PB00109', 'PB', 20, 'Payment Bill', '0.00', '210.00'),
(179, 193, '2024-06-26', 'PV/2024/011', 'PAYV', 10, 'PAYMENT VOUCHER', '210.00', '0.00'),
(180, 132, '2024-06-26', 'CN/2023/010', 'CN', 10, 'CREDIT NOTE', '0.00', '867.37'),
(181, 132, '2024-06-26', 'RPT/2023/040', 'PAY', 46, 'PAYMENT', '0.00', '3312.86'),
(183, 250, '2024-06-27', 'INV/2024/028', 'INV', 106, 'INVOICE', '22500.00', '0.00'),
(184, 242, '2024-06-27', 'PB00110', 'PB', 21, 'Payment Bill', '0.00', '3397.50'),
(187, 148, '2024-06-27', 'PB00111', 'PB', 22, 'Payment Bill', '0.00', '1000.00'),
(188, 148, '2024-06-27', 'PV/2024/015', 'PAYV', 14, 'PAYMENT VOUCHER', '1000.00', '0.00'),
(189, 23, '2024-06-29', 'PB00112', 'PB', 23, 'Payment Bill', '0.00', '7000.00'),
(190, 208, '2024-06-29', 'PB00113', 'PB', 24, 'Payment Bill', '0.00', '999.00'),
(191, 253, '2024-06-29', 'INV/2024/029', 'INV', 107, 'INVOICE', '13312.20', '0.00'),
(192, 132, '2024-07-02', 'PB00114', 'PB', 25, 'Payment Bill', '0.00', '5763.85'),
(193, 148, '2024-07-05', 'PB00115', 'PB', 26, 'Payment Bill', '0.00', '1397.50'),
(194, 148, '2024-07-05', 'PV/2024/016', 'PAYV', 15, 'PAYMENT VOUCHER', '1397.50', '0.00'),
(195, 148, '2024-07-05', 'PB00116', 'PB', 27, 'Payment Bill', '0.00', '1000.00'),
(196, 148, '2024-07-05', 'PB00117', 'PB', 28, 'Payment Bill', '0.00', '400.00'),
(197, 148, '2024-07-05', 'PV/2024/017', 'PAYV', 16, 'PAYMENT VOUCHER', '1400.00', '0.00'),
(198, 132, '2024-07-08', 'PV/2024/018', 'PAYV', 17, 'PAYMENT VOUCHER', '5763.85', '0.00'),
(199, 18, '2024-07-12', 'PB00118', 'PB', 29, 'Payment Bill', '0.00', '1000.00'),
(200, 18, '2024-07-12', 'PV/2024/019', 'PAYV', 18, 'PAYMENT VOUCHER', '1000.00', '0.00'),
(201, 82, '2024-07-12', 'PB00119', 'PB', 30, 'Payment Bill', '0.00', '1397.50'),
(202, 82, '2024-07-12', 'PV/2024/020', 'PAYV', 19, 'PAYMENT VOUCHER', '1397.50', '0.00'),
(203, 118, '2024-07-14', 'PB00120', 'PB', 31, 'Payment Bill', '0.00', '2500.45'),
(204, 242, '2024-07-16', 'PV/2024/025', 'PAYV', 20, 'PAYMENT VOUCHER', '27752.30', '0.00'),
(205, 66, '2024-07-16', 'PB00121', 'PB', 32, 'Payment Bill', '0.00', '6000.00'),
(206, 66, '2024-07-16', 'PB00122', 'PB', 33, 'Payment Bill', '0.00', '450.00'),
(207, 66, '2024-07-16', 'PV/2024/026', 'PAYV', 21, 'PAYMENT VOUCHER', '6450.00', '0.00'),
(208, 94, '2024-07-18', 'INV/2024/030', 'INV', 108, 'INVOICE', '2511.20', '0.00'),
(209, 118, '2024-07-19', 'PB00123', 'PB', 34, 'Payment Bill', '0.00', '141.55'),
(210, 228, '2024-07-19', 'PB002890', 'PB', 35, 'Payment Bill', '0.00', '1397.50');

-- --------------------------------------------------------

--
-- Table structure for table `tbdeliveryorder`
--

DROP TABLE IF EXISTS `tbdeliveryorder`;
CREATE TABLE IF NOT EXISTS `tbdeliveryorder` (
  `deliveryOrder_id` int(11) NOT NULL AUTO_INCREMENT,
  `deliveryOrder_no` varchar(30) NOT NULL,
  `deliveryOrder_date` date NOT NULL,
  `deliveryOrder_customerID` int(11) NOT NULL,
  `deliveryOrder_title` varchar(200) NOT NULL,
  `deliveryOrder_from` varchar(50) NOT NULL,
  `deliveryOrder_terms` text NOT NULL,
  `deliveryOrder_attention` varchar(100) NOT NULL,
  `deliveryOrder_email` varchar(100) NOT NULL,
  `deliveryOrder_subTotal` decimal(10,2) NOT NULL DEFAULT '0.00',
  `deliveryOrder_taxTotal` decimal(10,2) NOT NULL DEFAULT '0.00',
  `deliveryOrder_grandTotal` decimal(10,2) NOT NULL DEFAULT '0.00',
  `deliveryOrder_discountTotal` decimal(10,2) NOT NULL DEFAULT '0.00',
  `deliveryOrder_totalAfterDiscount` decimal(10,2) NOT NULL DEFAULT '0.00',
  `deliveryOrder_roundAmount` decimal(10,2) NOT NULL DEFAULT '0.00',
  `deliveryOrder_grandTotalRound` decimal(10,2) NOT NULL DEFAULT '0.00',
  `deliveryOrder_roundStatus` int(1) NOT NULL DEFAULT '0',
  `deliveryOrder_content` text NOT NULL,
  `deliveryOrder_quotationNo` varchar(30) NOT NULL,
  `deliveryOrder_quotationID` int(11) NOT NULL DEFAULT '0',
  `deliveryOrder_invoiceNo` varchar(30) NOT NULL,
  `deliveryOrder_invoiceID` int(11) NOT NULL DEFAULT '0',
  PRIMARY KEY (`deliveryOrder_id`)
) ENGINE=InnoDB AUTO_INCREMENT=24 DEFAULT CHARSET=latin1;

--
-- Dumping data for table `tbdeliveryorder`
--

INSERT INTO `tbdeliveryorder` (`deliveryOrder_id`, `deliveryOrder_no`, `deliveryOrder_date`, `deliveryOrder_customerID`, `deliveryOrder_title`, `deliveryOrder_from`, `deliveryOrder_terms`, `deliveryOrder_attention`, `deliveryOrder_email`, `deliveryOrder_subTotal`, `deliveryOrder_taxTotal`, `deliveryOrder_grandTotal`, `deliveryOrder_discountTotal`, `deliveryOrder_totalAfterDiscount`, `deliveryOrder_roundAmount`, `deliveryOrder_grandTotalRound`, `deliveryOrder_roundStatus`, `deliveryOrder_content`, `deliveryOrder_quotationNo`, `deliveryOrder_quotationID`, `deliveryOrder_invoiceNo`, `deliveryOrder_invoiceID`) VALUES
(1, 'DO/2023/001', '2023-07-08', 94, '', '', '<p><strong>Delivery Order Terms</strong></p><p>a.) All necessary documentation permit to enter the jobsite shall be arranged by the Hirer.<br />b.) All lifting Gears to be provided by the Hirer.<br />c.) Sunday &amp; Public Holiday considered as overtime and minimum 8hrs.</p>', 'MR RAMESH / SHOBA', 'admin@clean_sewers.com', '1222.80', '0.00', '1222.80', '0.00', '1222.80', '0.00', '1222.80', 0, '', '', 0, 'INV/2023/002', 2),
(2, 'DO/2023/002', '2023-08-17', 200, '', '', '<p><strong>Delivery Order Terms</strong></p><p>a.) All necessary documentation permit to enter the jobsite shall be arranged by the Hirer.<br />b.) All lifting Gears to be provided by the Hirer.<br />c.) Sunday &amp; Public Holiday considered as overtime and minimum 8hrs.</p>', 'PATRICK DUTTON', 'patrick@gmail.com', '412796.20', '1747.50', '414534.22', '9.48', '412786.72', '-0.02', '414534.20', 1, '', '', 0, 'INV/2023/029', 29),
(3, 'DO/2023/003', '2023-08-23', 132, 'SENT PARTS TO IPOH AND ALL THE PORT KLANG ( BY AIR KARGO YT00098764-89  rap tank waste collected from HAIDILAO INTERNATIONAL FOOD SERVICES MALAYSIA', 'Mr Alex Teoh', '<p><strong>Delivery Order Terms</strong></p><p>a.) All necessary documentation permit to enter the jobsite shall be arranged by the Hirer.<br />b.) All lifting Gears to be provided by the Hirer.<br />c.) Sunday &amp; Public Holiday considered as overtime and minimum 8hrs.</p>', 'MR ALI KAMARUDDIN', 'care@iwk.com.my', '4004.95', '0.00', '4004.95', '0.00', '4004.95', '0.00', '4004.95', 0, '<p>SENT PARTS TO IPOH AND ALL THE PORT KLANG ( BY AIR KARGO YT00098764-89 &nbsp;rap tank waste collected from</p><p>HAIDILAO INTERNATIONAL FOOD SERVICES MALAYSIA</p>', '', 0, '', 0),
(4, 'DO/2023/004', '2023-08-26', 189, '', '', '<p><strong>Delivery Order Terms</strong></p><p>a.) All necessary documentation permit to enter the jobsite shall be arranged by the Hirer.<br />b.) All lifting Gears to be provided by the Hirer.<br />c.) Sunday &amp; Public Holiday considered as overtime and minimum 8hrs.</p>', 'MR SUHUMARAN DURAISAMY', '', '18168.65', '17.64', '18186.29', '0.00', '18168.65', '0.00', '18186.29', 0, '', '', 0, 'INV/2023/026', 25),
(5, 'DO/2023/005', '2023-09-05', 146, '', '', '<p><strong>Delivery Order Terms</strong></p><p>a.) All necessary documentation permit to enter the jobsite shall be arranged by the Hirer.<br />b.) All lifting Gears to be provided by the Hirer.<br />c.) Sunday &amp; Public Holiday considered as overtime and minimum 8hrs.</p>', 'CIKGU RAMESH', '', '13121.55', '0.00', '13121.55', '0.00', '13121.55', '0.00', '13121.55', 0, '<p>SENT PARTS TO IPOH AND ALL THE PORT KLANG ( BY AIR KARGO YT00098764-89 &nbsp;rap tank waste collected from HAIDILAO INTERNATIONAL FOOD SERVICES MALAYSIA SDN BHD</p>', 'QO/2023/010', 9, 'INV/2023/039', 39),
(6, 'DO/2023/006', '2023-09-08', 76, '', '', '<p><strong>Delivery Order Terms</strong></p><p>a.) All necessary documentation permit to enter the jobsite shall be arranged by the Hirer.<br />b.) All lifting Gears to be provided by the Hirer.<br />c.) Sunday &amp; Public Holiday considered as overtime and minimum 8hrs.</p>', 'SERI WAHYU RESINDENCE MANAGEMENT OFFICE', '', '3232.00', '0.00', '3232.00', '0.00', '3232.00', '0.00', '3232.00', 0, '', 'QO/2023/012', 11, 'INV/2023/047', 46),
(7, 'DO/2023/007', '2023-09-08', 19, '', '', '<p><strong>Delivery Order Terms</strong></p><p>a.) All necessary documentation permit to enter the jobsite shall be arranged by the Hirer.<br />b.) All lifting Gears to be provided by the Hirer.<br />c.) Sunday &amp; Public Holiday considered as overtime and minimum 8hrs.</p>', '', '', '29700.00', '0.00', '29700.00', '0.00', '29700.00', '0.00', '29700.00', 0, '', '', 0, 'INV/2023/048', 47),
(8, 'DO/2023/008', '2023-09-18', 235, '', '', '<p><strong>Delivery Order Terms</strong></p><p>a.) All necessary documentation permit to enter the jobsite shall be arranged by the Hirer.<br />b.) All lifting Gears to be provided by the Hirer.<br />c.) Sunday &amp; Public Holiday considered as overtime and minimum 8hrs.</p>', 'MR THIRU', '', '5000.00', '0.00', '5000.00', '0.00', '5000.00', '0.00', '5000.00', 0, '', '', 0, 'INV/2023/040', 40),
(9, 'DO/2023/009', '2023-09-20', 238, 'DESLUDGING WORK AT CONDO BASEMENT', '', '<p><strong>Delivery Order Terms</strong></p><p>a.) All necessary documentation permit to enter the jobsite shall be arranged by the Hirer.<br />b.) All lifting Gears to be provided by the Hirer.<br />c.) Sunday &amp; Public Holiday considered as overtime and minimum 8hrs.</p>', 'MR ONG KIM YEE', 'tanah@gmail.com', '4250.00', '0.00', '4250.00', '0.00', '4250.00', '0.00', '4250.00', 0, '<p>WORK LOCATION : TAN CHONG MOTOR SDN BHD - JALAN IPOH</p>', 'QO/2023/014', 13, 'INV/2023/055', 54),
(10, 'DO/2023/010', '2023-09-20', 11, 'DESLUDGING WORK AT CONDO BASEMENT AND JETTING WORKS', '', '<p><strong>Delivery Order Terms</strong></p><p>a.) All necessary documentation permit to enter the jobsite shall be arranged by the Hirer.<br />b.) All lifting Gears to be provided by the Hirer.<br />c.) Sunday &amp; Public Holiday considered as overtime and minimum 8hrs.</p>', 'Mr Saravanan', 'sara_98@hotmail.com', '9282.20', '0.00', '9236.34', '45.85', '9236.34', '0.00', '9236.34', 0, '<p>TO&nbsp;</p><p>MR ALEX FOONG</p>', 'QO/2023/015', 14, 'INV/2023/057', 56),
(11, 'DO/2023/011', '2023-09-20', 132, 'DESLUDGING & MANUAL RODDING WORKS IN PROGREE', '', '<p><strong>Delivery Order Terms</strong></p><p>a.) All necessary documentation permit to enter the jobsite shall be arranged by the Hirer.<br />b.) All lifting Gears to be provided by the Hirer.<br />c.) Sunday &amp; Public Holiday considered as overtime and minimum 8hrs.</p>', 'MR ALI KAMARUDDIN', 'care@iwk.com.my', '9282.20', '0.00', '9236.34', '45.85', '9236.34', '0.00', '9236.34', 0, '<p>TO&nbsp;</p><p>MR ALEX FOONG</p>', '', 0, 'INV/2023/058', 57),
(12, 'DO/2023/012', '2023-09-20', 120, '', '', '<p><strong>Delivery Order Terms</strong></p><p>a.) All necessary documentation permit to enter the jobsite shall be arranged by the Hirer.<br />b.) All lifting Gears to be provided by the Hirer.<br />c.) Sunday &amp; Public Holiday considered as overtime and minimum 8hrs.</p>', 'Mr Frank', '', '9674.20', '0.00', '9628.34', '45.85', '9628.34', '0.00', '9628.34', 0, '<p>TO&nbsp;</p><p>MR ALEX FOONG</p>', '', 0, 'INV/2023/059', 58),
(13, 'DO/2023/018', '2023-09-21', 18, '', '', '<p><strong>Delivery Order Terms</strong></p><p>a.) All necessary documentation permit to enter the jobsite shall be arranged by the Hirer.<br />b.) All lifting Gears to be provided by the Hirer.<br />c.) Sunday &amp; Public Holiday considered as overtime and minimum 8hrs.</p>', 'ENCIK KAMARUDDIN', 'fn_malaysia@gmail.com', '57675.20', '0.00', '53105.05', '4570.15', '53105.05', '0.00', '53105.05', 0, '<p>TO&nbsp;</p><p>MR ALEX FOONG</p>', 'QO/2023/020', 19, 'INV/2023/063', 61),
(14, 'DO/2023/019', '2023-09-22', 213, 'HANTAR BARANG KE PORT KLANG DHL CENTRE', '', '<p><strong>Delivery Order Terms</strong></p><p>a.) All necessary documentation permit to enter the jobsite shall be arranged by the Hirer.<br />b.) All lifting Gears to be provided by the Hirer.<br />c.) Sunday &amp; Public Holiday considered as overtime and minimum 8hrs.</p>', 'MRS ELANGO', 'elango@tmilmalaysia.com', '16098.95', '0.00', '16098.95', '0.00', '16098.95', '0.00', '16098.95', 0, '', '', 0, 'INV/2023/064', 62),
(15, 'DO/2023/020', '2023-10-05', 94, '', '', '<p><strong>Delivery Order Terms</strong></p><p>a.) All necessary documentation permit to enter the jobsite shall be arranged by the Hirer.<br />b.) All lifting Gears to be provided by the Hirer.<br />c.) Sunday &amp; Public Holiday considered as overtime and minimum 8hrs.</p>', 'MR RAMESH / SHOBA', 'admin@clean_sewers.com', '16098.95', '0.00', '16098.95', '0.00', '16098.95', '0.00', '16098.95', 0, '', '', 0, '', 0),
(16, 'DO/2023/021', '2023-10-05', 11, '', '', '<p><strong>Delivery Order Terms</strong></p><p>a.) All necessary documentation permit to enter the jobsite shall be arranged by the Hirer.<br />b.) All lifting Gears to be provided by the Hirer.<br />c.) Sunday &amp; Public Holiday considered as overtime and minimum 8hrs.</p>', 'Mr Saravanan', 'sara_98@hotmail.com', '9140.00', '0.00', '8770.00', '370.00', '8770.00', '0.00', '8770.00', 0, '', 'QO/2023/022', 21, '', 0),
(17, 'DO/2023/022', '2023-10-06', 40, '', 'MS PRAYANKKA KAUR', '<p><strong>Delivery Order Terms</strong></p><p>a.) All necessary documentation permit to enter the jobsite shall be arranged by the Hirer.<br />b.) All lifting Gears to be provided by the Hirer.<br />c.) Sunday &amp; Public Holiday considered as overtime and minimum 8hrs.</p>', 'MR RAMESH (DATOK)', '', '6701.55', '0.00', '6701.55', '0.00', '6701.55', '0.00', '6701.55', 0, '', 'QO/2023/023', 22, 'INV/2023/099', 75),
(18, 'DO/2023/023', '2024-03-15', 132, '', '', '<p><strong>Delivery Order Terms</strong></p><p>a.) All necessary documentation permit to enter the jobsite shall be arranged by the Hirer.<br />b.) All lifting Gears to be provided by the Hirer.<br />c.) Sunday &amp; Public Holiday considered as overtime and minimum 8hrs.</p>', 'MR ALI KAMARUDDIN', 'care@iwk.com.my', '8941.45', '9.47', '8931.39', '19.53', '8921.92', '0.01', '8931.40', 1, '', '', 0, 'INV/2024/006', 84),
(19, 'DO/2023/024', '2024-05-16', 76, '', '', '<p><strong>Delivery Order Terms</strong></p><p>a.) All necessary documentation permit to enter the jobsite shall be arranged by the Hirer.<br />b.) All lifting Gears to be provided by the Hirer.<br />c.) Sunday &amp; Public Holiday considered as overtime and minimum 8hrs.</p><p>&nbsp;</p><p>BERJAYA EARA RESOURCES<br />B-2-10 JALAN SS6/20 DATARAN GLOMAC<br />PUSAT BANDAR KELANA JAYA , 47301 SELANGOR D.E<br />001776480-A</p>', 'SERI WAHYU RESINDENCE MANAGEMENT OFFICE', '', '12564.70', '0.00', '12564.70', '0.00', '12564.70', '0.00', '12564.70', 0, '', '', 0, 'INV/2024/017', 96),
(20, 'DO/2023/025', '2024-06-10', 22, '', '', '<p><strong>Delivery Order Terms</strong></p><p>a.) All necessary documentation permit to enter the jobsite shall be arranged by the Hirer.<br />b.) All lifting Gears to be provided by the Hirer.<br />c.) Sunday &amp; Public Holiday considered as overtime and minimum 8hrs.</p><p>&nbsp;</p><p>BERJAYA EARA RESOURCES<br />B-2-10 JALAN SS6/20 DATARAN GLOMAC<br />PUSAT BANDAR KELANA JAYA , 47301 SELANGOR D.E<br />001776480-A</p>', 'Mr Teng Ken Fatt', 'giant_selayang@gmail.com', '7300.00', '0.00', '7300.00', '0.00', '7300.00', '0.00', '7300.00', 0, '', 'QO/2024/014', 35, '', 0),
(21, 'DO/2023/026', '2024-06-07', 174, '', '', '<p><strong>Delivery Order Terms</strong></p><p>a.) All necessary documentation permit to enter the jobsite shall be arranged by the Hirer.<br />b.) All lifting Gears to be provided by the Hirer.<br />c.) Sunday &amp; Public Holiday considered as overtime and minimum 8hrs.</p><p>&nbsp;</p><p>BERJAYA EARA RESOURCES<br />B-2-10 JALAN SS6/20 DATARAN GLOMAC<br />PUSAT BANDAR KELANA JAYA , 47301 SELANGOR D.E<br />001776480-A</p>', 'Ms. Kithana', '', '5490.60', '0.00', '5490.60', '0.00', '5490.60', '0.00', '5490.60', 0, '', '', 0, 'INV/2024/022', 101),
(22, 'DO/2023/027', '2024-06-03', 132, '', '', '<p><strong>Delivery Order Terms</strong></p><p>a.) All necessary documentation permit to enter the jobsite shall be arranged by the Hirer.<br />b.) All lifting Gears to be provided by the Hirer.<br />c.) Sunday &amp; Public Holiday considered as overtime and minimum 8hrs.</p><p>&nbsp;</p><p>BERJAYA EARA RESOURCES<br />B-2-10 JALAN SS6/20 DATARAN GLOMAC<br />PUSAT BANDAR KELANA JAYA , 47301 SELANGOR D.E<br />001776480-A</p>', 'MR ALI KAMARUDDIN', 'care@iwk.com.my', '5039.90', '60.33', '4180.23', '920.00', '4119.90', '0.00', '4180.23', 0, '', '', 0, 'INV/2024/023', 102),
(23, 'DO/2023/028', '2024-06-24', 62, '', '', '<p><strong>Delivery Order Terms</strong></p><p>a.) All necessary documentation permit to enter the jobsite shall be arranged by the Hirer.<br />b.) All lifting Gears to be provided by the Hirer.<br />c.) Sunday &amp; Public Holiday considered as overtime and minimum 8hrs.</p><p>&nbsp;</p><p>BERJAYA EARA RESOURCES<br />B-2-10 JALAN SS6/20 DATARAN GLOMAC<br />PUSAT BANDAR KELANA JAYA , 47301 SELANGOR D.E<br />001776480-A</p>', 'ENCIK AZHAR', 'azhar.rahman@kimgres.com', '4947.20', '99.01', '5046.21', '0.00', '4947.20', '0.00', '5046.21', 0, '', '', 0, 'INV/2024/027', 105);

-- --------------------------------------------------------

--
-- Table structure for table `tbdeliveryorderdetail`
--

DROP TABLE IF EXISTS `tbdeliveryorderdetail`;
CREATE TABLE IF NOT EXISTS `tbdeliveryorderdetail` (
  `deliveryOrderDetail_id` int(11) NOT NULL AUTO_INCREMENT,
  `deliveryOrderDetail_deliveryOrderID` int(10) NOT NULL,
  `deliveryOrderDetail_no1` varchar(200) NOT NULL,
  `deliveryOrderDetail_no2` varchar(200) NOT NULL,
  `deliveryOrderDetail_no3` decimal(10,2) NOT NULL DEFAULT '0.00',
  `deliveryOrderDetail_no4` varchar(200) NOT NULL,
  `deliveryOrderDetail_bold` int(11) NOT NULL DEFAULT '0' COMMENT '0=normal, 1=bold',
  `deliveryOrderDetail_sortID` int(2) NOT NULL DEFAULT '0',
  `deliveryOrderDetail_no5` decimal(10,2) NOT NULL DEFAULT '0.00',
  `deliveryOrderDetail_rowTotal` decimal(10,2) NOT NULL DEFAULT '0.00',
  `deliveryOrderDetail_taxRateID` int(10) NOT NULL DEFAULT '0',
  `deliveryOrderDetail_taxPercent` decimal(10,2) NOT NULL DEFAULT '0.00',
  `deliveryOrderDetail_taxTotal` decimal(10,2) NOT NULL DEFAULT '0.00',
  `deliveryOrderDetail_rowGrandTotal` decimal(10,2) NOT NULL DEFAULT '0.00',
  `deliveryOrderDetail_discountPercent` decimal(10,2) NOT NULL DEFAULT '0.00',
  `deliveryOrderDetail_discountAmount` decimal(10,2) NOT NULL DEFAULT '0.00',
  `deliveryOrderDetail_rowTotalAfterDiscount` decimal(10,2) NOT NULL DEFAULT '0.00',
  PRIMARY KEY (`deliveryOrderDetail_id`)
) ENGINE=InnoDB AUTO_INCREMENT=273 DEFAULT CHARSET=latin1;

--
-- Dumping data for table `tbdeliveryorderdetail`
--

INSERT INTO `tbdeliveryorderdetail` (`deliveryOrderDetail_id`, `deliveryOrderDetail_deliveryOrderID`, `deliveryOrderDetail_no1`, `deliveryOrderDetail_no2`, `deliveryOrderDetail_no3`, `deliveryOrderDetail_no4`, `deliveryOrderDetail_bold`, `deliveryOrderDetail_sortID`, `deliveryOrderDetail_no5`, `deliveryOrderDetail_rowTotal`, `deliveryOrderDetail_taxRateID`, `deliveryOrderDetail_taxPercent`, `deliveryOrderDetail_taxTotal`, `deliveryOrderDetail_rowGrandTotal`, `deliveryOrderDetail_discountPercent`, `deliveryOrderDetail_discountAmount`, `deliveryOrderDetail_rowTotalAfterDiscount`) VALUES
(1, 1, '', 'CALENDAR FOR YEAR 2023 INCLUDING STICKERS MICKEY MOUSE', '24.00', 'PCS', 0, 1, '50.95', '1222.80', 1, '0.00', '0.00', '1222.80', '0.00', '0.00', '1222.80'),
(2, 1, '', '', '0.00', '', 0, 2, '0.00', '0.00', 1, '0.00', '0.00', '0.00', '0.00', '0.00', '0.00'),
(3, 1, '', '', '0.00', '', 0, 3, '0.00', '0.00', 1, '0.00', '0.00', '0.00', '0.00', '0.00', '0.00'),
(4, 1, '', '', '0.00', '', 0, 4, '0.00', '0.00', 1, '0.00', '0.00', '0.00', '0.00', '0.00', '0.00'),
(5, 1, '', '', '0.00', '', 0, 5, '0.00', '0.00', 1, '0.00', '0.00', '0.00', '0.00', '0.00', '0.00'),
(6, 2, '', 'WORK SCOPE', '0.00', '', 0, 1, '0.00', '0.00', 1, '0.00', '0.00', '0.00', '0.00', '0.00', '0.00'),
(7, 2, '1', 'CALENDAR FOR YEAR 2023 INCLUDING STICKERS MICKEY MOUSE', '1.00', 'PCS', 0, 2, '50.95', '50.95', 2, '6.00', '3.06', '54.01', '0.00', '0.00', '50.95'),
(8, 2, '2', 'NOKIA CHARGER TYPE CARBON 4598BK', '1.00', 'UNIT', 0, 3, '59.00', '59.00', 1, '0.00', '0.00', '56.05', '5.00', '2.95', '56.05'),
(9, 2, '3', 'DHLD PACKAGE DELIVERY CHARGES', '1.00', 'LOT', 0, 4, '50.00', '50.00', 1, '0.00', '0.00', '50.00', '0.00', '0.00', '50.00'),
(10, 2, '4', 'TO USE TOOLS AND MANUALLY ENTER THE  DRAIN TO REMOVE ALL SAND, STONES, DEBRIS ETC FROM THE SIDES AND BOTTOM OF DRAIN.', '2.00', 'LOT', 0, 5, '3700.00', '7400.00', 1, '0.00', '0.00', '7400.00', '0.00', '0.00', '7400.00'),
(11, 2, '5', 'MAZDA X5 TYRE CHANGE 175/90PSI JAPAN MADE', '1.00', 'PCS', 0, 6, '130.50', '130.50', 4, '34.00', '42.15', '166.12', '5.00', '6.53', '123.97'),
(12, 2, '6', 'COMPUTER DELL XPS 15 16GB RAM 512GB SSD INTEL I9 PROCESSOR', '1.00', 'PCS', 0, 7, '0.00', '0.00', 1, '0.00', '0.00', '0.00', '0.00', '0.00', '0.00'),
(13, 2, '', 'TOP RADIATOR HOSE ORIGINAL', '0.00', 'litre', 0, 8, '0.00', '0.00', 6, '1.50', '0.00', '0.00', '3.00', '0.00', '0.00'),
(14, 2, '1', 'RATTAN CHAIR (japan made)', '0.00', 'PCS', 0, 9, '99.00', '99.00', 1, '0.00', '0.00', '99.00', '0.00', '0.00', '99.00'),
(15, 2, '2', 'MOTOROLLA HANDPHONE MODEL X-9', '1.00', 'unit', 0, 10, '5006.75', '5006.75', 4, '34.00', '1702.30', '6709.05', '0.00', '0.00', '5006.75'),
(16, 2, '3', 'TEAK WOOD IKEA TABLE 5 X 7 FEET', '4.00', 'PCS', 0, 11, '100000.00', '400000.00', 1, '0.00', '0.00', '400000.00', '0.00', '0.00', '400000.00'),
(62, 3, '1.', 'CALENDAR FOR YEAR 2023 INCLUDING STICKERS MICKEY MOUSE', '0.00', 'PCS', 0, 1, '50.95', '50.95', 1, '0.00', '0.00', '50.95', '0.00', '0.00', '50.95'),
(63, 3, '2.', 'REMOVE WINDSCREEN AND TINTING WORKS DONE FOR THE WHOLE CAR', '0.00', 'UNITS', 0, 2, '0.00', '0.00', 1, '0.00', '0.00', '0.00', '0.00', '0.00', '0.00'),
(64, 3, '3.', 'FRANCE PERFUME ( LAVENDAR SMELL)', '0.00', '', 0, 3, '98.00', '98.00', 1, '0.00', '0.00', '98.00', '0.00', '0.00', '98.00'),
(65, 3, '4.', 'LABOUR TO REPLACE PARTS & SERVICE', '0.00', 'bundles', 0, 4, '56.00', '56.00', 1, '0.00', '0.00', '56.00', '0.00', '0.00', '56.00'),
(66, 3, '5.', 'TO USE TOOLS AND MANUALLY ENTER THE  DRAIN TO REMOVE ALL SAND, STONES, DEBRIS ETC FROM THE SIDES AND BOTTOM OF DRAIN.', '0.00', 'LOT', 0, 5, '3700.00', '3700.00', 1, '0.00', '0.00', '3700.00', '0.00', '0.00', '3700.00'),
(67, 3, '', '', '0.00', '', 0, 6, '0.00', '0.00', 1, '0.00', '0.00', '0.00', '0.00', '0.00', '0.00'),
(68, 3, '', '', '0.00', '', 0, 7, '0.00', '0.00', 1, '0.00', '0.00', '0.00', '0.00', '0.00', '0.00'),
(69, 3, '', 'COMPUTER HP 16GB RAM 256 GB RAM JAPAN MADE', '0.00', 'PC', 1, 8, '100.00', '100.00', 1, '0.00', '0.00', '100.00', '0.00', '0.00', '100.00'),
(70, 3, '', '', '0.00', '', 0, 9, '0.00', '0.00', 1, '0.00', '0.00', '0.00', '0.00', '0.00', '0.00'),
(82, 4, '1.', 'APPLE CIDER', '3.00', 'bottles', 0, 1, '111.00', '333.00', 1, '0.00', '0.00', '333.00', '0.00', '0.00', '333.00'),
(83, 4, '2.', 'CAR AIRCOND REFILL GAS AND SERVICE', '3.00', '', 0, 2, '99.65', '298.95', 1, '0.00', '0.00', '298.95', '0.00', '0.00', '298.95'),
(84, 4, '3.', 'CALENDAR FOR YEAR 2023 INCLUDING STICKERS MICKEY MOUSE', '0.00', 'PCS', 0, 3, '50.95', '50.95', 1, '0.00', '0.00', '50.95', '0.00', '0.00', '50.95'),
(85, 4, '4.', 'COMPUTER HP 16GB RAM 256 GB RAM JAPAN MADE', '0.00', 'PC', 0, 4, '100.00', '100.00', 1, '0.00', '0.00', '100.00', '0.00', '0.00', '100.00'),
(86, 4, '5.', 'FRANCE PERFUME ( LAVENDAR SMELL)', '3.00', '', 0, 5, '98.00', '294.00', 2, '6.00', '17.64', '311.64', '0.00', '0.00', '294.00'),
(87, 4, '6.', 'CAR DENT KNOCKING AND PAINTING', '0.00', 'LOT', 0, 6, '0.00', '0.00', 1, '0.00', '0.00', '0.00', '0.00', '0.00', '0.00'),
(88, 4, '7.', 'CHANGE CAR TYRES', '0.00', 'PERSON', 0, 7, '66.00', '66.00', 1, '0.00', '0.00', '66.00', '0.00', '0.00', '66.00'),
(89, 4, '', 'LABOUR', '0.00', '', 1, 8, '0.00', '0.00', 1, '0.00', '0.00', '0.00', '0.00', '0.00', '0.00'),
(90, 4, '1.', 'CAR POLISH 2.5 LITRES', '0.00', 'BOX', 0, 9, '19.00', '19.00', 1, '0.00', '0.00', '19.00', '0.00', '0.00', '19.00'),
(91, 4, '2.', 'MOTOROLLA HANDPHONE MODEL X-9', '0.00', 'unit', 0, 10, '5006.75', '5006.75', 1, '0.00', '0.00', '5006.75', '0.00', '0.00', '5006.75'),
(92, 4, '3.', 'GRAND TURISMO 2.4', '0.00', 'UNIT', 0, 11, '12000.00', '12000.00', 1, '0.00', '0.00', '12000.00', '0.00', '0.00', '12000.00'),
(93, 5, '', 'BUTTER CHICKEN', '0.00', 'pcs', 0, 1, '67.55', '67.55', 1, '0.00', '0.00', '67.55', '0.00', '0.00', '67.55'),
(94, 5, '', 'PREPARE HOUSE TENANCY AGREEMENT FOR CUSTOMER FOR THE YEAR 2023 AND 2024', '0.00', 'LOT', 0, 2, '900.00', '900.00', 1, '0.00', '0.00', '900.00', '0.00', '0.00', '900.00'),
(95, 5, '', 'FRANCE PERFUME ( LAVENDAR SMELL)', '0.00', '', 0, 3, '98.00', '98.00', 1, '0.00', '0.00', '98.00', '0.00', '0.00', '98.00'),
(96, 5, '', 'LABOUR TO REPLACE PARTS & SERVICE', '0.00', 'bundles', 0, 4, '56.00', '56.00', 1, '0.00', '0.00', '56.00', '0.00', '0.00', '56.00'),
(97, 5, '', 'GRAND TURISMO 2.4', '0.00', 'UNIT', 0, 5, '12000.00', '12000.00', 1, '0.00', '0.00', '12000.00', '0.00', '0.00', '12000.00'),
(98, 6, '', '', '0.00', '', 0, 1, '3232.00', '3232.00', 1, '0.00', '0.00', '3232.00', '0.00', '0.00', '3232.00'),
(99, 6, '', '', '0.00', '', 0, 2, '0.00', '0.00', 1, '0.00', '0.00', '0.00', '0.00', '0.00', '0.00'),
(100, 6, '', '', '0.00', '', 0, 3, '0.00', '0.00', 1, '0.00', '0.00', '0.00', '0.00', '0.00', '0.00'),
(101, 6, '', '', '0.00', '', 0, 4, '0.00', '0.00', 1, '0.00', '0.00', '0.00', '0.00', '0.00', '0.00'),
(102, 6, '', '', '0.00', '', 0, 5, '0.00', '0.00', 1, '0.00', '0.00', '0.00', '0.00', '0.00', '0.00'),
(103, 7, '', 'COMPUTER DELL XPS 15 16GB RAM 512GB SSD INTEL I9 PROCESSOR', '34.00', 'PCS', 0, 1, '0.00', '0.00', 1, '0.00', '0.00', '0.00', '0.00', '0.00', '0.00'),
(104, 7, '', 'PREPARE HOUSE TENANCY AGREEMENT FOR CUSTOMER FOR THE YEAR 2023 AND 2024', '33.00', 'LOT', 0, 2, '900.00', '29700.00', 1, '0.00', '0.00', '29700.00', '0.00', '0.00', '29700.00'),
(105, 7, '', '', '0.00', '', 0, 3, '0.00', '0.00', 1, '0.00', '0.00', '0.00', '0.00', '0.00', '0.00'),
(106, 7, '', '', '0.00', '', 0, 4, '0.00', '0.00', 1, '0.00', '0.00', '0.00', '0.00', '0.00', '0.00'),
(107, 7, '', '', '0.00', '', 0, 5, '0.00', '0.00', 1, '0.00', '0.00', '0.00', '0.00', '0.00', '0.00'),
(108, 8, '', '', '5.00', '', 0, 1, '1000.00', '5000.00', 1, '0.00', '0.00', '5000.00', '0.00', '0.00', '5000.00'),
(109, 8, '', '', '0.00', '', 0, 2, '0.00', '0.00', 1, '0.00', '0.00', '0.00', '0.00', '0.00', '0.00'),
(110, 8, '', '', '0.00', '', 0, 3, '0.00', '0.00', 1, '0.00', '0.00', '0.00', '0.00', '0.00', '0.00'),
(111, 8, '', '', '0.00', '', 0, 4, '0.00', '0.00', 1, '0.00', '0.00', '0.00', '0.00', '0.00', '0.00'),
(112, 8, '', '', '0.00', '', 0, 5, '0.00', '0.00', 1, '0.00', '0.00', '0.00', '0.00', '0.00', '0.00'),
(113, 9, '', 'DESLUDGING SEPTIC TANK AND CLEAR BLOCKAGES', '0.00', '', 0, 1, '0.00', '0.00', 1, '0.00', '0.00', '0.00', '0.00', '0.00', '0.00'),
(114, 9, '1.', 'TO USE DESLUDGING TANKER TO PUMP OUT AND REMOVE ALL SLUDGE AND WASTE WATER TO LOCATE PIPE BLOCKAGE', '0.00', '', 0, 2, '550.00', '550.00', 1, '0.00', '0.00', '550.00', '0.00', '0.00', '550.00'),
(115, 9, '2.', 'TO SUPPLY DESLUDGING TANKER, TOOLS, MATERIAL AND SKILLED WORKERS', '0.00', '', 0, 3, '0.00', '0.00', 1, '0.00', '0.00', '0.00', '0.00', '0.00', '0.00'),
(116, 9, '3.', 'ALL SAFETY PROCEDURES FOLLOWED AT WORK SITE', '0.00', '', 0, 4, '0.00', '0.00', 1, '0.00', '0.00', '0.00', '0.00', '0.00', '0.00'),
(117, 9, '4.', 'TO USE TOOLS AND MANUALLY ENTER THE  DRAIN TO REMOVE ALL SAND, STONES, DEBRIS ETC FROM THE SIDES AND BOTTOM OF DRAINAGE.', '0.00', 'LOT', 0, 5, '3700.00', '3700.00', 1, '0.00', '0.00', '3700.00', '0.00', '0.00', '3700.00'),
(118, 9, '', '', '0.00', '', 0, 6, '0.00', '0.00', 1, '0.00', '0.00', '0.00', '0.00', '0.00', '0.00'),
(119, 9, '', '', '0.00', '', 0, 7, '0.00', '0.00', 1, '0.00', '0.00', '0.00', '0.00', '0.00', '0.00'),
(120, 9, '', '', '0.00', '', 0, 8, '0.00', '0.00', 1, '0.00', '0.00', '0.00', '0.00', '0.00', '0.00'),
(121, 10, '', 'PARTS MAINTENANCE', '0.00', '', 0, 1, '0.00', '0.00', 1, '0.00', '0.00', '0.00', '0.00', '0.00', '0.00'),
(122, 10, '1.', 'CALENDAR FOR YEAR 2023 INCLUDING STICKERS MICKEY MOUSE', '9.00', 'PCS', 0, 2, '50.95', '458.55', 1, '0.00', '0.00', '412.69', '10.00', '45.85', '412.69'),
(123, 10, '2.', 'CASIO SCIENTIFIC CALCULATOR\r\nMODEL 4590-J', '9.00', 'UNIT', 0, 3, '650.85', '5857.65', 1, '0.00', '0.00', '5857.65', '0.00', '0.00', '5857.65'),
(124, 10, '3.', 'CAR TINTING SERVICE - V COOL HOLLAND TYPE', '1.00', 'PCS', 0, 4, '66.00', '66.00', 1, '0.00', '0.00', '66.00', '0.00', '0.00', '66.00'),
(125, 10, '4.', 'COMPUTER DELL XPS 15 16GB RAM 512GB SSD INTEL I9 PROCESSOR', '4.00', 'PCS', 0, 5, '0.00', '0.00', 1, '0.00', '0.00', '0.00', '0.00', '0.00', '0.00'),
(126, 10, '5.', 'REMOVE WINDSCREEN AND TINTING WORKS DONE FOR THE WHOLE CAR', '0.00', 'UNITS', 0, 6, '0.00', '0.00', 1, '0.00', '0.00', '0.00', '0.00', '0.00', '0.00'),
(127, 10, '', 'LABOUR', '0.00', '', 0, 7, '0.00', '0.00', 1, '0.00', '0.00', '0.00', '0.00', '0.00', '0.00'),
(128, 10, '1.', 'DESLUDGING TANKER 3 CUBIC METERS', '0.00', 'TRIP', 0, 8, '900.00', '900.00', 1, '0.00', '0.00', '900.00', '0.00', '0.00', '900.00'),
(129, 10, '2.', 'DESLUDGING TANKER 8 CUBIC METERS', '0.00', 'TRIP', 0, 9, '1200.00', '1200.00', 1, '0.00', '0.00', '1200.00', '0.00', '0.00', '1200.00'),
(130, 10, '3.', 'JETTING WORKS AND CLEAR BLOCKAGES WITH RODDER MACHINE', '0.00', 'unit', 0, 10, '800.00', '800.00', 1, '0.00', '0.00', '800.00', '0.00', '0.00', '800.00'),
(131, 10, '', '', '0.00', '', 0, 11, '0.00', '0.00', 1, '0.00', '0.00', '0.00', '0.00', '0.00', '0.00'),
(132, 10, '', '', '0.00', '', 0, 12, '0.00', '0.00', 1, '0.00', '0.00', '0.00', '0.00', '0.00', '0.00'),
(133, 11, '', 'PARTS MAINTENANCE', '0.00', '', 0, 1, '0.00', '0.00', 1, '0.00', '0.00', '0.00', '0.00', '0.00', '0.00'),
(134, 11, '1.', 'CALENDAR FOR YEAR 2023 INCLUDING STICKERS MICKEY MOUSE', '9.00', 'PCS', 0, 2, '50.95', '458.55', 1, '0.00', '0.00', '412.69', '10.00', '45.85', '412.69'),
(135, 11, '2.', 'CASIO SCIENTIFIC CALCULATOR\r\nMODEL 4590-J', '9.00', 'UNIT', 0, 3, '650.85', '5857.65', 1, '0.00', '0.00', '5857.65', '0.00', '0.00', '5857.65'),
(136, 11, '3.', 'CAR TINTING SERVICE - V COOL HOLLAND TYPE', '1.00', 'PCS', 0, 4, '66.00', '66.00', 1, '0.00', '0.00', '66.00', '0.00', '0.00', '66.00'),
(137, 11, '4.', 'COMPUTER DELL XPS 15 16GB RAM 512GB SSD INTEL I9 PROCESSOR', '4.00', 'PCS', 0, 5, '0.00', '0.00', 1, '0.00', '0.00', '0.00', '0.00', '0.00', '0.00'),
(138, 11, '5.', 'REMOVE WINDSCREEN AND TINTING WORKS DONE FOR THE WHOLE CAR', '0.00', 'UNITS', 0, 6, '0.00', '0.00', 1, '0.00', '0.00', '0.00', '0.00', '0.00', '0.00'),
(139, 11, '', 'LABOUR', '0.00', '', 0, 7, '0.00', '0.00', 1, '0.00', '0.00', '0.00', '0.00', '0.00', '0.00'),
(140, 11, '1.', 'DESLUDGING TANKER 3 CUBIC METERS', '0.00', 'TRIP', 0, 8, '900.00', '900.00', 1, '0.00', '0.00', '900.00', '0.00', '0.00', '900.00'),
(141, 11, '2.', 'DESLUDGING TANKER 8 CUBIC METERS', '0.00', 'TRIP', 0, 9, '1200.00', '1200.00', 1, '0.00', '0.00', '1200.00', '0.00', '0.00', '1200.00'),
(142, 11, '3.', 'JETTING WORKS AND CLEAR BLOCKAGES WITH RODDER MACHINE', '0.00', 'unit', 0, 10, '800.00', '800.00', 1, '0.00', '0.00', '800.00', '0.00', '0.00', '800.00'),
(143, 11, '', '', '0.00', '', 0, 11, '0.00', '0.00', 1, '0.00', '0.00', '0.00', '0.00', '0.00', '0.00'),
(144, 11, '', '', '0.00', '', 0, 12, '0.00', '0.00', 1, '0.00', '0.00', '0.00', '0.00', '0.00', '0.00'),
(145, 12, '', 'PARTS MAINTENANCE', '0.00', '', 0, 1, '0.00', '0.00', 1, '0.00', '0.00', '0.00', '0.00', '0.00', '0.00'),
(146, 12, '1.', 'CALENDAR FOR YEAR 2023 INCLUDING STICKERS MICKEY MOUSE', '9.00', 'PCS', 0, 2, '50.95', '458.55', 1, '0.00', '0.00', '412.69', '10.00', '45.85', '412.69'),
(147, 12, '2.', 'CASIO SCIENTIFIC CALCULATOR\r\nMODEL 4590-J', '9.00', 'UNIT', 0, 3, '650.85', '5857.65', 1, '0.00', '0.00', '5857.65', '0.00', '0.00', '5857.65'),
(148, 12, '3.', 'CAR TINTING SERVICE - V COOL HOLLAND TYPE', '1.00', 'PCS', 0, 4, '66.00', '66.00', 1, '0.00', '0.00', '66.00', '0.00', '0.00', '66.00'),
(149, 12, '4.', 'COMPUTER DELL XPS 15 16GB RAM 512GB SSD INTEL I9 PROCESSOR', '4.00', 'PCS', 0, 5, '0.00', '0.00', 1, '0.00', '0.00', '0.00', '0.00', '0.00', '0.00'),
(150, 12, '5.', 'REMOVE WINDSCREEN AND TINTING WORKS DONE FOR THE WHOLE CAR', '0.00', 'UNITS', 0, 6, '0.00', '0.00', 1, '0.00', '0.00', '0.00', '0.00', '0.00', '0.00'),
(151, 12, '', 'LABOUR', '0.00', '', 0, 7, '0.00', '0.00', 1, '0.00', '0.00', '0.00', '0.00', '0.00', '0.00'),
(152, 12, '1.', 'DESLUDGING TANKER 3 CUBIC METERS', '0.00', 'TRIP', 0, 8, '900.00', '900.00', 1, '0.00', '0.00', '900.00', '0.00', '0.00', '900.00'),
(153, 12, '2.', 'DESLUDGING TANKER 8 CUBIC METERS', '0.00', 'TRIP', 0, 9, '1200.00', '1200.00', 1, '0.00', '0.00', '1200.00', '0.00', '0.00', '1200.00'),
(154, 12, '3.', 'JETTING WORKS AND CLEAR BLOCKAGES WITH RODDER MACHINE', '0.00', 'unit', 0, 10, '800.00', '800.00', 1, '0.00', '0.00', '800.00', '0.00', '0.00', '800.00'),
(155, 12, '4.', 'FRANCE PERFUME ENZYME GREASE( LAVENDAR SMELL)', '4.00', 'TINS', 0, 11, '98.00', '392.00', 1, '0.00', '0.00', '392.00', '0.00', '0.00', '392.00'),
(156, 12, '', '', '0.00', '', 0, 12, '0.00', '0.00', 1, '0.00', '0.00', '0.00', '0.00', '0.00', '0.00'),
(157, 12, '', '', '0.00', '', 0, 13, '0.00', '0.00', 1, '0.00', '0.00', '0.00', '0.00', '0.00', '0.00'),
(158, 12, '', '', '0.00', '', 0, 14, '0.00', '0.00', 1, '0.00', '0.00', '0.00', '0.00', '0.00', '0.00'),
(171, 13, '', 'PARTS MAINTENANCE', '0.00', '', 0, 1, '0.00', '0.00', 1, '0.00', '0.00', '0.00', '0.00', '0.00', '0.00'),
(172, 13, '1.', 'CALENDAR FOR YEAR 2023 INCLUDING STICKERS MICKEY MOUSEedeff', '9.00', 'PCS', 0, 2, '5077.95', '45701.55', 1, '0.00', '0.00', '41131.40', '10.00', '4570.15', '41131.40'),
(173, 13, '2.', 'CASIO SCIENTIFIC CALCULATORfef\r\nMODEL 4590-Jfefe', '9.00', 'UNIT', 0, 3, '650.85', '5857.65', 1, '0.00', '0.00', '5857.65', '0.00', '0.00', '5857.65'),
(174, 13, '3.', 'CAR TINTING SERVICE - V COOL HOLLAND TYPE', '1.00', 'PCS', 0, 4, '66.00', '66.00', 1, '0.00', '0.00', '66.00', '0.00', '0.00', '66.00'),
(175, 13, '4.', 'COMPUTER DELL XPS 15 16GB RAM 512GB SSD INTEL I9 PROCESSOR', '4.00', 'PCS', 0, 5, '0.00', '0.00', 1, '0.00', '0.00', '0.00', '0.00', '0.00', '0.00'),
(176, 13, '5.', 'REMOVE WINDSCREEN AND TINTING WORKS DONE FOR THE WHOLE CAR', '0.00', 'UNITS', 0, 6, '0.00', '0.00', 1, '0.00', '0.00', '0.00', '0.00', '0.00', '0.00'),
(177, 13, '', 'LABOUR', '0.00', '', 0, 7, '0.00', '0.00', 1, '0.00', '0.00', '0.00', '0.00', '0.00', '0.00'),
(178, 13, '1.', 'DESLUDGING TANKER 3 CUBIC METERS', '0.00', 'TRIP', 0, 8, '900.00', '900.00', 1, '0.00', '0.00', '900.00', '0.00', '0.00', '900.00'),
(179, 13, '2.', 'DESLUDGING TANKER 8 CUBIC METERS', '0.00', 'TRIP', 0, 9, '1200.00', '1200.00', 1, '0.00', '0.00', '1200.00', '0.00', '0.00', '1200.00'),
(180, 13, '3.', 'JETTING WORKS AND CLEAR BLOCKAGES WITH RODDER MACHINE', '0.00', 'unit', 0, 10, '800.00', '800.00', 1, '0.00', '0.00', '800.00', '0.00', '0.00', '800.00'),
(181, 13, '', 'PREPARE HOUSE TENANCY AGREEMENT FOR CUSTOMER FOR THE YEAR 2023 AND 2024', '3.50', 'LOT', 0, 11, '900.00', '3150.00', 1, '0.00', '0.00', '3150.00', '0.00', '0.00', '3150.00'),
(182, 13, '', '', '0.00', '', 0, 12, '0.00', '0.00', 1, '0.00', '0.00', '0.00', '0.00', '0.00', '0.00'),
(188, 14, '1.', 'CALENDAR FOR YEAR 2023 INCLUDING STICKERS MICKEY MOUSE', '1.00', 'PCS', 0, 1, '50.95', '50.95', 1, '0.00', '0.00', '50.95', '0.00', '0.00', '50.95'),
(189, 14, '2.', 'FRANCE PERFUME ( LAVENDAR SMELL)', '1.00', '', 0, 2, '98.00', '98.00', 1, '0.00', '0.00', '98.00', '0.00', '0.00', '98.00'),
(190, 14, '3.', 'TO USE TOOLS AND MANUALLY ENTER THE  DRAIN TO REMOVE ALL SAND, STONES, DEBRIS ETC FROM THE SIDES AND BOTTOM OF DRAINAGE.', '3.50', 'LOT', 0, 3, '3700.00', '12950.00', 1, '0.00', '0.00', '12950.00', '0.00', '0.00', '12950.00'),
(191, 14, '4.', 'DESLUDGING TANKER 3 CUBIC METERS', '2.00', 'TRIP', 0, 4, '900.00', '1800.00', 1, '0.00', '0.00', '1800.00', '0.00', '0.00', '1800.00'),
(192, 14, '5.', 'DESLUDGING TANKER 8 CUBIC METERS', '1.00', 'TRIP', 0, 5, '1200.00', '1200.00', 1, '0.00', '0.00', '1200.00', '0.00', '0.00', '1200.00'),
(193, 15, '1.', 'CALENDAR FOR YEAR 2023 INCLUDING STICKERS MICKEY MOUSE', '1.00', 'PCS', 0, 1, '50.95', '50.95', 1, '0.00', '0.00', '50.95', '0.00', '0.00', '50.95'),
(194, 15, '2.', 'FRANCE PERFUME ( LAVENDAR SMELL)', '1.00', '', 0, 2, '98.00', '98.00', 1, '0.00', '0.00', '98.00', '0.00', '0.00', '98.00'),
(195, 15, '3.', 'TO USE TOOLS AND MANUALLY ENTER THE  DRAIN TO REMOVE ALL SAND, STONES, DEBRIS ETC FROM THE SIDES AND BOTTOM OF DRAINAGE.', '3.50', 'LOT', 0, 3, '3700.00', '12950.00', 1, '0.00', '0.00', '12950.00', '0.00', '0.00', '12950.00'),
(196, 15, '4.', 'DESLUDGING TANKER 3 CUBIC METERS', '2.00', 'TRIP', 0, 4, '900.00', '1800.00', 1, '0.00', '0.00', '1800.00', '0.00', '0.00', '1800.00'),
(197, 15, '5.', 'DESLUDGING TANKER 8 CUBIC METERS', '1.00', 'TRIP', 0, 5, '1200.00', '1200.00', 1, '0.00', '0.00', '1200.00', '0.00', '0.00', '1200.00'),
(198, 16, '1.', 'TO USE TOOLS AND MANUALLY ENTER THE  DRAIN TO REMOVE ALL SAND, STONES, DEBRIS ETC FROM THE SIDES AND BOTTOM OF DRAINAGE.', '1.00', 'LOT', 0, 1, '3700.00', '3700.00', 1, '0.00', '0.00', '3330.00', '10.00', '370.00', '3330.00'),
(199, 16, '2.', 'CAR CARBURATOR CHANGE', '1.00', '', 0, 2, '33.00', '33.00', 1, '0.00', '0.00', '33.00', '0.00', '0.00', '33.00'),
(200, 16, '3.', 'REMOVE WINDSCREEN AND TINTING WORKS DONE FOR THE WHOLE CAR', '3.00', 'UNITS', 0, 3, '69.00', '207.00', 1, '0.00', '0.00', '207.00', '0.00', '0.00', '207.00'),
(201, 16, '4.', 'DESLUDGING TANKER 3 CUBIC METERS', '2.00', 'TRIP', 0, 4, '900.00', '1800.00', 1, '0.00', '0.00', '1800.00', '0.00', '0.00', '1800.00'),
(202, 16, '5.', 'TOP RADIATOR HOSE ORIGINAL', '2.00', '', 0, 5, '450.00', '900.00', 1, '0.00', '0.00', '900.00', '0.00', '0.00', '900.00'),
(203, 16, '6.', 'MOTOROLLA HANDPHONE MODEL X-9', '5.00', 'unit', 0, 6, '500.00', '2500.00', 1, '0.00', '0.00', '2500.00', '0.00', '0.00', '2500.00'),
(204, 17, '', 'COMPUTER DELL XPS 15 16GB RAM 512GB SSD INTEL I9 PROCESSOR', '0.00', 'PCS', 0, 1, '0.00', '0.00', 1, '0.00', '0.00', '0.00', '0.00', '0.00', '0.00'),
(205, 17, '', 'MANUAL RODDING WORK USING ROD AND WIRE LINE', '0.00', 'unit', 0, 2, '6590.55', '6590.55', 1, '0.00', '0.00', '6590.55', '0.00', '0.00', '6590.55'),
(206, 17, '', 'LABOUR TO REPLACE PARTS & SERVICE', '0.00', 'bundles', 0, 3, '56.00', '56.00', 1, '0.00', '0.00', '56.00', '0.00', '0.00', '56.00'),
(207, 17, '', 'COLGATE MEDIUM PACKET', '0.00', 'bottle', 0, 4, '55.00', '55.00', 1, '0.00', '0.00', '55.00', '0.00', '0.00', '55.00'),
(208, 17, '', '', '0.00', '', 0, 5, '0.00', '0.00', 1, '0.00', '0.00', '0.00', '0.00', '0.00', '0.00'),
(209, 17, '', '', '0.00', '', 0, 6, '0.00', '0.00', 1, '0.00', '0.00', '0.00', '0.00', '0.00', '0.00'),
(210, 17, '', '', '0.00', '', 0, 7, '0.00', '0.00', 1, '0.00', '0.00', '0.00', '0.00', '0.00', '0.00'),
(211, 18, '1', 'CASIO SCIENTIFIC CALCULATOR\r\nMODEL 4590-J', '0.00', 'UNIT', 0, 1, '650.85', '650.85', 6, '1.50', '9.47', '640.79', '3.00', '19.53', '631.32'),
(212, 18, '2', 'JETTING WORKS AND CLEAR BLOCKAGES WITH RODDER MACHINE', '0.00', 'unit', 0, 2, '800.00', '800.00', 1, '0.00', '0.00', '800.00', '0.00', '0.00', '800.00'),
(213, 18, '3', 'APPLE CIDER (KOREAN GINSENG)', '0.00', '', 0, 3, '90.60', '90.60', 1, '0.00', '0.00', '90.60', '0.00', '0.00', '90.60'),
(214, 18, '4', 'TO USE TOOLS AND MANUALLY ENTER THE  DRAIN TO REMOVE ALL SAND, STONES, DEBRIS ETC FROM THE SIDES AND BOTTOM OF DRAINAGE.', '2.00', 'LOT', 0, 4, '3700.00', '7400.00', 1, '0.00', '0.00', '7400.00', '0.00', '0.00', '7400.00'),
(215, 18, '5', 'REMOVE WINDSCREEN AND TINTING WORKS DONE FOR THE WHOLE CAR', '0.00', 'UNITS', 0, 5, '0.00', '0.00', 1, '0.00', '0.00', '0.00', '0.00', '0.00', '0.00'),
(216, 18, '', '', '0.00', '', 0, 6, '0.00', '0.00', 1, '0.00', '0.00', '0.00', '0.00', '0.00', '0.00'),
(217, 19, '1.', 'BEZA CAR MALAYSIA MADE', '0.00', 'PCS', 0, 1, '3500.90', '3500.90', 1, '0.00', '0.00', '3500.90', '0.00', '0.00', '3500.90'),
(218, 19, '2.', 'JETTING WORKS AND CLEAR BLOCKAGES WITH RODDER MACHINE', '0.00', 'unit', 0, 2, '800.00', '800.00', 1, '0.00', '0.00', '800.00', '0.00', '0.00', '800.00'),
(219, 19, '3.', 'OPEN HEAVY DUTY MANHOLE COVERS SING SPECIAL TOOLS', '0.00', 'UNITS', 0, 3, '325.45', '325.45', 1, '0.00', '0.00', '325.45', '0.00', '0.00', '325.45'),
(220, 19, '4.', 'CALENDAR FOR YEAR 2023 INCLUDING STICKERS MICKEY MOUSE', '0.00', 'PCS', 0, 4, '50.95', '50.95', 1, '0.00', '0.00', '50.95', '0.00', '0.00', '50.95'),
(221, 19, '5.', 'TO USE TOOLS AND MANUALLY ENTER THE  DRAIN TO REMOVE ALL SAND, STONES, DEBRIS ETC FROM THE SIDES AND BOTTOM OF DRAINAGE.', '0.00', 'LOT', 0, 5, '3700.00', '3700.00', 1, '0.00', '0.00', '3700.00', '0.00', '0.00', '3700.00'),
(222, 19, '6.', 'APPLE CIDER', '0.00', 'units', 0, 6, '111.00', '111.00', 1, '0.00', '0.00', '111.00', '0.00', '0.00', '111.00'),
(223, 19, '7.', 'REMOVE WINDSCREEN AND TINTING WORKS DONE FOR THE WHOLE CAR', '0.00', 'UNITS', 0, 7, '0.00', '0.00', 1, '0.00', '0.00', '0.00', '0.00', '0.00', '0.00'),
(224, 19, '8.', 'OPEN HEAVY DUTY MANHOLE COVERS SING SPECIAL TOOLS', '0.00', 'UNITS', 0, 8, '325.45', '325.45', 1, '0.00', '0.00', '325.45', '0.00', '0.00', '325.45'),
(225, 19, '9.', 'TO USE TOOLS AND MANUALLY ENTER THE  DRAIN TO REMOVE ALL SAND, STONES, DEBRIS ETC FROM THE SIDES AND BOTTOM OF DRAINAGE.', '0.00', 'LOT', 0, 9, '3700.00', '3700.00', 1, '0.00', '0.00', '3700.00', '0.00', '0.00', '3700.00'),
(226, 19, '10.', 'CALENDAR FOR YEAR 2023 INCLUDING STICKERS MICKEY MOUSE', '0.00', 'PCS', 0, 10, '50.95', '50.95', 1, '0.00', '0.00', '50.95', '0.00', '0.00', '50.95'),
(227, 20, '', 'Initial Inspection and Diagnosis', '0.00', 'l/s', 0, 1, '1850.00', '1850.00', 1, '0.00', '0.00', '1850.00', '0.00', '0.00', '1850.00'),
(228, 20, '1.', 'Detailed inspection of sewerage pipes using CCTV technology to identify the location and cause of blockages.', '0.00', '', 0, 2, '0.00', '0.00', 1, '0.00', '0.00', '0.00', '0.00', '0.00', '0.00'),
(229, 20, '', 'Cutting and Removing Pipe Sections', '0.00', 'l/s', 0, 3, '2500.00', '2500.00', 1, '0.00', '0.00', '2500.00', '0.00', '0.00', '2500.00'),
(230, 20, '1.', 'Cutting and removing sections of the pipe as necessary to access and remove severe blockages.', '0.00', '', 0, 4, '0.00', '0.00', 1, '0.00', '0.00', '0.00', '0.00', '0.00', '0.00'),
(231, 20, '2.', 'Safe handling and temporary sealing of open pipe sections.', '0.00', '', 0, 5, '0.00', '0.00', 1, '0.00', '0.00', '0.00', '0.00', '0.00', '0.00'),
(232, 20, '', 'Clearing Blockages', '0.00', '', 0, 6, '0.00', '0.00', 1, '0.00', '0.00', '0.00', '0.00', '0.00', '0.00'),
(233, 20, '1.', 'Use of high-pressure water jetting and/or mechanical rodding to clear blockages.', '0.00', '', 0, 7, '0.00', '0.00', 1, '0.00', '0.00', '0.00', '0.00', '0.00', '0.00'),
(234, 20, '2.', 'Safe disposal of any waste materials.', '0.00', '', 0, 8, '0.00', '0.00', 1, '0.00', '0.00', '0.00', '0.00', '0.00', '0.00'),
(235, 20, '', 'Pipe Replacement and Repair', '0.00', '1/s', 0, 9, '1750.00', '1750.00', 1, '0.00', '0.00', '1750.00', '0.00', '0.00', '1750.00'),
(236, 20, '1.', 'Replacing the removed sections of the pipe with new pipe segments.', '0.00', '', 0, 10, '0.00', '0.00', 1, '0.00', '0.00', '0.00', '0.00', '0.00', '0.00'),
(237, 20, '2.', 'Ensuring secure and leak-proof connections.', '0.00', '', 0, 11, '0.00', '0.00', 1, '0.00', '0.00', '0.00', '0.00', '0.00', '0.00'),
(238, 20, '', 'Post-Clearing Inspection', '0.00', 'l/s', 0, 12, '1200.00', '1200.00', 1, '0.00', '0.00', '1200.00', '0.00', '0.00', '1200.00'),
(239, 20, '1.', 'Follow-up CCTV inspection to ensure the blockage has been completely cleared and that the new pipe sections are properly installed.', '0.00', '', 0, 13, '0.00', '0.00', 1, '0.00', '0.00', '0.00', '0.00', '0.00', '0.00'),
(240, 20, '2.', 'Providing a report and video footage of the cleared and repaired pipes.', '0.00', '', 0, 14, '0.00', '0.00', 1, '0.00', '0.00', '0.00', '0.00', '0.00', '0.00'),
(241, 20, '', '', '0.00', '', 0, 15, '0.00', '0.00', 1, '0.00', '0.00', '0.00', '0.00', '0.00', '0.00'),
(242, 20, '', '', '0.00', '', 0, 16, '0.00', '0.00', 1, '0.00', '0.00', '0.00', '0.00', '0.00', '0.00'),
(243, 21, '1', 'APPLE CIDER (KOREAN GINSENG)', '0.00', '', 0, 1, '90.60', '90.60', 1, '0.00', '0.00', '90.60', '0.00', '0.00', '90.60'),
(244, 21, '2', 'JETTING WORKS AND CLEAR BLOCKAGES WITH RODDER MACHINE', '0.00', 'unit', 0, 2, '800.00', '800.00', 1, '0.00', '0.00', '800.00', '0.00', '0.00', '800.00'),
(245, 21, '3', 'PREPARE HOUSE TENANCY AGREEMENT FOR CUSTOMER FOR THE YEAR 2023 AND 2024', '0.00', 'LOT', 0, 3, '900.00', '900.00', 1, '0.00', '0.00', '900.00', '0.00', '0.00', '900.00'),
(246, 21, '4', 'TO USE TOOLS AND MANUALLY ENTER THE  DRAIN TO REMOVE ALL SAND, STONES, DEBRIS ETC FROM THE SIDES AND BOTTOM OF DRAINAGE.', '0.00', 'LOT', 0, 4, '3700.00', '3700.00', 1, '0.00', '0.00', '3700.00', '0.00', '0.00', '3700.00'),
(247, 21, '5', 'TEAK WOOD IKEA TABLE 5 X 7 FEET', '0.00', 'PCS', 0, 5, '0.00', '0.00', 1, '0.00', '0.00', '0.00', '0.00', '0.00', '0.00'),
(248, 22, '', 'CALENDAR FOR YEAR 2023 INCLUDING STICKERS MICKEY MOUSE', '2.00', 'PCS', 0, 1, '50.95', '101.90', 6, '1.50', '1.53', '103.43', '0.00', '0.00', '101.90'),
(249, 22, '', 'JETTING WORKS AND CLEAR BLOCKAGES WITH RODDER MACHINE', '5.00', 'unit', 0, 2, '800.00', '4000.00', 6, '1.50', '46.20', '3126.20', '23.00', '920.00', '3080.00'),
(250, 22, '', 'MANUAL RODDING WORK USING ROD AND WIRE LINE', '0.00', 'unit', 0, 3, '450.00', '450.00', 6, '1.50', '6.75', '456.75', '0.00', '0.00', '450.00'),
(251, 22, '', 'TO USE TOOLS AND MANUALLY ENTER THE  DRAIN TO REMOVE ALL SAND, STONES, DEBRIS ETC FROM THE SIDES AND BOTTOM OF DRAINAGE.', '5.00', 'LOT', 0, 4, '78.00', '390.00', 6, '1.50', '5.85', '395.85', '0.00', '0.00', '390.00'),
(252, 22, '', 'FRANCE PERFUME ( LAVENDAR SMELL)', '0.00', '', 0, 5, '98.00', '98.00', 1, '0.00', '0.00', '98.00', '0.00', '0.00', '98.00'),
(253, 22, '', '', '0.00', '', 0, 6, '0.00', '0.00', 1, '0.00', '0.00', '0.00', '0.00', '0.00', '0.00'),
(254, 22, '', '', '0.00', '', 0, 7, '0.00', '0.00', 1, '0.00', '0.00', '0.00', '0.00', '0.00', '0.00'),
(255, 22, '', '', '0.00', '', 0, 8, '0.00', '0.00', 1, '0.00', '0.00', '0.00', '0.00', '0.00', '0.00'),
(256, 22, '', '', '0.00', '', 0, 9, '0.00', '0.00', 1, '0.00', '0.00', '0.00', '0.00', '0.00', '0.00'),
(264, 23, '', 'AIRCOND CLEANING AND SERVICING FOR JAPANESE CARS ONLY', '0.00', '', 0, 1, '145.60', '145.60', 4, '34.00', '49.50', '195.10', '0.00', '0.00', '145.60'),
(265, 23, '', 'COMPUTER DELL XPS 15 16GB RAM 512GB SSD INTEL I9 PROCESSOR', '0.00', 'PCS', 0, 2, '0.00', '0.00', 1, '0.00', '0.00', '0.00', '0.00', '0.00', '0.00'),
(266, 23, '', 'TO USE TOOLS AND MANUALLY ENTER THE  DRAIN TO REMOVE ALL SAND, STONES, DEBRIS ETC FROM THE SIDES AND BOTTOM OF DRAINAGE.', '0.00', 'LOT', 0, 3, '3700.00', '3700.00', 1, '0.00', '0.00', '3700.00', '0.00', '0.00', '3700.00'),
(267, 23, '', '', '0.00', '', 0, 4, '0.00', '0.00', 1, '0.00', '0.00', '0.00', '0.00', '0.00', '0.00'),
(268, 23, '', '', '0.00', '', 0, 5, '0.00', '0.00', 1, '0.00', '0.00', '0.00', '0.00', '0.00', '0.00'),
(269, 23, '', '', '0.00', '', 0, 6, '0.00', '0.00', 1, '0.00', '0.00', '0.00', '0.00', '0.00', '0.00'),
(270, 23, '', 'AIRCOND CLEANING AND SERVICING FOR JAPANESE CARS ONLY', '0.00', '', 0, 7, '145.60', '145.60', 4, '34.00', '49.50', '195.10', '0.00', '0.00', '145.60'),
(271, 23, '', 'LABOUR TO REPLACE PARTS & SERVICE', '0.00', 'bundles', 0, 8, '56.00', '56.00', 1, '0.00', '0.00', '56.00', '0.00', '0.00', '56.00'),
(272, 23, '', 'PREPARE HOUSE TENANCY AGREEMENT FOR CUSTOMER FOR THE YEAR 2023 AND 2024', '0.00', 'LOT', 0, 9, '900.00', '900.00', 1, '0.00', '0.00', '900.00', '0.00', '0.00', '900.00');

-- --------------------------------------------------------

--
-- Table structure for table `tbinvoice`
--

DROP TABLE IF EXISTS `tbinvoice`;
CREATE TABLE IF NOT EXISTS `tbinvoice` (
  `invoice_id` int(11) NOT NULL AUTO_INCREMENT,
  `invoice_no` varchar(30) NOT NULL,
  `invoice_date` date NOT NULL,
  `invoice_customerID` int(11) NOT NULL,
  `invoice_title` varchar(200) NOT NULL,
  `invoice_from` varchar(50) NOT NULL,
  `invoice_terms` text NOT NULL,
  `invoice_attention` varchar(100) NOT NULL,
  `invoice_email` varchar(100) NOT NULL,
  `invoice_subTotal` decimal(10,2) NOT NULL DEFAULT '0.00',
  `invoice_taxTotal` decimal(10,2) NOT NULL DEFAULT '0.00',
  `invoice_grandTotal` decimal(10,2) NOT NULL DEFAULT '0.00',
  `invoice_discountTotal` decimal(10,2) NOT NULL DEFAULT '0.00',
  `invoice_totalAfterDiscount` decimal(10,2) NOT NULL DEFAULT '0.00',
  `invoice_roundAmount` decimal(10,2) NOT NULL DEFAULT '0.00',
  `invoice_grandTotalRound` decimal(10,2) NOT NULL DEFAULT '0.00',
  `invoice_roundStatus` int(1) NOT NULL DEFAULT '0',
  `invoice_content` text NOT NULL,
  `invoice_quotationNo` varchar(30) NOT NULL,
  `invoice_quotationID` int(11) NOT NULL DEFAULT '0',
  `invoice_deliveryOrderNo` varchar(30) NOT NULL,
  `invoice_deliveryOrderID` int(11) NOT NULL DEFAULT '0',
  `invoice_dueDate` date NOT NULL,
  `invoice_dueDateNo` int(3) NOT NULL DEFAULT '0',
  `invoice_creditNote` decimal(10,2) NOT NULL DEFAULT '0.00',
  `invoice_debitNote` decimal(10,2) NOT NULL DEFAULT '0.00',
  `invoice_paid` decimal(10,2) NOT NULL DEFAULT '0.00',
  `invoice_status` varchar(1) NOT NULL DEFAULT 'a' COMMENT 'a = active, c = cancelled',
  `invoice_paymentStatus` varchar(2) NOT NULL DEFAULT 'NP' COMMENT 'PD=Paid, PP=Partial Paid, NP=Not Paid',
  PRIMARY KEY (`invoice_id`)
) ENGINE=InnoDB AUTO_INCREMENT=109 DEFAULT CHARSET=latin1;

--
-- Dumping data for table `tbinvoice`
--

INSERT INTO `tbinvoice` (`invoice_id`, `invoice_no`, `invoice_date`, `invoice_customerID`, `invoice_title`, `invoice_from`, `invoice_terms`, `invoice_attention`, `invoice_email`, `invoice_subTotal`, `invoice_taxTotal`, `invoice_grandTotal`, `invoice_discountTotal`, `invoice_totalAfterDiscount`, `invoice_roundAmount`, `invoice_grandTotalRound`, `invoice_roundStatus`, `invoice_content`, `invoice_quotationNo`, `invoice_quotationID`, `invoice_deliveryOrderNo`, `invoice_deliveryOrderID`, `invoice_dueDate`, `invoice_dueDateNo`, `invoice_creditNote`, `invoice_debitNote`, `invoice_paid`, `invoice_status`, `invoice_paymentStatus`) VALUES
(1, 'INV/2023/001', '2023-07-08', 94, '', '', '<p><strong>Invoice Terms</strong></p><ul><li>Payment should be made to ( <strong>Maybank </strong>) <strong>AJ HYBRID EURO TECH</strong> <strong>512491169957</strong></li></ul>', 'MR RAMESH / SHOBA', 'admin@clean_sewers.com', '1000.00', '0.00', '1000.00', '0.00', '1000.00', '0.00', '1000.00', 0, '', 'QO/2023/001', 1, '', 0, '2023-07-23', 15, '0.00', '0.00', '1000.00', 'a', 'NP'),
(2, 'INV/2023/002', '2023-07-08', 94, '', '', '<p><strong>Invoice Terms</strong></p><ul><li>Payment should be made to ( <strong>Maybank </strong>) <strong>AJ HYBRID EURO TECH</strong> <strong>512491169957</strong></li></ul>', 'MR RAMESH / SHOBA', '', '1222.80', '0.00', '1222.80', '0.00', '1222.80', '0.00', '1222.80', 0, '', '', 0, 'DO/2023/001', 1, '2023-07-23', 15, '0.00', '0.00', '1222.80', 'a', 'NP'),
(3, 'INV/2023/003', '2023-07-10', 18, '', '', '<p><strong>Invoice Terms</strong></p><ul><li>Payment should be made to ( <strong>Maybank </strong>) <strong>AJ HYBRID EURO TECH</strong> <strong>512491169957</strong></li></ul>', 'ENCIK KAMARUDDIN', 'fn_malaysia@gmail.com', '7000.00', '0.00', '7000.00', '0.00', '7000.00', '0.00', '7000.00', 0, '', '', 0, '', 0, '2023-07-25', 15, '500.00', '0.00', '7000.00', 'a', 'NP'),
(4, 'INV/2023/004', '2023-07-12', 94, '', '', '<p><strong>Invoice Terms</strong></p><ul><li>Payment should be made to ( <strong>Maybank </strong>) <strong>AJ HYBRID EURO TECH</strong> <strong>512491169957</strong></li></ul>', 'MR RAMESH / SHOBA', 'admin@clean_sewers.com', '6000.00', '0.00', '6000.00', '0.00', '6000.00', '0.00', '6000.00', 0, '', '', 0, '', 0, '2023-07-27', 15, '0.00', '0.00', '6000.00', 'a', 'PP'),
(5, 'INV/2023/005', '2023-07-12', 94, '', '', '<p><strong>Invoice Terms</strong></p><ul><li>Payment should be made to ( <strong>Maybank </strong>) <strong>AJ HYBRID EURO TECH</strong> <strong>512491169957</strong></li></ul>', 'MR RAMESH / SHOBA', 'admin@clean_sewers.com', '7030.50', '0.00', '7030.50', '0.00', '7030.50', '0.00', '7030.50', 0, '', '', 0, '', 0, '2023-07-27', 15, '0.00', '0.00', '7030.50', 'a', 'PD'),
(6, 'INV/2023/007', '2023-07-15', 94, '', '', '<p><strong>Invoice Terms</strong></p><ul><li>Payment should be made to ( <strong>Maybank </strong>) <strong>AJ HYBRID EURO TECH</strong> <strong>512491169957</strong></li></ul>', 'MR RAMESH / SHOBA', 'admin@clean_sewers.com', '4492.00', '0.00', '4482.88', '9.12', '4482.88', '0.00', '4482.88', 0, '', '', 0, '', 0, '2023-07-30', 15, '0.00', '0.00', '4482.88', 'a', 'NP'),
(7, 'INV/2023/008', '2023-07-17', 213, '', '', '<p><strong>Invoice Terms</strong></p><ul><li>Payment should be made to ( <strong>Maybank </strong>) <strong>AJ HYBRID EURO TECH</strong> <strong>512491169957</strong></li></ul>', '', '', '3000.00', '0.00', '3000.00', '0.00', '3000.00', '0.00', '3000.00', 0, '', '', 0, '', 0, '2023-08-01', 15, '0.00', '0.00', '0.00', 'a', 'NP'),
(8, 'INV/2023/009', '2023-07-17', 76, '', '', '<p><strong>Invoice Terms</strong></p><ul><li>Payment should be made to ( <strong>Maybank </strong>) <strong>AJ HYBRID EURO TECH</strong> <strong>512491169957</strong></li></ul>', 'SERI WAHYU RESINDENCE MANAGEMENT OFFICE', '', '4266.95', '0.00', '4266.95', '0.00', '4266.95', '0.00', '4266.95', 0, '', '', 0, '', 0, '2023-08-01', 15, '0.00', '0.00', '350.00', 'a', 'NP'),
(9, 'INV/2023/010', '2023-07-24', 174, '', '', '<p><strong>Invoice Terms</strong></p><ul><li>Payment should be made to ( <strong>Maybank </strong>) <strong>AJ HYBRID EURO TECH</strong> <strong>512491169957</strong></li></ul>', 'Ms Kirthana', '', '4953.45', '340.00', '5293.45', '0.00', '4953.45', '0.00', '5293.45', 0, '', 'QO/2023/002', 2, '', 0, '2023-08-08', 15, '0.00', '0.00', '5293.45', 'a', 'NP'),
(10, 'INV/2023/011', '2023-07-25', 189, '', '', '<p><strong>Invoice Terms</strong></p><ul><li>Payment should be made to ( <strong>Maybank </strong>) <strong>AJ HYBRID EURO TECH</strong> <strong>512491169957</strong></li></ul>', 'SUHUMARAN DURAISAMY', '', '3501.00', '0.00', '3325.95', '175.05', '3325.95', '0.00', '3325.95', 1, '', '', 0, '', 0, '2023-08-09', 15, '0.00', '0.00', '0.00', 'a', 'NP'),
(11, 'INV/2023/012', '2023-07-25', 94, '', '', '<p><strong>Invoice Terms</strong></p><ul><li>Payment should be made to ( <strong>Maybank </strong>) <strong>AJ HYBRID EURO TECH</strong> <strong>512491169957</strong></li></ul>', 'MR RAMESH / SHOBA', 'admin@clean_sewers.com', '3501.00', '0.00', '3325.95', '175.05', '3325.95', '0.00', '3325.95', 1, '', '', 0, '', 0, '2023-08-09', 15, '0.00', '0.00', '3325.95', 'a', 'NP'),
(12, 'INV/2023/013', '2023-08-01', 18, '', '', '<p><strong>Invoice Terms</strong></p><ul><li>Payment should be made to ( <strong>Maybank </strong>) <strong>AJ HYBRID EURO TECH</strong> <strong>512491169957</strong></li></ul>', 'ENCIK KAMARUDDIN', 'fn_malaysia@gmail.com', '6471.00', '0.00', '6295.95', '175.05', '6295.95', '0.00', '6295.95', 1, '', '', 0, '', 0, '2023-08-16', 15, '0.00', '0.00', '6295.95', 'a', 'NP'),
(13, 'INV/2023/014', '2023-08-03', 132, 'TRANSPORT ALL PARTS TO CONTAINTER ( PORT KLANG TO KEDAH JITRA)', 'Andreas', '<p><strong>Invoice Terms</strong></p><ul><li>Payment should be made to ( <strong>Maybank </strong>) <strong>AJ HYBRID EURO TECH</strong> <strong>512491169957</strong></li><li>Once work done, payment to be paid within 30 days maximum from work completion date.</li></ul>', 'MR ALI KAMARUDDIN', 'care@iwk.com.my', '6669.00', '63.28', '6545.35', '186.93', '6482.07', '0.00', '6545.35', 1, '<p>Please send all this parts to the desiganted area. All parts need to be checked throughly before sending to&nbsp;<strong>Alor Star</strong>.</p><p>Accept the delayed electrical parts as well.</p>', '', 0, '', 0, '2023-08-18', 15, '0.00', '0.00', '6545.35', 'a', 'NP'),
(14, 'INV/2023/015', '2023-08-04', 18, '', '', '<p><strong>Invoice Terms</strong></p><ul><li>Payment should be made to ( <strong>Maybank </strong>) <strong>AJ HYBRID EURO TECH</strong> <strong>512491169957</strong></li></ul>', 'ENCIK KAMARUDDIN', 'fn_malaysia@gmail.com', '7171.00', '223.72', '7177.67', '217.05', '6953.95', '-0.02', '7177.65', 1, '<p>Please send all this parts to the desiganted area. All parts need to be checked throughly before sending to&nbsp;<strong>Alor Star</strong>.</p><p>Accept the delayed electrical parts as well.</p>', '', 0, '', 0, '2023-08-19', 15, '0.00', '0.00', '7177.65', 'a', 'NP'),
(15, 'INV/2023/016', '2023-08-10', 94, '', '', '<p><strong>Invoice Terms</strong></p><ul><li>Payment should be made to ( <strong>Maybank </strong>) <strong>AJ HYBRID EURO TECH</strong> <strong>512491169957</strong></li></ul>', 'MR RAMESH / SHOBA', 'admin@clean_sewers.com', '16902.00', '0.00', '16902.00', '0.00', '16902.00', '0.00', '16902.00', 0, '', '', 0, '', 0, '2023-08-25', 15, '0.00', '0.00', '16902.00', 'a', 'NP'),
(16, 'INV/2023/017', '2023-08-10', 18, '', '', '<p><strong>Invoice Terms</strong></p><ul><li>Payment should be made to ( <strong>Maybank </strong>) <strong>AJ HYBRID EURO TECH</strong> <strong>512491169957</strong></li></ul>', 'ENCIK KAMARUDDIN', 'fn_malaysia@gmail.com', '21552.95', '0.00', '21552.95', '0.00', '21552.95', '0.00', '21552.95', 0, '', '', 0, '', 0, '2023-08-25', 15, '0.00', '0.00', '21552.95', 'a', 'NP'),
(17, 'INV/2023/018', '2023-08-10', 94, 'TRANSPORT ALL PARTS TO CONTAINTER ( PORT KLANG TO KEDAH JITRA)', 'Mr Amedeus', '<p><strong>Invoice Terms</strong></p><ul><li>Payment should be made to ( <strong>Maybank </strong>) <strong>AJ HYBRID EURO TECH</strong> <strong>512491169957</strong></li><li>Our payment terms is 30 days and 5% interest per day after that will be charged.</li></ul>', 'MR RAMESH / SHOBA', 'admin@clean_sewers.com', '4697.95', '34.00', '4718.09', '13.86', '4684.09', '0.00', '4718.09', 0, '<p>KSN Sewerage Engineering Service takes full responsibility on all Grease Trap tank waste collected from HAIDILAO INTERNATIONAL FOOD SERVICES MALAYSIA SDN BHD</p>', '', 0, '', 0, '2023-08-25', 15, '0.00', '0.00', '4718.09', 'a', 'NP'),
(18, 'INV/2023/019', '2023-08-12', 88, 'SENT PARTS TO IPOH AND ALL THE PORT KLANG ( BY AIR KARGO YT00098764-89  rap tank waste collected from HAIDILAO INTERNATIONAL FOOD SERVICES MALAYSIA SDN BHD', '', '<p><strong>Invoice Terms</strong></p><ul><li>Payment should be made to ( <strong>Maybank </strong>) <strong>AJ HYBRID EURO TECH</strong> <strong>512491169957</strong></li></ul>', 'MR HUAT', 'ken_huat89@gmail.com', '4697.95', '404.00', '5088.09', '13.86', '4684.09', '0.00', '5088.09', 0, '<p>KSN Sewerage Engineering Service takes full responsibility on all Grease Trap tank waste collected from HAIDILAO INTERNATIONAL FOOD SERVICES MALAYSIA SDN BHD<br />We collect all the Grease waste and send to our main waste disposal vendor VPJ PLUMBING &amp; SANITARY SERVICES. (Company No 000889704-A).&nbsp;</p><p>SENT PARTS TO IPOH AND ALL THE PORT KLANG ( BY AIR KARGO YT00098764-89 &nbsp;rap tank waste collected from HAIDILAO INTERNATIONAL FOOD SERVICES&nbsp;</p>', '', 0, '', 0, '2023-08-27', 15, '0.00', '0.00', '0.00', 'a', 'NP'),
(19, 'INV/2023/020', '2023-08-14', 76, '', 'Mr Navin Paramasivam', '<p><strong>Invoice Terms</strong></p><ul><li>Payment should be made to ( <strong>Maybank </strong>) <strong>AJ HYBRID EURO TECH</strong> <strong>512491169957</strong></li></ul>', 'SERI WAHYU RESINDENCE MANAGEMENT OFFICE', 'kavita@hotmail.com', '0.00', '0.00', '0.00', '0.00', '0.00', '0.00', '0.00', 0, '', '', 0, '', 0, '2023-08-29', 15, '0.00', '0.00', '0.00', 'a', 'NP'),
(20, 'INV/2023/021', '2023-08-14', 18, 'SENT PARTS TO IPOH AND ALL THE PORT KLANG ( BY AIR KARGO YT00098764-89  rap tank waste collected from HAIDILAO INTERNATIONAL FOOD SERVICES MALAYSIA', '', '<p><strong>Invoice Terms</strong></p><ul><li>Payment should be made to ( <strong>Maybank </strong>) <strong>AJ HYBRID EURO TECH</strong> <strong>512491169957</strong></li><li>Our payment terms is 30 days and 5% interest per day after that will be charged.<br />&nbsp;</li></ul>', 'ENCIK KAMARUDDIN AHMAD', 'fn_malaysia@gmail.com', '18545.95', '2584.00', '21116.09', '13.86', '18532.09', '0.00', '21116.09', 0, '<p>KSN Sewerage Engineering Service takes full responsibility on all Grease Trap tank waste collected from HAIDILAO INTERNATIONAL FOOD SERVICES MALAYSIA SDN BHD<br />We collect all the Grease waste and send to our main waste disposal vendor VPJ PLUMBING &amp; SANITARY SERVICES. (Company No 000889704-A).&nbsp;</p>', '', 0, '', 0, '2023-08-29', 15, '0.00', '0.00', '0.00', 'a', 'NP'),
(21, 'INV/2023/022', '2023-08-14', 231, 'CAR REPAIR AND SERVICING INCLUDING AIR COND', '', '<p><strong>Invoice Terms</strong></p><ul><li>Payment should be made to ( <strong>Maybank </strong>) <strong>AJ HYBRID EURO TECH</strong> <strong>512491169957</strong></li></ul>', 'DATO TONG YM', '', '2075.05', '0.00', '2075.05', '0.00', '2075.05', '0.00', '2075.05', 0, '<p>PLEASE REMEMBER TO CHECK OIL EVERYDAY.</p><p>NEXT MILLEAGE IS 45000 KM AND <strong>BLACK OIL CHANGE RECOMMENDED.</strong></p>', '', 0, '', 0, '2023-08-29', 15, '0.00', '0.00', '0.00', 'a', 'NP'),
(22, 'INV/2023/023', '2023-08-14', 232, '', '', '<p><strong>Invoice Terms</strong></p><ul><li>Payment should be made to ( <strong>Maybank </strong>) <strong>AJ HYBRID EURO TECH</strong> <strong>512491169957</strong></li></ul>', '', '', '6622.70', '0.00', '6622.70', '0.00', '6622.70', '0.00', '6622.70', 0, '<p>SENT PARTS TO IPOH AND ALL THE PORT KLANG ( BY AIR KARGO YT00098764-89 &nbsp;rap tank waste collected from HAIDILAO INTERNATIONAL FOOD SERVICES MALAYSIA SDN BHD</p>', '', 0, '', 0, '2023-08-29', 15, '0.00', '0.00', '0.00', 'a', 'NP'),
(23, 'INV/2023/024', '2023-08-15', 189, '', '', '<p><strong>Invoice Terms</strong></p><ul><li>Payment should be made to ( <strong>Maybank </strong>) <strong>AJ HYBRID EURO TECH</strong> <strong>512491169957</strong></li></ul>', 'SUHUMARAN DURAISAMY', 'kavita@hotmail.com', '3998.65', '0.00', '3998.65', '0.00', '3998.65', '0.00', '3998.65', 0, '', '', 0, '', 0, '2023-08-30', 15, '0.00', '0.00', '0.00', 'a', 'NP'),
(24, 'INV/2023/025', '2023-08-16', 202, 'TRANSPORT TO PORT KLANG TO KLUANG ( BY AIR CARGO N0 98944-976/87 )', 'Mr Hassan Ayob', '<p><strong>Invoice Terms</strong></p><ul><li>Payment should be made to ( <strong>Maybank </strong>) <strong>AJ HYBRID EURO TECH</strong> <strong>512491169957</strong></li><li>Transport charges shall be borne by the customer and paid on COD basics.</li></ul>', 'MADAM AISAH', 'aaa_insurance@gmail.com', '88311.65', '0.06', '88311.71', '0.00', '88311.65', '-0.01', '88311.70', 1, '<p>KSN Sewerage Engineering Service takes full responsibility on all Grease Trap tank waste collected from <strong>HAIDILAO INTERNATIONAL FOOD SERVICES&nbsp;</strong><strong>MALAYSIA SDN BHD</strong>. We collect all the Grease waste and send to our main waste disposal vendor&nbsp;<strong>VPJ PLUMBING &amp; SANITARY SERVICES</strong>. (Company No 000889704-A).&nbsp;</p>', '', 0, '', 0, '2023-08-31', 15, '0.00', '0.00', '0.00', 'a', 'NP'),
(25, 'INV/2023/026', '2023-08-17', 189, '', '', '<p><strong>Invoice Terms</strong></p><ul><li>Payment should be made to ( <strong>Maybank </strong>) <strong>AJ HYBRID EURO TECH</strong> <strong>512491169957</strong></li><li>Our payment terms is 30 days and 5% interest per day after that will be charged.</li></ul>', 'MR SUHUMARAN DURAISAMY', '', '18168.65', '17.64', '18186.29', '0.00', '18168.65', '0.00', '18186.29', 0, '', '', 0, 'DO/2023/004', 4, '2023-09-01', 15, '0.00', '0.00', '0.00', 'a', 'NP'),
(27, 'INV/2023/027', '2023-08-17', 118, '', '', '<p><strong>Invoice Terms</strong></p><ul><li>Payment should be made to ( <strong>Maybank </strong>) <strong>AJ HYBRID EURO TECH</strong> <strong>512491169957</strong></li><li>Our payment terms is 30 days and 5% interest per day after that will be charged.</li></ul>', '', '', '600.02', '0.00', '600.02', '0.00', '600.02', '0.00', '600.02', 0, '<p>.</p>', '', 0, '', 0, '2023-09-01', 15, '0.00', '0.00', '0.00', 'a', 'NP'),
(28, 'INV/2023/028', '2023-08-17', 202, '', '', '<p><strong>Invoice Terms</strong></p><ul><li>Payment should be made to ( <strong>Maybank </strong>) <strong>AJ HYBRID EURO TECH</strong> <strong>512491169957</strong></li><li>Our payment terms is 30 days and 5% interest per day after that will be charged.</li></ul>', 'MADAM AISAH', 'aaa_insurance@gmail.com', '2319.18', '0.00', '2319.18', '0.00', '2319.18', '0.00', '2319.18', 0, '', '', 0, '', 0, '2023-09-01', 15, '0.00', '0.00', '0.00', 'a', 'NP'),
(29, 'INV/2023/029', '2023-08-17', 200, '', '', '<p><strong>Invoice Terms</strong></p><ul><li>Payment should be made to ( <strong>Maybank </strong>) <strong>AJ HYBRID EURO TECH</strong> <strong>512491169957</strong></li><li>Our payment terms is 30 days and 5% interest per day after that will be charged.</li></ul>', 'PATRICK DUTTON', 'patrick@gmail.com', '13100.20', '1747.50', '14838.22', '9.48', '13090.73', '-0.02', '14838.20', 1, '', '', 0, 'DO/2023/002', 2, '2023-09-01', 15, '0.00', '0.00', '0.00', 'a', 'NP'),
(30, 'INV/2023/030', '2023-08-23', 132, '', '', '<p><strong>Invoice Terms</strong></p><ul><li>Payment should be made to ( <strong>Maybank </strong>) <strong>AJ HYBRID EURO TECH</strong> <strong>512491169957</strong></li><li>Our payment terms is 30 days and 5% interest per day after that will be charged.</li></ul>', 'MR ALI KAMARUDDIN', 'care@iwk.com.my', '14412.65', '568.80', '14793.85', '187.60', '14225.05', '0.00', '14793.85', 0, '<p>Please send all the Drawings and report from MPPJ Selangor. All other related works need to get MPSJ Subang approval first.</p><p>Please acknowledge delivery of report.</p>', 'QO/2023/007', 6, '', 0, '2023-09-07', 15, '0.00', '0.00', '14793.85', 'a', 'NP'),
(31, 'INV/2023/031', '2023-08-23', 95, 'SENT PARTS TO IPOH AND ALL THE PORT KLANG ( BY AIR KARGO YT00098764-89  rap tank waste collected from HAIDILAO INTERNATIONAL FOOD SERVICES MALAYSIA', '', '<p><strong>Invoice Terms</strong></p><ul><li>Payment should be made to ( <strong>Maybank </strong>) <strong>AJ HYBRID EURO TECH</strong> <strong>512491169957</strong></li><li>Our payment terms is 30 days and 5% interest per day after that will be charged.</li></ul>', 'JAMES LOWERENCE', '', '13121.55', '0.00', '13121.55', '0.00', '13121.55', '0.00', '13121.55', 0, '<p>SENT PARTS TO IPOH AND ALL THE PORT KLANG ( BY AIR KARGO YT00098764-89 &nbsp;rap tank waste collected from HAIDILAO INTERNATIONAL FOOD SERVICES MALAYSIA SDN BHD</p>', 'QO/2023/005', 4, '', 0, '2023-09-07', 15, '0.00', '0.00', '0.00', 'a', 'NP'),
(32, 'INV/2023/032', '2023-08-25', 94, '', '', '<p><strong>Invoice Terms</strong></p><ul><li>Payment should be made to ( <strong>Maybank </strong>) <strong>AJ HYBRID EURO TECH</strong> <strong>512491169957</strong></li><li>Our payment terms is 30 days and 5% interest per day after that will be charged.</li></ul>', 'MR RAMESH / SHOBA', 'admin@clean_sewers.com', '5455.95', '0.00', '5455.95', '0.00', '5455.95', '0.00', '5455.95', 0, '', '', 0, '', 0, '2023-09-09', 15, '0.00', '0.00', '5455.95', 'a', 'NP'),
(33, 'INV/2023/033', '2023-08-25', 94, '', '', '<p><strong>Invoice Terms</strong></p><ul><li>Payment should be made to ( <strong>Maybank </strong>) <strong>AJ HYBRID EURO TECH</strong> <strong>512491169957</strong></li><li>Our payment terms is 30 days and 5% interest per day after that will be charged.</li></ul>', 'MR RAMESH / SHOBA', 'admin@clean_sewers.com', '3900.95', '0.00', '3900.95', '0.00', '3900.95', '0.00', '3900.95', 0, '', '', 0, '', 0, '2023-09-09', 15, '0.00', '0.00', '3900.95', 'a', 'NP'),
(34, 'INV/2023/034', '2023-08-26', 88, '', '', '<p><strong>Invoice Terms</strong></p><ul><li>Payment should be made to ( <strong>Maybank </strong>) <strong>AJ HYBRID EURO TECH</strong> <strong>512491169957</strong></li><li>Our payment terms is 30 days and 5% interest per day after that will be charged.</li></ul>', 'MR HUAT', 'ken_huat89@gmail.com', '0.00', '0.00', '0.00', '0.00', '0.00', '0.00', '0.00', 0, '', '', 0, '', 0, '2023-09-10', 15, '0.00', '0.00', '0.00', 'a', 'NP'),
(35, 'INV/2023/035', '2023-08-27', 233, '', '', '<p><strong>Invoice Terms</strong></p><ul><li>Payment should be made to ( <strong>Maybank </strong>) <strong>AJ HYBRID EURO TECH</strong> <strong>512491169957</strong></li><li>Our payment terms is 30 days and 5% interest per day after that will be charged.</li></ul>', 'MR KENNY', 'hicom_glenmarie@gmail.com', '13449.90', '125.92', '13492.62', '83.20', '13366.70', '0.00', '13492.62', 0, '', '', 0, '', 0, '2023-11-25', 90, '0.00', '0.00', '0.00', 'a', 'NP'),
(36, 'INV/2023/036', '2023-09-01', 172, '', '', '<p><strong>Invoice Terms</strong></p><ul><li>Payment should be made to ( <strong>Maybank </strong>) <strong>AJ HYBRID EURO TECH</strong> <strong>512491169957</strong></li><li>Our payment terms is 30 days and 5% interest per day after that will be charged.</li></ul>', 'MR LEE SOOK KENG', '', '1468.65', '70.29', '1408.77', '130.17', '1338.48', '0.00', '1408.77', 0, '', '', 0, '', 0, '2023-09-16', 15, '95.50', '0.00', '0.00', 'a', 'NP'),
(37, 'INV/2023/037', '2023-09-02', 234, '', 'ANDREAS', '<p><strong>Invoice Terms</strong></p><ul><li>Payment should be made to <strong>Hybrid Technologies Solutions 562085613738 (Maybank)</strong></li></ul>', 'SKALI', '', '1935.00', '0.00', '1935.00', '0.00', '1935.00', '0.00', '1935.00', 0, '', '', 0, '', 0, '2023-09-02', 0, '0.00', '0.00', '33.00', 'a', 'NP'),
(38, 'INV/2023/038', '2023-09-05', 118, '', '', '<p><strong>Invoice Terms</strong></p><ul><li>Payment should be made to ( <strong>Maybank </strong>) <strong>AJ HYBRID EURO TECH</strong> <strong>512491169957</strong></li><li>Our payment terms is 30 days and 5% interest per day after that will be charged.</li></ul>', '', '', '3700.00', '0.00', '3700.00', '0.00', '3700.00', '0.00', '3700.00', 0, '', 'QO/2023/009', 8, '', 0, '2023-09-20', 15, '0.00', '0.00', '0.00', 'a', 'NP'),
(39, 'INV/2023/039', '2023-09-05', 146, '', '', '<p><strong>Invoice Terms</strong></p><ul><li>Payment should be made to ( <strong>Maybank </strong>) <strong>AJ HYBRID EURO TECH</strong> <strong>512491169957</strong></li><li>Our payment terms is 30 days and 5% interest per day after that will be charged.</li></ul>', 'CIKGU RAMESH', '', '13121.55', '0.00', '13121.55', '0.00', '13121.55', '0.00', '13121.55', 0, '<p>SENT PARTS TO IPOH AND ALL THE PORT KLANG ( BY AIR KARGO YT00098764-89 &nbsp;rap tank waste collected from HAIDILAO INTERNATIONAL FOOD SERVICES MALAYSIA SDN BHD</p>', 'QO/2023/010', 9, 'DO/2023/005', 5, '2023-09-20', 15, '0.00', '0.00', '0.00', 'a', 'NP'),
(40, 'INV/2023/040', '2023-09-07', 235, '', '', '<p><strong>Invoice Terms</strong></p><ul><li>Payment should be made to ( <strong>Maybank </strong>) <strong>AJ HYBRID EURO TECH</strong> <strong>512491169957</strong></li><li>Our payment terms is 30 days and 5% interest per day after that will be charged.</li></ul>', 'MR THIRU', '', '5000.00', '0.00', '5000.00', '0.00', '5000.00', '0.00', '5000.00', 0, '', '', 0, 'DO/2023/008', 8, '2023-09-22', 15, '0.00', '0.00', '0.00', 'a', 'NP'),
(41, 'INV/2023/041', '2023-09-07', 132, '', '', '<p><strong>Invoice Terms</strong></p><ul><li>Payment should be made to ( <strong>Maybank </strong>) <strong>AJ HYBRID EURO TECH</strong> <strong>512491169957</strong></li><li>Our payment terms is 30 days and 5% interest per day after that will be charged.</li></ul>', 'MR ALI KAMARUDDIN', 'care@iwk.com.my', '888.00', '0.00', '888.00', '0.00', '888.00', '0.00', '888.00', 0, '', '', 0, '', 0, '2023-09-22', 15, '0.00', '0.00', '888.00', 'a', 'NP'),
(42, 'INV/2023/042', '2023-09-07', 94, '', '', '<p><strong>Invoice Terms</strong></p><ul><li>Payment should be made to ( <strong>Maybank </strong>) <strong>AJ HYBRID EURO TECH</strong> <strong>512491169957</strong></li><li>Our payment terms is 30 days and 5% interest per day after that will be charged.</li></ul>', 'MR RAMESH / SHOBA', 'admin@clean_sewers.com', '999.00', '0.00', '999.00', '0.00', '999.00', '0.00', '999.00', 0, '', '', 0, '', 0, '2023-09-22', 15, '0.00', '0.00', '999.00', 'a', 'NP'),
(43, 'INV/2023/043', '2023-09-07', 87, '', '', '<p><strong>Invoice Terms</strong></p><ul><li>Payment should be made to ( <strong>Maybank </strong>) <strong>AJ HYBRID EURO TECH</strong> <strong>512491169957</strong></li><li>Our payment terms is 30 days and 5% interest per day after that will be charged.</li></ul>', 'MR TIMOTHY', 'timothy@rainehome.com.my', '6565.00', '0.00', '6565.00', '0.00', '6565.00', '0.00', '6565.00', 0, '', '', 0, '', 0, '2023-09-22', 15, '0.00', '0.00', '0.00', 'a', 'NP'),
(44, 'INV/2023/045', '2023-09-07', 18, '', '', '<p><strong>Invoice Terms</strong></p><ul><li>Payment should be made to ( <strong>Maybank </strong>) <strong>AJ HYBRID EURO TECH</strong> <strong>512491169957</strong></li><li>Our payment terms is 30 days and 5% interest per day after that will be charged.</li></ul>', 'ENCIK KAMARUDDIN', 'fn_malaysia@gmail.com', '1717.00', '0.00', '1717.00', '0.00', '1717.00', '0.00', '1717.00', 0, '', '', 0, '', 0, '2023-09-22', 15, '0.00', '0.00', '0.00', 'a', 'NP'),
(45, 'INV/2023/046', '2023-09-08', 132, '', '', '<p><strong>Invoice Terms</strong></p><ul><li>Payment should be made to ( <strong>Maybank </strong>) <strong>AJ HYBRID EURO TECH</strong> <strong>512491169957</strong></li><li>Our payment terms is 30 days and 5% interest per day after that will be charged.</li></ul>', 'MR ALI KAMARUDDIN', 'care@iwk.com.my', '666.00', '0.00', '666.00', '0.00', '666.00', '0.00', '666.00', 0, '', 'QO/2023/011', 10, '', 0, '2023-09-23', 15, '0.00', '0.00', '666.00', 'a', 'NP'),
(46, 'INV/2023/047', '2023-09-08', 76, '', '', '<p><strong>Invoice Terms</strong></p><ul><li>Payment should be made to ( <strong>Maybank </strong>) <strong>AJ HYBRID EURO TECH</strong> <strong>512491169957</strong></li><li>Our payment terms is 30 days and 5% interest per day after that will be charged.</li></ul>', 'SERI WAHYU RESINDENCE MANAGEMENT OFFICE', '', '3232.00', '0.00', '3232.00', '0.00', '3232.00', '0.00', '3232.00', 0, '', 'QO/2023/012', 11, 'DO/2023/006', 6, '2023-09-23', 15, '0.00', '0.00', '3232.00', 'a', 'NP'),
(47, 'INV/2023/048', '2023-09-08', 19, '', '', '<p><strong>Invoice Terms</strong></p><ul><li>Payment should be made to ( <strong>Maybank </strong>) <strong>AJ HYBRID EURO TECH</strong> <strong>512491169957</strong></li><li>Our payment terms is 30 days and 5% interest per day after that will be charged.</li></ul>', '', '', '29700.00', '0.00', '29700.00', '0.00', '29700.00', '0.00', '29700.00', 0, '', '', 0, 'DO/2023/007', 7, '2023-09-23', 15, '0.00', '0.00', '0.00', 'a', 'NP'),
(48, 'INV/2023/049', '2023-09-10', 22, '', '', '<p><strong>Invoice Terms</strong></p><ul><li>Payment should be made to ( <strong>Maybank </strong>) <strong>AJ HYBRID EURO TECH</strong> <strong>512491169957</strong></li><li>Our payment terms is 30 days and 5% interest per day after that will be charged.</li></ul>', 'Mr Teng Ken Fatt', 'giant_selayang@gmail.com', '1066.95', '0.00', '1066.95', '0.00', '1066.95', '0.00', '1066.95', 0, '', '', 0, '', 0, '2023-09-25', 15, '114.00', '0.00', '0.00', 'a', 'NP'),
(49, 'INV/2023/050', '2023-09-15', 236, '', '', '<p><strong>Invoice Terms</strong></p><ul><li>Payment should be made to ( <strong>Maybank </strong>) <strong>AJ HYBRID EURO TECH</strong> <strong>512491169957</strong></li><li>Our payment terms is 30 days and 5% interest per day after that will be charged.</li></ul>', '', '', '14769.85', '0.00', '14769.85', '0.00', '14769.85', '0.00', '14769.85', 0, '', '', 0, '', 0, '2023-09-30', 15, '0.00', '0.00', '0.00', 'a', 'NP'),
(50, 'INV/2023/051', '2023-09-18', 132, '', '', '<p><strong>Invoice Terms</strong></p><ul><li>Payment should be made to ( <strong>Maybank </strong>) <strong>AJ HYBRID EURO TECH</strong> <strong>512491169957</strong></li><li>Our payment terms is 30 days and 5% interest per day after that will be charged.</li></ul>', 'MR ALI KAMARUDDIN', 'care@iwk.com.my', '1000.00', '14.10', '954.10', '60.00', '940.00', '0.00', '954.10', 0, '', '', 0, '', 0, '2023-10-03', 15, '0.00', '0.00', '954.10', 'a', 'NP'),
(51, 'INV/2023/052', '2023-09-18', 94, '', '', '<p><strong>Invoice Terms</strong></p><ul><li>Payment should be made to ( <strong>Maybank </strong>) <strong>AJ HYBRID EURO TECH</strong> <strong>512491169957</strong></li><li>Our payment terms is 30 days and 5% interest per day after that will be charged.</li><li>DGDFDSFD<strong>FDFDF</strong></li></ul>', 'MR RAMESH / SHOBA', 'admin@clean_sewers.com', '4613.42', '0.00', '4613.42', '0.00', '4613.42', '-0.02', '4613.40', 1, '', '', 0, '', 0, '2023-10-03', 15, '235.85', '0.00', '4377.55', 'a', 'NP'),
(52, 'INV/2023/053', '2023-09-18', 18, '', '', '<p><strong>Invoice Terms</strong></p><ul><li>Payment should be made to ( <strong>Maybank </strong>) <strong>AJ HYBRID EURO TECH</strong> <strong>512491169957</strong></li><li>Our payment terms is 30 days and 5% interest per day after that will be charged.</li></ul>', 'ENCIK KAMARUDDIN', 'fn_malaysia@gmail.com', '1098.00', '0.00', '1098.00', '0.00', '1098.00', '0.00', '1098.00', 0, '', '', 0, '', 0, '2023-10-03', 15, '0.00', '0.00', '1098.00', 'a', 'NP'),
(54, 'INV/2023/055', '2023-09-20', 238, 'DESLUDGING WORK AT CONDO BASEMENT', '', '<p><strong>Invoice Terms</strong></p><ul><li>Payment should be made to ( <strong>Maybank </strong>) <strong>AJ HYBRID EURO TECH</strong> <strong>512491169957</strong></li><li>Our payment terms is 30 days and 5% interest per day after that will be charged.</li></ul>', 'MR ONG KIM YEE', '', '4250.00', '33.00', '4283.00', '0.00', '4250.00', '0.00', '4283.00', 0, '<p>WORK LOCATION : TAN CHONG MOTOR SDN BHD - JALAN IPOH</p>', 'QO/2023/014', 13, 'DO/2023/009', 9, '2023-10-05', 15, '0.00', '0.00', '0.00', 'a', 'NP'),
(55, 'INV/2023/056', '2023-09-20', 94, '', '', '<p><strong>Invoice Terms</strong></p><ul><li>Payment should be made to ( <strong>Maybank </strong>) <strong>AJ HYBRID EURO TECH</strong> <strong>512491169957</strong></li><li>Our payment terms is 30 days and 5% interest per day after that will be charged.</li></ul>', 'MR RAMESH / SHOBA', 'admin@clean_sewers.com', '4250.00', '33.00', '4283.00', '0.00', '4250.00', '0.00', '4283.00', 0, '<p>WORK LOCATION : TAN CHONG MOTOR SDN BHD - JALAN IPOH</p>', '', 0, '', 0, '2023-10-05', 15, '0.00', '0.00', '4283.00', 'a', 'NP'),
(56, 'INV/2023/057', '2023-09-21', 11, 'DESLUDGING WORK AT CONDO BASEMENT AND JETTING WORKS', '', '<p><strong>Invoice Terms</strong></p><ul><li>Payment should be made to ( <strong>Maybank </strong>) <strong>AJ HYBRID EURO TECH</strong> <strong>512491169957</strong></li><li>Our payment terms is 30 days and 5% interest per day after that will be charged.</li></ul>', 'Mr Saravanan', '', '9674.20', '0.00', '9628.34', '45.85', '9628.34', '0.00', '9628.34', 0, '<p>TO&nbsp;</p><p>MR ALEX FOONG</p>', 'QO/2023/015', 14, 'DO/2023/010', 10, '2023-10-06', 15, '0.00', '0.00', '0.00', 'a', 'NP'),
(57, 'INV/2023/058', '2023-09-20', 132, 'DESLUDGING & MANUAL RODDING WORKS IN PROGREE', '', '<p><strong>Invoice Terms</strong></p><ul><li>Payment should be made to ( <strong>Maybank </strong>) <strong>AJ HYBRID EURO TECH</strong> <strong>512491169957</strong></li><li>Our payment terms is 30 days and 5% interest per day after that will be charged.</li></ul>', 'MR ALI KAMARUDDIN', 'care@iwk.com.my', '9282.20', '0.00', '9236.34', '45.85', '9236.34', '0.00', '9236.34', 0, '<p>TO&nbsp;</p><p>MR ALEX FOONG</p>', '', 0, 'DO/2023/011', 11, '2023-10-05', 15, '0.00', '0.00', '9236.34', 'a', 'NP'),
(58, 'INV/2023/059', '2023-09-20', 120, '', '', '<p><strong>Invoice Terms</strong></p><ul><li>Payment should be made to ( <strong>Maybank </strong>) <strong>AJ HYBRID EURO TECH</strong> <strong>512491169957</strong></li><li>Our payment terms is 30 days and 5% interest per day after that will be charged.</li></ul>', 'Mr Frank', '', '9674.20', '0.00', '9628.34', '45.85', '9628.34', '0.00', '9628.34', 0, '<p>TO&nbsp;</p><p>MR ALEX FOONG</p>', '', 0, 'DO/2023/012', 12, '2023-10-05', 15, '0.00', '0.00', '0.00', 'a', 'NP'),
(59, 'INV/2023/060', '2023-09-21', 81, '', '', '<p><strong>Invoice Terms</strong></p><ul><li>Payment should be made to ( <strong>Maybank </strong>) <strong>AJ HYBRID EURO TECH</strong> <strong>512491169957</strong></li><li>Our payment terms is 30 days and 5% interest per day after that will be charged.</li></ul>', 'Mr Zeizen', 'avinor@gmail.com', '9674.20', '0.00', '9628.34', '45.85', '9628.34', '0.00', '9628.34', 0, '<p>TO&nbsp;</p><p>MR ALEX FOONG</p>', '', 0, '', 0, '2023-10-06', 15, '0.00', '0.00', '0.00', 'a', 'NP'),
(60, 'INV/2023/061', '2023-09-21', 118, '', '', '<p><strong>Invoice Terms</strong></p><ul><li>Payment should be made to ( <strong>Maybank </strong>) <strong>AJ HYBRID EURO TECH</strong> <strong>512491169957</strong></li><li>Our payment terms is 30 days and 5% interest per day after that will be charged.</li></ul>', 'MS CATHERINE', 'kenny_90@gmail.com', '9025.10', '0.00', '8994.53', '30.57', '8994.53', '0.00', '8994.53', 0, '<p>TO&nbsp;</p><p>MR ALEX FOONG</p>', 'QO/2023/019', 18, '', 0, '2023-10-06', 15, '0.00', '0.00', '0.00', 'a', 'NP'),
(61, 'INV/2023/063', '2023-09-21', 18, '', '', '<p><strong>Invoice Terms</strong></p><ul><li>Payment should be made to ( <strong>Maybank </strong>) <strong>AJ HYBRID EURO TECH</strong> <strong>512491169957</strong></li><li>Our payment terms is 30 days and 5% interest per day after that will be charged.</li></ul>', 'ENCIK KAMARUDDIN', 'fn_malaysia@gmail.com', '57675.20', '0.00', '53105.05', '4570.15', '53105.05', '0.00', '53105.05', 0, '<p>TO&nbsp;</p><p>MR ALEX FOONG</p>', 'QO/2023/020', 19, 'DO/2023/018', 13, '2023-10-06', 15, '0.00', '0.00', '0.00', 'a', 'NP'),
(62, 'INV/2023/064', '2023-09-22', 213, 'HANTAR BARANG KE PORT KLANG DHL CENTRE', '', '<p><strong>Invoice Terms</strong></p><ul><li>Payment should be made to ( <strong>Maybank </strong>) <strong>AJ HYBRID EURO TECH</strong> <strong>512491169957</strong></li><li>Our payment terms is 30 days and 5% interest per day after that will be charged.</li></ul>', 'MRS ELANGO', '', '16098.95', '0.00', '16098.95', '0.00', '16098.95', '0.00', '16098.95', 0, '', '', 0, 'DO/2023/019', 14, '2023-10-07', 15, '0.00', '0.00', '0.00', 'a', 'NP'),
(63, 'INV/2023/065', '2023-09-23', 132, '', '', '<p><strong>Invoice Terms</strong></p><ul><li>Payment should be made to ( <strong>Maybank </strong>) <strong>AJ HYBRID EURO TECH</strong> <strong>512491169957</strong></li><li>Our payment terms is 30 days and 5% interest per day after that will be charged.</li></ul>', 'MR ALI KAMARUDDIN', 'care@iwk.com.my', '4550.95', '0.00', '4550.95', '0.00', '4550.95', '0.00', '4550.95', 0, '', '', 0, '', 0, '2023-10-08', 15, '0.00', '0.00', '4550.95', 'a', 'NP'),
(64, 'INV/2023/088', '2023-08-17', 132, '', '', '<p><strong>Invoice Terms</strong></p><ul><li>Payment should be made to ( <strong>Maybank </strong>) <strong>AJ HYBRID EURO TECH</strong> <strong>512491169957</strong></li><li>Our payment terms is 30 days and 5% interest per day after that will be charged.</li></ul>', 'MR ALI KAMARUDDIN', 'care@iwk.com.my', '700.00', '0.00', '700.00', '0.00', '700.00', '0.00', '700.00', 0, '', '', 0, '', 0, '2023-09-01', 15, '0.00', '0.00', '700.00', 'a', 'NP'),
(65, 'INV/2023/089', '2023-10-01', 94, '', '', '<p><strong>Invoice Terms</strong></p><ul><li>Payment should be made to ( <strong>Maybank </strong>) <strong>AJ HYBRID EURO TECH</strong> <strong>512491169957</strong></li><li>Our payment terms is 30 days and 5% interest per day after that will be charged.</li></ul>', 'MR RAMESH / SHOBA', 'admin@clean_sewers.com', '4250.00', '33.00', '4283.00', '0.00', '4250.00', '0.00', '4283.00', 0, '<p>WORK LOCATION : TAN CHONG MOTOR SDN BHD - JALAN IPOH</p>', '', 0, '', 0, '2023-10-16', 15, '0.00', '0.00', '0.00', 'a', 'NP'),
(66, 'INV/2023/090', '2023-10-01', 243, '', '', '<p><strong>Invoice Terms</strong></p><ul><li>Payment should be made to ( <strong>Maybank </strong>) <strong>AJ HYBRID EURO TECH</strong> <strong>512491169957</strong></li><li>Our payment terms is 30 days and 5% interest per day after that will be charged.</li></ul>', 'MR KASSIM', '', '4250.00', '33.00', '4283.00', '0.00', '4250.00', '0.00', '4283.00', 0, '<p>WORK LOCATION : TAN CHONG MOTOR SDN BHD - JALAN IPOH</p>', '', 0, '', 0, '2023-10-16', 15, '0.00', '0.00', '4283.00', 'a', 'NP'),
(67, 'INV/2023/091', '2023-10-01', 243, '', '', '<p><strong>Invoice Terms</strong></p><ul><li>Payment should be made to ( <strong>Maybank </strong>) <strong>AJ HYBRID EURO TECH</strong> <strong>512491169957</strong></li><li>Our payment terms is 30 days and 5% interest per day after that will be charged.</li></ul>', 'MR KASSIM', '', '3500.00', '0.00', '3500.00', '0.00', '3500.00', '0.00', '3500.00', 0, '', '', 0, '', 0, '2023-10-16', 15, '0.00', '0.00', '3500.00', 'a', 'NP'),
(68, 'INV/2023/092', '2023-10-03', 11, '', '', '<p><strong>Invoice Terms</strong></p><ul><li>Payment should be made to ( <strong>Maybank </strong>) <strong>AJ HYBRID EURO TECH</strong> <strong>512491169957</strong></li><li>Our payment terms is 30 days and 5% interest per day after that will be charged.</li></ul>', 'Mr Saravanan', 'sara_98@hotmail.com', '167.95', '0.00', '167.95', '0.00', '167.95', '0.00', '167.95', 0, '', '', 0, '', 0, '2023-10-18', 15, '0.00', '0.00', '0.00', 'a', 'NP'),
(69, 'INV/2023/093', '2023-10-04', 82, '', '', '<p><strong>Invoice Terms</strong></p><ul><li>Payment should be made to ( <strong>Maybank </strong>) <strong>AJ HYBRID EURO TECH</strong> <strong>512491169957</strong></li><li>Our payment terms is 30 days and 5% interest per day after that will be charged.</li></ul>', '', '', '4250.00', '33.00', '4283.00', '0.00', '4250.00', '0.00', '4283.00', 0, '<p>WORK LOCATION : TAN CHONG MOTOR SDN BHD - JALAN IPOH</p>', '', 0, '', 0, '2023-10-19', 15, '0.00', '0.00', '0.00', 'a', 'NP'),
(70, 'INV/2023/094', '2023-10-04', 36, '', '', '<p><strong>Invoice Terms</strong></p><ul><li>Payment should be made to ( <strong>Maybank </strong>) <strong>AJ HYBRID EURO TECH</strong> <strong>512491169957</strong></li><li>Our payment terms is 30 days and 5% interest per day after that will be charged.</li></ul>', '', '', '1000.00', '0.00', '1000.00', '0.00', '1000.00', '0.00', '1000.00', 0, '', '', 0, '', 0, '2023-10-19', 15, '0.00', '0.00', '1000.00', 'a', 'NP'),
(71, 'INV/2023/095', '2023-10-04', 88, '', '', '<p><strong>Invoice Terms</strong></p><ul><li>Payment should be made to ( <strong>Maybank </strong>) <strong>AJ HYBRID EURO TECH</strong> <strong>512491169957</strong></li><li>Our payment terms is 30 days and 5% interest per day after that will be charged.</li></ul>', 'MR HUAT', 'ken_huat89@gmail.com', '1000.72', '95.57', '1051.26', '45.03', '955.69', '-0.01', '1051.25', 1, '', '', 0, '', 0, '2023-10-19', 15, '0.00', '0.00', '888.00', 'a', 'PP'),
(72, 'INV/2023/096', '2023-10-04', 34, '', '', '<p><strong>Invoice Terms</strong></p><ul><li>Payment should be made to ( <strong>Maybank </strong>) <strong>AJ HYBRID EURO TECH</strong> <strong>512491169957</strong></li><li>Our payment terms is 30 days and 5% interest per day after that will be charged.</li></ul>', 'Mr Gobalan', 'gobalan2829@gmail.com', '999.00', '0.00', '999.00', '0.00', '999.00', '0.00', '999.00', 0, '', '', 0, '', 0, '2023-10-19', 15, '0.00', '0.00', '666.00', 'a', 'PP'),
(73, 'INV/2023/097', '2023-10-05', 11, '', '', '<p><strong>Invoice Terms</strong></p><ul><li>Payment should be made to ( <strong>Maybank </strong>) <strong>AJ HYBRID EURO TECH</strong> <strong>512491169957</strong></li><li>Our payment terms is 30 days and 5% interest per day after that will be charged.</li></ul>', 'Mr Saravanan', 'sara_98@hotmail.com', '2223.45', '0.00', '2223.45', '0.00', '2223.45', '0.00', '2223.45', 0, '', '', 0, '', 0, '2023-10-20', 15, '0.00', '0.00', '0.00', 'a', 'PD'),
(74, 'INV/2023/098', '2023-10-05', 76, '', '', '<p><strong>Invoice Terms</strong></p><ul><li>Payment should be made to ( <strong>Maybank </strong>) <strong>AJ HYBRID EURO TECH</strong> <strong>512491169957</strong></li><li>Our payment terms is 30 days and 5% interest per day after that will be charged.</li></ul>', 'SERI WAHYU RESINDENCE MANAGEMENT OFFICE', '', '591.00', '30.23', '589.07', '32.16', '558.84', '0.00', '589.07', 0, '', '', 0, '', 0, '2023-10-20', 15, '0.00', '0.00', '0.00', 'a', 'NP'),
(75, 'INV/2023/099', '2023-10-06', 40, '', 'MS PRAYANKKA KAUR', '<p><strong>Invoice Terms</strong></p><ul><li>Payment should be made to ( <strong>Maybank </strong>) <strong>AJ HYBRID EURO TECH</strong> <strong>512491169957</strong></li><li>Our payment terms is 30 days and 5% interest per day after that will be charged.</li></ul>', 'MR RAMESH (DATOK)', '', '8119.00', '0.00', '8119.00', '0.00', '8119.00', '0.00', '8119.00', 0, '', 'QO/2023/023', 22, 'DO/2023/022', 17, '2023-10-21', 15, '350.00', '0.00', '200.00', 'a', 'NP'),
(76, 'INV/2023/100', '2023-10-09', 40, '', 'MR KARIM NOR', '<p><strong>Invoice Terms</strong></p><ul><li>Payment should be made to ( <strong>Maybank </strong>) <strong>AJ HYBRID EURO TECH</strong> <strong>512491169957</strong></li><li>Our payment terms is 30 days and 5% interest per day after that will be charged.</li></ul>', 'MR RAMESH (DATOK)', '', '344.00', '19.04', '357.65', '5.39', '338.61', '0.00', '357.65', 0, '', '', 0, '', 0, '2023-10-24', 15, '0.00', '0.00', '0.00', 'a', 'NP'),
(77, 'INV/2023/101', '2023-10-09', 40, '', '', '<p><strong>Invoice Terms</strong></p><ul><li>Payment should be made to ( <strong>Maybank </strong>) <strong>AJ HYBRID EURO TECH</strong> <strong>512491169957</strong></li><li>Our payment terms is 30 days and 5% interest per day after that will be charged.</li></ul>', 'MR RAMESH (DATOK)', '', '0.00', '0.00', '0.00', '0.00', '0.00', '0.00', '0.00', 0, '', '', 0, '', 0, '2023-10-24', 15, '0.00', '0.00', '0.00', 'a', 'NP'),
(78, 'INV/2023/106', '2023-10-10', 94, '', '', '<p><strong>Invoice Terms</strong></p><ul><li>Payment should be made to ( <strong>Maybank </strong>) <strong>AJ HYBRID EURO TECH</strong> <strong>512491169957</strong></li><li>Our payment terms is 30 days and 5% interest per day after that will be charged.</li></ul>', 'MR RAMESH / SHOBA', 'admin@clean_sewers.com', '7000.00', '0.00', '7000.00', '0.00', '7000.00', '0.00', '7000.00', 0, '', '', 0, '', 0, '2023-10-25', 15, '0.00', '0.00', '7000.00', 'a', 'PP'),
(79, 'INV/2023/107', '2023-10-11', 174, '', '', '<p><strong>Invoice Terms</strong></p><ul><li>Payment should be made to ( <strong>Maybank </strong>) <strong>AJ HYBRID EURO TECH</strong> <strong>512491169957</strong></li><li>Our payment terms is 30 days and 5% interest per day after that will be charged.</li></ul>', 'Ms. Kithana', '', '1000.00', '0.00', '1000.00', '0.00', '1000.00', '0.00', '1000.00', 0, '', '', 0, '', 0, '2023-10-26', 15, '0.00', '0.00', '1150.00', 'a', 'PP'),
(80, 'INV/2023/108', '2023-10-16', 245, 'CUSTOMISED ONLINE TUITION CENTRE MANAGEMENT SYSTEM ( TYPE A )', 'MDM CHANDRIKA', '<p><strong>MISCELLANEOUS</strong></p><ol><li>CUSTOMER HAS REQUSTED FOR STUDENT ATTENDANCE CAPTURING SYSTEM. AT THE MOMENT THIS FUNCTION IS FULLY INSIDE EACH CLASS ATTENDANCE MENU AND IT WORKS BY MOUSE CLICK METHOD.</li><li>THIS ISSUE WILL BE LOOKED AT LATER STAGE ONCE ALL CENTRES SYSTEM WORKING FINE AND IS IN STABLE CONDITION INCLUDING WORKFLOW. AT THE MOMENT WE HAVE NOT IDENTIFIED THIS NEW METHOD YET.</li><li>SEPARATE QUOTATION WILL BE PROVIDED FOR THIS WORK.</li></ol><p><strong>Invoice Terms</strong></p><ol><li>All cheques must be crossed &quot;A/C PAYEE ONLY&quot; and made payable to &quot;<strong>MEL SYSTEMS</strong>&quot;.</li><li>Bank Info : <strong>CIMB ( MEL SYSTEMS 860 477 3732 &nbsp;)</strong></li></ol>', 'DR KATHIR', '', '11000.00', '0.00', '11000.00', '0.00', '11000.00', '0.00', '11000.00', 0, '<ul><li><strong>SYSTEM TYPE</strong> : FULLY ONLINE WEB APPLICATION</li><li>PROGRAMING LANGUAGE : HTML, JAVASCRIPT, PHP, CSS</li><li>DATABASE : MySQL</li><li>INDIVIDUAL DOMAIN NAME AND HOSTING FOR EACH CENTRE.</li><li>EACH CENTRE COMPLETELY INDEPENDANT, NO SHARING OF ANY DATA AT ALL.</li><li>ANY IMPACT OR DOWN TIME DOES NOT AFFECT OTHER CENTRES.</li><li>SPEED FASTER THAN TYPE B DUE NOT SHARING ANY RESOURCES OF SERVER INCLUDING BANDWIDTH, STORAGE</li><li>MUCH SAFER INCASE OF ANY INTRUSION TO ONE OF THE CENTRES APPLICATION OR DATABASE</li><li>UNLIMITED USERS</li><li>UNLIMITED STUDENTS</li><li>SYSTEM COMPLETELY GROUPED BY YEAR, NO SHARING OF DATA EXPECT STUDENT, TEACHER DATABASE</li></ul>', 'QO/2023/025', 24, '', 0, '2023-10-16', 0, '0.00', '0.00', '6600.00', 'a', 'NP'),
(81, 'INV/2023/109', '2023-12-07', 242, '', '', '<p><strong>Invoice Terms</strong></p><ul><li>Payment should be made to ( <strong>Maybank </strong>) <strong>AJ HYBRID EURO TECH</strong> <strong>512491169957</strong></li><li>Our payment terms is 30 days and 5% interest per day after that will be charged.</li></ul>', '', '', '897.77', '53.02', '950.78', '0.00', '897.77', '0.02', '950.80', 1, '', '', 0, '', 0, '2023-12-22', 15, '0.00', '0.00', '0.00', 'a', 'NP'),
(82, 'INV/2023/110', '2024-01-10', 247, '', '', '<p><strong>Invoice Terms</strong></p><ul><li>Payment should be made to ( <strong>Maybank </strong>) <strong>AJ HYBRID EURO TECH</strong> <strong>512491169957</strong></li><li>Our payment terms is 30 days and 5% interest per day after that will be charged.</li></ul>', 'ALAN AUYONG', '', '2900.00', '0.00', '2900.00', '0.00', '2900.00', '0.00', '2900.00', 0, '<p><strong>REMARKS</strong></p><ul><li>TO REPLACE REAR TYRE DUE TO LOW THREAD</li></ul>', '', 0, '', 0, '2024-01-25', 15, '0.00', '0.00', '0.00', 'a', 'NP'),
(83, 'INV/2024/005', '2024-02-08', 15, 'PURCHASE INSURANCE FROM ZURICH GENERAL INSURANCE MALAYSIA BERHAD', '', '<p><strong>Invoice Terms</strong></p><ul><li>Payment should be made to Hybrid Technologies Solutions 562085613738 (Maybank)</li><li>Our payment terms is 30 days and 5% interest per day after that will be charged.</li></ul>', 'Madam Kavita', 'ksnsewerageworks@gmail.com', '1274.00', '0.00', '1274.00', '0.00', '1274.00', '0.00', '1274.00', 0, '<p>PRINCIPAL :&nbsp;GREENHILL RESOURCES SDN BHD<br />CONTRACTOR :&nbsp;KSN SEWERAGE ENGINEERING SERVICE<br /><br />PERIOD INSURED :&nbsp;15/02/2024 - 15/03/2024</p>', '', 0, '', 0, '2024-02-23', 15, '1274.00', '0.00', '0.00', 'a', 'NP'),
(84, 'INV/2024/006', '2024-03-15', 132, '', '', '<p><strong>Invoice Terms</strong></p><ul><li>Payment should be made to ( <strong>Maybank </strong>) <strong>AJ HYBRID EURO TECH</strong> <strong>512491169957</strong></li></ul>', 'MR ALI KAMARUDDIN', 'care@iwk.com.my', '8941.45', '9.47', '8931.39', '19.53', '8921.92', '0.01', '8931.40', 1, '', '', 0, 'DO/2023/023', 18, '2024-03-30', 15, '0.00', '0.00', '8931.40', 'a', 'NP'),
(85, 'INV/2024/007', '2024-03-15', 34, 'CUTTING TREES AND OTHER RELATED WORS]KS', 'MR KANNAN', '<p><strong>Invoice Terms</strong></p><ul><li>Payment should be made to Hybrid Technologies Solutions 562085613738 (Maybank)</li><li>Our payment terms is 30 days and 5% interest per day after that will be charged.</li></ul>', 'Mr Gobalan', 'gobalan2829@gmail.com', '2803.80', '0.00', '2803.80', '0.00', '2803.80', '0.00', '2803.80', 0, '<p>PLEASE SEND US THE PAYMENT WITHIN 14 DAYS OF WORK COMPLETION.</p>', 'QO/2024/006', 27, '', 0, '2024-03-30', 15, '0.00', '0.00', '0.00', 'a', 'NP'),
(86, 'INV/2024/008', '2024-03-24', 94, '', '', '<p><strong>Invoice Terms</strong></p><ul><li>Payment should be made to ( <strong>Maybank </strong>) <strong>AJ HYBRID EURO TECH</strong> <strong>512491169957</strong></li></ul>', 'MR RAMESH / SHOBA', 'admin@clean_sewers.com', '8941.45', '9.47', '8931.39', '19.53', '8921.92', '0.01', '8931.40', 1, '', '', 0, '', 0, '2024-04-08', 15, '0.00', '0.00', '0.00', 'a', 'NP'),
(87, 'INV/2024/009', '2024-03-25', 18, '', '', '<p><strong>MISCELLANEOUS</strong></p><ol><li>CUSTOMER HAS REQUSTED FOR STUDENT ATTENDANCE CAPTURING SYSTEM. AT THE MOMENT THIS FUNCTION IS FULLY INSIDE EACH CLASS ATTENDANCE MENU AND IT WORKS BY MOUSE CLICK METHOD.</li><li>THIS ISSUE WILL BE LOOKED AT LATER STAGE ONCE ALL CENTRES SYSTEM WORKING FINE AND IS IN STABLE CONDITION INCLUDING WORKFLOW. AT THE MOMENT WE HAVE NOT IDENTIFIED THIS NEW METHOD YET.</li><li>SEPARATE QUOTATION WILL BE PROVIDED FOR THIS WORK.</li></ol><p><strong>Invoice Terms</strong></p><ol><li>All cheques must be crossed &quot;A/C PAYEE ONLY&quot; and made payable to &quot;<strong>MEL SYSTEMS</strong>&quot;.</li><li>Bank Info : <strong>CIMB ( MEL SYSTEMS 860 477 3732 &nbsp;)</strong></li></ol>', 'ENCIK KAMARUDDIN', 'fn_malaysia@gmail.com', '11000.00', '0.00', '11000.00', '0.00', '11000.00', '0.00', '11000.00', 0, '<ul><li><strong>SYSTEM TYPE</strong> : FULLY ONLINE WEB APPLICATION</li><li>PROGRAMING LANGUAGE : HTML, JAVASCRIPT, PHP, CSS</li><li>DATABASE : MySQL</li><li>INDIVIDUAL DOMAIN NAME AND HOSTING FOR EACH CENTRE.</li><li>EACH CENTRE COMPLETELY INDEPENDANT, NO SHARING OF ANY DATA AT ALL.</li><li>ANY IMPACT OR DOWN TIME DOES NOT AFFECT OTHER CENTRES.</li><li>SPEED FASTER THAN TYPE B DUE NOT SHARING ANY RESOURCES OF SERVER INCLUDING BANDWIDTH, STORAGE</li><li>MUCH SAFER INCASE OF ANY INTRUSION TO ONE OF THE CENTRES APPLICATION OR DATABASE</li><li>UNLIMITED USERS</li><li>UNLIMITED STUDENTS</li><li>SYSTEM COMPLETELY GROUPED BY YEAR, NO SHARING OF DATA EXPECT STUDENT, TEACHER DATABASE</li></ul>', '', 0, '', 0, '2024-04-09', 15, '0.00', '0.00', '11000.00', 'a', 'NP'),
(88, 'INV/2024/010', '2024-03-25', 248, '', '', '<p><strong>MISCELLANEOUS</strong></p><ol><li>CUSTOMER HAS REQUSTED FOR STUDENT ATTENDANCE CAPTURING SYSTEM. AT THE MOMENT THIS FUNCTION IS FULLY INSIDE EACH CLASS ATTENDANCE MENU AND IT WORKS BY MOUSE CLICK METHOD.</li><li>THIS ISSUE WILL BE LOOKED AT LATER STAGE ONCE ALL CENTRES SYSTEM WORKING FINE AND IS IN STABLE CONDITION INCLUDING WORKFLOW. AT THE MOMENT WE HAVE NOT IDENTIFIED THIS NEW METHOD YET.</li><li>SEPARATE QUOTATION WILL BE PROVIDED FOR THIS WORK.</li></ol><p><strong>Invoice Terms</strong></p><ol><li>All cheques must be crossed &quot;A/C PAYEE ONLY&quot; and made payable to &quot;<strong>MEL SYSTEMS</strong>&quot;.</li><li>Bank Info : <strong>CIMB ( MEL SYSTEMS 860 477 3732 &nbsp;)</strong></li></ol>', '', '', '12249.00', '132.16', '12381.16', '0.00', '12249.00', '-0.01', '12381.15', 1, '<ul><li><strong>SYSTEM TYPE</strong> : FULLY ONLINE WEB APPLICATION</li><li>PROGRAMING LANGUAGE : HTML, JAVASCRIPT, PHP, CSS</li><li>DATABASE : MySQL</li><li>INDIVIDUAL DOMAIN NAME AND HOSTING FOR EACH CENTRE.</li><li>EACH CENTRE COMPLETELY INDEPENDANT, NO SHARING OF ANY DATA AT ALL.</li><li>ANY IMPACT OR DOWN TIME DOES NOT AFFECT OTHER CENTRES.</li><li>SPEED FASTER THAN TYPE B DUE NOT SHARING ANY RESOURCES OF SERVER INCLUDING BANDWIDTH, STORAGE</li><li>MUCH SAFER INCASE OF ANY INTRUSION TO ONE OF THE CENTRES APPLICATION OR DATABASE</li><li>UNLIMITED USERS</li><li>UNLIMITED STUDENTS</li><li>SYSTEM COMPLETELY GROUPED BY YEAR, NO SHARING OF DATA EXPECT STUDENT, TEACHER DATABASE</li></ul>', '', 0, '', 0, '2024-04-09', 15, '0.00', '0.00', '12381.15', 'a', 'NP'),
(89, 'INV/2024/011', '2024-03-25', 174, '', 'MR SUHUMARAN', '<p><strong>Invoice Terms</strong></p><ul><li>Payment should be made to ( <strong>Maybank </strong>) <strong>AJ HYBRID EURO TECH</strong> <strong>512491169957</strong></li><li>Our payment terms is 30 days and 5% interest per day after that will be charged.</li></ul>', 'MR PREM NAIR', '', '18168.65', '17.64', '18186.29', '0.00', '18168.65', '0.00', '18186.29', 0, '', '', 0, '', 0, '2024-04-09', 15, '0.00', '0.00', '18186.29', 'a', 'NP');
INSERT INTO `tbinvoice` (`invoice_id`, `invoice_no`, `invoice_date`, `invoice_customerID`, `invoice_title`, `invoice_from`, `invoice_terms`, `invoice_attention`, `invoice_email`, `invoice_subTotal`, `invoice_taxTotal`, `invoice_grandTotal`, `invoice_discountTotal`, `invoice_totalAfterDiscount`, `invoice_roundAmount`, `invoice_grandTotalRound`, `invoice_roundStatus`, `invoice_content`, `invoice_quotationNo`, `invoice_quotationID`, `invoice_deliveryOrderNo`, `invoice_deliveryOrderID`, `invoice_dueDate`, `invoice_dueDateNo`, `invoice_creditNote`, `invoice_debitNote`, `invoice_paid`, `invoice_status`, `invoice_paymentStatus`) VALUES
(90, 'INV/2024/012', '2024-03-26', 249, '', '', '<p><strong>Invoice Terms</strong></p><ul><li>Payment should be made to ( <strong>Maybank </strong>) <strong>AJ HYBRID EURO TECH</strong> <strong>512491169957</strong></li></ul>', 'MR APUKUTAN NAIR', '', '8941.45', '9.47', '8931.39', '19.53', '8921.92', '0.01', '8931.40', 1, '', '', 0, '', 0, '2024-04-10', 15, '0.00', '0.00', '0.00', 'a', 'NP'),
(91, 'INV/2024/013', '2024-05-01', 94, '', '', '<p><strong>Invoice Terms</strong></p><ul><li>Payment should be made to ( <strong>Maybank </strong>) <strong>AJ HYBRID EURO TECH</strong> <strong>512491169957</strong></li></ul>', 'MR RAMESH / SHOBA', 'admin@clean_sewers.com', '8941.45', '9.47', '8931.39', '19.53', '8921.92', '0.01', '8931.40', 1, '', '', 0, '', 0, '2024-05-16', 15, '0.00', '0.00', '0.00', 'a', 'NP'),
(92, 'INV/2024/014', '2024-05-01', 241, '', '', '<p><strong>Invoice Terms</strong></p><ul><li>Payment should be made to ( <strong>Maybank </strong>) <strong>AJ HYBRID EURO TECH</strong> <strong>512491169957</strong></li></ul>', 'MS JANET JI', 'pharmacy_99@gmail.com', '8941.45', '9.47', '8931.39', '19.53', '8921.92', '0.01', '8931.40', 1, '', '', 0, '', 0, '2024-05-16', 15, '0.00', '0.00', '0.00', 'a', 'NP'),
(94, 'INV/2024/015', '2024-05-03', 250, 'INVOICE FOR DESLUDGING GREASE TRAP TANK, CLEAR BLOCKAGES, SERVICE PIPELINE CHAMBER AND RELATED WORKS.', 'MR NAVIN', '<p><strong>Invoice Terms</strong></p><ul><li>All cheques must be crossed &quot;A/C PAYEE ONLY&quot; and made payable to &quot;BERJAYA EARA RESOURCES&quot;.</li><li>Payment should be made to PUBLIC BANK BERHAD&nbsp; &nbsp;A/C: 3174 344 515</li></ul>', '(Registration No. SEL 1659/08)', 'palmspring_damansara@yahoo.com', '22500.00', '0.00', '22500.00', '0.00', '22500.00', '0.00', '22500.00', 0, '<p>TO DO DESLUDGING, CLEAR PIPE BLOCKAGES, SERVICE PIPELINE AND OTHER RELATED WORKS FOR 3 BLOCKS OF CONDOMINIUM UNITS</p><p>BLOCK A, BLOCK B,&nbsp;BLOCK C</p><p>SUPPLY DESLUDGING TANKER, JETTER TRUCK MACHINE, TOOLS, MATERIALS AND SKILLED WORKERS</p><p>&nbsp;</p>', 'QO/2024/008', 29, '', 0, '2024-05-03', 0, '0.00', '0.00', '22500.00', 'a', 'NP'),
(95, 'INV/2024/016', '2024-05-16', 132, '', '', '<p><strong>Invoice Terms</strong></p><ul><li>All cheques must be crossed &quot;A/C PAYEE ONLY&quot; and made payable to &quot;BERJAYA EARA RESOURCES&quot;.</li><li>Payment should be made to PUBLIC BANK BERHAD&nbsp; &nbsp;A/C: 3174 344 515</li></ul>', 'MR ALI KAMARUDDIN', 'care@iwk.com.my', '22500.00', '0.00', '22500.00', '0.00', '22500.00', '0.00', '22500.00', 0, '<p>TO DO DESLUDGING, CLEAR PIPE BLOCKAGES, SERVICE PIPELINE AND OTHER RELATED WORKS FOR 3 BLOCKS OF CONDOMINIUM UNITS</p><p>BLOCK A, BLOCK B,&nbsp;BLOCK C</p><p>SUPPLY DESLUDGING TANKER, JETTER TRUCK MACHINE, TOOLS, MATERIALS AND SKILLED WORKERS</p><p>&nbsp;</p>', '', 0, '', 0, '2024-05-31', 15, '0.00', '0.00', '22500.00', 'a', 'NP'),
(96, 'INV/2024/017', '2024-05-16', 76, '', '', '<p><strong>Invoice Terms</strong></p><ul><li>Payment should be made to Hybrid Technologies Solutions 562085613738 (Maybank)</li><li>Our payment terms is 30 days and 5% interest per day after that will be charged.</li></ul>', 'SERI WAHYU RESINDENCE MANAGEMENT OFFICE', '', '12564.70', '0.00', '12564.70', '0.00', '12564.70', '0.00', '12564.70', 0, '', '', 0, 'DO/2023/024', 19, '2024-05-31', 15, '0.00', '0.00', '0.00', 'a', 'NP'),
(97, 'INV/2024/018', '2024-05-22', 94, '', '', '<p><strong>Invoice Terms</strong></p><ul><li>Payment should be made to Hybrid Technologies Solutions 562085613738 (Maybank)</li><li>Our payment terms is 30 days and 5% interest per day after that will be charged.</li></ul>', 'MR RAMESH / SHOBA', 'admin@clean_sewers.com', '21428.85', '263.03', '20574.24', '1117.64', '20311.21', '0.01', '20574.25', 1, '', '', 0, '', 0, '2024-06-06', 15, '0.00', '0.00', '0.00', 'a', 'NP'),
(98, 'INV/2024/019', '2024-06-04', 132, '', '', '<p><strong>Invoice Terms</strong></p><ul><li>Payment should be made to Hybrid Technologies Solutions 562085613738 (Maybank)</li><li>Our payment terms is 30 days and 5% interest per day after that will be charged.</li></ul>', 'MR ALI KAMARUDDIN', 'care@iwk.com.my', '5039.90', '60.00', '5099.90', '0.00', '5039.90', '0.00', '5099.90', 0, '', '', 0, '', 0, '2024-06-19', 15, '0.00', '0.00', '5099.90', 'a', 'NP'),
(99, 'INV/2024/020', '2024-06-09', 251, '', '', '<p><strong>Invoice Terms</strong></p><ul><li>Payment should be made to Hybrid Technologies Solutions 562085613738 (Maybank)</li><li>Our payment terms is 30 days and 5% interest per day after that will be charged.</li></ul>', '', '', '5039.90', '60.00', '5099.90', '0.00', '5039.90', '0.00', '5099.90', 0, '', '', 0, '', 0, '2024-06-24', 15, '0.00', '0.00', '5099.90', 'a', 'NP'),
(100, 'INV/2024/021', '2024-06-10', 74, '', '', '<p><strong>Invoice Terms</strong></p><ul><li>Payment should be made to Hybrid Technologies Solutions 562085613738 (Maybank)</li><li>Our payment terms is 30 days and 5% interest per day after that will be charged.</li></ul>', 'Mr Anamalai', 'alagapas@hotmail.com', '5659.80', '290.70', '5905.50', '45.00', '5614.80', '0.00', '5905.50', 0, '', '', 0, '', 0, '2024-06-25', 15, '0.00', '0.00', '5905.50', 'a', 'NP'),
(101, 'INV/2024/022', '2024-06-10', 174, '', '', '<p><strong>Invoice Terms</strong></p><ul><li>Payment should be made to Hybrid Technologies Solutions 562085613738 (Maybank)</li><li>Our payment terms is 30 days and 5% interest per day after that will be charged.</li></ul>', 'Ms. Kithana', '', '5490.60', '0.00', '5490.60', '0.00', '5490.60', '0.00', '5490.60', 0, '', '', 0, 'DO/2023/026', 21, '2024-06-25', 15, '0.00', '0.00', '5490.60', 'a', 'NP'),
(102, 'INV/2024/023', '2024-06-05', 132, '', '', '<p><strong>Invoice Terms</strong></p><ul><li>Payment should be made to Hybrid Technologies Solutions 562085613738 (Maybank)</li><li>Our payment terms is 30 days and 5% interest per day after that will be charged.</li></ul>', 'MR ALI KAMARUDDIN', 'care@iwk.com.my', '5039.90', '60.33', '4180.23', '920.00', '4119.90', '0.00', '4180.23', 0, '', '', 0, 'DO/2023/027', 22, '2024-06-20', 15, '867.37', '0.00', '4180.23', 'a', 'NP'),
(103, 'INV/2024/024', '2024-06-10', 250, 'QUOTATION FOR MONTHLY SERVICE OF DESLUDGING GREASE TRAP TANK, CLEAR BLOCKAGES, SERVICE PIPELINE CHAMBER AND RELATED WORKS.', 'MR NAVIN', '<p><strong>Invoice Terms</strong></p><ul><li>Payment should be made to Hybrid Technologies Solutions 562085613738 (Maybank)</li><li>Our payment terms is 30 days and 5% interest per day after that will be charged.</li></ul>', '(Registration No. SEL 1659/08)', 'palmspring_damansara@yahoo.com', '35255.00', '0.00', '35232.25', '22.75', '35232.25', '0.00', '35232.25', 0, '<p>TO DO DESLUDGING, CLEAR PIPE BLOCKAGES, SERVICE PIPELINE AND OTHER RELATED WORKS FOR 6 BLOCKS OF CONDOMINIUM UNITS</p><p>BLOCK A, BLOCK B,&nbsp;BLOCK C,&nbsp;BLOCK D,&nbsp;BLOCK E,&nbsp;BLOCK F</p><p>SUPPLY DESLUDGING TANKER, JETTER TRUCK MACHINE, TOOLS, MATERIALS AND SKILLED WORKERS</p><p>&nbsp;</p>', 'QO/2024/012', 33, '', 0, '2024-06-25', 15, '0.00', '0.00', '34800.00', 'a', 'NP'),
(104, 'INV/2024/025', '2024-06-10', 24, '', '', '<p><strong>Invoice Terms</strong></p><ul><li>Payment should be made to Hybrid Technologies Solutions 562085613738 (Maybank)</li><li>Our payment terms is 30 days and 5% interest per day after that will be charged.</li></ul>', 'MR KUMAR RAO', 'telug_assc@gmail.com', '3845.60', '0.00', '3845.60', '0.00', '3845.60', '0.00', '3845.60', 0, '', '', 0, '', 0, '2024-06-25', 15, '0.00', '0.00', '3845.60', 'a', 'NP'),
(105, 'INV/2024/027', '2024-06-24', 62, '', '', '<p><strong>Invoice Terms</strong></p><ul><li>Payment should be made to Hybrid Technologies Solutions 562085613738 (Maybank)</li><li>Our payment terms is 30 days and 5% interest per day after that will be charged.</li></ul>', 'ENCIK AZHAR', 'azhar.rahman@kimgres.com', '3991.20', '99.01', '4090.21', '0.00', '3991.20', '0.00', '4090.21', 0, '', '', 0, 'DO/2023/028', 23, '2024-07-09', 15, '5157.99', '0.00', '0.00', 'a', 'NP'),
(106, 'INV/2024/028', '2024-06-27', 250, 'INVOICE FOR DESLUDGING GREASE TRAP TANK, CLEAR BLOCKAGES, SERVICE PIPELINE CHAMBER AND RELATED WORKS.', '', '<p><strong>Invoice Terms</strong></p><ul><li>All cheques must be crossed &quot;A/C PAYEE ONLY&quot; and made payable to &quot;BERJAYA EARA RESOURCES&quot;.</li><li>Payment should be made to PUBLIC BANK BERHAD&nbsp; &nbsp;A/C: 3174 344 515</li></ul>', '', 'palmspring_damansara@yahoo.com', '22500.00', '0.00', '22500.00', '0.00', '22500.00', '0.00', '22500.00', 0, '<p>LETTER OF AWARD REFERENCE NO :&nbsp;<strong>LOA/EARA/02-05/2024</strong></p><p>TO DO DESLUDGING, CLEAR PIPE BLOCKAGES, SERVICE PIPELINE AND OTHER RELATED WORKS FOR 3 BLOCKS OF CONDOMINIUM UNITS</p><p><strong>BLOCK D, BLOCK E,&nbsp;BLOCK F</strong></p><p>SUPPLY DESLUDGING TANKER, JETTER TRUCK MACHINE, TOOLS, MATERIALS AND SKILLED WORKERS</p><p>&nbsp;</p>', '', 0, '', 0, '2024-06-27', 0, '0.00', '0.00', '0.00', 'a', 'NP'),
(107, 'INV/2024/029', '2024-06-29', 253, '', '', '<p><strong>Invoice Terms</strong></p><ul><li>Payment should be made to Hybrid Technologies Solutions 562085613738 (Maybank)</li><li>Our payment terms is 30 days and 5% interest per day after that will be charged.</li></ul>', 'MS SUBA', '', '13312.20', '0.00', '13312.20', '0.00', '13312.20', '0.00', '13312.20', 0, '', '', 0, '', 0, '2024-07-14', 15, '0.00', '0.00', '0.00', 'a', 'NP'),
(108, 'INV/2024/030', '2024-07-18', 94, '', '', '<p><strong>Invoice Terms</strong></p><ul><li>Payment should be made to Hybrid Technologies Solutions 562085613738 (Maybank)</li><li>Our payment terms is 30 days and 5% interest per day after that will be charged.</li></ul>', 'MR RAMESH / SHOBA', 'admin@clean_sewers.com', '2457.20', '54.00', '2511.20', '0.00', '2457.20', '0.00', '2511.20', 0, '', '', 0, '', 0, '2024-08-02', 15, '0.00', '0.00', '0.00', 'a', 'NP');

-- --------------------------------------------------------

--
-- Table structure for table `tbinvoicedetail`
--

DROP TABLE IF EXISTS `tbinvoicedetail`;
CREATE TABLE IF NOT EXISTS `tbinvoicedetail` (
  `invoiceDetail_id` int(11) NOT NULL AUTO_INCREMENT,
  `invoiceDetail_invoiceID` int(10) NOT NULL,
  `invoiceDetail_no1` varchar(200) NOT NULL,
  `invoiceDetail_no2` varchar(200) NOT NULL,
  `invoiceDetail_no3` decimal(10,2) NOT NULL DEFAULT '0.00',
  `invoiceDetail_no4` varchar(200) NOT NULL,
  `invoiceDetail_bold` int(11) NOT NULL DEFAULT '0' COMMENT '0=normal, 1=bold',
  `invoiceDetail_sortID` int(2) NOT NULL DEFAULT '0',
  `invoiceDetail_no5` decimal(10,2) NOT NULL DEFAULT '0.00',
  `invoiceDetail_rowTotal` decimal(10,2) NOT NULL DEFAULT '0.00',
  `invoiceDetail_taxRateID` int(10) NOT NULL DEFAULT '0',
  `invoiceDetail_taxPercent` decimal(10,2) NOT NULL DEFAULT '0.00',
  `invoiceDetail_taxTotal` decimal(10,2) NOT NULL DEFAULT '0.00',
  `invoiceDetail_rowGrandTotal` decimal(10,2) NOT NULL DEFAULT '0.00',
  `invoiceDetail_discountPercent` decimal(10,2) NOT NULL DEFAULT '0.00',
  `invoiceDetail_discountAmount` decimal(10,2) NOT NULL DEFAULT '0.00',
  `invoiceDetail_rowTotalAfterDiscount` decimal(10,2) NOT NULL DEFAULT '0.00',
  PRIMARY KEY (`invoiceDetail_id`)
) ENGINE=InnoDB AUTO_INCREMENT=3804 DEFAULT CHARSET=latin1;

--
-- Dumping data for table `tbinvoicedetail`
--

INSERT INTO `tbinvoicedetail` (`invoiceDetail_id`, `invoiceDetail_invoiceID`, `invoiceDetail_no1`, `invoiceDetail_no2`, `invoiceDetail_no3`, `invoiceDetail_no4`, `invoiceDetail_bold`, `invoiceDetail_sortID`, `invoiceDetail_no5`, `invoiceDetail_rowTotal`, `invoiceDetail_taxRateID`, `invoiceDetail_taxPercent`, `invoiceDetail_taxTotal`, `invoiceDetail_rowGrandTotal`, `invoiceDetail_discountPercent`, `invoiceDetail_discountAmount`, `invoiceDetail_rowTotalAfterDiscount`) VALUES
(1, 1, '', 'DHLD PACKAGE DELIVERY CHARGES', '20.00', 'LOT', 0, 1, '50.00', '1000.00', 1, '0.00', '0.00', '1000.00', '0.00', '0.00', '1000.00'),
(2, 1, '', '', '0.00', '', 0, 2, '0.00', '0.00', 1, '0.00', '0.00', '0.00', '0.00', '0.00', '0.00'),
(3, 1, '', '', '0.00', '', 0, 3, '0.00', '0.00', 1, '0.00', '0.00', '0.00', '0.00', '0.00', '0.00'),
(4, 1, '', '', '0.00', '', 0, 4, '0.00', '0.00', 1, '0.00', '0.00', '0.00', '0.00', '0.00', '0.00'),
(5, 1, '', '', '0.00', '', 0, 5, '0.00', '0.00', 1, '0.00', '0.00', '0.00', '0.00', '0.00', '0.00'),
(6, 2, '', 'CALENDAR FOR YEAR 2023 INCLUDING STICKERS MICKEY MOUSE', '24.00', 'PCS', 0, 1, '50.95', '1222.80', 1, '0.00', '0.00', '1222.80', '0.00', '0.00', '1222.80'),
(7, 2, '', '', '0.00', '', 0, 2, '0.00', '0.00', 1, '0.00', '0.00', '0.00', '0.00', '0.00', '0.00'),
(8, 2, '', '', '0.00', '', 0, 3, '0.00', '0.00', 1, '0.00', '0.00', '0.00', '0.00', '0.00', '0.00'),
(9, 2, '', '', '0.00', '', 0, 4, '0.00', '0.00', 1, '0.00', '0.00', '0.00', '0.00', '0.00', '0.00'),
(10, 2, '', '', '0.00', '', 0, 5, '0.00', '0.00', 1, '0.00', '0.00', '0.00', '0.00', '0.00', '0.00'),
(16, 3, '', '', '0.00', '', 0, 1, '7000.00', '7000.00', 1, '0.00', '0.00', '7000.00', '0.00', '0.00', '7000.00'),
(17, 3, '', '', '0.00', '', 0, 2, '0.00', '0.00', 1, '0.00', '0.00', '0.00', '0.00', '0.00', '0.00'),
(18, 3, '', '', '0.00', '', 0, 3, '0.00', '0.00', 1, '0.00', '0.00', '0.00', '0.00', '0.00', '0.00'),
(19, 3, '', '', '0.00', '', 0, 4, '0.00', '0.00', 1, '0.00', '0.00', '0.00', '0.00', '0.00', '0.00'),
(20, 3, '', '', '0.00', '', 0, 5, '0.00', '0.00', 1, '0.00', '0.00', '0.00', '0.00', '0.00', '0.00'),
(21, 4, '', 'COMPUTER DELL XPS 15 16GB RAM 512GB SSD INTEL I9 PROCESSOR', '0.00', 'PCS', 0, 1, '6000.00', '6000.00', 1, '0.00', '0.00', '6000.00', '0.00', '0.00', '6000.00'),
(22, 4, '', '', '0.00', '', 0, 2, '0.00', '0.00', 1, '0.00', '0.00', '0.00', '0.00', '0.00', '0.00'),
(23, 4, '', '', '0.00', '', 0, 3, '0.00', '0.00', 1, '0.00', '0.00', '0.00', '0.00', '0.00', '0.00'),
(24, 4, '', '', '0.00', '', 0, 4, '0.00', '0.00', 1, '0.00', '0.00', '0.00', '0.00', '0.00', '0.00'),
(25, 4, '', '', '0.00', '', 0, 5, '0.00', '0.00', 1, '0.00', '0.00', '0.00', '0.00', '0.00', '0.00'),
(31, 5, '', 'COMPUTER DELL XPS 15 16GB RAM 512GB SSD INTEL I9 PROCESSOR', '0.00', 'PCS', 0, 1, '6000.00', '6000.00', 1, '0.00', '0.00', '6000.00', '0.00', '0.00', '6000.00'),
(32, 5, '', 'MAZDA X5 TYRE CHANGE 175/90PSI JAPAN MADE', '0.00', 'PCS', 0, 2, '130.50', '130.50', 1, '0.00', '0.00', '130.50', '0.00', '0.00', '130.50'),
(33, 5, '', 'PREPARE HOUSE TENANCY AGREEMENT FOR CUSTOMER FOR THE YEAR 2023 AND 2024', '0.00', 'LOT', 0, 3, '900.00', '900.00', 1, '0.00', '0.00', '900.00', '0.00', '0.00', '900.00'),
(34, 5, '', '', '0.00', '', 0, 4, '0.00', '0.00', 1, '0.00', '0.00', '0.00', '0.00', '0.00', '0.00'),
(35, 5, '', '', '0.00', '', 0, 5, '0.00', '0.00', 1, '0.00', '0.00', '0.00', '0.00', '0.00', '0.00'),
(43, 6, '', 'bxbxcbxbxbb', '7.00', '', 0, 1, '89.00', '623.00', 1, '0.00', '0.00', '623.00', '0.00', '0.00', '623.00'),
(44, 6, '', 'COLGATE MEDIUM PACKET', '0.00', 'bottle', 0, 2, '55.00', '55.00', 1, '0.00', '0.00', '55.00', '0.00', '0.00', '55.00'),
(45, 6, '', 'CAR POLISH 2.5 LITRES', '6.00', 'BOTTLE', 0, 3, '19.00', '114.00', 1, '0.00', '0.00', '104.88', '8.00', '9.12', '104.88'),
(46, 6, '', 'gsfshyrsy', '0.00', '', 0, 4, '0.00', '0.00', 1, '0.00', '0.00', '0.00', '0.00', '0.00', '0.00'),
(47, 6, '', 'REMOVE WINDSCREEN AND TINTING WORKS DONE FOR THE WHOLE CAR', '0.00', 'UNITS', 0, 5, '0.00', '0.00', 1, '0.00', '0.00', '0.00', '0.00', '0.00', '0.00'),
(48, 6, '', 'TO USE TOOLS AND MANUALLY ENTER THE  DRAIN TO REMOVE ALL SAND, STONES, DEBRIS ETC FROM THE SIDES AND BOTTOM OF DRAIN.', '0.00', 'LOT', 0, 6, '3700.00', '3700.00', 1, '0.00', '0.00', '3700.00', '0.00', '0.00', '3700.00'),
(49, 6, '', '', '0.00', '', 0, 7, '0.00', '0.00', 1, '0.00', '0.00', '0.00', '0.00', '0.00', '0.00'),
(50, 7, '', '', '0.00', '', 0, 1, '3000.00', '3000.00', 1, '0.00', '0.00', '3000.00', '0.00', '0.00', '3000.00'),
(51, 7, '', '', '0.00', '', 0, 2, '0.00', '0.00', 1, '0.00', '0.00', '0.00', '0.00', '0.00', '0.00'),
(52, 7, '', '', '0.00', '', 0, 3, '0.00', '0.00', 1, '0.00', '0.00', '0.00', '0.00', '0.00', '0.00'),
(53, 7, '', '', '0.00', '', 0, 4, '0.00', '0.00', 1, '0.00', '0.00', '0.00', '0.00', '0.00', '0.00'),
(54, 7, '', '', '0.00', '', 0, 5, '0.00', '0.00', 1, '0.00', '0.00', '0.00', '0.00', '0.00', '0.00'),
(78, 8, '1.', 'CALENDAR FOR YEAR 2023 INCLUDING STICKERS MICKEY MOUSE', '0.00', 'PCS', 0, 1, '50.95', '50.95', 1, '0.00', '0.00', '50.95', '0.00', '0.00', '50.95'),
(79, 8, '2.', 'COMPUTER DELL XPS 15 16GB RAM 512GB SSD INTEL I9 PROCESSOR', '0.00', 'PCS', 0, 2, '0.00', '0.00', 1, '0.00', '0.00', '0.00', '0.00', '0.00', '0.00'),
(80, 8, '3.', 'REMOVE WINDSCREEN AND TINTING WORKS DONE FOR THE WHOLE CAR', '0.00', 'UNITS', 0, 3, '0.00', '0.00', 1, '0.00', '0.00', '0.00', '0.00', '0.00', '0.00'),
(81, 8, '4.', 'TO USE TOOLS AND MANUALLY ENTER THE  DRAIN TO REMOVE ALL SAND, STONES, DEBRIS ETC FROM THE SIDES AND BOTTOM OF DRAIN.', '0.00', 'LOT', 0, 4, '3700.00', '3700.00', 1, '0.00', '0.00', '3700.00', '0.00', '0.00', '3700.00'),
(82, 8, '5.', 'TOP RADIATOR HOSE ORIGINAL', '0.00', '', 0, 5, '450.00', '450.00', 1, '0.00', '0.00', '450.00', '0.00', '0.00', '450.00'),
(83, 8, '', 'labiur', '0.00', '', 1, 6, '0.00', '0.00', 1, '0.00', '0.00', '0.00', '0.00', '0.00', '0.00'),
(84, 8, '', 'CAR TINTING SERVICE - V COOL HOLLAND TYPE', '0.00', 'PCS', 0, 7, '66.00', '66.00', 1, '0.00', '0.00', '66.00', '0.00', '0.00', '66.00'),
(99, 10, '1', 'COMPUTER DELL XPS 15 16GB RAM 512GB SSD INTEL I9 PROCESSOR', '1.00', 'PCS', 0, 1, '234.00', '234.00', 1, '0.00', '0.00', '222.30', '5.00', '11.70', '222.30'),
(100, 10, '2', 'REMOVE WINDSCREEN AND TINTING WORKS DONE FOR THE WHOLE CAR', '1.00', 'UNITS', 0, 2, '55.00', '55.00', 1, '0.00', '0.00', '52.25', '5.00', '2.75', '52.25'),
(101, 10, '3', 'TO USE TOOLS AND MANUALLY ENTER THE  DRAIN TO REMOVE ALL SAND, STONES, DEBRIS ETC FROM THE SIDES AND BOTTOM OF DRAIN.', '4.00', 'LOT', 0, 3, '56.00', '224.00', 1, '0.00', '0.00', '212.80', '5.00', '11.20', '212.80'),
(102, 10, '4', 'TO USE TOOLS AND MANUALLY ENTER THE  DRAIN TO REMOVE ALL SAND, STONES, DEBRIS ETC FROM THE SIDES AND BOTTOM OF DRAIN.', '6.00', 'LOT', 0, 4, '400.00', '2400.00', 1, '0.00', '0.00', '2280.00', '5.00', '120.00', '2280.00'),
(103, 10, '5', 'FRANCE PERFUME ( LAVENDAR SMELL)', '6.00', '', 0, 5, '98.00', '588.00', 1, '0.00', '0.00', '558.60', '5.00', '29.40', '558.60'),
(109, 12, '1', 'COMPUTER DELL XPS 15 16GB RAM 512GB SSD INTEL I9 PROCESSOR', '1.00', 'PCS', 0, 1, '234.00', '234.00', 1, '0.00', '0.00', '222.30', '5.00', '11.70', '222.30'),
(110, 12, '2', 'REMOVE WINDSCREEN AND TINTING WORKS DONE FOR THE WHOLE CAR', '1.00', 'UNITS', 0, 2, '55.00', '55.00', 1, '0.00', '0.00', '52.25', '5.00', '2.75', '52.25'),
(111, 12, '3', 'TO USE TOOLS AND MANUALLY ENTER THE  DRAIN TO REMOVE ALL SAND, STONES, DEBRIS ETC FROM THE SIDES AND BOTTOM OF DRAIN.', '4.00', 'LOT', 0, 3, '56.00', '224.00', 1, '0.00', '0.00', '212.80', '5.00', '11.20', '212.80'),
(112, 12, '4', 'TO USE TOOLS AND MANUALLY ENTER THE  DRAIN TO REMOVE ALL SAND, STONES, DEBRIS ETC FROM THE SIDES AND BOTTOM OF DRAIN.', '6.00', 'LOT', 0, 4, '400.00', '2400.00', 1, '0.00', '0.00', '2280.00', '5.00', '120.00', '2280.00'),
(113, 12, '5', 'FRANCE PERFUME ( LAVENDAR SMELL)', '6.00', '', 0, 5, '98.00', '588.00', 1, '0.00', '0.00', '558.60', '5.00', '29.40', '558.60'),
(114, 12, '', 'CAR CARBURATOR CHANGE', '90.00', '', 0, 6, '33.00', '2970.00', 1, '0.00', '0.00', '2970.00', '0.00', '0.00', '2970.00'),
(115, 12, '', 'REMOVE WINDSCREEN AND TINTING WORKS DONE FOR THE WHOLE CAR', '0.00', 'UNITS', 0, 7, '0.00', '0.00', 1, '0.00', '0.00', '0.00', '0.00', '0.00', '0.00'),
(132, 9, '1', 'DHLD PACKAGE DELIVERY CHARGES', '20.00', 'LOT', 0, 1, '50.00', '1000.00', 4, '34.00', '340.00', '1340.00', '0.00', '0.00', '1000.00'),
(133, 9, '2', 'CALENDAR FOR YEAR 2023 INCLUDING STICKERS MICKEY MOUSE', '0.00', 'PCS', 0, 2, '50.95', '50.95', 1, '0.00', '0.00', '50.95', '0.00', '0.00', '50.95'),
(134, 9, '3', 'REMOVE WINDSCREEN AND TINTING WORKS DONE FOR THE WHOLE CAR', '0.00', 'UNITS', 0, 3, '0.00', '0.00', 1, '0.00', '0.00', '0.00', '0.00', '0.00', '0.00'),
(135, 9, '4', 'TO USE TOOLS AND MANUALLY ENTER THE  DRAIN TO REMOVE ALL SAND, STONES, DEBRIS ETC FROM THE SIDES AND BOTTOM OF DRAIN.', '0.00', 'LOT', 0, 4, '3700.00', '3700.00', 1, '0.00', '0.00', '3700.00', '0.00', '0.00', '3700.00'),
(136, 9, '5', 'Jetting Works and Clear blockages with rodder machine', '0.00', 'unit', 0, 5, '6.00', '6.00', 1, '0.00', '0.00', '6.00', '0.00', '0.00', '6.00'),
(137, 9, '6', 'MAZDA X5 TYRE CHANGE 175/90PSI JAPAN MADE', '0.00', 'PCS', 0, 6, '130.50', '130.50', 1, '0.00', '0.00', '130.50', '0.00', '0.00', '130.50'),
(138, 9, '7', 'MILO TIN BIG ( MADE IN HOLLAND)', '0.00', 'TIN', 0, 7, '66.00', '66.00', 1, '0.00', '0.00', '66.00', '0.00', '0.00', '66.00'),
(230, 11, '1', 'COMPUTER DELL XPS 15 16GB RAM 512GB SSD INTEL I9 PROCESSOR', '1.00', 'PCS', 0, 1, '234.00', '234.00', 1, '0.00', '0.00', '222.30', '5.00', '11.70', '222.30'),
(231, 11, '2', 'REMOVE WINDSCREEN AND TINTING WORKS DONE FOR THE WHOLE CAR', '1.00', 'UNITS', 0, 2, '55.00', '55.00', 1, '0.00', '0.00', '52.25', '5.00', '2.75', '52.25'),
(232, 11, '3', 'TO USE TOOLS AND MANUALLY ENTER THE  DRAIN TO REMOVE ALL SAND, STONES, DEBRIS ETC FROM THE SIDES AND BOTTOM OF DRAIN.', '4.00', 'LOT', 0, 3, '56.00', '224.00', 1, '0.00', '0.00', '212.80', '5.00', '11.20', '212.80'),
(233, 11, '4', 'TO USE TOOLS AND MANUALLY ENTER THE  DRAIN TO REMOVE ALL SAND, STONES, DEBRIS ETC FROM THE SIDES AND BOTTOM OF DRAIN.', '6.00', 'LOT', 0, 4, '400.00', '2400.00', 1, '0.00', '0.00', '2280.00', '5.00', '120.00', '2280.00'),
(234, 11, '5', 'FRANCE PERFUME ( LAVENDAR SMELL)', '6.00', '', 0, 5, '98.00', '588.00', 1, '0.00', '0.00', '558.60', '5.00', '29.40', '558.60'),
(235, 11, '', '', '0.00', '', 0, 6, '0.00', '0.00', 1, '0.00', '0.00', '0.00', '0.00', '0.00', '0.00'),
(236, 11, '', '', '0.00', '', 0, 7, '0.00', '0.00', 1, '0.00', '0.00', '0.00', '0.00', '0.00', '0.00'),
(237, 11, '', '', '0.00', '', 0, 8, '0.00', '0.00', 1, '0.00', '0.00', '0.00', '0.00', '0.00', '0.00'),
(238, 11, '', '', '0.00', '', 0, 9, '0.00', '0.00', 1, '0.00', '0.00', '0.00', '0.00', '0.00', '0.00'),
(239, 11, '', '', '0.00', '', 0, 10, '0.00', '0.00', 1, '0.00', '0.00', '0.00', '0.00', '0.00', '0.00'),
(240, 11, '', '', '0.00', '', 0, 11, '0.00', '0.00', 1, '0.00', '0.00', '0.00', '0.00', '0.00', '0.00'),
(241, 11, '', '', '0.00', '', 0, 12, '0.00', '0.00', 1, '0.00', '0.00', '0.00', '0.00', '0.00', '0.00'),
(242, 11, '', '', '0.00', '', 0, 13, '0.00', '0.00', 1, '0.00', '0.00', '0.00', '0.00', '0.00', '0.00'),
(243, 11, '', '', '0.00', '', 0, 14, '0.00', '0.00', 1, '0.00', '0.00', '0.00', '0.00', '0.00', '0.00'),
(244, 11, '', '', '0.00', '', 0, 15, '0.00', '0.00', 1, '0.00', '0.00', '0.00', '0.00', '0.00', '0.00'),
(295, 13, '1', 'COMPUTER DELL XPS 15 16GB RAM 512GB SSD INTEL I9 PROCESSOR', '1.00', 'PCS', 0, 1, '234.00', '234.00', 1, '0.00', '0.00', '222.30', '5.00', '11.70', '222.30'),
(296, 13, '2', 'REMOVE WINDSCREEN AND TINTING WORKS DONE FOR THE WHOLE CAR', '1.00', 'UNITS', 0, 2, '55.00', '55.00', 1, '0.00', '0.00', '52.25', '5.00', '2.75', '52.25'),
(297, 13, '3', 'TO USE TOOLS AND MANUALLY ENTER THE  DRAIN TO REMOVE ALL SAND, STONES, DEBRIS ETC FROM THE SIDES AND BOTTOM OF DRAIN.', '4.00', 'LOT', 0, 3, '56.00', '224.00', 1, '0.00', '0.00', '212.80', '5.00', '11.20', '212.80'),
(298, 13, '4', 'TO USE TOOLS AND MANUALLY ENTER THE  DRAIN TO REMOVE ALL SAND, STONES, DEBRIS ETC FROM THE SIDES AND BOTTOM OF DRAIN.', '6.00', 'LOT', 0, 4, '400.00', '2400.00', 1, '0.00', '0.00', '2280.00', '5.00', '120.00', '2280.00'),
(299, 13, '5', 'FRANCE PERFUME ( LAVENDAR SMELL)', '6.00', '', 1, 5, '98.00', '588.00', 1, '0.00', '0.00', '558.60', '5.00', '29.40', '558.60'),
(300, 13, '6', 'CAR CARBURATOR CHANGE', '90.00', '', 0, 6, '33.00', '2970.00', 1, '0.00', '0.00', '2970.00', '0.00', '0.00', '2970.00'),
(301, 13, '7', 'REMOVE WINDSCREEN AND TINTING WORKS DONE FOR THE WHOLE CAR', '0.00', 'UNITS', 0, 7, '0.00', '0.00', 1, '0.00', '0.00', '0.00', '0.00', '0.00', '0.00'),
(302, 13, '8', 'CAR TINTING SERVICE - V COOL HOLLAND TYPE', '3.00', 'PCS', 0, 8, '66.00', '198.00', 4, '34.00', '63.28', '249.40', '6.00', '11.88', '186.12'),
(303, 13, '', '', '0.00', '', 0, 9, '0.00', '0.00', 1, '0.00', '0.00', '0.00', '0.00', '0.00', '0.00'),
(304, 13, '', '', '0.00', '', 0, 10, '0.00', '0.00', 1, '0.00', '0.00', '0.00', '0.00', '0.00', '0.00'),
(305, 13, '', '', '0.00', '', 0, 11, '0.00', '0.00', 1, '0.00', '0.00', '0.00', '0.00', '0.00', '0.00'),
(306, 13, '', '', '0.00', '', 0, 12, '0.00', '0.00', 1, '0.00', '0.00', '0.00', '0.00', '0.00', '0.00'),
(307, 13, '', '', '0.00', '', 0, 13, '0.00', '0.00', 1, '0.00', '0.00', '0.00', '0.00', '0.00', '0.00'),
(308, 13, '', '', '0.00', '', 0, 14, '0.00', '0.00', 1, '0.00', '0.00', '0.00', '0.00', '0.00', '0.00'),
(309, 13, '', '', '0.00', '', 0, 15, '0.00', '0.00', 1, '0.00', '0.00', '0.00', '0.00', '0.00', '0.00'),
(310, 13, '', '', '0.00', '', 0, 16, '0.00', '0.00', 1, '0.00', '0.00', '0.00', '0.00', '0.00', '0.00'),
(311, 13, '', '', '0.00', '', 0, 17, '0.00', '0.00', 1, '0.00', '0.00', '0.00', '0.00', '0.00', '0.00'),
(317, 14, '1', 'COMPUTER DELL XPS 15 16GB RAM 512GB SSD INTEL I9 PROCESSOR', '1.00', 'PCS', 0, 1, '234.00', '234.00', 1, '0.00', '0.00', '222.30', '5.00', '11.70', '222.30'),
(318, 14, '2', 'REMOVE WINDSCREEN AND TINTING WORKS DONE FOR THE WHOLE CAR', '1.00', 'UNITS', 0, 2, '55.00', '55.00', 1, '0.00', '0.00', '52.25', '5.00', '2.75', '52.25'),
(319, 14, '3', 'TO USE TOOLS AND MANUALLY ENTER THE  DRAIN TO REMOVE ALL SAND, STONES, DEBRIS ETC FROM THE SIDES AND BOTTOM OF DRAIN.', '4.00', 'LOT', 0, 3, '56.00', '224.00', 1, '0.00', '0.00', '212.80', '5.00', '11.20', '212.80'),
(320, 14, '4', 'TO USE TOOLS AND MANUALLY ENTER THE  DRAIN TO REMOVE ALL SAND, STONES, DEBRIS ETC FROM THE SIDES AND BOTTOM OF DRAIN.', '6.00', 'LOT', 0, 4, '400.00', '2400.00', 1, '0.00', '0.00', '2280.00', '5.00', '120.00', '2280.00'),
(321, 14, '5', 'FRANCE PERFUME ( LAVENDAR SMELL)', '6.00', '', 0, 5, '98.00', '588.00', 1, '0.00', '0.00', '558.60', '5.00', '29.40', '558.60'),
(322, 14, '6', 'CAR CARBURATOR CHANGE', '90.00', '', 0, 6, '33.00', '2970.00', 1, '0.00', '0.00', '2970.00', '0.00', '0.00', '2970.00'),
(323, 14, '7', 'REMOVE WINDSCREEN AND TINTING WORKS DONE FOR THE WHOLE CAR', '0.00', 'UNITS', 0, 7, '0.00', '0.00', 1, '0.00', '0.00', '0.00', '0.00', '0.00', '0.00'),
(324, 14, '', '', '0.00', '', 0, 8, '700.00', '700.00', 4, '34.00', '223.72', '881.72', '6.00', '42.00', '658.00'),
(325, 14, '', '', '0.00', '', 0, 9, '0.00', '0.00', 1, '0.00', '0.00', '0.00', '0.00', '0.00', '0.00'),
(326, 14, '', '', '0.00', '', 0, 10, '0.00', '0.00', 1, '0.00', '0.00', '0.00', '0.00', '0.00', '0.00'),
(327, 14, '', '', '0.00', '', 0, 11, '0.00', '0.00', 1, '0.00', '0.00', '0.00', '0.00', '0.00', '0.00'),
(328, 14, '', '', '0.00', '', 0, 12, '0.00', '0.00', 1, '0.00', '0.00', '0.00', '0.00', '0.00', '0.00'),
(329, 14, '', '', '0.00', '', 0, 13, '0.00', '0.00', 1, '0.00', '0.00', '0.00', '0.00', '0.00', '0.00'),
(330, 14, '', '', '0.00', '', 0, 14, '0.00', '0.00', 1, '0.00', '0.00', '0.00', '0.00', '0.00', '0.00'),
(331, 14, '', '', '0.00', '', 0, 15, '0.00', '0.00', 1, '0.00', '0.00', '0.00', '0.00', '0.00', '0.00'),
(332, 16, '', 'Apple Laptop Air', '2.00', 'unit', 0, 1, '6590.55', '13181.10', 1, '0.00', '0.00', '13181.10', '0.00', '0.00', '13181.10'),
(333, 16, '', 'BEZA CAR Malaysia Made', '0.00', 'PCS', 0, 2, '3500.90', '3500.90', 1, '0.00', '0.00', '3500.90', '0.00', '0.00', '3500.90'),
(334, 16, '', 'CAR POLISH 2.5 LITRES', '0.00', 'BOTTLE', 0, 3, '19.00', '19.00', 1, '0.00', '0.00', '19.00', '0.00', '0.00', '19.00'),
(335, 16, '', 'APPLE CIDER', '0.00', 'bottles', 0, 4, '111.00', '111.00', 1, '0.00', '0.00', '111.00', '0.00', '0.00', '111.00'),
(336, 16, '', 'EYE CHECKUP', '0.00', '', 0, 5, '90.00', '90.00', 1, '0.00', '0.00', '90.00', '0.00', '0.00', '90.00'),
(337, 16, '', '', '0.00', '', 0, 6, '0.00', '0.00', 1, '0.00', '0.00', '0.00', '0.00', '0.00', '0.00'),
(338, 16, '', 'CALENDAR FOR YEAR 2023 INCLUDING STICKERS MICKEY MOUSE', '0.00', 'PCS', 0, 7, '50.95', '50.95', 1, '0.00', '0.00', '50.95', '0.00', '0.00', '50.95'),
(339, 16, '', '', '0.00', '', 0, 8, '0.00', '0.00', 1, '0.00', '0.00', '0.00', '0.00', '0.00', '0.00'),
(340, 16, '', 'REMOVE WINDSCREEN AND TINTING WORKS DONE FOR THE WHOLE CAR', '0.00', 'UNITS', 0, 9, '0.00', '0.00', 1, '0.00', '0.00', '0.00', '0.00', '0.00', '0.00'),
(341, 16, '', '', '0.00', '', 0, 10, '0.00', '0.00', 1, '0.00', '0.00', '0.00', '0.00', '0.00', '0.00'),
(342, 16, '', 'PREPARE HOUSE TENANCY AGREEMENT FOR CUSTOMER FOR THE YEAR 2023 AND 2024', '0.00', 'LOT', 0, 11, '900.00', '900.00', 1, '0.00', '0.00', '900.00', '0.00', '0.00', '900.00'),
(343, 16, '', '', '0.00', '', 0, 12, '0.00', '0.00', 1, '0.00', '0.00', '0.00', '0.00', '0.00', '0.00'),
(344, 16, '', 'TO USE TOOLS AND MANUALLY ENTER THE  DRAIN TO REMOVE ALL SAND, STONES, DEBRIS ETC FROM THE SIDES AND BOTTOM OF DRAIN.', '0.00', 'LOT', 0, 13, '3700.00', '3700.00', 1, '0.00', '0.00', '3700.00', '0.00', '0.00', '3700.00'),
(931, 19, '', '', '0.00', '', 0, 1, '0.00', '0.00', 1, '0.00', '0.00', '0.00', '0.00', '0.00', '0.00'),
(932, 19, '', '', '0.00', '', 0, 2, '0.00', '0.00', 1, '0.00', '0.00', '0.00', '0.00', '0.00', '0.00'),
(933, 19, '', '', '0.00', '', 0, 3, '0.00', '0.00', 1, '0.00', '0.00', '0.00', '0.00', '0.00', '0.00'),
(934, 19, '', '', '0.00', '', 0, 4, '0.00', '0.00', 1, '0.00', '0.00', '0.00', '0.00', '0.00', '0.00'),
(935, 19, '', '', '0.00', '', 0, 5, '0.00', '0.00', 1, '0.00', '0.00', '0.00', '0.00', '0.00', '0.00'),
(936, 19, '', '', '0.00', '', 0, 6, '0.00', '0.00', 1, '0.00', '0.00', '0.00', '0.00', '0.00', '0.00'),
(937, 19, '', '', '0.00', '', 0, 7, '0.00', '0.00', 1, '0.00', '0.00', '0.00', '0.00', '0.00', '0.00'),
(938, 19, '', '', '0.00', '', 0, 8, '0.00', '0.00', 1, '0.00', '0.00', '0.00', '0.00', '0.00', '0.00'),
(939, 19, '', '', '0.00', '', 0, 9, '0.00', '0.00', 1, '0.00', '0.00', '0.00', '0.00', '0.00', '0.00'),
(940, 19, '', '', '0.00', '', 0, 10, '0.00', '0.00', 1, '0.00', '0.00', '0.00', '0.00', '0.00', '0.00'),
(941, 19, '', '', '0.00', '', 0, 11, '0.00', '0.00', 1, '0.00', '0.00', '0.00', '0.00', '0.00', '0.00'),
(1134, 22, '', 'APPLE WATCH SMART', '0.00', 'PCS', 0, 1, '665.00', '665.00', 1, '0.00', '0.00', '665.00', '0.00', '0.00', '665.00'),
(1135, 22, '', 'CALENDAR FOR YEAR 2023 INCLUDING STICKERS MICKEY MOUSE', '0.00', 'PCS', 0, 2, '50.95', '50.95', 1, '0.00', '0.00', '50.95', '0.00', '0.00', '50.95'),
(1136, 22, '', 'MOTOROLLA HANDPHONE MODEL X-9', '0.00', 'unit', 0, 3, '5006.75', '5006.75', 1, '0.00', '0.00', '5006.75', '0.00', '0.00', '5006.75'),
(1137, 22, '', 'PREPARE HOUSE TENANCY AGREEMENT FOR CUSTOMER FOR THE YEAR 2023 AND 2024', '0.00', 'LOT', 0, 4, '900.00', '900.00', 1, '0.00', '0.00', '900.00', '0.00', '0.00', '900.00'),
(1138, 22, '', '', '0.00', '', 0, 5, '0.00', '0.00', 1, '0.00', '0.00', '0.00', '0.00', '0.00', '0.00'),
(1195, 23, '1.', 'CABBAGE PRODUCE', '0.00', '', 0, 1, '77.00', '77.00', 1, '0.00', '0.00', '77.00', '0.00', '0.00', '77.00'),
(1196, 23, '2.', 'COMPUTER DELL XPS 15 16GB RAM 512GB SSD INTEL I9 PROCESSOR', '0.00', 'PCS', 0, 2, '0.00', '0.00', 1, '0.00', '0.00', '0.00', '0.00', '0.00', '0.00'),
(1197, 23, '3.', 'CAR TINTING SERVICE - V COOL HOLLAND TYPE', '0.00', 'PCS', 0, 3, '66.00', '66.00', 1, '0.00', '0.00', '66.00', '0.00', '0.00', '66.00'),
(1198, 23, '4.', 'CAR AIRCOND REFILL GAS AND SERVICE', '0.00', '', 0, 4, '99.65', '99.65', 1, '0.00', '0.00', '99.65', '0.00', '0.00', '99.65'),
(1199, 23, '5.', 'REMOVE WINDSCREEN AND TINTING WORKS DONE FOR THE WHOLE CAR', '0.00', 'UNITS', 0, 5, '0.00', '0.00', 1, '0.00', '0.00', '0.00', '0.00', '0.00', '0.00'),
(1200, 23, '6.', 'LABOUR TO REPLACE PARTS & SERVICE', '0.00', 'bundle', 0, 6, '56.00', '56.00', 1, '0.00', '0.00', '56.00', '0.00', '0.00', '56.00'),
(1201, 23, '7.', 'TO USE TOOLS AND MANUALLY ENTER THE  DRAIN TO REMOVE ALL SAND, STONES, DEBRIS ETC FROM THE SIDES AND BOTTOM OF DRAIN.', '0.00', 'LOT', 0, 7, '3700.00', '3700.00', 1, '0.00', '0.00', '3700.00', '0.00', '0.00', '3700.00'),
(1202, 23, '8.', '', '0.00', '', 0, 8, '0.00', '0.00', 1, '0.00', '0.00', '0.00', '0.00', '0.00', '0.00'),
(1203, 23, '9.', '', '0.00', '', 0, 9, '0.00', '0.00', 1, '0.00', '0.00', '0.00', '0.00', '0.00', '0.00'),
(1204, 23, '10.', '', '0.00', '', 0, 10, '0.00', '0.00', 1, '0.00', '0.00', '0.00', '0.00', '0.00', '0.00'),
(1205, 23, '11.', '', '0.00', '', 0, 11, '0.00', '0.00', 1, '0.00', '0.00', '0.00', '0.00', '0.00', '0.00'),
(1206, 23, '12.', '', '0.00', '', 0, 12, '0.00', '0.00', 1, '0.00', '0.00', '0.00', '0.00', '0.00', '0.00'),
(1207, 23, '13.', '', '0.00', '', 0, 13, '0.00', '0.00', 1, '0.00', '0.00', '0.00', '0.00', '0.00', '0.00'),
(1208, 23, '14.', '', '0.00', '', 0, 14, '0.00', '0.00', 1, '0.00', '0.00', '0.00', '0.00', '0.00', '0.00'),
(1209, 23, '15.', '', '0.00', '', 0, 15, '0.00', '0.00', 1, '0.00', '0.00', '0.00', '0.00', '0.00', '0.00'),
(1210, 23, '16.', '', '0.00', '', 0, 16, '0.00', '0.00', 1, '0.00', '0.00', '0.00', '0.00', '0.00', '0.00'),
(1211, 23, '17.', '', '0.00', '', 0, 17, '0.00', '0.00', 1, '0.00', '0.00', '0.00', '0.00', '0.00', '0.00'),
(1212, 23, '18.', '', '0.00', '', 0, 18, '0.00', '0.00', 1, '0.00', '0.00', '0.00', '0.00', '0.00', '0.00'),
(1213, 23, '19.', '', '0.00', '', 0, 19, '0.00', '0.00', 1, '0.00', '0.00', '0.00', '0.00', '0.00', '0.00'),
(1214, 23, '20.', '', '0.00', '', 0, 20, '0.00', '0.00', 1, '0.00', '0.00', '0.00', '0.00', '0.00', '0.00'),
(1613, 24, '1A', 'CABBAGE PRODUCE', '0.00', '', 1, 1, '0.00', '0.00', 1, '0.00', '0.00', '0.00', '0.00', '0.00', '0.00'),
(1614, 24, '2.', 'COMPUTER DELL XPS 15 16GB RAM 512GB SSD INTEL I9 PROCESSOR', '1.00', 'PCS', 0, 2, '87000.00', '87000.00', 1, '0.00', '0.00', '87000.00', '0.00', '0.00', '87000.00'),
(1615, 24, '3.', 'CAR TINTING SERVICE - V COOL HOLLAND TYPE', '15.50', 'PCS', 0, 3, '66.00', '1023.00', 1, '0.00', '0.00', '1023.00', '0.00', '0.00', '1023.00'),
(1616, 24, '4.', 'CAR AIRCOND REFILL GAS AND SERVICE', '0.00', '', 0, 4, '99.65', '99.65', 1, '0.00', '0.00', '99.65', '0.00', '0.00', '99.65'),
(1617, 24, '5.', 'REMOVE WINDSCREEN AND TINTING WORKS DONE FOR THE WHOLE CAR', '0.00', 'UNITS', 0, 5, '0.00', '0.00', 1, '0.00', '0.00', '0.00', '0.00', '0.00', '0.00'),
(1618, 24, '6.', 'LABOUR TO REPLACE PARTS & SERVICE', '0.00', 'bundle', 0, 6, '56.00', '56.00', 1, '0.00', '0.00', '56.00', '0.00', '0.00', '56.00'),
(1619, 24, '7.', 'TO USE TOOLS AND MANUALLY ENTER THE  DRAIN TO REMOVE ALL SAND, STONES, DEBRIS ETC FROM THE SIDES AND BOTTOM OF DRAIN.', '0.00', 'LOT', 0, 7, '56.00', '56.00', 1, '0.00', '0.00', '56.00', '0.00', '0.00', '56.00'),
(1620, 24, '2B', 'LABOUR', '0.00', '', 1, 8, '0.00', '0.00', 1, '0.00', '0.00', '0.00', '0.00', '0.00', '0.00'),
(1621, 24, '9.', 'COMPUTER DELL XPS 15 16GB RAM 512GB SSD INTEL I9 PROCESSOR', '0.00', 'PCS', 0, 9, '0.00', '0.00', 1, '0.00', '0.00', '0.00', '0.00', '0.00', '0.00'),
(1622, 24, '10.', 'TO USE TOOLS AND MANUALLY ENTER THE  DRAIN TO REMOVE ALL SAND, STONES, DEBRIS ETC FROM THE SIDES AND BOTTOM OF DRAIN.', '0.00', 'LOT', 0, 10, '6.00', '6.00', 1, '0.00', '0.00', '6.00', '0.00', '0.00', '6.00'),
(1623, 24, '11.', 'REMOVE WINDSCREEN AND TINTING WORKS DONE FOR THE WHOLE CAR', '0.00', 'UNITS', 0, 11, '0.00', '0.00', 1, '0.00', '0.00', '0.00', '0.00', '0.00', '0.00'),
(1624, 24, '12.', 'LABOUR TO REPLACE PARTS & SERVICE', '0.00', 'bundles', 0, 12, '56.00', '56.00', 1, '0.00', '0.00', '56.00', '0.00', '0.00', '56.00'),
(1625, 24, '13.', 'TO USE TOOLS AND MANUALLY ENTER THE  DRAIN TO REMOVE ALL SAND, STONES, DEBRIS ETC FROM THE SIDES AND BOTTOM OF DRAIN.', '0.00', 'LOT', 0, 13, '4.00', '4.00', 6, '1.50', '0.06', '4.06', '0.00', '0.00', '4.00'),
(1626, 24, '14.', 'CAR TINTING SERVICE - V COOL HOLLAND TYPE', '0.00', 'PCS', 0, 14, '5.00', '5.00', 1, '0.00', '0.00', '5.00', '0.00', '0.00', '5.00'),
(1627, 24, '15.', 'REMOVE WINDSCREEN AND TINTING WORKS DONE FOR THE WHOLE CAR', '0.00', 'UNITS', 0, 15, '0.00', '0.00', 1, '0.00', '0.00', '0.00', '0.00', '0.00', '0.00'),
(1628, 24, '16.', 'TOP RADIATOR HOSE ORIGINAL', '0.00', '', 0, 16, '6.00', '6.00', 1, '0.00', '0.00', '6.00', '0.00', '0.00', '6.00'),
(1651, 25, '1.', 'APPLE CIDER', '3.00', 'bottles', 0, 1, '111.00', '333.00', 1, '0.00', '0.00', '333.00', '0.00', '0.00', '333.00'),
(1652, 25, '2.', 'CAR AIRCOND REFILL GAS AND SERVICE', '3.00', '', 0, 2, '99.65', '298.95', 1, '0.00', '0.00', '298.95', '0.00', '0.00', '298.95'),
(1653, 25, '3.', 'CALENDAR FOR YEAR 2023 INCLUDING STICKERS MICKEY MOUSE', '0.00', 'PCS', 0, 3, '50.95', '50.95', 1, '0.00', '0.00', '50.95', '0.00', '0.00', '50.95'),
(1654, 25, '4.', 'COMPUTER HP 16GB RAM 256 GB RAM JAPAN MADE', '0.00', 'PC', 0, 4, '100.00', '100.00', 1, '0.00', '0.00', '100.00', '0.00', '0.00', '100.00'),
(1655, 25, '5.', 'FRANCE PERFUME ( LAVENDAR SMELL)', '3.00', '', 0, 5, '98.00', '294.00', 2, '6.00', '17.64', '311.64', '0.00', '0.00', '294.00'),
(1656, 25, '6.', 'CAR DENT KNOCKING AND PAINTING', '0.00', 'LOT', 0, 6, '0.00', '0.00', 1, '0.00', '0.00', '0.00', '0.00', '0.00', '0.00'),
(1657, 25, '7.', 'CHANGE CAR TYRES', '0.00', 'PERSON', 0, 7, '66.00', '66.00', 1, '0.00', '0.00', '66.00', '0.00', '0.00', '66.00'),
(1658, 25, '', 'LABOUR', '0.00', '', 1, 8, '0.00', '0.00', 1, '0.00', '0.00', '0.00', '0.00', '0.00', '0.00'),
(1659, 25, '1.', 'CAR POLISH 2.5 LITRES', '0.00', 'BOX', 0, 9, '19.00', '19.00', 1, '0.00', '0.00', '19.00', '0.00', '0.00', '19.00'),
(1660, 25, '2.', 'MOTOROLLA HANDPHONE MODEL X-9', '0.00', 'unit', 0, 10, '5006.75', '5006.75', 1, '0.00', '0.00', '5006.75', '0.00', '0.00', '5006.75'),
(1661, 25, '3.', 'GRAND TURISMO 2.4', '0.00', 'UNIT', 0, 11, '12000.00', '12000.00', 1, '0.00', '0.00', '12000.00', '0.00', '0.00', '12000.00'),
(1703, 20, '1.', 'KUFAAN CHEESE PASTRY', '3.00', 'PCS', 0, 1, '30.00', '90.00', 1, '0.00', '0.00', '90.00', '0.00', '0.00', '90.00'),
(1704, 20, '2.', 'REMOVE WINDSCREEN AND TINTING WORKS DONE FOR THE WHOLE CAR', '3.50', 'UNITS', 0, 2, '66.00', '231.00', 1, '0.00', '0.00', '217.14', '6.00', '13.86', '217.14'),
(1705, 20, '3.', 'COMPUTER HP 16GB RAM 256 GB RAM JAPAN MADE', '76.00', 'PC', 0, 3, '100.00', '7600.00', 4, '34.00', '2584.00', '10184.00', '0.00', '0.00', '7600.00'),
(1706, 20, '', 'COMPUTER DELL XPS 15 16GB RAM 512GB SSD INTEL I9 PROCESSOR', '2.00', 'PCS', 1, 4, '34.00', '68.00', 1, '0.00', '0.00', '68.00', '0.00', '0.00', '68.00'),
(1707, 20, '1.', 'TEAK WOOD IKEA TABLE 5 X 7 FEET', '0.00', 'PCS', 0, 5, '45.00', '45.00', 1, '0.00', '0.00', '45.00', '0.00', '0.00', '45.00'),
(1708, 20, '', 'COMPUTER DELL XPS 15 16GB RAM 512GB SSD INTEL I9 PROCESSOR', '2.50', 'PCS', 1, 6, '78.80', '197.00', 1, '0.00', '0.00', '197.00', '0.00', '0.00', '197.00'),
(1709, 20, '1.', 'TO USE TOOLS AND MANUALLY ENTER THE  DRAIN TO REMOVE ALL SAND, STONES, DEBRIS ETC FROM THE SIDES AND BOTTOM OF DRAIN.', '0.00', 'LOT', 0, 7, '80.00', '80.00', 1, '0.00', '0.00', '80.00', '0.00', '0.00', '80.00'),
(1710, 20, '2.', 'TO USE TOOLS AND MANUALLY ENTER THE  DRAIN TO REMOVE \r\nALL SAND, STONES, DEBRIS ETC FROM THE SIDES AND BOTTOM OF DRAIN.', '1.00', 'LOT', 0, 8, '10184.00', '10184.00', 1, '0.00', '0.00', '10184.00', '0.00', '0.00', '10184.00'),
(1711, 20, '', 'LABOUR TO REPLACE PARTS & SERVICE', '0.00', '', 1, 9, '0.00', '0.00', 1, '0.00', '0.00', '0.00', '0.00', '0.00', '0.00'),
(1712, 20, '1.', 'CALENDAR FOR YEAR 2023 INCLUDING STICKERS MICKEY MOUSE', '0.00', 'PCS', 0, 10, '50.95', '50.95', 1, '0.00', '0.00', '50.95', '0.00', '0.00', '50.95'),
(1718, 21, '1.', 'OIL FILTER HOUSING', '0.00', '', 0, 1, '430.00', '430.00', 1, '0.00', '0.00', '430.00', '0.00', '0.00', '430.00'),
(1719, 21, '2.', 'PURGE VALVE', '0.00', '', 0, 2, '480.00', '480.00', 1, '0.00', '0.00', '480.00', '0.00', '0.00', '480.00'),
(1720, 21, '3.', 'ENGINE OIL 5W40 FULLY SYNTHETIC', '6.00', 'litre', 0, 3, '70.00', '420.00', 1, '0.00', '0.00', '420.00', '0.00', '0.00', '420.00'),
(1721, 21, '4.', 'OIL FILTER', '0.00', '', 0, 4, '80.00', '80.00', 1, '0.00', '0.00', '80.00', '0.00', '0.00', '80.00'),
(1722, 21, '5.', 'AIR HOSE WITH VALVE', '0.00', '', 0, 5, '210.00', '210.00', 1, '0.00', '0.00', '210.00', '0.00', '0.00', '210.00'),
(1723, 21, '6.', 'COOLANT MERCEDES ORIGINAL 1L', '0.00', '', 0, 6, '60.00', '60.00', 1, '0.00', '0.00', '60.00', '0.00', '0.00', '60.00'),
(1724, 21, '7.', 'BRAKE CLEANER WURTH', '0.00', '', 0, 7, '35.00', '35.00', 1, '0.00', '0.00', '35.00', '0.00', '0.00', '35.00'),
(1725, 21, '8.', 'LABOUR TO REPLACE PARTS & ENGINE WASH', '0.00', '', 0, 8, '360.00', '360.00', 1, '0.00', '0.00', '360.00', '0.00', '0.00', '360.00'),
(1726, 21, '9.', '', '0.00', '', 0, 9, '0.05', '0.05', 1, '0.00', '0.00', '0.05', '0.00', '0.00', '0.05'),
(1727, 21, '10.', '', '0.00', '', 0, 10, '0.00', '0.00', 1, '0.00', '0.00', '0.00', '0.00', '0.00', '0.00'),
(1848, 28, '', '', '0.00', '', 0, 1, '2319.18', '2319.18', 1, '0.00', '0.00', '2319.18', '0.00', '0.00', '2319.18'),
(1849, 28, '', '', '0.00', '', 0, 2, '0.00', '0.00', 1, '0.00', '0.00', '0.00', '0.00', '0.00', '0.00'),
(1850, 28, '', '', '0.00', '', 0, 3, '0.00', '0.00', 1, '0.00', '0.00', '0.00', '0.00', '0.00', '0.00'),
(1851, 28, '', '', '0.00', '', 0, 4, '0.00', '0.00', 1, '0.00', '0.00', '0.00', '0.00', '0.00', '0.00'),
(1852, 28, '', '', '0.00', '', 0, 5, '0.00', '0.00', 1, '0.00', '0.00', '0.00', '0.00', '0.00', '0.00'),
(1863, 27, '', '', '0.00', '', 0, 1, '600.02', '600.02', 1, '0.00', '0.00', '600.02', '0.00', '0.00', '600.02'),
(1864, 27, '', '', '0.00', '', 0, 2, '0.00', '0.00', 1, '0.00', '0.00', '0.00', '0.00', '0.00', '0.00'),
(1865, 27, '', '', '0.00', '', 0, 3, '0.00', '0.00', 1, '0.00', '0.00', '0.00', '0.00', '0.00', '0.00'),
(1866, 27, '', '', '0.00', '', 0, 4, '0.00', '0.00', 1, '0.00', '0.00', '0.00', '0.00', '0.00', '0.00'),
(1867, 27, '', '', '0.00', '', 0, 5, '0.00', '0.00', 1, '0.00', '0.00', '0.00', '0.00', '0.00', '0.00'),
(1901, 18, '1.', 'KUFAAN CHEESE PASTRY', '3.00', 'PCS', 0, 1, '30.00', '90.00', 1, '0.00', '0.00', '90.00', '0.00', '0.00', '90.00'),
(1902, 18, '2.', 'REMOVE WINDSCREEN AND TINTING WORKS DONE FOR THE WHOLE CAR', '3.50', 'UNITS', 0, 2, '66.00', '231.00', 1, '0.00', '0.00', '217.14', '6.00', '13.86', '217.14'),
(1903, 18, '3.', 'COMPUTER HP 16GB RAM 256 GB RAM JAPAN MADE', '0.00', 'PC', 0, 3, '100.00', '100.00', 4, '34.00', '34.00', '134.00', '0.00', '0.00', '100.00'),
(1904, 18, '', 'COMPUTER DELL XPS 15 16GB RAM 512GB SSD INTEL I9 PROCESSOR', '2.00', 'PCS', 1, 4, '34.00', '68.00', 1, '0.00', '0.00', '68.00', '0.00', '0.00', '68.00'),
(1905, 18, '1.', 'TEAK WOOD IKEA TABLE 5 X 7 FEET', '0.00', 'PCS', 0, 5, '45.00', '45.00', 1, '0.00', '0.00', '45.00', '0.00', '0.00', '45.00'),
(1906, 18, '', 'COMPUTER DELL XPS 15 16GB RAM 512GB SSD INTEL I9 PROCESSOR', '2.50', 'PCS', 1, 6, '78.80', '197.00', 1, '0.00', '0.00', '197.00', '0.00', '0.00', '197.00'),
(1907, 18, '1.', 'TO USE TOOLS AND MANUALLY ENTER THE  DRAIN TO REMOVE ALL SAND, STONES, DEBRIS ETC FROM THE SIDES AND BOTTOM OF DRAIN.', '0.00', 'LOT', 0, 7, '80.00', '80.00', 1, '0.00', '0.00', '80.00', '0.00', '0.00', '80.00'),
(1908, 18, '2.', 'TO USE TOOLS AND MANUALLY \r\nENTER THE  DRAIN TO REMOVE \r\nALL SAND, STONES, DEBRIS ETC \r\nFROM THE SIDES AND BOTTOM OF DRAIN.', '0.00', 'LOT', 0, 8, '80.00', '80.00', 1, '0.00', '0.00', '80.00', '0.00', '0.00', '80.00'),
(1909, 18, '3.', 'LABOUR TO REPLACE PARTS & SERVICE', '0.00', 'bundle', 0, 9, '56.00', '56.00', 1, '0.00', '0.00', '56.00', '0.00', '0.00', '56.00'),
(1910, 18, '1.', 'CALENDAR FOR YEAR 2023 INCLUDING STICKERS MICKEY MOUSE', '0.00', 'PCS', 0, 10, '50.95', '50.95', 1, '0.00', '0.00', '50.95', '0.00', '0.00', '50.95'),
(1911, 18, '2.', 'TO USE TOOLS AND MANUALLY ENTER THE  DRAIN TO REMOVE ALL SAND, STONES, DEBRIS ETC FROM THE SIDES AND BOTTOM OF DRAIN.', '0.00', 'LOT', 0, 11, '3700.00', '3700.00', 3, '10.00', '370.00', '4070.00', '0.00', '0.00', '3700.00'),
(1912, 18, '', '', '0.00', '', 0, 12, '0.00', '0.00', 1, '0.00', '0.00', '0.00', '0.00', '0.00', '0.00'),
(1913, 18, '', '', '0.00', '', 0, 13, '0.00', '0.00', 1, '0.00', '0.00', '0.00', '0.00', '0.00', '0.00'),
(1914, 18, '', '', '0.00', '', 0, 14, '0.00', '0.00', 1, '0.00', '0.00', '0.00', '0.00', '0.00', '0.00'),
(1915, 18, '', '', '0.00', '', 0, 15, '0.00', '0.00', 1, '0.00', '0.00', '0.00', '0.00', '0.00', '0.00'),
(1916, 18, '', '', '0.00', '', 0, 16, '0.00', '0.00', 1, '0.00', '0.00', '0.00', '0.00', '0.00', '0.00'),
(1917, 18, '', '', '0.00', '', 0, 17, '0.00', '0.00', 1, '0.00', '0.00', '0.00', '0.00', '0.00', '0.00'),
(1918, 18, '', '', '0.00', '', 0, 18, '0.00', '0.00', 1, '0.00', '0.00', '0.00', '0.00', '0.00', '0.00'),
(1919, 18, '', '', '0.00', '', 0, 19, '0.00', '0.00', 1, '0.00', '0.00', '0.00', '0.00', '0.00', '0.00'),
(1920, 18, '', '', '0.00', '', 0, 20, '0.00', '0.00', 1, '0.00', '0.00', '0.00', '0.00', '0.00', '0.00'),
(1921, 18, '', '', '0.00', '', 0, 21, '0.00', '0.00', 1, '0.00', '0.00', '0.00', '0.00', '0.00', '0.00'),
(1922, 18, '', '', '0.00', '', 0, 22, '0.00', '0.00', 1, '0.00', '0.00', '0.00', '0.00', '0.00', '0.00'),
(1923, 18, '', '', '0.00', '', 0, 23, '0.00', '0.00', 1, '0.00', '0.00', '0.00', '0.00', '0.00', '0.00'),
(1924, 18, '', '', '0.00', '', 0, 24, '0.00', '0.00', 1, '0.00', '0.00', '0.00', '0.00', '0.00', '0.00'),
(1925, 18, '', '', '0.00', '', 0, 25, '0.00', '0.00', 1, '0.00', '0.00', '0.00', '0.00', '0.00', '0.00'),
(1926, 18, '', '', '0.00', '', 0, 26, '0.00', '0.00', 1, '0.00', '0.00', '0.00', '0.00', '0.00', '0.00'),
(2205, 15, '', 'Apple Laptop Air', '2.00', 'unit', 0, 1, '6590.55', '13181.10', 1, '0.00', '0.00', '13181.10', '0.00', '0.00', '13181.10'),
(2206, 15, '', 'BEZA CAR Malaysia Made', '0.00', 'PCS', 0, 2, '3500.90', '3500.90', 1, '0.00', '0.00', '3500.90', '0.00', '0.00', '3500.90'),
(2207, 15, '', 'CAR POLISH 2.5 LITRES', '0.00', 'BOTTLE', 0, 3, '19.00', '19.00', 1, '0.00', '0.00', '19.00', '0.00', '0.00', '19.00'),
(2208, 15, '', 'APPLE CIDER', '0.00', 'bottles', 0, 4, '111.00', '111.00', 1, '0.00', '0.00', '111.00', '0.00', '0.00', '111.00'),
(2209, 15, '', 'EYE CHECKUP', '0.00', '', 0, 5, '90.00', '90.00', 1, '0.00', '0.00', '90.00', '0.00', '0.00', '90.00'),
(2210, 15, '', '', '0.00', '', 0, 6, '0.00', '0.00', 1, '0.00', '0.00', '0.00', '0.00', '0.00', '0.00'),
(2211, 15, '', '', '0.00', '', 0, 7, '0.00', '0.00', 1, '0.00', '0.00', '0.00', '0.00', '0.00', '0.00'),
(2212, 15, '', '', '0.00', '', 0, 8, '0.00', '0.00', 1, '0.00', '0.00', '0.00', '0.00', '0.00', '0.00'),
(2213, 30, '', 'WORK SCOPE', '0.00', '', 0, 1, '0.00', '0.00', 1, '0.00', '0.00', '0.00', '0.00', '0.00', '0.00'),
(2214, 30, '1.', 'CAR CARBURATOR CHANGE', '12.00', '', 0, 2, '33.00', '396.00', 4, '34.00', '121.18', '477.58', '10.00', '39.60', '356.40'),
(2215, 30, '2.', 'PREPARE HOUSE TENANCY AGREEMENT FOR CUSTOMER FOR THE YEAR 2023 AND 2024', '0.00', 'LOT', 0, 3, '900.00', '900.00', 1, '0.00', '0.00', '900.00', '0.00', '0.00', '900.00'),
(2216, 30, '3.', 'REMOVE WINDSCREEN AND TINTING WORKS DONE FOR THE WHOLE CAR', '2.00', 'UNITS', 0, 4, '65.00', '130.00', 1, '0.00', '0.00', '130.00', '0.00', '0.00', '130.00'),
(2217, 30, '4.', 'TO USE TOOLS AND MANUALLY ENTER THE  DRAIN TO REMOVE ALL SAND, STONES, DEBRIS ETC FROM THE SIDES AND BOTTOM OF DRAIN.', '0.00', 'LOT', 0, 5, '3700.00', '3700.00', 1, '0.00', '0.00', '3700.00', '0.00', '0.00', '3700.00'),
(2218, 30, '', 'TRANSPORT', '0.00', '', 0, 6, '0.00', '0.00', 1, '0.00', '0.00', '0.00', '0.00', '0.00', '0.00'),
(2219, 30, '1.', 'CALENDAR FOR YEAR 2023 INCLUDING STICKERS MICKEY MOUSE', '0.00', 'PCS', 0, 7, '50.95', '50.95', 4, '34.00', '17.32', '68.27', '0.00', '0.00', '50.95'),
(2220, 30, '2.', 'MOTOROLLA HANDPHONE MODEL X-9', '1.00', 'unit', 0, 8, '5006.75', '5006.75', 6, '1.50', '75.10', '5081.85', '0.00', '0.00', '5006.75'),
(2221, 30, '3.', 'TO USE TOOLS AND MANUALLY ENTER THE  DRAIN TO REMOVE ALL SAND, STONES, DEBRIS ETC FROM THE SIDES AND BOTTOM OF DRAIN.', '0.00', 'LOT', 0, 9, '3700.00', '3700.00', 3, '10.00', '355.20', '3907.20', '4.00', '148.00', '3552.00'),
(2222, 30, '5.', 'TEAK WOOD IKEA TABLE 5 X 7 FEET', '0.00', 'PCS', 0, 10, '0.00', '0.00', 1, '0.00', '0.00', '0.00', '0.00', '0.00', '0.00'),
(2223, 30, '', 'LABOUR', '0.00', '', 0, 11, '0.00', '0.00', 1, '0.00', '0.00', '0.00', '0.00', '0.00', '0.00'),
(2224, 30, '1.', 'NOKIA CHARGER TYPE CARBON 4598BK', '2.00', 'UNIT', 0, 12, '59.00', '118.00', 1, '0.00', '0.00', '118.00', '0.00', '0.00', '118.00'),
(2225, 30, '2.', 'TO USE TOOLS AND MANUALLY ENTER THE  DRAIN TO REMOVE ALL SAND, STONES, DEBRIS ETC FROM THE SIDES AND BOTTOM OF DRAIN.', '6.00', 'LOT', 0, 13, '60.00', '360.00', 1, '0.00', '0.00', '360.00', '0.00', '0.00', '360.00'),
(2226, 30, '', 'CALENDAR FOR YEAR 2023 INCLUDING STICKERS MICKEY MOUSE', '0.00', 'PCS', 0, 14, '50.95', '50.95', 1, '0.00', '0.00', '50.95', '0.00', '0.00', '50.95'),
(2227, 31, '', 'BUTTER CHICKEN', '0.00', 'pcs', 0, 1, '67.55', '67.55', 1, '0.00', '0.00', '67.55', '0.00', '0.00', '67.55'),
(2228, 31, '', 'PREPARE HOUSE TENANCY AGREEMENT FOR CUSTOMER FOR THE YEAR 2023 AND 2024', '0.00', 'LOT', 0, 2, '900.00', '900.00', 1, '0.00', '0.00', '900.00', '0.00', '0.00', '900.00'),
(2229, 31, '', 'FRANCE PERFUME ( LAVENDAR SMELL)', '0.00', '', 0, 3, '98.00', '98.00', 1, '0.00', '0.00', '98.00', '0.00', '0.00', '98.00'),
(2230, 31, '', 'LABOUR TO REPLACE PARTS & SERVICE', '0.00', 'bundles', 0, 4, '56.00', '56.00', 1, '0.00', '0.00', '56.00', '0.00', '0.00', '56.00'),
(2231, 31, '', 'GRAND TURISMO 2.4', '0.00', 'UNIT', 0, 5, '12000.00', '12000.00', 1, '0.00', '0.00', '12000.00', '0.00', '0.00', '12000.00'),
(2232, 32, '', 'FTFFTGFRTFRTF', '6.00', '', 0, 1, '900.00', '5400.00', 1, '0.00', '0.00', '5400.00', '0.00', '0.00', '5400.00'),
(2233, 32, '', 'CALENDAR FOR YEAR 2023 INCLUDING STICKERS MICKEY MOUSE', '0.00', 'PCS', 0, 2, '50.95', '50.95', 1, '0.00', '0.00', '50.95', '0.00', '0.00', '50.95'),
(2234, 32, '', 'COLORED PAPER A4', '0.00', '', 0, 3, '5.00', '5.00', 1, '0.00', '0.00', '5.00', '0.00', '0.00', '5.00'),
(2235, 32, '', '', '0.00', '', 0, 4, '0.00', '0.00', 1, '0.00', '0.00', '0.00', '0.00', '0.00', '0.00'),
(2236, 32, '', '', '0.00', '', 0, 5, '0.00', '0.00', 1, '0.00', '0.00', '0.00', '0.00', '0.00', '0.00'),
(2237, 32, '', '', '0.00', '', 0, 6, '0.00', '0.00', 1, '0.00', '0.00', '0.00', '0.00', '0.00', '0.00'),
(2238, 32, '', '', '0.00', '', 0, 7, '0.00', '0.00', 1, '0.00', '0.00', '0.00', '0.00', '0.00', '0.00'),
(2239, 33, '', 'FRAGRANCE SHAMPOO', '0.00', 'PCS', 0, 1, '78.95', '78.95', 1, '0.00', '0.00', '78.95', '0.00', '0.00', '78.95'),
(2240, 33, '', 'COMPUTER DELL XPS 15 16GB RAM 512GB SSD INTEL I9 PROCESSOR', '0.00', 'PCS', 0, 2, '0.00', '0.00', 1, '0.00', '0.00', '0.00', '0.00', '0.00', '0.00'),
(2241, 33, '', 'CAR TINTING SERVICE - V COOL HOLLAND TYPE', '0.00', 'PCS', 0, 3, '66.00', '66.00', 1, '0.00', '0.00', '66.00', '0.00', '0.00', '66.00'),
(2242, 33, '', 'LABOUR TO REPLACE PARTS & SERVICE', '0.00', 'bundles', 0, 4, '56.00', '56.00', 1, '0.00', '0.00', '56.00', '0.00', '0.00', '56.00'),
(2243, 33, '', 'TO USE TOOLS AND MANUALLY ENTER THE  DRAIN TO REMOVE ALL SAND, STONES, DEBRIS ETC FROM THE SIDES AND BOTTOM OF DRAIN.', '0.00', 'LOT', 0, 5, '3700.00', '3700.00', 1, '0.00', '0.00', '3700.00', '0.00', '0.00', '3700.00'),
(2255, 17, '1.', 'KUFAAN CHEESE PASTRY', '3.00', 'PCS', 0, 1, '30.00', '90.00', 1, '0.00', '0.00', '90.00', '0.00', '0.00', '90.00'),
(2256, 17, '2.', 'REMOVE WINDSCREEN AND TINTING WORKS DONE FOR THE WHOLE CAR', '3.50', 'UNITS', 0, 2, '66.00', '231.00', 1, '0.00', '0.00', '217.14', '6.00', '13.86', '217.14'),
(2257, 17, '3.', 'COMPUTER HP 16GB RAM 256 GB RAM JAPAN MADE', '0.00', 'PC', 0, 3, '100.00', '100.00', 4, '34.00', '34.00', '134.00', '0.00', '0.00', '100.00'),
(2258, 17, '', 'COMPUTER DELL XPS 15 16GB RAM 512GB SSD INTEL I9 PROCESSOR', '2.00', 'PCS', 1, 4, '34.00', '68.00', 1, '0.00', '0.00', '68.00', '0.00', '0.00', '68.00'),
(2259, 17, '1.', 'TEAK WOOD IKEA TABLE 5 X 7 FEET', '0.00', 'PCS', 0, 5, '45.00', '45.00', 1, '0.00', '0.00', '45.00', '0.00', '0.00', '45.00'),
(2260, 17, '', 'COMPUTER DELL XPS 15 16GB RAM 512GB SSD INTEL I9 PROCESSOR', '2.50', 'PCS', 1, 6, '78.80', '197.00', 1, '0.00', '0.00', '197.00', '0.00', '0.00', '197.00'),
(2261, 17, '1.', 'TO USE TOOLS AND MANUALLY ENTER THE  DRAIN TO REMOVE ALL SAND, STONES, DEBRIS ETC FROM THE SIDES AND BOTTOM OF DRAIN.', '0.00', 'LOT', 0, 7, '80.00', '80.00', 1, '0.00', '0.00', '80.00', '0.00', '0.00', '80.00'),
(2262, 17, '2.', 'TO USE TOOLS AND MANUALLY ENTER THE  DRAIN TO REMOVE \r\nALL SAND, STONES, DEBRIS ETC FROM THE SIDES AND BOTTOM OF DRAIN.', '0.00', 'LOT', 0, 8, '80.00', '80.00', 1, '0.00', '0.00', '80.00', '0.00', '0.00', '80.00'),
(2263, 17, '', 'LABOUR TO REPLACE PARTS & SERVICE', '0.00', 'bundles', 1, 9, '56.00', '56.00', 1, '0.00', '0.00', '56.00', '0.00', '0.00', '56.00'),
(2264, 17, '1.', 'CALENDAR FOR YEAR 2023 INCLUDING STICKERS MICKEY MOUSE', '0.00', 'PCS', 0, 10, '50.95', '50.95', 1, '0.00', '0.00', '50.95', '0.00', '0.00', '50.95'),
(2265, 17, '2.', 'TO USE TOOLS AND MANUALLY ENTER THE  DRAIN TO REMOVE ALL SAND, STONES, DEBRIS ETC FROM THE SIDES AND BOTTOM OF DRAIN.', '0.00', 'LOT', 0, 11, '3700.00', '3700.00', 1, '0.00', '0.00', '3700.00', '0.00', '0.00', '3700.00'),
(2276, 34, '', '', '0.00', '', 0, 1, '0.00', '0.00', 1, '0.00', '0.00', '0.00', '0.00', '0.00', '0.00'),
(2277, 34, '', '', '0.00', '', 0, 2, '0.00', '0.00', 1, '0.00', '0.00', '0.00', '0.00', '0.00', '0.00'),
(2278, 34, '', '', '0.00', '', 0, 3, '0.00', '0.00', 1, '0.00', '0.00', '0.00', '0.00', '0.00', '0.00'),
(2279, 34, '', '', '0.00', '', 0, 4, '0.00', '0.00', 1, '0.00', '0.00', '0.00', '0.00', '0.00', '0.00'),
(2280, 34, '', '', '0.00', '', 0, 5, '0.00', '0.00', 1, '0.00', '0.00', '0.00', '0.00', '0.00', '0.00'),
(2281, 34, '', '', '0.00', '', 0, 6, '0.00', '0.00', 1, '0.00', '0.00', '0.00', '0.00', '0.00', '0.00'),
(2282, 34, '', '', '0.00', '', 0, 7, '0.00', '0.00', 1, '0.00', '0.00', '0.00', '0.00', '0.00', '0.00'),
(2283, 34, '', '', '0.00', '', 0, 8, '0.00', '0.00', 1, '0.00', '0.00', '0.00', '0.00', '0.00', '0.00'),
(2284, 34, '', '', '0.00', '', 0, 9, '0.00', '0.00', 1, '0.00', '0.00', '0.00', '0.00', '0.00', '0.00'),
(2285, 34, '', '', '0.00', '', 0, 10, '0.00', '0.00', 1, '0.00', '0.00', '0.00', '0.00', '0.00', '0.00'),
(2286, 34, '', '', '0.00', '', 0, 11, '0.00', '0.00', 1, '0.00', '0.00', '0.00', '0.00', '0.00', '0.00'),
(2287, 34, '', '', '0.00', '', 0, 12, '0.00', '0.00', 1, '0.00', '0.00', '0.00', '0.00', '0.00', '0.00'),
(2288, 34, '', '', '0.00', '', 0, 13, '0.00', '0.00', 1, '0.00', '0.00', '0.00', '0.00', '0.00', '0.00'),
(2289, 34, '', '', '0.00', '', 0, 14, '0.00', '0.00', 1, '0.00', '0.00', '0.00', '0.00', '0.00', '0.00'),
(2290, 34, '', '', '0.00', '', 0, 15, '0.00', '0.00', 1, '0.00', '0.00', '0.00', '0.00', '0.00', '0.00'),
(2291, 34, '', '', '0.00', '', 0, 16, '0.00', '0.00', 1, '0.00', '0.00', '0.00', '0.00', '0.00', '0.00'),
(2292, 34, '', '', '0.00', '', 0, 17, '0.00', '0.00', 1, '0.00', '0.00', '0.00', '0.00', '0.00', '0.00'),
(2293, 35, '1', 'PREPARE HOUSE TENANCY AGREEMENT FOR CUSTOMER FOR THE YEAR 2023 AND 2024', '2.00', 'LOT', 0, 1, '900.00', '1800.00', 2, '6.00', '103.68', '1831.68', '4.00', '72.00', '1728.00'),
(2294, 35, '2', 'FRAGRANCE SHAMPOO', '2.00', 'PCS', 0, 2, '78.95', '157.90', 2, '6.00', '9.47', '167.37', '0.00', '0.00', '157.90'),
(2295, 35, '3', 'LABOUR TO REPLACE PARTS & SERVICE', '4.00', 'bundles', 0, 3, '56.00', '224.00', 2, '6.00', '12.77', '225.57', '5.00', '11.20', '212.80'),
(2296, 35, '4', 'REMOVE WINDSCREEN AND TINTING WORKS DONE FOR THE WHOLE CAR', '3.00', 'UNITS', 0, 4, '56.00', '168.00', 1, '0.00', '0.00', '168.00', '0.00', '0.00', '168.00'),
(2297, 35, '5', 'TO USE TOOLS AND MANUALLY ENTER THE  DRAIN TO REMOVE ALL SAND, STONES, DEBRIS ETC FROM THE SIDES AND BOTTOM OF DRAIN.', '3.00', 'LOT', 0, 5, '3700.00', '11100.00', 1, '0.00', '0.00', '11100.00', '0.00', '0.00', '11100.00'),
(2525, 37, '1.', 'TOP HOSE ORI', '0.00', '', 0, 1, '35.00', '35.00', 1, '0.00', '0.00', '35.00', '0.00', '0.00', '35.00'),
(2526, 37, '2.', 'LOWER HOSE ORI', '0.00', '', 0, 2, '55.00', '55.00', 1, '0.00', '0.00', '55.00', '0.00', '0.00', '55.00'),
(2527, 37, '3.', 'IRON PIPE ORI', '0.00', '', 0, 3, '115.00', '115.00', 1, '0.00', '0.00', '115.00', '0.00', '0.00', '115.00'),
(2528, 37, '4.', 'BY PASS LONG HOSE ORI', '0.00', '', 0, 4, '38.00', '38.00', 1, '0.00', '0.00', '38.00', '0.00', '0.00', '38.00'),
(2529, 37, '5.', 'THERMOSTAT ORI', '0.00', '', 0, 5, '55.00', '55.00', 1, '0.00', '0.00', '55.00', '0.00', '0.00', '55.00'),
(2530, 37, '6.', 'CLIP', '0.00', '', 0, 6, '15.00', '15.00', 1, '0.00', '0.00', '15.00', '0.00', '0.00', '15.00'),
(2531, 37, '7.', 'WASHER', '0.00', '', 0, 7, '8.00', '8.00', 1, '0.00', '0.00', '8.00', '0.00', '0.00', '8.00'),
(2532, 37, '8.', 'PIPER O RING', '0.00', '', 0, 8, '8.00', '8.00', 1, '0.00', '0.00', '8.00', '0.00', '0.00', '8.00'),
(2533, 37, '9.', 'WATER PUMP', '0.00', '', 0, 9, '120.00', '120.00', 1, '0.00', '0.00', '120.00', '0.00', '0.00', '120.00'),
(2534, 37, '10.', 'TOP SET GASKET TAIWAN CARBON -1set', '0.00', '', 0, 10, '150.00', '150.00', 1, '0.00', '0.00', '150.00', '0.00', '0.00', '150.00'),
(2535, 37, '11.', 'TIMING KIT SET', '0.00', '', 0, 11, '160.00', '160.00', 1, '0.00', '0.00', '160.00', '0.00', '0.00', '160.00'),
(2536, 37, '12.', 'FAN BELT', '0.00', '', 0, 12, '65.00', '65.00', 1, '0.00', '0.00', '65.00', '0.00', '0.00', '65.00'),
(2537, 37, '13.', 'ENGINE OIL', '0.00', '', 0, 13, '128.00', '128.00', 1, '0.00', '0.00', '128.00', '0.00', '0.00', '128.00'),
(2538, 37, '14.', 'OIL FILTER', '0.00', '', 0, 14, '15.00', '15.00', 1, '0.00', '0.00', '15.00', '0.00', '0.00', '15.00'),
(2539, 37, '15.', 'COOLANT', '0.00', '', 0, 15, '35.00', '35.00', 1, '0.00', '0.00', '35.00', '0.00', '0.00', '35.00'),
(2540, 37, '16.', 'RADIATOR SERVICE', '0.00', '', 0, 16, '160.00', '160.00', 1, '0.00', '0.00', '160.00', '0.00', '0.00', '160.00'),
(2541, 37, '17.', 'RADIATOR CAP', '0.00', '', 0, 17, '30.00', '30.00', 1, '0.00', '0.00', '30.00', '0.00', '0.00', '30.00'),
(2542, 37, '18.', 'ENGINE HEAD SKIMMING', '0.00', '', 0, 18, '60.00', '60.00', 1, '0.00', '0.00', '60.00', '0.00', '0.00', '60.00'),
(2543, 37, '19.', 'NGK R SPARK PLUGS', '0.00', '', 0, 19, '65.00', '65.00', 1, '0.00', '0.00', '65.00', '0.00', '0.00', '65.00'),
(2544, 37, '20.', 'BRAKE CLEANER', '0.00', '', 0, 20, '45.00', '45.00', 1, '0.00', '0.00', '45.00', '0.00', '0.00', '45.00'),
(2545, 37, '21.', 'INJECTOR & PLUG COIL SOCKET', '3.00', '', 0, 21, '38.00', '114.00', 1, '0.00', '0.00', '114.00', '0.00', '0.00', '114.00'),
(2546, 37, '22.', 'FUSE', '3.00', '', 0, 22, '3.00', '9.00', 1, '0.00', '0.00', '9.00', '0.00', '0.00', '9.00'),
(2547, 37, '23.', 'LABOUR', '0.00', '', 0, 23, '450.00', '450.00', 1, '0.00', '0.00', '450.00', '0.00', '0.00', '450.00'),
(2548, 37, '', 'REMARKS', '0.00', '', 1, 24, '0.00', '0.00', 1, '0.00', '0.00', '0.00', '0.00', '0.00', '0.00'),
(2549, 37, '1.', 'PISTON RING', '0.00', '', 0, 25, '0.00', '0.00', 1, '0.00', '0.00', '0.00', '0.00', '0.00', '0.00'),
(2550, 37, '2.', 'ABSORBERS', '0.00', '', 0, 26, '0.00', '0.00', 1, '0.00', '0.00', '0.00', '0.00', '0.00', '0.00'),
(2557, 36, '1.', 'CALENDAR FOR YEAR 2023 INCLUDING STICKERS MICKEY MOUSE', '0.00', 'PCS', 0, 1, '50.95', '50.95', 1, '0.00', '0.00', '50.95', '0.00', '0.00', '50.95'),
(2558, 36, '2.', 'COMPUTER DELL XPS 15 16GB RAM 512GB SSD INTEL I9 PROCESSOR', '0.00', 'PCS', 0, 2, '0.00', '0.00', 1, '0.00', '0.00', '0.00', '0.00', '0.00', '0.00'),
(2559, 36, '3.', 'CAR TINTING SERVICE - V COOL HOLLAND TYPE', '0.00', 'PCS', 0, 3, '66.00', '66.00', 1, '0.00', '0.00', '66.00', '0.00', '0.00', '66.00'),
(2560, 36, '4.', 'DHLD PACKAGE DELIVERY CHARGES', '0.00', 'LOT', 0, 4, '50.00', '50.00', 1, '0.00', '0.00', '50.00', '0.00', '0.00', '50.00'),
(2561, 36, '5.', 'REMOVE WINDSCREEN AND TINTING WORKS DONE FOR THE WHOLE CAR', '0.00', 'UNITS', 0, 5, '0.00', '0.00', 1, '0.00', '0.00', '0.00', '0.00', '0.00', '0.00'),
(2562, 36, '6.', 'CASIO SCIENTIFIC CALCULATOR\r\nMODEL 4590-J', '2.00', 'UNIT', 0, 6, '650.85', '1301.70', 2, '6.00', '70.29', '1241.82', '10.00', '130.17', '1171.53'),
(2563, 38, '', 'TO USE TOOLS AND MANUALLY ENTER THE  DRAIN TO REMOVE ALL SAND, STONES, DEBRIS ETC FROM THE SIDES AND BOTTOM OF DRAINAGE.', '0.00', 'LOT', 0, 1, '3700.00', '3700.00', 1, '0.00', '0.00', '3700.00', '0.00', '0.00', '3700.00'),
(2564, 38, '', '', '0.00', '', 0, 2, '0.00', '0.00', 1, '0.00', '0.00', '0.00', '0.00', '0.00', '0.00'),
(2565, 38, '', '', '0.00', '', 0, 3, '0.00', '0.00', 1, '0.00', '0.00', '0.00', '0.00', '0.00', '0.00'),
(2566, 38, '', '', '0.00', '', 0, 4, '0.00', '0.00', 1, '0.00', '0.00', '0.00', '0.00', '0.00', '0.00'),
(2567, 38, '', '', '0.00', '', 0, 5, '0.00', '0.00', 1, '0.00', '0.00', '0.00', '0.00', '0.00', '0.00'),
(2568, 38, '', '', '0.00', '', 0, 6, '0.00', '0.00', 1, '0.00', '0.00', '0.00', '0.00', '0.00', '0.00'),
(2569, 38, '', '', '0.00', '', 0, 7, '0.00', '0.00', 1, '0.00', '0.00', '0.00', '0.00', '0.00', '0.00'),
(2570, 38, '', '', '0.00', '', 0, 8, '0.00', '0.00', 1, '0.00', '0.00', '0.00', '0.00', '0.00', '0.00'),
(2571, 38, '', '', '0.00', '', 0, 9, '0.00', '0.00', 1, '0.00', '0.00', '0.00', '0.00', '0.00', '0.00'),
(2572, 38, '', '', '0.00', '', 0, 10, '0.00', '0.00', 1, '0.00', '0.00', '0.00', '0.00', '0.00', '0.00'),
(2573, 38, '', '', '0.00', '', 0, 11, '0.00', '0.00', 1, '0.00', '0.00', '0.00', '0.00', '0.00', '0.00'),
(2574, 38, '', '', '0.00', '', 0, 12, '0.00', '0.00', 1, '0.00', '0.00', '0.00', '0.00', '0.00', '0.00'),
(2575, 38, '', '', '0.00', '', 0, 13, '0.00', '0.00', 1, '0.00', '0.00', '0.00', '0.00', '0.00', '0.00'),
(2576, 39, '', 'BUTTER CHICKEN', '0.00', 'pcs', 0, 1, '67.55', '67.55', 1, '0.00', '0.00', '67.55', '0.00', '0.00', '67.55'),
(2577, 39, '', 'PREPARE HOUSE TENANCY AGREEMENT FOR CUSTOMER FOR THE YEAR 2023 AND 2024', '0.00', 'LOT', 0, 2, '900.00', '900.00', 1, '0.00', '0.00', '900.00', '0.00', '0.00', '900.00');
INSERT INTO `tbinvoicedetail` (`invoiceDetail_id`, `invoiceDetail_invoiceID`, `invoiceDetail_no1`, `invoiceDetail_no2`, `invoiceDetail_no3`, `invoiceDetail_no4`, `invoiceDetail_bold`, `invoiceDetail_sortID`, `invoiceDetail_no5`, `invoiceDetail_rowTotal`, `invoiceDetail_taxRateID`, `invoiceDetail_taxPercent`, `invoiceDetail_taxTotal`, `invoiceDetail_rowGrandTotal`, `invoiceDetail_discountPercent`, `invoiceDetail_discountAmount`, `invoiceDetail_rowTotalAfterDiscount`) VALUES
(2578, 39, '', 'FRANCE PERFUME ( LAVENDAR SMELL)', '0.00', '', 0, 3, '98.00', '98.00', 1, '0.00', '0.00', '98.00', '0.00', '0.00', '98.00'),
(2579, 39, '', 'LABOUR TO REPLACE PARTS & SERVICE', '0.00', 'bundles', 0, 4, '56.00', '56.00', 1, '0.00', '0.00', '56.00', '0.00', '0.00', '56.00'),
(2580, 39, '', 'GRAND TURISMO 2.4', '0.00', 'UNIT', 0, 5, '12000.00', '12000.00', 1, '0.00', '0.00', '12000.00', '0.00', '0.00', '12000.00'),
(2581, 40, '', '', '5.00', '', 0, 1, '1000.00', '5000.00', 1, '0.00', '0.00', '5000.00', '0.00', '0.00', '5000.00'),
(2582, 40, '', '', '0.00', '', 0, 2, '0.00', '0.00', 1, '0.00', '0.00', '0.00', '0.00', '0.00', '0.00'),
(2583, 40, '', '', '0.00', '', 0, 3, '0.00', '0.00', 1, '0.00', '0.00', '0.00', '0.00', '0.00', '0.00'),
(2584, 40, '', '', '0.00', '', 0, 4, '0.00', '0.00', 1, '0.00', '0.00', '0.00', '0.00', '0.00', '0.00'),
(2585, 40, '', '', '0.00', '', 0, 5, '0.00', '0.00', 1, '0.00', '0.00', '0.00', '0.00', '0.00', '0.00'),
(2586, 41, '', '', '0.00', '', 0, 1, '888.00', '888.00', 1, '0.00', '0.00', '888.00', '0.00', '0.00', '888.00'),
(2587, 41, '', '', '0.00', '', 0, 2, '0.00', '0.00', 1, '0.00', '0.00', '0.00', '0.00', '0.00', '0.00'),
(2588, 41, '', '', '0.00', '', 0, 3, '0.00', '0.00', 1, '0.00', '0.00', '0.00', '0.00', '0.00', '0.00'),
(2589, 41, '', '', '0.00', '', 0, 4, '0.00', '0.00', 1, '0.00', '0.00', '0.00', '0.00', '0.00', '0.00'),
(2590, 41, '', '', '0.00', '', 0, 5, '0.00', '0.00', 1, '0.00', '0.00', '0.00', '0.00', '0.00', '0.00'),
(2591, 42, '', '', '0.00', '', 0, 1, '999.00', '999.00', 1, '0.00', '0.00', '999.00', '0.00', '0.00', '999.00'),
(2592, 42, '', '', '0.00', '', 0, 2, '0.00', '0.00', 1, '0.00', '0.00', '0.00', '0.00', '0.00', '0.00'),
(2593, 42, '', '', '0.00', '', 0, 3, '0.00', '0.00', 1, '0.00', '0.00', '0.00', '0.00', '0.00', '0.00'),
(2594, 42, '', '', '0.00', '', 0, 4, '0.00', '0.00', 1, '0.00', '0.00', '0.00', '0.00', '0.00', '0.00'),
(2595, 42, '', '', '0.00', '', 0, 5, '0.00', '0.00', 1, '0.00', '0.00', '0.00', '0.00', '0.00', '0.00'),
(2596, 43, '', '', '0.00', '', 0, 1, '6565.00', '6565.00', 1, '0.00', '0.00', '6565.00', '0.00', '0.00', '6565.00'),
(2597, 43, '', '', '0.00', '', 0, 2, '0.00', '0.00', 1, '0.00', '0.00', '0.00', '0.00', '0.00', '0.00'),
(2598, 43, '', '', '0.00', '', 0, 3, '0.00', '0.00', 1, '0.00', '0.00', '0.00', '0.00', '0.00', '0.00'),
(2599, 43, '', '', '0.00', '', 0, 4, '0.00', '0.00', 1, '0.00', '0.00', '0.00', '0.00', '0.00', '0.00'),
(2600, 43, '', '', '0.00', '', 0, 5, '0.00', '0.00', 1, '0.00', '0.00', '0.00', '0.00', '0.00', '0.00'),
(2606, 44, '', '', '0.00', '', 0, 1, '1717.00', '1717.00', 1, '0.00', '0.00', '1717.00', '0.00', '0.00', '1717.00'),
(2607, 44, '', '', '0.00', '', 0, 2, '0.00', '0.00', 1, '0.00', '0.00', '0.00', '0.00', '0.00', '0.00'),
(2608, 44, '', '', '0.00', '', 0, 3, '0.00', '0.00', 1, '0.00', '0.00', '0.00', '0.00', '0.00', '0.00'),
(2609, 44, '', '', '0.00', '', 0, 4, '0.00', '0.00', 1, '0.00', '0.00', '0.00', '0.00', '0.00', '0.00'),
(2610, 44, '', '', '0.00', '', 0, 5, '0.00', '0.00', 1, '0.00', '0.00', '0.00', '0.00', '0.00', '0.00'),
(2611, 45, '', '', '0.00', '', 0, 1, '666.00', '666.00', 1, '0.00', '0.00', '666.00', '0.00', '0.00', '666.00'),
(2612, 45, '', '', '0.00', '', 0, 2, '0.00', '0.00', 1, '0.00', '0.00', '0.00', '0.00', '0.00', '0.00'),
(2613, 45, '', '', '0.00', '', 0, 3, '0.00', '0.00', 1, '0.00', '0.00', '0.00', '0.00', '0.00', '0.00'),
(2614, 45, '', '', '0.00', '', 0, 4, '0.00', '0.00', 1, '0.00', '0.00', '0.00', '0.00', '0.00', '0.00'),
(2615, 45, '', '', '0.00', '', 0, 5, '0.00', '0.00', 1, '0.00', '0.00', '0.00', '0.00', '0.00', '0.00'),
(2616, 46, '', '', '0.00', '', 0, 1, '3232.00', '3232.00', 1, '0.00', '0.00', '3232.00', '0.00', '0.00', '3232.00'),
(2617, 46, '', '', '0.00', '', 0, 2, '0.00', '0.00', 1, '0.00', '0.00', '0.00', '0.00', '0.00', '0.00'),
(2618, 46, '', '', '0.00', '', 0, 3, '0.00', '0.00', 1, '0.00', '0.00', '0.00', '0.00', '0.00', '0.00'),
(2619, 46, '', '', '0.00', '', 0, 4, '0.00', '0.00', 1, '0.00', '0.00', '0.00', '0.00', '0.00', '0.00'),
(2620, 46, '', '', '0.00', '', 0, 5, '0.00', '0.00', 1, '0.00', '0.00', '0.00', '0.00', '0.00', '0.00'),
(2621, 47, '', 'COMPUTER DELL XPS 15 16GB RAM 512GB SSD INTEL I9 PROCESSOR', '34.00', 'PCS', 0, 1, '0.00', '0.00', 1, '0.00', '0.00', '0.00', '0.00', '0.00', '0.00'),
(2622, 47, '', 'PREPARE HOUSE TENANCY AGREEMENT FOR CUSTOMER FOR THE YEAR 2023 AND 2024', '33.00', 'LOT', 0, 2, '900.00', '29700.00', 1, '0.00', '0.00', '29700.00', '0.00', '0.00', '29700.00'),
(2623, 47, '', '', '0.00', '', 0, 3, '0.00', '0.00', 1, '0.00', '0.00', '0.00', '0.00', '0.00', '0.00'),
(2624, 47, '', '', '0.00', '', 0, 4, '0.00', '0.00', 1, '0.00', '0.00', '0.00', '0.00', '0.00', '0.00'),
(2625, 47, '', '', '0.00', '', 0, 5, '0.00', '0.00', 1, '0.00', '0.00', '0.00', '0.00', '0.00', '0.00'),
(2626, 48, '', 'CAR AIRCOND REFILL GAS AND SERVICE', '3.00', '', 0, 1, '99.65', '298.95', 1, '0.00', '0.00', '298.95', '0.00', '0.00', '298.95'),
(2627, 48, '', 'LABOUR TO REPLACE PARTS & SERVICE', '3.00', 'bundles', 0, 2, '56.00', '168.00', 1, '0.00', '0.00', '168.00', '0.00', '0.00', '168.00'),
(2628, 48, '', 'COMPUTER DELL XPS 15 16GB RAM 512GB SSD INTEL I9 PROCESSOR', '1.00', 'PCS', 0, 3, '600.00', '600.00', 1, '0.00', '0.00', '600.00', '0.00', '0.00', '600.00'),
(2629, 48, '', '', '0.00', '', 0, 4, '0.00', '0.00', 1, '0.00', '0.00', '0.00', '0.00', '0.00', '0.00'),
(2630, 48, '', '', '0.00', '', 0, 5, '0.00', '0.00', 1, '0.00', '0.00', '0.00', '0.00', '0.00', '0.00'),
(2662, 50, '', '', '0.00', '', 0, 1, '1000.00', '1000.00', 6, '1.50', '14.10', '954.10', '6.00', '60.00', '940.00'),
(2663, 50, '', '', '0.00', '', 0, 2, '0.00', '0.00', 4, '34.00', '0.00', '0.00', '0.00', '0.00', '0.00'),
(2664, 50, '', '', '0.00', '', 0, 3, '0.00', '0.00', 6, '1.50', '0.00', '0.00', '0.00', '0.00', '0.00'),
(2665, 50, '', '', '0.00', '', 0, 4, '0.00', '0.00', 1, '0.00', '0.00', '0.00', '0.00', '0.00', '0.00'),
(2666, 50, '', '', '0.00', '', 0, 5, '0.00', '0.00', 1, '0.00', '0.00', '0.00', '0.00', '0.00', '0.00'),
(2677, 51, '', 'VZGDGD', '0.00', '', 0, 1, '677.00', '677.00', 1, '0.00', '0.00', '677.00', '0.00', '0.00', '677.00'),
(2678, 51, '', 'GDSGDSGDDGDGD', '0.00', '', 0, 2, '79.00', '79.00', 1, '0.00', '0.00', '79.00', '0.00', '0.00', '79.00'),
(2679, 51, '', 'GDGDDGFDFGDG', '0.00', '', 1, 3, '0.00', '0.00', 1, '0.00', '0.00', '0.00', '0.00', '0.00', '0.00'),
(2680, 51, '', 'DGD', '0.00', '', 0, 4, '4.00', '4.00', 1, '0.00', '0.00', '4.00', '0.00', '0.00', '4.00'),
(2681, 51, '', 'CALENDAR FOR YEAR 2023 INCLUDING STICKERS MICKEY MOUSE', '3.00', 'PCS', 0, 5, '50.95', '152.85', 1, '0.00', '0.00', '152.85', '0.00', '0.00', '152.85'),
(2682, 51, '', 'TO USE TOOLS AND MANUALLY ENTER THE  DRAIN TO REMOVE ALL SAND, STONES, DEBRIS ETC FROM THE SIDES AND BOTTOM OF DRAINAGE.', '0.00', 'LOT', 0, 6, '3700.00', '3700.00', 1, '0.00', '0.00', '3700.00', '0.00', '0.00', '3700.00'),
(2683, 51, '', 'FHFGFGH', '0.00', '', 1, 7, '0.57', '0.57', 1, '0.00', '0.00', '0.57', '0.00', '0.00', '0.57'),
(2684, 51, '', 'FDFDF', '0.00', '', 0, 8, '0.00', '0.00', 1, '0.00', '0.00', '0.00', '0.00', '0.00', '0.00'),
(2685, 51, '', 'FDFDF', '0.00', '', 0, 9, '0.00', '0.00', 1, '0.00', '0.00', '0.00', '0.00', '0.00', '0.00'),
(2686, 51, '', 'GDGDGD', '0.00', '', 0, 10, '0.00', '0.00', 1, '0.00', '0.00', '0.00', '0.00', '0.00', '0.00'),
(2687, 51, '', 'GDGDSGDS', '0.00', '', 0, 11, '0.00', '0.00', 1, '0.00', '0.00', '0.00', '0.00', '0.00', '0.00'),
(2688, 52, '1.', 'COMPUTER DELL XPS 15 16GB RAM 512GB SSD INTEL I9 PROCESSOR', '0.00', 'PCS', 0, 1, '0.00', '0.00', 1, '0.00', '0.00', '0.00', '0.00', '0.00', '0.00'),
(2689, 52, '', '', '0.00', '', 0, 2, '0.00', '0.00', 1, '0.00', '0.00', '0.00', '0.00', '0.00', '0.00'),
(2690, 52, '2.', 'PREPARE HOUSE TENANCY AGREEMENT FOR CUSTOMER FOR THE YEAR 2023 AND 2024', '0.00', 'LOT', 0, 3, '900.00', '900.00', 1, '0.00', '0.00', '900.00', '0.00', '0.00', '900.00'),
(2691, 52, '3.', 'Desludging Tanker 10 cubic metres (Cina Made)', '0.00', 'units', 0, 4, '99.00', '99.00', 1, '0.00', '0.00', '99.00', '0.00', '0.00', '99.00'),
(2692, 52, '4.', 'RATTAN CHAIR (japan made)', '0.00', 'PCS', 0, 5, '99.00', '99.00', 1, '0.00', '0.00', '99.00', '0.00', '0.00', '99.00'),
(2701, 54, '', 'DESLUDGING SEPTIC TANK AND CLEAR BLOCKAGES', '0.00', '', 1, 1, '0.00', '0.00', 1, '0.00', '0.00', '0.00', '0.00', '0.00', '0.00'),
(2702, 54, '1.', 'TO USE DESLUDGING TANKER TO PUMP OUT AND REMOVE ALL SLUDGE AND WASTE WATER TO LOCATE PIPE BLOCKAGE', '0.00', '', 0, 2, '550.00', '550.00', 2, '6.00', '33.00', '583.00', '0.00', '0.00', '550.00'),
(2703, 54, '2.', 'TO SUPPLY DESLUDGING TANKER, TOOLS, MATERIAL AND SKILLED WORKERS', '0.00', '', 0, 3, '0.00', '0.00', 1, '0.00', '0.00', '0.00', '0.00', '0.00', '0.00'),
(2704, 54, '3.', 'ALL SAFETY PROCEDURES FOLLOWED AT WORK SITE', '0.00', '', 0, 4, '0.00', '0.00', 1, '0.00', '0.00', '0.00', '0.00', '0.00', '0.00'),
(2705, 54, '4.', 'TO USE TOOLS AND MANUALLY ENTER THE  DRAIN TO REMOVE ALL SAND, STONES, DEBRIS ETC FROM THE SIDES AND BOTTOM OF DRAINAGE.', '0.00', 'LOT', 0, 5, '3700.00', '3700.00', 1, '0.00', '0.00', '3700.00', '0.00', '0.00', '3700.00'),
(2706, 54, '', '', '0.00', '', 0, 6, '0.00', '0.00', 1, '0.00', '0.00', '0.00', '0.00', '0.00', '0.00'),
(2707, 54, '', '', '0.00', '', 0, 7, '0.00', '0.00', 1, '0.00', '0.00', '0.00', '0.00', '0.00', '0.00'),
(2708, 54, '', '', '0.00', '', 0, 8, '0.00', '0.00', 1, '0.00', '0.00', '0.00', '0.00', '0.00', '0.00'),
(2709, 55, '', 'DESLUDGING SEPTIC TANK AND CLEAR BLOCKAGES', '0.00', '', 1, 1, '0.00', '0.00', 1, '0.00', '0.00', '0.00', '0.00', '0.00', '0.00'),
(2710, 55, '1.', 'TO USE DESLUDGING TANKER TO PUMP OUT AND REMOVE ALL SLUDGE AND WASTE WATER TO LOCATE PIPE BLOCKAGE', '0.00', '', 0, 2, '550.00', '550.00', 2, '6.00', '33.00', '583.00', '0.00', '0.00', '550.00'),
(2711, 55, '2.', 'TO SUPPLY DESLUDGING TANKER, TOOLS, MATERIAL AND SKILLED WORKERS', '0.00', '', 0, 3, '0.00', '0.00', 1, '0.00', '0.00', '0.00', '0.00', '0.00', '0.00'),
(2712, 55, '3.', 'ALL SAFETY PROCEDURES FOLLOWED AT WORK SITE', '0.00', '', 0, 4, '0.00', '0.00', 1, '0.00', '0.00', '0.00', '0.00', '0.00', '0.00'),
(2713, 55, '4.', 'TO USE TOOLS AND MANUALLY ENTER THE  DRAIN TO REMOVE ALL SAND, STONES, DEBRIS ETC FROM THE SIDES AND BOTTOM OF DRAINAGE.', '0.00', 'LOT', 0, 5, '3700.00', '3700.00', 1, '0.00', '0.00', '3700.00', '0.00', '0.00', '3700.00'),
(2714, 55, '', '', '0.00', '', 0, 6, '0.00', '0.00', 1, '0.00', '0.00', '0.00', '0.00', '0.00', '0.00'),
(2715, 55, '', '', '0.00', '', 0, 7, '0.00', '0.00', 1, '0.00', '0.00', '0.00', '0.00', '0.00', '0.00'),
(2716, 55, '', '', '0.00', '', 0, 8, '0.00', '0.00', 1, '0.00', '0.00', '0.00', '0.00', '0.00', '0.00'),
(2741, 57, '', 'PARTS MAINTENANCE', '0.00', '', 1, 1, '0.00', '0.00', 1, '0.00', '0.00', '0.00', '0.00', '0.00', '0.00'),
(2742, 57, '1.', 'CALENDAR FOR YEAR 2023 INCLUDING STICKERS MICKEY MOUSE', '9.00', 'PCS', 0, 2, '50.95', '458.55', 1, '0.00', '0.00', '412.69', '10.00', '45.85', '412.69'),
(2743, 57, '2.', 'CASIO SCIENTIFIC CALCULATOR\r\nMODEL 4590-J', '9.00', 'UNIT', 0, 3, '650.85', '5857.65', 1, '0.00', '0.00', '5857.65', '0.00', '0.00', '5857.65'),
(2744, 57, '3.', 'CAR TINTING SERVICE - V COOL HOLLAND TYPE', '1.00', 'PCS', 0, 4, '66.00', '66.00', 1, '0.00', '0.00', '66.00', '0.00', '0.00', '66.00'),
(2745, 57, '4.', 'COMPUTER DELL XPS 15 16GB RAM 512GB SSD INTEL I9 PROCESSOR', '4.00', 'PCS', 0, 5, '0.00', '0.00', 1, '0.00', '0.00', '0.00', '0.00', '0.00', '0.00'),
(2746, 57, '5.', 'REMOVE WINDSCREEN AND TINTING WORKS DONE FOR THE WHOLE CAR', '0.00', 'UNITS', 0, 6, '0.00', '0.00', 1, '0.00', '0.00', '0.00', '0.00', '0.00', '0.00'),
(2747, 57, '', 'LABOUR', '0.00', '', 1, 7, '0.00', '0.00', 1, '0.00', '0.00', '0.00', '0.00', '0.00', '0.00'),
(2748, 57, '1.', 'DESLUDGING TANKER 3 CUBIC METERS', '0.00', 'TRIP', 0, 8, '900.00', '900.00', 1, '0.00', '0.00', '900.00', '0.00', '0.00', '900.00'),
(2749, 57, '2.', 'DESLUDGING TANKER 8 CUBIC METERS', '0.00', 'TRIP', 0, 9, '1200.00', '1200.00', 1, '0.00', '0.00', '1200.00', '0.00', '0.00', '1200.00'),
(2750, 57, '3.', 'JETTING WORKS AND CLEAR BLOCKAGES WITH RODDER MACHINE', '0.00', 'unit', 0, 10, '800.00', '800.00', 1, '0.00', '0.00', '800.00', '0.00', '0.00', '800.00'),
(2751, 57, '', '', '0.00', '', 0, 11, '0.00', '0.00', 1, '0.00', '0.00', '0.00', '0.00', '0.00', '0.00'),
(2752, 57, '', '', '0.00', '', 0, 12, '0.00', '0.00', 1, '0.00', '0.00', '0.00', '0.00', '0.00', '0.00'),
(2781, 49, '1', 'APPLE WATCH SMART', '0.00', 'PCS', 0, 1, '665.00', '665.00', 1, '0.00', '0.00', '665.00', '0.00', '0.00', '665.00'),
(2782, 49, '2', 'CASIO SCIENTIFIC CALCULATOR\r\nMODEL 4590-J', '0.00', 'UNIT', 0, 2, '650.85', '650.85', 1, '0.00', '0.00', '650.85', '0.00', '0.00', '650.85'),
(2783, 49, '3', 'DESLUDGING TANKER 3 CUBIC METERS', '0.00', 'TRIP', 0, 3, '900.00', '900.00', 1, '0.00', '0.00', '900.00', '0.00', '0.00', '900.00'),
(2784, 49, '4', 'DESLUDGING TANKER 8 CUBIC METERS FOR THE COMPLETE APPRAISAL', '0.00', 'TRIP', 1, 4, '1200.00', '1200.00', 1, '0.00', '0.00', '1200.00', '0.00', '0.00', '1200.00'),
(2785, 49, '5', 'TO USE TOOLS AND MANUALLY ENTER THE  DRAIN TO REMOVE ALL SAND, STONES, DEBRIS ETC FROM THE SIDES AND BOTTOM OF DRAINAGE.', '0.00', 'LOT', 0, 5, '3700.00', '3700.00', 1, '0.00', '0.00', '3700.00', '0.00', '0.00', '3700.00'),
(2786, 49, '6', 'FRANCE PERFUME ( LAVENDAR SMELL)', '0.00', '', 0, 6, '98.00', '98.00', 1, '0.00', '0.00', '98.00', '0.00', '0.00', '98.00'),
(2787, 49, '7', 'TO USE TOOLS AND MANUALLY ENTER THE  DRAIN TO REMOVE ALL SAND, STONES, DEBRIS ETC FROM THE SIDES AND BOTTOM OF DRAINAGE.', '0.00', 'LOT', 0, 7, '3700.00', '3700.00', 1, '0.00', '0.00', '3700.00', '0.00', '0.00', '3700.00'),
(2788, 49, '8', 'JETTING WORKS AND CLEAR BLOCKAGES WITH RODDER MACHINE', '0.00', 'unit', 1, 8, '800.00', '800.00', 1, '0.00', '0.00', '800.00', '0.00', '0.00', '800.00'),
(2789, 49, '9', 'LABOUR TO REPLACE PARTS & SERVICE', '0.00', 'bundles', 0, 9, '56.00', '56.00', 1, '0.00', '0.00', '56.00', '0.00', '0.00', '56.00'),
(2790, 49, '10', 'REPAIRING KERETA LAMA', '3.00', '', 0, 10, '1000.00', '3000.00', 1, '0.00', '0.00', '3000.00', '0.00', '0.00', '3000.00'),
(2809, 58, '', 'PARTS MAINTENANCE', '0.00', '', 1, 1, '0.00', '0.00', 1, '0.00', '0.00', '0.00', '0.00', '0.00', '0.00'),
(2810, 58, '1.', 'CALENDAR FOR YEAR 2023 INCLUDING STICKERS MICKEY MOUSE', '9.00', 'PCS', 0, 2, '50.95', '458.55', 1, '0.00', '0.00', '412.69', '10.00', '45.85', '412.69'),
(2811, 58, '2.', 'CASIO SCIENTIFIC CALCULATOR\r\nMODEL 4590-J', '9.00', 'UNIT', 0, 3, '650.85', '5857.65', 1, '0.00', '0.00', '5857.65', '0.00', '0.00', '5857.65'),
(2812, 58, '3.', 'CAR TINTING SERVICE - V COOL HOLLAND TYPE', '1.00', 'PCS', 0, 4, '66.00', '66.00', 1, '0.00', '0.00', '66.00', '0.00', '0.00', '66.00'),
(2813, 58, '4.', 'COMPUTER DELL XPS 15 16GB RAM 512GB SSD INTEL I9 PROCESSOR', '4.00', 'PCS', 0, 5, '0.00', '0.00', 1, '0.00', '0.00', '0.00', '0.00', '0.00', '0.00'),
(2814, 58, '5.', 'REMOVE WINDSCREEN AND TINTING WORKS DONE FOR THE WHOLE CAR', '0.00', 'UNITS', 0, 6, '0.00', '0.00', 1, '0.00', '0.00', '0.00', '0.00', '0.00', '0.00'),
(2815, 58, '', 'LABOUR', '0.00', '', 1, 7, '0.00', '0.00', 1, '0.00', '0.00', '0.00', '0.00', '0.00', '0.00'),
(2816, 58, '1.', 'DESLUDGING TANKER 3 CUBIC METERS', '0.00', 'TRIP', 0, 8, '900.00', '900.00', 1, '0.00', '0.00', '900.00', '0.00', '0.00', '900.00'),
(2817, 58, '2.', 'DESLUDGING TANKER 8 CUBIC METERS', '0.00', 'TRIP', 0, 9, '1200.00', '1200.00', 1, '0.00', '0.00', '1200.00', '0.00', '0.00', '1200.00'),
(2818, 58, '3.', 'JETTING WORKS AND CLEAR BLOCKAGES WITH RODDER MACHINE', '0.00', 'unit', 0, 10, '800.00', '800.00', 1, '0.00', '0.00', '800.00', '0.00', '0.00', '800.00'),
(2819, 58, '4.', 'FRANCE PERFUME ENZYME GREASE( LAVENDAR SMELL)', '4.00', 'TINS', 0, 11, '98.00', '392.00', 1, '0.00', '0.00', '392.00', '0.00', '0.00', '392.00'),
(2820, 58, '', '', '0.00', '', 0, 12, '0.00', '0.00', 1, '0.00', '0.00', '0.00', '0.00', '0.00', '0.00'),
(2821, 58, '', '', '0.00', '', 0, 13, '0.00', '0.00', 1, '0.00', '0.00', '0.00', '0.00', '0.00', '0.00'),
(2822, 58, '', '', '0.00', '', 0, 14, '0.00', '0.00', 1, '0.00', '0.00', '0.00', '0.00', '0.00', '0.00'),
(2823, 59, '', 'PARTS MAINTENANCE', '0.00', '', 1, 1, '0.00', '0.00', 1, '0.00', '0.00', '0.00', '0.00', '0.00', '0.00'),
(2824, 59, '1.', 'CALENDAR FOR YEAR 2023 INCLUDING STICKERS MICKEY MOUSE', '9.00', 'PCS', 0, 2, '50.95', '458.55', 1, '0.00', '0.00', '412.69', '10.00', '45.85', '412.69'),
(2825, 59, '2.', 'CASIO SCIENTIFIC CALCULATOR\r\nMODEL 4590-J', '9.00', 'UNIT', 0, 3, '650.85', '5857.65', 1, '0.00', '0.00', '5857.65', '0.00', '0.00', '5857.65'),
(2826, 59, '3.', 'CAR TINTING SERVICE - V COOL HOLLAND TYPE', '1.00', 'PCS', 0, 4, '66.00', '66.00', 1, '0.00', '0.00', '66.00', '0.00', '0.00', '66.00'),
(2827, 59, '4.', 'COMPUTER DELL XPS 15 16GB RAM 512GB SSD INTEL I9 PROCESSOR', '4.00', 'PCS', 0, 5, '0.00', '0.00', 1, '0.00', '0.00', '0.00', '0.00', '0.00', '0.00'),
(2828, 59, '5.', 'REMOVE WINDSCREEN AND TINTING WORKS DONE FOR THE WHOLE CAR', '0.00', 'UNITS', 0, 6, '0.00', '0.00', 1, '0.00', '0.00', '0.00', '0.00', '0.00', '0.00'),
(2829, 59, '', 'LABOUR', '0.00', '', 1, 7, '0.00', '0.00', 1, '0.00', '0.00', '0.00', '0.00', '0.00', '0.00'),
(2830, 59, '1.', 'DESLUDGING TANKER 3 CUBIC METERS', '0.00', 'TRIP', 0, 8, '900.00', '900.00', 1, '0.00', '0.00', '900.00', '0.00', '0.00', '900.00'),
(2831, 59, '2.', 'DESLUDGING TANKER 8 CUBIC METERS', '0.00', 'TRIP', 0, 9, '1200.00', '1200.00', 1, '0.00', '0.00', '1200.00', '0.00', '0.00', '1200.00'),
(2832, 59, '3.', 'JETTING WORKS AND CLEAR BLOCKAGES WITH RODDER MACHINE', '0.00', 'unit', 0, 10, '800.00', '800.00', 1, '0.00', '0.00', '800.00', '0.00', '0.00', '800.00'),
(2833, 59, '4.', 'FRANCE PERFUME ENZYME GREASE( LAVENDAR SMELL)', '4.00', 'TINS', 0, 11, '98.00', '392.00', 1, '0.00', '0.00', '392.00', '0.00', '0.00', '392.00'),
(2834, 59, '', '', '0.00', '', 0, 12, '0.00', '0.00', 1, '0.00', '0.00', '0.00', '0.00', '0.00', '0.00'),
(2835, 59, '', '', '0.00', '', 0, 13, '0.00', '0.00', 1, '0.00', '0.00', '0.00', '0.00', '0.00', '0.00'),
(2836, 59, '', '', '0.00', '', 0, 14, '0.00', '0.00', 1, '0.00', '0.00', '0.00', '0.00', '0.00', '0.00'),
(2837, 59, '', '', '0.00', '', 0, 15, '0.00', '0.00', 1, '0.00', '0.00', '0.00', '0.00', '0.00', '0.00'),
(2838, 60, '', 'PARTS MAINTENANCE', '0.00', '', 0, 1, '0.00', '0.00', 1, '0.00', '0.00', '0.00', '0.00', '0.00', '0.00'),
(2839, 60, '1.', 'CALENDAR FOR YEAR 2023 INCLUDING STICKERS MICKEY MOUSE', '6.00', 'PCS', 0, 2, '50.95', '305.70', 1, '0.00', '0.00', '275.13', '10.00', '30.57', '275.13'),
(2840, 60, '2.', 'CASIO SCIENTIFIC CALCULATOR\r\nMODEL 4590-J', '4.00', 'UNIT', 0, 3, '650.85', '2603.40', 1, '0.00', '0.00', '2603.40', '0.00', '0.00', '2603.40'),
(2841, 60, '3.', 'CAR TINTING SERVICE - V COOL HOLLAND TYPE', '1.00', 'PCS', 0, 4, '66.00', '66.00', 1, '0.00', '0.00', '66.00', '0.00', '0.00', '66.00'),
(2842, 60, '4.', 'COMPUTER DELL XPS 15 16GB RAM 512GB SSD INTEL I9 PROCESSOR', '4.00', 'PCS', 0, 5, '0.00', '0.00', 1, '0.00', '0.00', '0.00', '0.00', '0.00', '0.00'),
(2843, 60, '5.', 'REMOVE WINDSCREEN AND TINTING WORKS DONE FOR THE WHOLE CAR', '0.00', 'UNITS', 0, 6, '0.00', '0.00', 1, '0.00', '0.00', '0.00', '0.00', '0.00', '0.00'),
(2844, 60, '', 'LABOUR', '0.00', '', 0, 7, '0.00', '0.00', 1, '0.00', '0.00', '0.00', '0.00', '0.00', '0.00'),
(2845, 60, '1.', 'DESLUDGING TANKER 3 CUBIC METERS', '0.00', 'TRIP', 0, 8, '900.00', '900.00', 1, '0.00', '0.00', '900.00', '0.00', '0.00', '900.00'),
(2846, 60, '2.', 'DESLUDGING TANKER 8 CUBIC METERS', '0.00', 'TRIP', 0, 9, '1200.00', '1200.00', 1, '0.00', '0.00', '1200.00', '0.00', '0.00', '1200.00'),
(2847, 60, '3.', 'JETTING WORKS AND CLEAR BLOCKAGES WITH RODDER MACHINE', '0.00', 'unit', 0, 10, '800.00', '800.00', 1, '0.00', '0.00', '800.00', '0.00', '0.00', '800.00'),
(2848, 60, '', 'PREPARE HOUSE TENANCY AGREEMENT FOR CUSTOMER FOR THE YEAR 2023 AND 2024', '3.50', 'LOT', 0, 11, '900.00', '3150.00', 1, '0.00', '0.00', '3150.00', '0.00', '0.00', '3150.00'),
(2849, 60, '', '', '0.00', '', 0, 12, '0.00', '0.00', 1, '0.00', '0.00', '0.00', '0.00', '0.00', '0.00'),
(2850, 61, '', 'PARTS MAINTENANCE', '0.00', '', 0, 1, '0.00', '0.00', 1, '0.00', '0.00', '0.00', '0.00', '0.00', '0.00'),
(2851, 61, '1.', 'CALENDAR FOR YEAR 2023 INCLUDING STICKERS MICKEY MOUSEedeff', '9.00', 'PCS', 0, 2, '5077.95', '45701.55', 1, '0.00', '0.00', '41131.40', '10.00', '4570.15', '41131.40'),
(2852, 61, '2.', 'CASIO SCIENTIFIC CALCULATORfef\r\nMODEL 4590-Jfefe', '9.00', 'UNIT', 0, 3, '650.85', '5857.65', 1, '0.00', '0.00', '5857.65', '0.00', '0.00', '5857.65'),
(2853, 61, '3.', 'CAR TINTING SERVICE - V COOL HOLLAND TYPE', '1.00', 'PCS', 0, 4, '66.00', '66.00', 1, '0.00', '0.00', '66.00', '0.00', '0.00', '66.00'),
(2854, 61, '4.', 'COMPUTER DELL XPS 15 16GB RAM 512GB SSD INTEL I9 PROCESSOR', '4.00', 'PCS', 0, 5, '0.00', '0.00', 1, '0.00', '0.00', '0.00', '0.00', '0.00', '0.00'),
(2855, 61, '5.', 'REMOVE WINDSCREEN AND TINTING WORKS DONE FOR THE WHOLE CAR', '0.00', 'UNITS', 0, 6, '0.00', '0.00', 1, '0.00', '0.00', '0.00', '0.00', '0.00', '0.00'),
(2856, 61, '', 'LABOUR', '0.00', '', 0, 7, '0.00', '0.00', 1, '0.00', '0.00', '0.00', '0.00', '0.00', '0.00'),
(2857, 61, '1.', 'DESLUDGING TANKER 3 CUBIC METERS', '0.00', 'TRIP', 0, 8, '900.00', '900.00', 1, '0.00', '0.00', '900.00', '0.00', '0.00', '900.00'),
(2858, 61, '2.', 'DESLUDGING TANKER 8 CUBIC METERS', '0.00', 'TRIP', 0, 9, '1200.00', '1200.00', 1, '0.00', '0.00', '1200.00', '0.00', '0.00', '1200.00'),
(2859, 61, '3.', 'JETTING WORKS AND CLEAR BLOCKAGES WITH RODDER MACHINE', '0.00', 'unit', 0, 10, '800.00', '800.00', 1, '0.00', '0.00', '800.00', '0.00', '0.00', '800.00'),
(2860, 61, '', 'PREPARE HOUSE TENANCY AGREEMENT FOR CUSTOMER FOR THE YEAR 2023 AND 2024', '3.50', 'LOT', 0, 11, '900.00', '3150.00', 1, '0.00', '0.00', '3150.00', '0.00', '0.00', '3150.00'),
(2861, 61, '', '', '0.00', '', 0, 12, '0.00', '0.00', 1, '0.00', '0.00', '0.00', '0.00', '0.00', '0.00'),
(2862, 62, '1.', 'CALENDAR FOR YEAR 2023 INCLUDING STICKERS MICKEY MOUSE', '1.00', 'PCS', 0, 1, '50.95', '50.95', 1, '0.00', '0.00', '50.95', '0.00', '0.00', '50.95'),
(2863, 62, '2.', 'FRANCE PERFUME ( LAVENDAR SMELL)', '1.00', '', 0, 2, '98.00', '98.00', 1, '0.00', '0.00', '98.00', '0.00', '0.00', '98.00'),
(2864, 62, '3.', 'TO USE TOOLS AND MANUALLY ENTER THE  DRAIN TO REMOVE ALL SAND, STONES, DEBRIS ETC FROM THE SIDES AND BOTTOM OF DRAINAGE.', '3.50', 'LOT', 0, 3, '3700.00', '12950.00', 1, '0.00', '0.00', '12950.00', '0.00', '0.00', '12950.00'),
(2865, 62, '4.', 'DESLUDGING TANKER 3 CUBIC METERS', '2.00', 'TRIP', 0, 4, '900.00', '1800.00', 1, '0.00', '0.00', '1800.00', '0.00', '0.00', '1800.00'),
(2866, 62, '5.', 'DESLUDGING TANKER 8 CUBIC METERS', '1.00', 'TRIP', 0, 5, '1200.00', '1200.00', 1, '0.00', '0.00', '1200.00', '0.00', '0.00', '1200.00'),
(2867, 63, '', 'CALENDAR FOR YEAR 2023 INCLUDING STICKERS MICKEY MOUSE', '0.00', 'PCS', 0, 1, '50.95', '50.95', 1, '0.00', '0.00', '50.95', '0.00', '0.00', '50.95'),
(2868, 63, '', 'JETTING WORKS AND CLEAR BLOCKAGES WITH RODDER MACHINE', '0.00', 'unit', 0, 2, '800.00', '800.00', 1, '0.00', '0.00', '800.00', '0.00', '0.00', '800.00'),
(2869, 63, '', 'TO USE TOOLS AND MANUALLY ENTER THE  DRAIN TO REMOVE ALL SAND, STONES, DEBRIS ETC FROM THE SIDES AND BOTTOM OF DRAINAGE.', '0.00', 'LOT', 0, 3, '3700.00', '3700.00', 1, '0.00', '0.00', '3700.00', '0.00', '0.00', '3700.00'),
(2870, 63, '', '', '0.00', '', 0, 4, '0.00', '0.00', 1, '0.00', '0.00', '0.00', '0.00', '0.00', '0.00'),
(2871, 63, '', '', '0.00', '', 0, 5, '0.00', '0.00', 1, '0.00', '0.00', '0.00', '0.00', '0.00', '0.00'),
(2872, 64, '', '', '0.00', '', 0, 1, '700.00', '700.00', 1, '0.00', '0.00', '700.00', '0.00', '0.00', '700.00'),
(2873, 64, '', '', '0.00', '', 0, 2, '0.00', '0.00', 1, '0.00', '0.00', '0.00', '0.00', '0.00', '0.00'),
(2874, 64, '', '', '0.00', '', 0, 3, '0.00', '0.00', 1, '0.00', '0.00', '0.00', '0.00', '0.00', '0.00'),
(2875, 64, '', '', '0.00', '', 0, 4, '0.00', '0.00', 1, '0.00', '0.00', '0.00', '0.00', '0.00', '0.00'),
(2876, 64, '', '', '0.00', '', 0, 5, '0.00', '0.00', 1, '0.00', '0.00', '0.00', '0.00', '0.00', '0.00'),
(2877, 65, '', 'DESLUDGING SEPTIC TANK AND CLEAR BLOCKAGES', '0.00', '', 1, 1, '0.00', '0.00', 1, '0.00', '0.00', '0.00', '0.00', '0.00', '0.00'),
(2878, 65, '1.', 'TO USE DESLUDGING TANKER TO PUMP OUT AND REMOVE ALL SLUDGE AND WASTE WATER TO LOCATE PIPE BLOCKAGE', '0.00', '', 0, 2, '550.00', '550.00', 2, '6.00', '33.00', '583.00', '0.00', '0.00', '550.00'),
(2879, 65, '2.', 'TO SUPPLY DESLUDGING TANKER, TOOLS, MATERIAL AND SKILLED WORKERS', '0.00', '', 0, 3, '0.00', '0.00', 1, '0.00', '0.00', '0.00', '0.00', '0.00', '0.00'),
(2880, 65, '3.', 'ALL SAFETY PROCEDURES FOLLOWED AT WORK SITE', '0.00', '', 0, 4, '0.00', '0.00', 1, '0.00', '0.00', '0.00', '0.00', '0.00', '0.00'),
(2881, 65, '4.', 'TO USE TOOLS AND MANUALLY ENTER THE  DRAIN TO REMOVE ALL SAND, STONES, DEBRIS ETC FROM THE SIDES AND BOTTOM OF DRAINAGE.', '0.00', 'LOT', 0, 5, '3700.00', '3700.00', 1, '0.00', '0.00', '3700.00', '0.00', '0.00', '3700.00'),
(2882, 65, '', '', '0.00', '', 0, 6, '0.00', '0.00', 1, '0.00', '0.00', '0.00', '0.00', '0.00', '0.00'),
(2883, 65, '', '', '0.00', '', 0, 7, '0.00', '0.00', 1, '0.00', '0.00', '0.00', '0.00', '0.00', '0.00'),
(2884, 65, '', '', '0.00', '', 0, 8, '0.00', '0.00', 1, '0.00', '0.00', '0.00', '0.00', '0.00', '0.00'),
(2885, 66, '', 'DESLUDGING SEPTIC TANK AND CLEAR BLOCKAGES', '0.00', '', 1, 1, '0.00', '0.00', 1, '0.00', '0.00', '0.00', '0.00', '0.00', '0.00'),
(2886, 66, '1.', 'TO USE DESLUDGING TANKER TO PUMP OUT AND REMOVE ALL SLUDGE AND WASTE WATER TO LOCATE PIPE BLOCKAGE', '0.00', '', 0, 2, '550.00', '550.00', 2, '6.00', '33.00', '583.00', '0.00', '0.00', '550.00'),
(2887, 66, '2.', 'TO SUPPLY DESLUDGING TANKER, TOOLS, MATERIAL AND SKILLED WORKERS', '0.00', '', 0, 3, '0.00', '0.00', 1, '0.00', '0.00', '0.00', '0.00', '0.00', '0.00'),
(2888, 66, '3.', 'ALL SAFETY PROCEDURES FOLLOWED AT WORK SITE', '0.00', '', 0, 4, '0.00', '0.00', 1, '0.00', '0.00', '0.00', '0.00', '0.00', '0.00'),
(2889, 66, '4.', 'TO USE TOOLS AND MANUALLY ENTER THE  DRAIN TO REMOVE ALL SAND, STONES, DEBRIS ETC FROM THE SIDES AND BOTTOM OF DRAINAGE.', '0.00', 'LOT', 0, 5, '3700.00', '3700.00', 1, '0.00', '0.00', '3700.00', '0.00', '0.00', '3700.00'),
(2890, 66, '', '', '0.00', '', 0, 6, '0.00', '0.00', 1, '0.00', '0.00', '0.00', '0.00', '0.00', '0.00'),
(2891, 66, '', '', '0.00', '', 0, 7, '0.00', '0.00', 1, '0.00', '0.00', '0.00', '0.00', '0.00', '0.00'),
(2892, 66, '', '', '0.00', '', 0, 8, '0.00', '0.00', 1, '0.00', '0.00', '0.00', '0.00', '0.00', '0.00'),
(2893, 67, '', '', '0.00', '', 0, 1, '3500.00', '3500.00', 1, '0.00', '0.00', '3500.00', '0.00', '0.00', '3500.00'),
(2894, 67, '', '', '0.00', '', 0, 2, '0.00', '0.00', 1, '0.00', '0.00', '0.00', '0.00', '0.00', '0.00'),
(2895, 67, '', '', '0.00', '', 0, 3, '0.00', '0.00', 1, '0.00', '0.00', '0.00', '0.00', '0.00', '0.00'),
(2896, 67, '', '', '0.00', '', 0, 4, '0.00', '0.00', 1, '0.00', '0.00', '0.00', '0.00', '0.00', '0.00'),
(2897, 67, '', '', '0.00', '', 0, 5, '0.00', '0.00', 1, '0.00', '0.00', '0.00', '0.00', '0.00', '0.00'),
(2898, 68, '1.', 'CALENDAR FOR YEAR 2023 INCLUDING STICKERS MICKEY MOUSE', '0.00', 'PCS', 0, 1, '50.95', '50.95', 1, '0.00', '0.00', '50.95', '0.00', '0.00', '50.95'),
(2899, 68, '2.', 'LABOUR TO REPLACE PARTS & SERVICE', '0.00', 'bundles', 0, 2, '56.00', '56.00', 1, '0.00', '0.00', '56.00', '0.00', '0.00', '56.00'),
(2900, 68, '3.', 'AYURVEDIC MASSAGE & AIBIGHAYAM', '1.00', 'TIME', 0, 3, '7.00', '7.00', 1, '0.00', '0.00', '7.00', '0.00', '0.00', '7.00'),
(2901, 68, '4.', 'MEDICATION FOR CONSTIPATION', '0.00', '', 0, 4, '9.00', '9.00', 1, '0.00', '0.00', '9.00', '0.00', '0.00', '9.00'),
(2902, 68, '5.', 'DOCTOR CHARGES', '0.00', '', 0, 5, '45.00', '45.00', 1, '0.00', '0.00', '45.00', '0.00', '0.00', '45.00'),
(2903, 69, '', 'DESLUDGING SEPTIC TANK AND CLEAR BLOCKAGES', '0.00', '', 1, 1, '0.00', '0.00', 1, '0.00', '0.00', '0.00', '0.00', '0.00', '0.00'),
(2904, 69, '1.', 'TO USE DESLUDGING TANKER TO PUMP OUT AND REMOVE ALL SLUDGE AND WASTE WATER TO LOCATE PIPE BLOCKAGE', '0.00', '', 0, 2, '550.00', '550.00', 2, '6.00', '33.00', '583.00', '0.00', '0.00', '550.00'),
(2905, 69, '2.', 'TO SUPPLY DESLUDGING TANKER, TOOLS, MATERIAL AND SKILLED WORKERS', '0.00', '', 0, 3, '0.00', '0.00', 1, '0.00', '0.00', '0.00', '0.00', '0.00', '0.00'),
(2906, 69, '3.', 'ALL SAFETY PROCEDURES FOLLOWED AT WORK SITE', '0.00', '', 0, 4, '0.00', '0.00', 1, '0.00', '0.00', '0.00', '0.00', '0.00', '0.00'),
(2907, 69, '4.', 'TO USE TOOLS AND MANUALLY ENTER THE  DRAIN TO REMOVE ALL SAND, STONES, DEBRIS ETC FROM THE SIDES AND BOTTOM OF DRAINAGE.', '0.00', 'LOT', 0, 5, '3700.00', '3700.00', 1, '0.00', '0.00', '3700.00', '0.00', '0.00', '3700.00'),
(2908, 69, '', '', '0.00', '', 0, 6, '0.00', '0.00', 1, '0.00', '0.00', '0.00', '0.00', '0.00', '0.00'),
(2909, 69, '', '', '0.00', '', 0, 7, '0.00', '0.00', 1, '0.00', '0.00', '0.00', '0.00', '0.00', '0.00'),
(2910, 69, '', '', '0.00', '', 0, 8, '0.00', '0.00', 1, '0.00', '0.00', '0.00', '0.00', '0.00', '0.00'),
(2911, 70, '', '', '0.00', '', 0, 1, '1000.00', '1000.00', 1, '0.00', '0.00', '1000.00', '0.00', '0.00', '1000.00'),
(2912, 70, '', '', '0.00', '', 0, 2, '0.00', '0.00', 1, '0.00', '0.00', '0.00', '0.00', '0.00', '0.00'),
(2913, 70, '', '', '0.00', '', 0, 3, '0.00', '0.00', 1, '0.00', '0.00', '0.00', '0.00', '0.00', '0.00'),
(2914, 70, '', '', '0.00', '', 0, 4, '0.00', '0.00', 1, '0.00', '0.00', '0.00', '0.00', '0.00', '0.00'),
(2915, 70, '', '', '0.00', '', 0, 5, '0.00', '0.00', 1, '0.00', '0.00', '0.00', '0.00', '0.00', '0.00'),
(2916, 71, '', '', '1000.72', '', 0, 1, '1.00', '1000.72', 3, '10.00', '95.57', '1051.26', '4.50', '45.03', '955.69'),
(2917, 71, '', '', '0.00', '', 0, 2, '0.00', '0.00', 1, '0.00', '0.00', '0.00', '0.00', '0.00', '0.00'),
(2918, 71, '', '', '0.00', '', 0, 3, '0.00', '0.00', 1, '0.00', '0.00', '0.00', '0.00', '0.00', '0.00'),
(2919, 71, '', '', '0.00', '', 0, 4, '0.00', '0.00', 1, '0.00', '0.00', '0.00', '0.00', '0.00', '0.00'),
(2920, 71, '', '', '0.00', '', 0, 5, '0.00', '0.00', 1, '0.00', '0.00', '0.00', '0.00', '0.00', '0.00'),
(2921, 72, '', '', '0.00', '', 0, 1, '999.00', '999.00', 1, '0.00', '0.00', '999.00', '0.00', '0.00', '999.00'),
(2922, 72, '', '', '0.00', '', 0, 2, '0.00', '0.00', 1, '0.00', '0.00', '0.00', '0.00', '0.00', '0.00'),
(2923, 72, '', '', '0.00', '', 0, 3, '0.00', '0.00', 1, '0.00', '0.00', '0.00', '0.00', '0.00', '0.00'),
(2924, 72, '', '', '0.00', '', 0, 4, '0.00', '0.00', 1, '0.00', '0.00', '0.00', '0.00', '0.00', '0.00'),
(2925, 72, '', '', '0.00', '', 0, 5, '0.00', '0.00', 1, '0.00', '0.00', '0.00', '0.00', '0.00', '0.00'),
(2926, 73, '1', 'JETTING WORKS AND CLEAR BLOCKAGES WITH RODDER MACHINE', '1.00', 'unit', 0, 1, '800.00', '800.00', 1, '0.00', '0.00', '800.00', '0.00', '0.00', '800.00'),
(2927, 73, '2', 'PREPARE HOUSE TENANCY AGREEMENT FOR CUSTOMER FOR THE YEAR 2023 AND 2024', '1.00', 'LOT', 0, 2, '900.00', '900.00', 1, '0.00', '0.00', '900.00', '0.00', '0.00', '900.00'),
(2928, 73, '3', 'TEAK WOOD IKEA TABLE 5 X 7 FEET', '3.00', 'PCS', 0, 3, '56.00', '168.00', 1, '0.00', '0.00', '168.00', '0.00', '0.00', '168.00'),
(2929, 73, '4', 'KUFAAN CHEESE PASTRY', '0.00', 'PCS', 0, 4, '30.00', '30.00', 1, '0.00', '0.00', '30.00', '0.00', '0.00', '30.00'),
(2930, 73, '5', 'OPEN HEAVY DUTY MANHOLE COVERS SING SPECIAL TOOLS', '0.00', 'UNITS', 0, 5, '325.45', '325.45', 1, '0.00', '0.00', '325.45', '0.00', '0.00', '325.45'),
(2931, 74, '', 'VHDVFH FF EWGFKEGFJKHVBBVGRWGR', '67.00', '', 0, 1, '8.00', '536.00', 2, '6.00', '30.23', '534.07', '6.00', '32.16', '503.84'),
(2932, 74, '', 'COLGATE MEDIUM PACKET', '0.00', 'bottle', 0, 2, '55.00', '55.00', 1, '0.00', '0.00', '55.00', '0.00', '0.00', '55.00'),
(2933, 74, '', 'AFADFSDGAS', '0.00', '', 0, 3, '0.00', '0.00', 1, '0.00', '0.00', '0.00', '0.00', '0.00', '0.00'),
(2934, 74, '', '', '0.00', '', 0, 4, '0.00', '0.00', 1, '0.00', '0.00', '0.00', '0.00', '0.00', '0.00'),
(2935, 74, '', '', '0.00', '', 0, 5, '0.00', '0.00', 1, '0.00', '0.00', '0.00', '0.00', '0.00', '0.00'),
(2936, 74, '', '', '0.00', '', 0, 6, '0.00', '0.00', 1, '0.00', '0.00', '0.00', '0.00', '0.00', '0.00'),
(2937, 74, '', '', '0.00', '', 0, 7, '0.00', '0.00', 1, '0.00', '0.00', '0.00', '0.00', '0.00', '0.00'),
(2938, 74, '', '', '0.00', '', 0, 8, '0.00', '0.00', 1, '0.00', '0.00', '0.00', '0.00', '0.00', '0.00'),
(2953, 77, '', '', '0.00', '', 0, 1, '0.00', '0.00', 1, '0.00', '0.00', '0.00', '0.00', '0.00', '0.00'),
(2954, 77, '', '', '0.00', '', 0, 2, '0.00', '0.00', 1, '0.00', '0.00', '0.00', '0.00', '0.00', '0.00'),
(2955, 77, '', '', '0.00', '', 0, 3, '0.00', '0.00', 1, '0.00', '0.00', '0.00', '0.00', '0.00', '0.00'),
(2956, 77, '', '', '0.00', '', 0, 4, '0.00', '0.00', 1, '0.00', '0.00', '0.00', '0.00', '0.00', '0.00'),
(2957, 77, '', '', '0.00', '', 0, 5, '0.00', '0.00', 1, '0.00', '0.00', '0.00', '0.00', '0.00', '0.00'),
(2972, 75, '', 'COMPUTER DELL XPS 15 16GB RAM 512GB SSD INTEL I9 PROCESSOR', '0.00', 'PCS', 0, 1, '8000.00', '8000.00', 1, '0.00', '0.00', '8000.00', '0.00', '0.00', '8000.00'),
(2973, 75, '', 'MANUAL RODDING WORK USING ROD AND WIRE LINE', '0.00', 'unit', 0, 2, '8.00', '8.00', 1, '0.00', '0.00', '8.00', '0.00', '0.00', '8.00'),
(2974, 75, '', 'LABOUR TO REPLACE PARTS & SERVICE', '0.00', 'bundles', 0, 3, '56.00', '56.00', 1, '0.00', '0.00', '56.00', '0.00', '0.00', '56.00'),
(2975, 75, '', 'COLGATE MEDIUM PACKET', '0.00', 'bottle', 0, 4, '55.00', '55.00', 1, '0.00', '0.00', '55.00', '0.00', '0.00', '55.00'),
(2976, 75, '', '', '0.00', '', 0, 5, '0.00', '0.00', 1, '0.00', '0.00', '0.00', '0.00', '0.00', '0.00'),
(2977, 75, '', '', '0.00', '', 0, 6, '0.00', '0.00', 1, '0.00', '0.00', '0.00', '0.00', '0.00', '0.00'),
(2978, 75, '', '', '0.00', '', 0, 7, '0.00', '0.00', 1, '0.00', '0.00', '0.00', '0.00', '0.00', '0.00'),
(2979, 78, '', '', '0.00', '', 0, 1, '7000.00', '7000.00', 1, '0.00', '0.00', '7000.00', '0.00', '0.00', '7000.00'),
(2980, 78, '', '', '0.00', '', 0, 2, '0.00', '0.00', 1, '0.00', '0.00', '0.00', '0.00', '0.00', '0.00'),
(2981, 78, '', '', '0.00', '', 0, 3, '0.00', '0.00', 1, '0.00', '0.00', '0.00', '0.00', '0.00', '0.00'),
(2982, 78, '', '', '0.00', '', 0, 4, '0.00', '0.00', 1, '0.00', '0.00', '0.00', '0.00', '0.00', '0.00'),
(2983, 78, '', '', '0.00', '', 0, 5, '0.00', '0.00', 1, '0.00', '0.00', '0.00', '0.00', '0.00', '0.00'),
(2984, 76, '', 'COMPUTER DELL XPS 15 16GB RAM 512GB SSD INTEL I9 PROCESSOR', '2.00', 'PCS', 0, 1, '78.00', '156.00', 1, '0.00', '0.00', '156.00', '0.00', '0.00', '156.00'),
(2985, 76, '', 'MANUAL RODDING WORK USING ROD AND WIRE LINE', '0.00', 'unit', 0, 2, '77.00', '77.00', 1, '0.00', '0.00', '71.61', '7.00', '5.39', '71.61'),
(2986, 76, '', 'LABOUR TO REPLACE PARTS & SERVICE', '0.00', 'bundles', 0, 3, '56.00', '56.00', 4, '34.00', '19.04', '75.04', '0.00', '0.00', '56.00'),
(2987, 76, '', 'COLGATE MEDIUM PACKET', '0.00', 'bottle', 0, 4, '55.00', '55.00', 1, '0.00', '0.00', '55.00', '0.00', '0.00', '55.00'),
(2988, 76, '', '', '0.00', '', 0, 5, '0.00', '0.00', 1, '0.00', '0.00', '0.00', '0.00', '0.00', '0.00'),
(2989, 76, '', '', '0.00', '', 0, 6, '0.00', '0.00', 1, '0.00', '0.00', '0.00', '0.00', '0.00', '0.00'),
(2990, 76, '', '', '0.00', '', 0, 7, '0.00', '0.00', 1, '0.00', '0.00', '0.00', '0.00', '0.00', '0.00'),
(2991, 79, '', '', '0.00', '', 0, 1, '1000.00', '1000.00', 1, '0.00', '0.00', '1000.00', '0.00', '0.00', '1000.00'),
(2992, 79, '', '', '0.00', '', 0, 2, '0.00', '0.00', 1, '0.00', '0.00', '0.00', '0.00', '0.00', '0.00'),
(2993, 79, '', '', '0.00', '', 0, 3, '0.00', '0.00', 1, '0.00', '0.00', '0.00', '0.00', '0.00', '0.00'),
(2994, 79, '', '', '0.00', '', 0, 4, '0.00', '0.00', 1, '0.00', '0.00', '0.00', '0.00', '0.00', '0.00'),
(2995, 79, '', '', '0.00', '', 0, 5, '0.00', '0.00', 1, '0.00', '0.00', '0.00', '0.00', '0.00', '0.00'),
(3112, 80, '', 'MODULES AVAILABLE', '0.00', '', 1, 1, '0.00', '0.00', 1, '0.00', '0.00', '0.00', '0.00', '0.00', '0.00'),
(3113, 80, '1.', 'PARENTS MODULE - PARENTS DATABASE, LINKED TO SIBLINGS', '0.00', '', 0, 2, '0.00', '0.00', 1, '0.00', '0.00', '0.00', '0.00', '0.00', '0.00'),
(3114, 80, '2.', 'STUDENTS MODULE - PROFILE, NEW STUDENT & EXISTING STUDENT REGISTRATION, CLASS ATTENDANCE, EXAM RESULT & RANKING, ADD & DROP CLASS, TIMETABLE, TRANSPORT', '0.00', '', 0, 3, '0.00', '0.00', 1, '0.00', '0.00', '0.00', '0.00', '0.00', '0.00'),
(3115, 80, '3.', 'TEACHERS MODULE - PROFILE, TIMETABLE, PAYROLL GENERATE & VIEW, DEFAULT & SUBSTITUTE TYPE', '0.00', '', 0, 4, '0.00', '0.00', 1, '0.00', '0.00', '0.00', '0.00', '0.00', '0.00'),
(3116, 80, '4.', 'CLASS MODULE - CLASS DATABASE, CLASSES GENERATION, ATTENDACE, TIMETABLE', '0.00', '', 0, 5, '0.00', '0.00', 1, '0.00', '0.00', '0.00', '0.00', '0.00', '0.00'),
(3117, 80, '5.', 'FEES MODULE - COMPLETELY COLOR CODED VIEW, 3 TYPES OF PAYMENT STATUS, DETAILED RECEIPT PRINTOUT', '0.00', '', 0, 6, '0.00', '0.00', 1, '0.00', '0.00', '0.00', '0.00', '0.00', '0.00'),
(3118, 80, '6.', 'EXPENSES MODULE - AUTO TEACHER CALCULATION, ALL TYPES OF EXPENSES IN MONTHLY BASICS', '0.00', '', 0, 7, '0.00', '0.00', 1, '0.00', '0.00', '0.00', '0.00', '0.00', '0.00'),
(3119, 80, '7.', 'ADMINISTRATION MODULE - CENTRE PROFILE, CATEGORY, GRADES, SUBJECTS, EXEPENSES, FEES PACKAGES, COMPLETE STUDENT DELETION', '0.00', '', 0, 8, '0.00', '0.00', 1, '0.00', '0.00', '0.00', '0.00', '0.00', '0.00'),
(3120, 80, '8.', 'REPORTS MODULE - MONTHLY & YEARLY FEES, PAYMENT, TRANSPORT PICK & DROP, TEACHER PAYROLL, SEMINAR, DEPOSIT REFUND, STUDENT DROP, CLASS SUMMARIES', '0.00', '', 0, 9, '0.00', '0.00', 1, '0.00', '0.00', '0.00', '0.00', '0.00', '0.00'),
(3121, 80, '', 'CUSTOMISATION', '0.00', '', 1, 10, '0.00', '0.00', 1, '0.00', '0.00', '0.00', '0.00', '0.00', '0.00'),
(3122, 80, '1.', 'NEW ADD ONE MODULES - ADMIN LEVELS, PDF MODE, ENHANCE TRANSPORT MODULE, YEAR DATES COMPLETELY CHANGE RANGE TO CATER FOR ALL TYPES OF FUTURE NEEDS.', '0.00', '', 0, 11, '0.00', '0.00', 1, '0.00', '0.00', '0.00', '0.00', '0.00', '0.00'),
(3123, 80, '2.', 'CUSTOMER REQUEST NEW TYPE REPORTS', '0.00', '', 0, 12, '0.00', '0.00', 1, '0.00', '0.00', '0.00', '0.00', '0.00', '0.00'),
(3124, 80, '', 'LIMITATIONS', '0.00', '', 1, 13, '0.00', '0.00', 1, '0.00', '0.00', '0.00', '0.00', '0.00', '0.00'),
(3125, 80, '1.', 'SYSTEM DOES NOT ALLOW STUDENT TO BE IN MULTIPLE CATEGORIES IN THE SAME YEAR RANGE. NO CUSTOMISATION OF EACH CENTRE SEPARATELY', '0.00', '', 0, 14, '0.00', '0.00', 1, '0.00', '0.00', '0.00', '0.00', '0.00', '0.00'),
(3126, 80, '2.', 'NO PHONE APP TYPE INTERFACE. ONLY FOR COMPUTER, LAPTOPS & TABLETS.', '0.00', '', 0, 15, '0.00', '0.00', 1, '0.00', '0.00', '0.00', '0.00', '0.00', '0.00'),
(3127, 80, '', 'PRICING ( TYPE : ONE TIME )', '0.00', '', 0, 16, '0.00', '0.00', 1, '0.00', '0.00', '0.00', '0.00', '0.00', '0.00'),
(3128, 80, '1.', 'FIRST CENTRE - CUSTOMISATION, INSTALLATION & TESTING, DOMAIN NAME & SERVER, TRAINING, FREE FIRST YEAR MAINTENANCE & BACKUP', '1.00', '', 0, 17, '6600.00', '6600.00', 1, '0.00', '0.00', '6600.00', '0.00', '0.00', '6600.00'),
(3129, 80, '2.', 'SECOND CENTRE - INSTALLATION & TESTING, DOMAIN NAME & SERVER, TRAINING, FREE FIRST YEAR MAINTENANCE & BACKUP', '1.00', '', 0, 18, '3400.00', '3400.00', 1, '0.00', '0.00', '3400.00', '0.00', '0.00', '3400.00'),
(3130, 80, '3.', 'THIRD CENTRE - INSTALLATION & TESTING, DOMAIN NAME & SERVER, TRAINING, FREE FIRST YEAR MAINTENANCE & BACKUP', '1.00', '', 0, 19, '1000.00', '1000.00', 1, '0.00', '0.00', '1000.00', '0.00', '0.00', '1000.00'),
(3131, 80, '', 'PAYMENT TERMS', '0.00', '', 1, 20, '0.00', '0.00', 1, '0.00', '0.00', '0.00', '0.00', '0.00', '0.00'),
(3132, 80, '1.', 'A DEPOSIT OF 50 PERCENT TO BE PAID BEFORE WORK STARTS FOR EACH CENTRE SEPARATE. THIS AMOUNT IS NOT REFUNDABLE DUE TO PURCHASE OF DOMAIN NAME & SERVER HOSTING ETC', '0.00', '', 0, 21, '0.00', '0.00', 1, '0.00', '0.00', '0.00', '0.00', '0.00', '0.00'),
(3133, 80, '2.', 'BALANCE 50 PERCENT TO BE PAID WITHIN 7 DAYS OF SYSTEM INSTALLATION', '0.00', '', 0, 22, '0.00', '0.00', 1, '0.00', '0.00', '0.00', '0.00', '0.00', '0.00'),
(3134, 80, '', 'WORK DURATION : 40 DAYS FOR FIRST CENTRE, 15 DAYS EACH FOR OTHER CENTRES', '0.00', '', 0, 23, '0.00', '0.00', 1, '0.00', '0.00', '0.00', '0.00', '0.00', '0.00'),
(3135, 80, '', 'PRICING ( TYPE : YEARLY ) - FIRST YEAR FREE.\r\nSECOND YEAR ONWARDS RM 2,000.00 PER YEAR FOR 3 CENTRES', '0.00', '', 1, 24, '0.00', '0.00', 1, '0.00', '0.00', '0.00', '0.00', '0.00', '0.00'),
(3136, 80, '1.', '24 X 7 PHONE & ONLINE SUPPORT, MAINTENANCE, WEEKLY DATABASE BACKUP', '0.00', '', 0, 25, '0.00', '0.00', 1, '0.00', '0.00', '0.00', '0.00', '0.00', '0.00'),
(3137, 80, '2.', 'MINOR MODIFICATIONS TO SYSTEM & REPORTS ETC ( MAX 1 DAY PERIOD )', '0.00', '', 0, 26, '0.00', '0.00', 1, '0.00', '0.00', '0.00', '0.00', '0.00', '0.00'),
(3138, 80, '3.', 'DATABASE AND PROGRAM HOSTED WITH REPUTABLE HOSTING COMPANY\r\nwww.iwhost.com\r\nNO. 36-3 JALAN USJ 9/5Q, SUBANG BUSINESS CENTRE, 47620 SUBANG JAYA, SELANGOR', '0.00', '', 0, 27, '0.00', '0.00', 1, '0.00', '0.00', '0.00', '0.00', '0.00', '0.00'),
(3139, 80, '4.', 'WEB APPLICATION DOWNTIME FULLY DEPENDENT ON HOSTING COMPANY SERVER STATUS WHEREBY MEL SYSTEMS WILL LIASE FULLY WITH THE HOSTING COMPANY IN CASE OF SERVER ISSUES.', '0.00', '', 0, 28, '0.00', '0.00', 1, '0.00', '0.00', '0.00', '0.00', '0.00', '0.00'),
(3140, 80, '', '', '0.00', '', 0, 29, '0.00', '0.00', 1, '0.00', '0.00', '0.00', '0.00', '0.00', '0.00'),
(3146, 81, '', '', '3.00', '', 0, 1, '67.00', '201.00', 6, '1.50', '3.02', '204.01', '0.00', '0.00', '201.00'),
(3147, 81, '', '', '5.00', '', 0, 2, '100.00', '500.00', 3, '10.00', '50.00', '550.00', '0.00', '0.00', '500.00'),
(3148, 81, '', '', '3.00', '', 0, 3, '65.59', '196.77', 1, '0.00', '0.00', '196.77', '0.00', '0.00', '196.77'),
(3149, 81, '', '', '0.00', '', 0, 4, '0.00', '0.00', 1, '0.00', '0.00', '0.00', '0.00', '0.00', '0.00'),
(3150, 81, '', '', '0.00', '', 0, 5, '0.00', '0.00', 1, '0.00', '0.00', '0.00', '0.00', '0.00', '0.00'),
(3200, 82, '', 'TWINPOWER TURBO LL-01 ENGINE OIL', '6.00', 'LITRE', 0, 1, '80.00', '480.00', 1, '0.00', '0.00', '480.00', '0.00', '0.00', '480.00'),
(3201, 82, '', 'OIL FILTER', '0.00', '', 0, 2, '90.00', '90.00', 1, '0.00', '0.00', '90.00', '0.00', '0.00', '90.00'),
(3202, 82, '', 'SPARE TANK CAP BMW ORIGINAL', '0.00', '', 0, 3, '180.00', '180.00', 1, '0.00', '0.00', '180.00', '0.00', '0.00', '180.00'),
(3203, 82, '', 'PARKING ASSIST MODULE NO.1 ORI', '0.00', '', 0, 4, '900.00', '900.00', 1, '0.00', '0.00', '900.00', '0.00', '0.00', '900.00'),
(3204, 82, '', 'LABOUR', '0.00', '', 1, 5, '350.00', '350.00', 1, '0.00', '0.00', '350.00', '0.00', '0.00', '350.00'),
(3205, 82, '', '- TO REMOVE BUMPER \r\n- TO CALIBRATE SENSOR \r\n- REPLACE MODULE \r\n- PRESSURE TEST \r\n- COOLANT SYSTEM BLEEDING \r\n- SERVICE ENGINE OIL \r\n- RESET SERVICE', '0.00', '', 0, 6, '0.00', '0.00', 1, '0.00', '0.00', '0.00', '0.00', '0.00', '0.00'),
(3206, 82, '', 'BODY WORKS', '0.00', '', 1, 7, '900.00', '900.00', 1, '0.00', '0.00', '900.00', '0.00', '0.00', '900.00'),
(3207, 82, '', '- TO RESPRAY FRONT&REAR PASSENGER DOOR \r\n- TO RESPRAY FRONT BONNET \r\n- TO RESPRAY REAR BUMPER', '0.00', '', 0, 8, '0.00', '0.00', 1, '0.00', '0.00', '0.00', '0.00', '0.00', '0.00'),
(3208, 82, '', 'SERVICE REMINDER', '0.00', '', 1, 9, '0.00', '0.00', 1, '0.00', '0.00', '0.00', '0.00', '0.00', '0.00'),
(3209, 82, '', 'LAST SERVICE: 31317KM \r\nDATE: 04-01-2024\r\n\r\nNEXT SERVICE: 41317KM \r\nDATE: 04-07-2024', '0.00', '', 0, 10, '0.00', '0.00', 1, '0.00', '0.00', '0.00', '0.00', '0.00', '0.00'),
(3218, 83, '', 'INSURANCE TYPE', '0.00', '', 1, 1, '0.00', '0.00', 1, '0.00', '0.00', '0.00', '0.00', '0.00', '0.00'),
(3219, 83, '1.', 'PUBLIC LIABILITY ( RM 1 MILLION )', '0.00', '', 0, 2, '0.00', '0.00', 1, '0.00', '0.00', '0.00', '0.00', '0.00', '0.00'),
(3220, 83, '2.', 'CONTRACTOR ALL RISK', '0.00', '', 0, 3, '0.00', '0.00', 1, '0.00', '0.00', '0.00', '0.00', '0.00', '0.00'),
(3221, 83, '', 'TOTAL (TOGETHER )', '0.00', '', 0, 4, '805.00', '805.00', 1, '0.00', '0.00', '805.00', '0.00', '0.00', '805.00'),
(3222, 83, '3.', 'WORKMEN COMPENSATION', '0.00', '', 0, 5, '169.00', '169.00', 1, '0.00', '0.00', '169.00', '0.00', '0.00', '169.00'),
(3223, 83, '', 'SERVICE CHARGE', '0.00', '', 0, 6, '0.00', '0.00', 1, '0.00', '0.00', '0.00', '0.00', '0.00', '0.00'),
(3224, 83, '1.', 'SERVICE', '0.00', '', 0, 7, '300.00', '300.00', 1, '0.00', '0.00', '300.00', '0.00', '0.00', '300.00'),
(3225, 83, '', '', '0.00', '', 0, 8, '0.00', '0.00', 1, '0.00', '0.00', '0.00', '0.00', '0.00', '0.00'),
(3249, 29, '', 'WORK SCOPE', '0.00', '', 1, 1, '0.00', '0.00', 1, '0.00', '0.00', '0.00', '0.00', '0.00', '0.00'),
(3250, 29, '1', 'CALENDAR FOR YEAR 2023 INCLUDING STICKERS MICKEY MOUSE', '1.00', 'PCS', 0, 2, '50.95', '50.95', 2, '6.00', '3.06', '54.01', '0.00', '0.00', '50.95'),
(3251, 29, '2', 'NOKIA CHARGER TYPE CARBON 4598BK', '1.00', 'UNIT', 0, 3, '59.00', '59.00', 1, '0.00', '0.00', '56.05', '5.00', '2.95', '56.05'),
(3252, 29, '3', 'DHLD PACKAGE DELIVERY CHARGES', '1.00', 'LOT', 0, 4, '50.00', '50.00', 1, '0.00', '0.00', '50.00', '0.00', '0.00', '50.00'),
(3253, 29, '4', 'TO USE TOOLS AND MANUALLY ENTER THE  DRAIN TO REMOVE ALL SAND, STONES, DEBRIS ETC FROM THE SIDES AND BOTTOM OF DRAIN.', '2.00', 'LOT', 0, 5, '3700.00', '7400.00', 1, '0.00', '0.00', '7400.00', '0.00', '0.00', '7400.00'),
(3254, 29, '5', 'MAZDA X5 TYRE CHANGE 175/90PSI JAPAN MADE', '1.00', 'PCS', 0, 6, '130.50', '130.50', 4, '34.00', '42.15', '166.12', '5.00', '6.53', '123.97'),
(3255, 29, '6', 'COMPUTER DELL XPS 15 16GB RAM 512GB SSD INTEL I9 PROCESSOR', '1.00', 'PCS', 0, 7, '0.00', '0.00', 1, '0.00', '0.00', '0.00', '0.00', '0.00', '0.00'),
(3256, 29, '', 'TOP RADIATOR HOSE ORIGINAL', '0.00', 'litre', 1, 8, '0.00', '0.00', 6, '1.50', '0.00', '0.00', '3.00', '0.00', '0.00'),
(3257, 29, '1', 'RATTAN CHAIR (japan made)', '0.00', 'PCS', 0, 9, '99.00', '99.00', 1, '0.00', '0.00', '99.00', '0.00', '0.00', '99.00'),
(3258, 29, '2', 'MOTOROLLA HANDPHONE MODEL X-9', '1.00', 'unit', 0, 10, '5006.75', '5006.75', 4, '34.00', '1702.30', '6709.05', '0.00', '0.00', '5006.75'),
(3259, 29, '3', 'TEAK WOOD IKEA TABLE 5 X 7 FEET', '4.00', 'PCS', 0, 11, '76.00', '304.00', 1, '0.00', '0.00', '304.00', '0.00', '0.00', '304.00'),
(3260, 29, '', '', '0.00', '', 0, 12, '0.00', '0.00', 1, '0.00', '0.00', '0.00', '0.00', '0.00', '0.00'),
(3261, 29, '', '', '0.00', '', 0, 13, '0.00', '0.00', 1, '0.00', '0.00', '0.00', '0.00', '0.00', '0.00'),
(3268, 85, '', 'WORK SCOPE', '0.00', '', 0, 1, '0.00', '0.00', 1, '0.00', '0.00', '0.00', '0.00', '0.00', '0.00'),
(3269, 85, '1.', 'CALENDAR FOR YEAR 2023 INCLUDING STICKERS MICKEY MOUSE', '4.00', 'PCS', 0, 2, '50.95', '203.80', 1, '0.00', '0.00', '203.80', '0.00', '0.00', '203.80'),
(3270, 85, '2.', 'COMPUTER DELL XPS 15 16GB RAM 512GB SSD INTEL I9 PROCESSOR', '1.00', 'PCS', 0, 3, '600.00', '600.00', 1, '0.00', '0.00', '600.00', '0.00', '0.00', '600.00'),
(3271, 85, '3.', 'JETTING WORKS AND CLEAR BLOCKAGES WITH RODDER MACHINE', '0.00', 'unit', 0, 4, '800.00', '800.00', 1, '0.00', '0.00', '800.00', '0.00', '0.00', '800.00'),
(3272, 85, '', 'DESLUDGING TANKER 8 CUBIC METERS', '0.00', 'TRIP', 0, 5, '1200.00', '1200.00', 1, '0.00', '0.00', '1200.00', '0.00', '0.00', '1200.00'),
(3273, 85, '', '', '0.00', '', 0, 6, '0.00', '0.00', 1, '0.00', '0.00', '0.00', '0.00', '0.00', '0.00'),
(3274, 85, '', '', '0.00', '', 0, 7, '0.00', '0.00', 1, '0.00', '0.00', '0.00', '0.00', '0.00', '0.00'),
(3275, 85, '', '', '0.00', '', 0, 8, '0.00', '0.00', 1, '0.00', '0.00', '0.00', '0.00', '0.00', '0.00'),
(3276, 85, '', '', '0.00', '', 0, 9, '0.00', '0.00', 1, '0.00', '0.00', '0.00', '0.00', '0.00', '0.00'),
(3277, 85, '', '', '0.00', '', 0, 10, '0.00', '0.00', 1, '0.00', '0.00', '0.00', '0.00', '0.00', '0.00'),
(3278, 84, '1', 'CASIO SCIENTIFIC CALCULATOR\r\nMODEL 4590-J', '0.00', 'UNIT', 0, 1, '650.85', '650.85', 6, '1.50', '9.47', '640.79', '3.00', '19.53', '631.32'),
(3279, 84, '2', 'JETTING WORKS AND CLEAR BLOCKAGES WITH RODDER MACHINE', '0.00', 'unit', 0, 2, '800.00', '800.00', 1, '0.00', '0.00', '800.00', '0.00', '0.00', '800.00'),
(3280, 84, '3', 'APPLE CIDER (KOREAN GINSENG)', '0.00', '', 0, 3, '90.60', '90.60', 1, '0.00', '0.00', '90.60', '0.00', '0.00', '90.60'),
(3281, 84, '4', 'TO USE TOOLS AND MANUALLY ENTER THE  DRAIN TO REMOVE ALL SAND, STONES, DEBRIS ETC FROM THE SIDES AND BOTTOM OF DRAINAGE.', '2.00', 'LOT', 0, 4, '3700.00', '7400.00', 1, '0.00', '0.00', '7400.00', '0.00', '0.00', '7400.00'),
(3282, 84, '5', 'REMOVE WINDSCREEN AND TINTING WORKS DONE FOR THE WHOLE CAR', '0.00', 'UNITS', 0, 5, '0.00', '0.00', 1, '0.00', '0.00', '0.00', '0.00', '0.00', '0.00'),
(3283, 84, '', '', '0.00', '', 0, 6, '0.00', '0.00', 1, '0.00', '0.00', '0.00', '0.00', '0.00', '0.00'),
(3284, 84, '', '', '0.00', '', 0, 7, '0.00', '0.00', 1, '0.00', '0.00', '0.00', '0.00', '0.00', '0.00'),
(3285, 86, '1', 'CASIO SCIENTIFIC CALCULATOR\r\nMODEL 4590-J', '0.00', 'UNIT', 0, 1, '650.85', '650.85', 6, '1.50', '9.47', '640.79', '3.00', '19.53', '631.32'),
(3286, 86, '2', 'JETTING WORKS AND CLEAR BLOCKAGES WITH RODDER MACHINE', '0.00', 'unit', 0, 2, '800.00', '800.00', 1, '0.00', '0.00', '800.00', '0.00', '0.00', '800.00'),
(3287, 86, '3', 'APPLE CIDER (KOREAN GINSENG)', '0.00', '', 0, 3, '90.60', '90.60', 1, '0.00', '0.00', '90.60', '0.00', '0.00', '90.60'),
(3288, 86, '4', 'TO USE TOOLS AND MANUALLY ENTER THE  DRAIN TO REMOVE ALL SAND, STONES, DEBRIS ETC FROM THE SIDES AND BOTTOM OF DRAINAGE.', '2.00', 'LOT', 0, 4, '3700.00', '7400.00', 1, '0.00', '0.00', '7400.00', '0.00', '0.00', '7400.00'),
(3289, 86, '5', 'REMOVE WINDSCREEN AND TINTING WORKS DONE FOR THE WHOLE CAR', '0.00', 'UNITS', 0, 5, '0.00', '0.00', 1, '0.00', '0.00', '0.00', '0.00', '0.00', '0.00'),
(3290, 86, '', '', '0.00', '', 0, 6, '0.00', '0.00', 1, '0.00', '0.00', '0.00', '0.00', '0.00', '0.00'),
(3291, 86, '', '', '0.00', '', 0, 7, '0.00', '0.00', 1, '0.00', '0.00', '0.00', '0.00', '0.00', '0.00');
INSERT INTO `tbinvoicedetail` (`invoiceDetail_id`, `invoiceDetail_invoiceID`, `invoiceDetail_no1`, `invoiceDetail_no2`, `invoiceDetail_no3`, `invoiceDetail_no4`, `invoiceDetail_bold`, `invoiceDetail_sortID`, `invoiceDetail_no5`, `invoiceDetail_rowTotal`, `invoiceDetail_taxRateID`, `invoiceDetail_taxPercent`, `invoiceDetail_taxTotal`, `invoiceDetail_rowGrandTotal`, `invoiceDetail_discountPercent`, `invoiceDetail_discountAmount`, `invoiceDetail_rowTotalAfterDiscount`) VALUES
(3292, 87, '', 'MODULES AVAILABLE', '0.00', '', 1, 1, '0.00', '0.00', 1, '0.00', '0.00', '0.00', '0.00', '0.00', '0.00'),
(3293, 87, '1.', 'PARENTS MODULE - PARENTS DATABASE, LINKED TO SIBLINGS', '0.00', '', 0, 2, '0.00', '0.00', 1, '0.00', '0.00', '0.00', '0.00', '0.00', '0.00'),
(3294, 87, '2.', 'STUDENTS MODULE - PROFILE, NEW STUDENT & EXISTING STUDENT REGISTRATION, CLASS ATTENDANCE, EXAM RESULT & RANKING, ADD & DROP CLASS, TIMETABLE, TRANSPORT', '0.00', '', 0, 3, '0.00', '0.00', 1, '0.00', '0.00', '0.00', '0.00', '0.00', '0.00'),
(3295, 87, '3.', 'TEACHERS MODULE - PROFILE, TIMETABLE, PAYROLL GENERATE & VIEW, DEFAULT & SUBSTITUTE TYPE', '0.00', '', 0, 4, '0.00', '0.00', 1, '0.00', '0.00', '0.00', '0.00', '0.00', '0.00'),
(3296, 87, '4.', 'CLASS MODULE - CLASS DATABASE, CLASSES GENERATION, ATTENDACE, TIMETABLE', '0.00', '', 0, 5, '0.00', '0.00', 1, '0.00', '0.00', '0.00', '0.00', '0.00', '0.00'),
(3297, 87, '5.', 'FEES MODULE - COMPLETELY COLOR CODED VIEW, 3 TYPES OF PAYMENT STATUS, DETAILED RECEIPT PRINTOUT', '0.00', '', 0, 6, '0.00', '0.00', 1, '0.00', '0.00', '0.00', '0.00', '0.00', '0.00'),
(3298, 87, '6.', 'EXPENSES MODULE - AUTO TEACHER CALCULATION, ALL TYPES OF EXPENSES IN MONTHLY BASICS', '0.00', '', 0, 7, '0.00', '0.00', 1, '0.00', '0.00', '0.00', '0.00', '0.00', '0.00'),
(3299, 87, '7.', 'ADMINISTRATION MODULE - CENTRE PROFILE, CATEGORY, GRADES, SUBJECTS, EXEPENSES, FEES PACKAGES, COMPLETE STUDENT DELETION', '0.00', '', 0, 8, '0.00', '0.00', 1, '0.00', '0.00', '0.00', '0.00', '0.00', '0.00'),
(3300, 87, '8.', 'REPORTS MODULE - MONTHLY & YEARLY FEES, PAYMENT, TRANSPORT PICK & DROP, TEACHER PAYROLL, SEMINAR, DEPOSIT REFUND, STUDENT DROP, CLASS SUMMARIES', '0.00', '', 0, 9, '0.00', '0.00', 1, '0.00', '0.00', '0.00', '0.00', '0.00', '0.00'),
(3301, 87, '', 'CUSTOMISATION', '0.00', '', 1, 10, '0.00', '0.00', 1, '0.00', '0.00', '0.00', '0.00', '0.00', '0.00'),
(3302, 87, '1.', 'NEW ADD ONE MODULES - ADMIN LEVELS, PDF MODE, ENHANCE TRANSPORT MODULE, YEAR DATES COMPLETELY CHANGE RANGE TO CATER FOR ALL TYPES OF FUTURE NEEDS.', '0.00', '', 0, 11, '0.00', '0.00', 1, '0.00', '0.00', '0.00', '0.00', '0.00', '0.00'),
(3303, 87, '2.', 'CUSTOMER REQUEST NEW TYPE REPORTS', '0.00', '', 0, 12, '0.00', '0.00', 1, '0.00', '0.00', '0.00', '0.00', '0.00', '0.00'),
(3304, 87, '', 'LIMITATIONS', '0.00', '', 1, 13, '0.00', '0.00', 1, '0.00', '0.00', '0.00', '0.00', '0.00', '0.00'),
(3305, 87, '1.', 'SYSTEM DOES NOT ALLOW STUDENT TO BE IN MULTIPLE CATEGORIES IN THE SAME YEAR RANGE. NO CUSTOMISATION OF EACH CENTRE SEPARATELY', '0.00', '', 0, 14, '0.00', '0.00', 1, '0.00', '0.00', '0.00', '0.00', '0.00', '0.00'),
(3306, 87, '2.', 'NO PHONE APP TYPE INTERFACE. ONLY FOR COMPUTER, LAPTOPS & TABLETS.', '0.00', '', 0, 15, '0.00', '0.00', 1, '0.00', '0.00', '0.00', '0.00', '0.00', '0.00'),
(3307, 87, '', 'PRICING ( TYPE : ONE TIME )', '0.00', '', 0, 16, '0.00', '0.00', 1, '0.00', '0.00', '0.00', '0.00', '0.00', '0.00'),
(3308, 87, '1.', 'FIRST CENTRE - CUSTOMISATION, INSTALLATION & TESTING, DOMAIN NAME & SERVER, TRAINING, FREE FIRST YEAR MAINTENANCE & BACKUP', '1.00', '', 0, 17, '6600.00', '6600.00', 1, '0.00', '0.00', '6600.00', '0.00', '0.00', '6600.00'),
(3309, 87, '2.', 'SECOND CENTRE - INSTALLATION & TESTING, DOMAIN NAME & SERVER, TRAINING, FREE FIRST YEAR MAINTENANCE & BACKUP', '1.00', '', 0, 18, '3400.00', '3400.00', 1, '0.00', '0.00', '3400.00', '0.00', '0.00', '3400.00'),
(3310, 87, '3.', 'THIRD CENTRE - INSTALLATION & TESTING, DOMAIN NAME & SERVER, TRAINING, FREE FIRST YEAR MAINTENANCE & BACKUP', '1.00', '', 0, 19, '1000.00', '1000.00', 1, '0.00', '0.00', '1000.00', '0.00', '0.00', '1000.00'),
(3311, 87, '', 'PAYMENT TERMS', '0.00', '', 1, 20, '0.00', '0.00', 1, '0.00', '0.00', '0.00', '0.00', '0.00', '0.00'),
(3312, 87, '1.', 'A DEPOSIT OF 50 PERCENT TO BE PAID BEFORE WORK STARTS FOR EACH CENTRE SEPARATE. THIS AMOUNT IS NOT REFUNDABLE DUE TO PURCHASE OF DOMAIN NAME & SERVER HOSTING ETC', '0.00', '', 0, 21, '0.00', '0.00', 1, '0.00', '0.00', '0.00', '0.00', '0.00', '0.00'),
(3313, 87, '2.', 'BALANCE 50 PERCENT TO BE PAID WITHIN 7 DAYS OF SYSTEM INSTALLATION', '0.00', '', 0, 22, '0.00', '0.00', 1, '0.00', '0.00', '0.00', '0.00', '0.00', '0.00'),
(3314, 87, '', 'WORK DURATION : 40 DAYS FOR FIRST CENTRE, 15 DAYS EACH FOR OTHER CENTRES', '0.00', '', 0, 23, '0.00', '0.00', 1, '0.00', '0.00', '0.00', '0.00', '0.00', '0.00'),
(3315, 87, '', 'PRICING ( TYPE : YEARLY ) - FIRST YEAR FREE.\r\nSECOND YEAR ONWARDS RM 2,000.00 PER YEAR FOR 3 CENTRES', '0.00', '', 1, 24, '0.00', '0.00', 1, '0.00', '0.00', '0.00', '0.00', '0.00', '0.00'),
(3316, 87, '1.', '24 X 7 PHONE & ONLINE SUPPORT, MAINTENANCE, WEEKLY DATABASE BACKUP', '0.00', '', 0, 25, '0.00', '0.00', 1, '0.00', '0.00', '0.00', '0.00', '0.00', '0.00'),
(3317, 87, '2.', 'MINOR MODIFICATIONS TO SYSTEM & REPORTS ETC ( MAX 1 DAY PERIOD )', '0.00', '', 0, 26, '0.00', '0.00', 1, '0.00', '0.00', '0.00', '0.00', '0.00', '0.00'),
(3318, 87, '3.', 'DATABASE AND PROGRAM HOSTED WITH REPUTABLE HOSTING COMPANY\r\nwww.iwhost.com\r\nNO. 36-3 JALAN USJ 9/5Q, SUBANG BUSINESS CENTRE, 47620 SUBANG JAYA, SELANGOR', '0.00', '', 0, 27, '0.00', '0.00', 1, '0.00', '0.00', '0.00', '0.00', '0.00', '0.00'),
(3319, 87, '4.', 'WEB APPLICATION DOWNTIME FULLY DEPENDENT ON HOSTING COMPANY SERVER STATUS WHEREBY MEL SYSTEMS WILL LIASE FULLY WITH THE HOSTING COMPANY IN CASE OF SERVER ISSUES.', '0.00', '', 0, 28, '0.00', '0.00', 1, '0.00', '0.00', '0.00', '0.00', '0.00', '0.00'),
(3320, 87, '', '', '0.00', '', 0, 29, '0.00', '0.00', 1, '0.00', '0.00', '0.00', '0.00', '0.00', '0.00'),
(3321, 88, '', 'MODULES AVAILABLE', '0.00', '', 1, 1, '0.00', '0.00', 1, '0.00', '0.00', '0.00', '0.00', '0.00', '0.00'),
(3322, 88, '1.', 'PARENTS MODULE - PARENTS DATABASE, LINKED TO SIBLINGS', '0.00', '', 0, 2, '0.00', '0.00', 1, '0.00', '0.00', '0.00', '0.00', '0.00', '0.00'),
(3323, 88, '2.', 'STUDENTS MODULE - PROFILE, NEW STUDENT & EXISTING STUDENT REGISTRATION, CLASS ATTENDANCE, EXAM RESULT & RANKING, ADD & DROP CLASS, TIMETABLE, TRANSPORT', '0.00', '', 0, 3, '0.00', '0.00', 1, '0.00', '0.00', '0.00', '0.00', '0.00', '0.00'),
(3324, 88, '3.', 'TEACHERS MODULE - PROFILE, TIMETABLE, PAYROLL GENERATE & VIEW, DEFAULT & SUBSTITUTE TYPE', '0.00', '', 0, 4, '0.00', '0.00', 1, '0.00', '0.00', '0.00', '0.00', '0.00', '0.00'),
(3325, 88, '4.', 'CLASS MODULE - CLASS DATABASE, CLASSES GENERATION, ATTENDACE, TIMETABLE', '0.00', '', 0, 5, '0.00', '0.00', 1, '0.00', '0.00', '0.00', '0.00', '0.00', '0.00'),
(3326, 88, '5.', 'FEES MODULE - COMPLETELY COLOR CODED VIEW, 3 TYPES OF PAYMENT STATUS, DETAILED RECEIPT PRINTOUT', '0.00', '', 0, 6, '0.00', '0.00', 1, '0.00', '0.00', '0.00', '0.00', '0.00', '0.00'),
(3327, 88, '6.', 'EXPENSES MODULE - AUTO TEACHER CALCULATION, ALL TYPES OF EXPENSES IN MONTHLY BASICS', '0.00', '', 0, 7, '0.00', '0.00', 1, '0.00', '0.00', '0.00', '0.00', '0.00', '0.00'),
(3328, 88, '7.', 'ADMINISTRATION MODULE - CENTRE PROFILE, CATEGORY, GRADES, SUBJECTS, EXEPENSES, FEES PACKAGES, COMPLETE STUDENT DELETION', '0.00', '', 0, 8, '0.00', '0.00', 1, '0.00', '0.00', '0.00', '0.00', '0.00', '0.00'),
(3329, 88, '8.', 'REPORTS MODULE - MONTHLY & YEARLY FEES, PAYMENT, TRANSPORT PICK & DROP, TEACHER PAYROLL, SEMINAR, DEPOSIT REFUND, STUDENT DROP, CLASS SUMMARIES', '0.00', '', 0, 9, '0.00', '0.00', 1, '0.00', '0.00', '0.00', '0.00', '0.00', '0.00'),
(3330, 88, '', 'CUSTOMISATION', '0.00', '', 1, 10, '0.00', '0.00', 1, '0.00', '0.00', '0.00', '0.00', '0.00', '0.00'),
(3331, 88, '1.', 'NEW ADD ONE MODULES - ADMIN LEVELS, PDF MODE, ENHANCE TRANSPORT MODULE, YEAR DATES COMPLETELY CHANGE RANGE TO CATER FOR ALL TYPES OF FUTURE NEEDS.', '0.00', '', 0, 11, '0.00', '0.00', 1, '0.00', '0.00', '0.00', '0.00', '0.00', '0.00'),
(3332, 88, '2.', 'CUSTOMER REQUEST NEW TYPE REPORTS', '0.00', '', 0, 12, '349.00', '349.00', 4, '34.00', '118.66', '467.66', '0.00', '0.00', '349.00'),
(3333, 88, '', 'LIMITATIONS', '0.00', '', 1, 13, '0.00', '0.00', 1, '0.00', '0.00', '0.00', '0.00', '0.00', '0.00'),
(3334, 88, '1.', 'SYSTEM DOES NOT ALLOW STUDENT TO BE IN MULTIPLE CATEGORIES IN THE SAME YEAR RANGE. NO CUSTOMISATION OF EACH CENTRE SEPARATELY', '0.00', '', 0, 14, '0.00', '0.00', 1, '0.00', '0.00', '0.00', '0.00', '0.00', '0.00'),
(3335, 88, '2.', 'NO PHONE APP TYPE INTERFACE. ONLY FOR COMPUTER, LAPTOPS & TABLETS.', '0.00', '', 0, 15, '0.00', '0.00', 1, '0.00', '0.00', '0.00', '0.00', '0.00', '0.00'),
(3336, 88, '', 'PRICING ( TYPE : ONE TIME )', '0.00', '', 0, 16, '0.00', '0.00', 1, '0.00', '0.00', '0.00', '0.00', '0.00', '0.00'),
(3337, 88, '1.', 'FIRST CENTRE - CUSTOMISATION, INSTALLATION & TESTING, DOMAIN NAME & SERVER, TRAINING, FREE FIRST YEAR MAINTENANCE & BACKUP', '1.00', '', 0, 17, '6600.00', '6600.00', 1, '0.00', '0.00', '6600.00', '0.00', '0.00', '6600.00'),
(3338, 88, '2.', 'SECOND CENTRE - INSTALLATION & TESTING, DOMAIN NAME & SERVER, TRAINING, FREE FIRST YEAR MAINTENANCE & BACKUP', '1.00', '', 0, 18, '3400.00', '3400.00', 1, '0.00', '0.00', '3400.00', '0.00', '0.00', '3400.00'),
(3339, 88, '3.', 'THIRD CENTRE - INSTALLATION & TESTING, DOMAIN NAME & SERVER, TRAINING, FREE FIRST YEAR MAINTENANCE & BACKUP', '1.00', '', 0, 19, '1000.00', '1000.00', 1, '0.00', '0.00', '1000.00', '0.00', '0.00', '1000.00'),
(3340, 88, '', 'PAYMENT TERMS', '0.00', '', 1, 20, '0.00', '0.00', 1, '0.00', '0.00', '0.00', '0.00', '0.00', '0.00'),
(3341, 88, '1.', 'A DEPOSIT OF 50 PERCENT TO BE PAID BEFORE WORK STARTS FOR EACH CENTRE SEPARATE. THIS AMOUNT IS NOT REFUNDABLE DUE TO PURCHASE OF DOMAIN NAME & SERVER HOSTING ETC', '0.00', '', 0, 21, '0.00', '0.00', 1, '0.00', '0.00', '0.00', '0.00', '0.00', '0.00'),
(3342, 88, '2.', 'BALANCE 50 PERCENT TO BE PAID WITHIN 7 DAYS OF SYSTEM INSTALLATION', '0.00', '', 0, 22, '0.00', '0.00', 1, '0.00', '0.00', '0.00', '0.00', '0.00', '0.00'),
(3343, 88, '', 'WORK DURATION : 40 DAYS FOR FIRST CENTRE, 15 DAYS EACH FOR OTHER CENTRES', '0.00', '', 0, 23, '0.00', '0.00', 1, '0.00', '0.00', '0.00', '0.00', '0.00', '0.00'),
(3344, 88, '', 'PRICING ( TYPE : YEARLY ) - FIRST YEAR FREE.\r\nSECOND YEAR ONWARDS RM 2,000.00 PER YEAR FOR 3 CENTRES', '0.00', '', 1, 24, '0.00', '0.00', 1, '0.00', '0.00', '0.00', '0.00', '0.00', '0.00'),
(3345, 88, '1.', '24 X 7 PHONE & ONLINE SUPPORT, MAINTENANCE, WEEKLY DATABASE BACKUP', '0.00', '', 0, 25, '0.00', '0.00', 1, '0.00', '0.00', '0.00', '0.00', '0.00', '0.00'),
(3346, 88, '2.', 'MINOR MODIFICATIONS TO SYSTEM & REPORTS ETC ( MAX 1 DAY PERIOD )', '0.00', '', 0, 26, '0.00', '0.00', 1, '0.00', '0.00', '0.00', '0.00', '0.00', '0.00'),
(3347, 88, '3.', 'DATABASE AND PROGRAM HOSTED WITH REPUTABLE HOSTING COMPANY\r\nwww.iwhost.com\r\nNO. 36-3 JALAN USJ 9/5Q, SUBANG BUSINESS CENTRE, 47620 SUBANG JAYA, SELANGOR', '0.00', '', 0, 27, '0.00', '0.00', 1, '0.00', '0.00', '0.00', '0.00', '0.00', '0.00'),
(3348, 88, '4.', 'WEB APPLICATION DOWNTIME FULLY DEPENDENT ON HOSTING COMPANY SERVER STATUS WHEREBY MEL SYSTEMS WILL LIASE FULLY WITH THE HOSTING COMPANY IN CASE OF SERVER ISSUES.', '0.00', '', 0, 28, '900.00', '900.00', 6, '1.50', '13.50', '913.50', '0.00', '0.00', '900.00'),
(3349, 88, '', '', '0.00', '', 0, 29, '0.00', '0.00', 1, '0.00', '0.00', '0.00', '0.00', '0.00', '0.00'),
(3350, 89, '1.', 'APPLE CIDER', '3.00', 'bottles', 0, 1, '111.00', '333.00', 1, '0.00', '0.00', '333.00', '0.00', '0.00', '333.00'),
(3351, 89, '2.', 'CAR AIRCOND REFILL GAS AND SERVICE', '3.00', '', 0, 2, '99.65', '298.95', 1, '0.00', '0.00', '298.95', '0.00', '0.00', '298.95'),
(3352, 89, '3.', 'CALENDAR FOR YEAR 2023 INCLUDING STICKERS MICKEY MOUSE', '0.00', 'PCS', 0, 3, '50.95', '50.95', 1, '0.00', '0.00', '50.95', '0.00', '0.00', '50.95'),
(3353, 89, '4.', 'COMPUTER HP 16GB RAM 256 GB RAM JAPAN MADE', '0.00', 'PC', 0, 4, '100.00', '100.00', 1, '0.00', '0.00', '100.00', '0.00', '0.00', '100.00'),
(3354, 89, '5.', 'FRANCE PERFUME ( LAVENDAR SMELL)', '3.00', '', 0, 5, '98.00', '294.00', 2, '6.00', '17.64', '311.64', '0.00', '0.00', '294.00'),
(3355, 89, '6.', 'CAR DENT KNOCKING AND PAINTING', '0.00', 'LOT', 0, 6, '0.00', '0.00', 1, '0.00', '0.00', '0.00', '0.00', '0.00', '0.00'),
(3356, 89, '7.', 'CHANGE CAR TYRES', '0.00', 'PERSON', 0, 7, '66.00', '66.00', 1, '0.00', '0.00', '66.00', '0.00', '0.00', '66.00'),
(3357, 89, '', 'LABOUR', '0.00', '', 1, 8, '0.00', '0.00', 1, '0.00', '0.00', '0.00', '0.00', '0.00', '0.00'),
(3358, 89, '1.', 'CAR POLISH 2.5 LITRES', '0.00', 'BOX', 0, 9, '19.00', '19.00', 1, '0.00', '0.00', '19.00', '0.00', '0.00', '19.00'),
(3359, 89, '2.', 'MOTOROLLA HANDPHONE MODEL X-9', '0.00', 'unit', 0, 10, '5006.75', '5006.75', 1, '0.00', '0.00', '5006.75', '0.00', '0.00', '5006.75'),
(3360, 89, '3.', 'GRAND TURISMO 2.4', '0.00', 'UNIT', 0, 11, '12000.00', '12000.00', 1, '0.00', '0.00', '12000.00', '0.00', '0.00', '12000.00'),
(3361, 90, '1', 'CASIO SCIENTIFIC CALCULATOR\r\nMODEL 4590-J', '0.00', 'UNIT', 0, 1, '650.85', '650.85', 6, '1.50', '9.47', '640.79', '3.00', '19.53', '631.32'),
(3362, 90, '2', 'JETTING WORKS AND CLEAR BLOCKAGES WITH RODDER MACHINE', '0.00', 'unit', 0, 2, '800.00', '800.00', 1, '0.00', '0.00', '800.00', '0.00', '0.00', '800.00'),
(3363, 90, '3', 'APPLE CIDER (KOREAN GINSENG)', '0.00', '', 0, 3, '90.60', '90.60', 1, '0.00', '0.00', '90.60', '0.00', '0.00', '90.60'),
(3364, 90, '4', 'TO USE TOOLS AND MANUALLY ENTER THE  DRAIN TO REMOVE ALL SAND, STONES, DEBRIS ETC FROM THE SIDES AND BOTTOM OF DRAINAGE.', '2.00', 'LOT', 0, 4, '3700.00', '7400.00', 1, '0.00', '0.00', '7400.00', '0.00', '0.00', '7400.00'),
(3365, 90, '5', 'REMOVE WINDSCREEN AND TINTING WORKS DONE FOR THE WHOLE CAR', '0.00', 'UNITS', 0, 5, '0.00', '0.00', 1, '0.00', '0.00', '0.00', '0.00', '0.00', '0.00'),
(3366, 90, '', '', '0.00', '', 0, 6, '0.00', '0.00', 1, '0.00', '0.00', '0.00', '0.00', '0.00', '0.00'),
(3367, 90, '', '', '0.00', '', 0, 7, '0.00', '0.00', 1, '0.00', '0.00', '0.00', '0.00', '0.00', '0.00'),
(3368, 56, '', 'PARTS MAINTENANCE', '0.00', '', 1, 1, '0.00', '0.00', 1, '0.00', '0.00', '0.00', '0.00', '0.00', '0.00'),
(3369, 56, '1.', 'CALENDAR FOR YEAR 2023 INCLUDING STICKERS MICKEY MOUSE', '9.00', 'PCS', 0, 2, '50.95', '458.55', 1, '0.00', '0.00', '412.69', '10.00', '45.85', '412.69'),
(3370, 56, '2.', 'CASIO SCIENTIFIC CALCULATOR\r\nMODEL 4590-J', '9.00', 'UNIT', 0, 3, '650.85', '5857.65', 1, '0.00', '0.00', '5857.65', '0.00', '0.00', '5857.65'),
(3371, 56, '3.', 'CAR TINTING SERVICE - V COOL HOLLAND TYPE', '1.00', 'PCS', 0, 4, '66.00', '66.00', 1, '0.00', '0.00', '66.00', '0.00', '0.00', '66.00'),
(3372, 56, '4.', 'COMPUTER DELL XPS 15 16GB RAM 512GB SSD INTEL I9 PROCESSOR', '4.00', 'PCS', 0, 5, '0.00', '0.00', 1, '0.00', '0.00', '0.00', '0.00', '0.00', '0.00'),
(3373, 56, '5.', 'REMOVE WINDSCREEN AND TINTING WORKS DONE FOR THE WHOLE CAR', '0.00', 'UNITS', 0, 6, '0.00', '0.00', 1, '0.00', '0.00', '0.00', '0.00', '0.00', '0.00'),
(3374, 56, '', 'LABOUR', '0.00', '', 1, 7, '0.00', '0.00', 1, '0.00', '0.00', '0.00', '0.00', '0.00', '0.00'),
(3375, 56, '1.', 'DESLUDGING TANKER 3 CUBIC METERS', '0.00', 'TRIP', 0, 8, '900.00', '900.00', 1, '0.00', '0.00', '900.00', '0.00', '0.00', '900.00'),
(3376, 56, '2.', 'DESLUDGING TANKER 8 CUBIC METERS', '0.00', 'TRIP', 0, 9, '1200.00', '1200.00', 1, '0.00', '0.00', '1200.00', '0.00', '0.00', '1200.00'),
(3377, 56, '3.', 'JETTING WORKS AND CLEAR BLOCKAGES WITH RODDER MACHINE', '0.00', 'unit', 0, 10, '800.00', '800.00', 1, '0.00', '0.00', '800.00', '0.00', '0.00', '800.00'),
(3378, 56, '4.', 'FRANCE PERFUME ENZYME GREASE( LAVENDAR SMELL)', '4.00', 'TINS', 0, 11, '98.00', '392.00', 1, '0.00', '0.00', '392.00', '0.00', '0.00', '392.00'),
(3379, 56, '', '', '0.00', '', 0, 12, '0.00', '0.00', 1, '0.00', '0.00', '0.00', '0.00', '0.00', '0.00'),
(3380, 56, '', '', '0.00', '', 0, 13, '0.00', '0.00', 1, '0.00', '0.00', '0.00', '0.00', '0.00', '0.00'),
(3381, 56, '', '', '0.00', '', 0, 14, '0.00', '0.00', 1, '0.00', '0.00', '0.00', '0.00', '0.00', '0.00'),
(3382, 56, '', '', '0.00', '', 0, 15, '0.00', '0.00', 1, '0.00', '0.00', '0.00', '0.00', '0.00', '0.00'),
(3383, 91, '1', 'CASIO SCIENTIFIC CALCULATOR\r\nMODEL 4590-J', '0.00', 'UNIT', 0, 1, '650.85', '650.85', 6, '1.50', '9.47', '640.79', '3.00', '19.53', '631.32'),
(3384, 91, '2', 'JETTING WORKS AND CLEAR BLOCKAGES WITH RODDER MACHINE', '0.00', 'unit', 0, 2, '800.00', '800.00', 1, '0.00', '0.00', '800.00', '0.00', '0.00', '800.00'),
(3385, 91, '3', 'APPLE CIDER (KOREAN GINSENG)', '0.00', '', 0, 3, '90.60', '90.60', 1, '0.00', '0.00', '90.60', '0.00', '0.00', '90.60'),
(3386, 91, '4', 'TO USE TOOLS AND MANUALLY ENTER THE  DRAIN TO REMOVE ALL SAND, STONES, DEBRIS ETC FROM THE SIDES AND BOTTOM OF DRAINAGE.', '2.00', 'LOT', 0, 4, '3700.00', '7400.00', 1, '0.00', '0.00', '7400.00', '0.00', '0.00', '7400.00'),
(3387, 91, '5', 'REMOVE WINDSCREEN AND TINTING WORKS DONE FOR THE WHOLE CAR', '0.00', 'UNITS', 0, 5, '0.00', '0.00', 1, '0.00', '0.00', '0.00', '0.00', '0.00', '0.00'),
(3388, 91, '', '', '0.00', '', 0, 6, '0.00', '0.00', 1, '0.00', '0.00', '0.00', '0.00', '0.00', '0.00'),
(3389, 91, '', '', '0.00', '', 0, 7, '0.00', '0.00', 1, '0.00', '0.00', '0.00', '0.00', '0.00', '0.00'),
(3390, 92, '1', 'CASIO SCIENTIFIC CALCULATOR\r\nMODEL 4590-J', '0.00', 'UNIT', 0, 1, '650.85', '650.85', 6, '1.50', '9.47', '640.79', '3.00', '19.53', '631.32'),
(3391, 92, '2', 'JETTING WORKS AND CLEAR BLOCKAGES WITH RODDER MACHINE', '0.00', 'unit', 0, 2, '800.00', '800.00', 1, '0.00', '0.00', '800.00', '0.00', '0.00', '800.00'),
(3392, 92, '3', 'APPLE CIDER (KOREAN GINSENG)', '0.00', '', 0, 3, '90.60', '90.60', 1, '0.00', '0.00', '90.60', '0.00', '0.00', '90.60'),
(3393, 92, '4', 'TO USE TOOLS AND MANUALLY ENTER THE  DRAIN TO REMOVE ALL SAND, STONES, DEBRIS ETC FROM THE SIDES AND BOTTOM OF DRAINAGE.', '2.00', 'LOT', 0, 4, '3700.00', '7400.00', 1, '0.00', '0.00', '7400.00', '0.00', '0.00', '7400.00'),
(3394, 92, '5', 'REMOVE WINDSCREEN AND TINTING WORKS DONE FOR THE WHOLE CAR', '0.00', 'UNITS', 0, 5, '0.00', '0.00', 1, '0.00', '0.00', '0.00', '0.00', '0.00', '0.00'),
(3395, 92, '', '', '0.00', '', 0, 6, '0.00', '0.00', 1, '0.00', '0.00', '0.00', '0.00', '0.00', '0.00'),
(3396, 92, '', '', '0.00', '', 0, 7, '0.00', '0.00', 1, '0.00', '0.00', '0.00', '0.00', '0.00', '0.00'),
(3571, 94, '', 'JOB SCOPE FOR EACH BLOCK OF CONDOMINIUMS', '3.00', 'BLOCK', 0, 1, '7500.00', '22500.00', 1, '0.00', '0.00', '22500.00', '0.00', '0.00', '22500.00'),
(3572, 94, '1.', 'DESLUDGING SERVICES', '0.00', '', 0, 2, '0.00', '0.00', 1, '0.00', '0.00', '0.00', '0.00', '0.00', '0.00'),
(3573, 94, '', 'TO USE DESLUDGING TANKER TO VACUUM AND PUMP OUT ALL GREASE, SLUDGE, WASTE WATER FROM GREASE TRAP TANK.\r\nTOTAL 10 UNITS PER BLOCK\r\nTOTAL IS 30 UNITS OF GREASE TRAP TANK', '0.00', '', 0, 3, '0.00', '0.00', 1, '0.00', '0.00', '0.00', '0.00', '0.00', '0.00'),
(3574, 94, '', 'PRICE IS INCLUSIVE OF TRANSPORT AND DISPOSAL RATES AT GREASE WASTE AUTHORISED SITE.', '0.00', '', 0, 4, '0.00', '0.00', 1, '0.00', '0.00', '0.00', '0.00', '0.00', '0.00'),
(3575, 94, '2.', 'JETTING SERVICES', '0.00', '', 0, 5, '0.00', '0.00', 1, '0.00', '0.00', '0.00', '0.00', '0.00', '0.00'),
(3576, 94, '', 'TO USE JETTER TRUCK MACHINE TO CLEAR BLOCKAGES AND SERVICE PIPELINE CHAMBERS.\r\nJETTING METHOD USES VERY HIGH PRESSURE WATER JET TO CLEAR ALL TYPE OF BLOCKAGES WITHIN THE PIPELINES AND CHAMBERS.', '0.00', '', 0, 6, '0.00', '0.00', 1, '0.00', '0.00', '0.00', '0.00', '0.00', '0.00'),
(3577, 94, '', 'TO USE TOOLS TO OPEN ALL THE MANHOLE COVERS TO DO THE JETTING.\r\n\r\nTOTAL 25 UNITS PER BLOCK\r\nTOTAL IS 75 UNITS OF PIPELINE CHAMBERS', '0.00', '', 0, 7, '0.00', '0.00', 1, '0.00', '0.00', '0.00', '0.00', '0.00', '0.00'),
(3578, 94, '', 'TO CLOSE ALL THE CHAMBER MANHOLE COVERS AND CLEAN WORKSITE AREA.', '0.00', '', 0, 8, '0.00', '0.00', 1, '0.00', '0.00', '0.00', '0.00', '0.00', '0.00'),
(3579, 94, '3.', 'SAFETY PROCEDURES', '0.00', '', 0, 9, '0.00', '0.00', 1, '0.00', '0.00', '0.00', '0.00', '0.00', '0.00'),
(3580, 94, '', 'TO FOLLOW ALL SAFETY PROCEDURES AT WORKSITE\r\n- SAFETY CONES AND SIGNS AT ALL WORK AREAS\r\n- SAFETY CLOTHING AND EQUIPMENT FOR ALL STAFF', '0.00', '', 0, 10, '0.00', '0.00', 1, '0.00', '0.00', '0.00', '0.00', '0.00', '0.00'),
(3581, 94, '', '', '0.00', '', 0, 11, '0.00', '0.00', 1, '0.00', '0.00', '0.00', '0.00', '0.00', '0.00'),
(3582, 94, '', '', '0.00', '', 0, 12, '0.00', '0.00', 1, '0.00', '0.00', '0.00', '0.00', '0.00', '0.00'),
(3583, 94, '', '', '0.00', '', 0, 13, '0.00', '0.00', 1, '0.00', '0.00', '0.00', '0.00', '0.00', '0.00'),
(3584, 95, '', 'JOB SCOPE FOR EACH BLOCK OF CONDOMINIUMS', '3.00', 'BLOCK', 0, 1, '7500.00', '22500.00', 1, '0.00', '0.00', '22500.00', '0.00', '0.00', '22500.00'),
(3585, 95, '1.', 'DESLUDGING SERVICES', '0.00', '', 0, 2, '0.00', '0.00', 1, '0.00', '0.00', '0.00', '0.00', '0.00', '0.00'),
(3586, 95, '', 'TO USE DESLUDGING TANKER TO VACUUM AND PUMP OUT ALL GREASE, SLUDGE, WASTE WATER FROM GREASE TRAP TANK.\r\nTOTAL 10 UNITS PER BLOCK\r\nTOTAL IS 30 UNITS OF GREASE TRAP TANK', '0.00', '', 0, 3, '0.00', '0.00', 1, '0.00', '0.00', '0.00', '0.00', '0.00', '0.00'),
(3587, 95, '', 'PRICE IS INCLUSIVE OF TRANSPORT AND DISPOSAL RATES AT GREASE WASTE AUTHORISED SITE.', '0.00', '', 0, 4, '0.00', '0.00', 1, '0.00', '0.00', '0.00', '0.00', '0.00', '0.00'),
(3588, 95, '2.', 'JETTING SERVICES', '0.00', '', 0, 5, '0.00', '0.00', 1, '0.00', '0.00', '0.00', '0.00', '0.00', '0.00'),
(3589, 95, '', 'TO USE JETTER TRUCK MACHINE TO CLEAR BLOCKAGES AND SERVICE PIPELINE CHAMBERS.\r\nJETTING METHOD USES VERY HIGH PRESSURE WATER JET TO CLEAR ALL TYPE OF BLOCKAGES WITHIN THE PIPELINES AND CHAMBERS.', '0.00', '', 0, 6, '0.00', '0.00', 1, '0.00', '0.00', '0.00', '0.00', '0.00', '0.00'),
(3590, 95, '', 'TO USE TOOLS TO OPEN ALL THE MANHOLE COVERS TO DO THE JETTING.\r\n\r\nTOTAL 25 UNITS PER BLOCK\r\nTOTAL IS 75 UNITS OF PIPELINE CHAMBERS', '0.00', '', 0, 7, '0.00', '0.00', 1, '0.00', '0.00', '0.00', '0.00', '0.00', '0.00'),
(3591, 95, '', 'TO CLOSE ALL THE CHAMBER MANHOLE COVERS AND CLEAN WORKSITE AREA.', '0.00', '', 0, 8, '0.00', '0.00', 1, '0.00', '0.00', '0.00', '0.00', '0.00', '0.00'),
(3592, 95, '3.', 'SAFETY PROCEDURES', '0.00', '', 0, 9, '0.00', '0.00', 1, '0.00', '0.00', '0.00', '0.00', '0.00', '0.00'),
(3593, 95, '', 'TO FOLLOW ALL SAFETY PROCEDURES AT WORKSITE\r\n- SAFETY CONES AND SIGNS AT ALL WORK AREAS\r\n- SAFETY CLOTHING AND EQUIPMENT FOR ALL STAFF', '0.00', '', 0, 10, '0.00', '0.00', 1, '0.00', '0.00', '0.00', '0.00', '0.00', '0.00'),
(3594, 95, '', '', '0.00', '', 0, 11, '0.00', '0.00', 1, '0.00', '0.00', '0.00', '0.00', '0.00', '0.00'),
(3595, 95, '', '', '0.00', '', 0, 12, '0.00', '0.00', 1, '0.00', '0.00', '0.00', '0.00', '0.00', '0.00'),
(3596, 95, '', '', '0.00', '', 0, 13, '0.00', '0.00', 1, '0.00', '0.00', '0.00', '0.00', '0.00', '0.00'),
(3597, 96, '1.', 'BEZA CAR MALAYSIA MADE', '0.00', 'PCS', 0, 1, '3500.90', '3500.90', 1, '0.00', '0.00', '3500.90', '0.00', '0.00', '3500.90'),
(3598, 96, '2.', 'JETTING WORKS AND CLEAR BLOCKAGES WITH RODDER MACHINE', '0.00', 'unit', 0, 2, '800.00', '800.00', 1, '0.00', '0.00', '800.00', '0.00', '0.00', '800.00'),
(3599, 96, '3.', 'OPEN HEAVY DUTY MANHOLE COVERS SING SPECIAL TOOLS', '0.00', 'UNITS', 0, 3, '325.45', '325.45', 1, '0.00', '0.00', '325.45', '0.00', '0.00', '325.45'),
(3600, 96, '4.', 'CALENDAR FOR YEAR 2023 INCLUDING STICKERS MICKEY MOUSE', '0.00', 'PCS', 0, 4, '50.95', '50.95', 1, '0.00', '0.00', '50.95', '0.00', '0.00', '50.95'),
(3601, 96, '5.', 'TO USE TOOLS AND MANUALLY ENTER THE  DRAIN TO REMOVE ALL SAND, STONES, DEBRIS ETC FROM THE SIDES AND BOTTOM OF DRAINAGE.', '0.00', 'LOT', 0, 5, '3700.00', '3700.00', 1, '0.00', '0.00', '3700.00', '0.00', '0.00', '3700.00'),
(3602, 96, '6.', 'APPLE CIDER', '0.00', 'units', 0, 6, '111.00', '111.00', 1, '0.00', '0.00', '111.00', '0.00', '0.00', '111.00'),
(3603, 96, '7.', 'REMOVE WINDSCREEN AND TINTING WORKS DONE FOR THE WHOLE CAR', '0.00', 'UNITS', 0, 7, '0.00', '0.00', 1, '0.00', '0.00', '0.00', '0.00', '0.00', '0.00'),
(3604, 96, '8.', 'OPEN HEAVY DUTY MANHOLE COVERS SING SPECIAL TOOLS', '0.00', 'UNITS', 0, 8, '325.45', '325.45', 1, '0.00', '0.00', '325.45', '0.00', '0.00', '325.45'),
(3605, 96, '9.', 'TO USE TOOLS AND MANUALLY ENTER THE  DRAIN TO REMOVE ALL SAND, STONES, DEBRIS ETC FROM THE SIDES AND BOTTOM OF DRAINAGE.', '0.00', 'LOT', 0, 9, '3700.00', '3700.00', 1, '0.00', '0.00', '3700.00', '0.00', '0.00', '3700.00'),
(3606, 96, '10.', 'CALENDAR FOR YEAR 2023 INCLUDING STICKERS MICKEY MOUSE', '0.00', 'PCS', 0, 10, '50.95', '50.95', 1, '0.00', '0.00', '50.95', '0.00', '0.00', '50.95'),
(3607, 97, '', 'CALENDAR FOR YEAR 2023 INCLUDING STICKERS MICKEY MOUSE', '3.00', 'PCS', 0, 1, '50.95', '152.85', 6, '1.50', '2.18', '147.39', '5.00', '7.64', '145.21'),
(3608, 97, '', 'CAR POLISH 2.5 LITRES', '4.00', 'BOTTLE', 0, 2, '19.00', '76.00', 1, '0.00', '0.00', '76.00', '0.00', '0.00', '76.00'),
(3609, 97, '', 'TO USE TOOLS AND MANUALLY ENTER THE  DRAIN TO REMOVE ALL SAND, STONES, DEBRIS ETC FROM THE SIDES AND BOTTOM OF DRAINAGE.', '5.00', 'LOT', 0, 3, '3700.00', '18500.00', 6, '1.50', '260.85', '17650.85', '6.00', '1110.00', '17390.00'),
(3610, 97, '', 'DESLUDGING TANKER 3 CUBIC METERS', '2.00', 'TRIP', 0, 4, '900.00', '1800.00', 1, '0.00', '0.00', '1800.00', '0.00', '0.00', '1800.00'),
(3611, 97, '', 'PREPARE HOUSE TENANCY AGREEMENT FOR CUSTOMER FOR THE YEAR 2023 AND 2024', '1.00', 'LOT', 0, 5, '900.00', '900.00', 1, '0.00', '0.00', '900.00', '0.00', '0.00', '900.00'),
(3612, 98, '', 'CALENDAR FOR YEAR 2023 INCLUDING STICKERS MICKEY MOUSE', '2.00', 'PCS', 0, 1, '50.95', '101.90', 1, '0.00', '0.00', '101.90', '0.00', '0.00', '101.90'),
(3613, 98, '', 'JETTING WORKS AND CLEAR BLOCKAGES WITH RODDER MACHINE', '5.00', 'unit', 0, 2, '800.00', '4000.00', 6, '1.50', '60.00', '4060.00', '0.00', '0.00', '4000.00'),
(3614, 98, '', 'MANUAL RODDING WORK USING ROD AND WIRE LINE', '0.00', 'unit', 0, 3, '450.00', '450.00', 1, '0.00', '0.00', '450.00', '0.00', '0.00', '450.00'),
(3615, 98, '', 'TO USE TOOLS AND MANUALLY ENTER THE  DRAIN TO REMOVE ALL SAND, STONES, DEBRIS ETC FROM THE SIDES AND BOTTOM OF DRAINAGE.', '5.00', 'LOT', 0, 4, '78.00', '390.00', 1, '0.00', '0.00', '390.00', '0.00', '0.00', '390.00'),
(3616, 98, '', 'FRANCE PERFUME ( LAVENDAR SMELL)', '0.00', '', 0, 5, '98.00', '98.00', 1, '0.00', '0.00', '98.00', '0.00', '0.00', '98.00'),
(3617, 98, '', '', '0.00', '', 0, 6, '0.00', '0.00', 1, '0.00', '0.00', '0.00', '0.00', '0.00', '0.00'),
(3618, 98, '', '', '0.00', '', 0, 7, '0.00', '0.00', 1, '0.00', '0.00', '0.00', '0.00', '0.00', '0.00'),
(3619, 98, '', '', '0.00', '', 0, 8, '0.00', '0.00', 1, '0.00', '0.00', '0.00', '0.00', '0.00', '0.00'),
(3620, 98, '', '', '0.00', '', 0, 9, '0.00', '0.00', 1, '0.00', '0.00', '0.00', '0.00', '0.00', '0.00'),
(3621, 99, '', 'CALENDAR FOR YEAR 2023 INCLUDING STICKERS MICKEY MOUSE', '2.00', 'PCS', 0, 1, '50.95', '101.90', 1, '0.00', '0.00', '101.90', '0.00', '0.00', '101.90'),
(3622, 99, '', 'JETTING WORKS AND CLEAR BLOCKAGES WITH RODDER MACHINE', '5.00', 'unit', 0, 2, '800.00', '4000.00', 6, '1.50', '60.00', '4060.00', '0.00', '0.00', '4000.00'),
(3623, 99, '', 'MANUAL RODDING WORK USING ROD AND WIRE LINE', '0.00', 'unit', 0, 3, '450.00', '450.00', 1, '0.00', '0.00', '450.00', '0.00', '0.00', '450.00'),
(3624, 99, '', 'TO USE TOOLS AND MANUALLY ENTER THE  DRAIN TO REMOVE ALL SAND, STONES, DEBRIS ETC FROM THE SIDES AND BOTTOM OF DRAINAGE.', '5.00', 'LOT', 0, 4, '78.00', '390.00', 1, '0.00', '0.00', '390.00', '0.00', '0.00', '390.00'),
(3625, 99, '', 'FRANCE PERFUME ( LAVENDAR SMELL)', '0.00', '', 0, 5, '98.00', '98.00', 1, '0.00', '0.00', '98.00', '0.00', '0.00', '98.00'),
(3626, 99, '', '', '0.00', '', 0, 6, '0.00', '0.00', 1, '0.00', '0.00', '0.00', '0.00', '0.00', '0.00'),
(3627, 99, '', '', '0.00', '', 0, 7, '0.00', '0.00', 1, '0.00', '0.00', '0.00', '0.00', '0.00', '0.00'),
(3628, 99, '', '', '0.00', '', 0, 8, '0.00', '0.00', 1, '0.00', '0.00', '0.00', '0.00', '0.00', '0.00'),
(3629, 99, '', '', '0.00', '', 0, 9, '0.00', '0.00', 1, '0.00', '0.00', '0.00', '0.00', '0.00', '0.00'),
(3638, 100, '1', 'CALENDAR FOR YEAR 2023 INCLUDING STICKERS MICKEY MOUSE', '4.00', 'PCS', 0, 1, '50.95', '203.80', 1, '0.00', '0.00', '203.80', '0.00', '0.00', '203.80'),
(3639, 100, '2', 'COMPUTER DELL XPS 15 16GB RAM 512GB SSD INTEL I9 PROCESSOR', '6.00', 'PCS', 0, 2, '0.00', '0.00', 1, '0.00', '0.00', '0.00', '0.00', '0.00', '0.00'),
(3640, 100, '', 'LABOUR TO REPLACE PARTS & SERVICE', '0.00', 'bundles', 0, 3, '56.00', '56.00', 1, '0.00', '0.00', '56.00', '0.00', '0.00', '56.00'),
(3641, 100, '', '', '0.00', '', 0, 4, '0.00', '0.00', 1, '0.00', '0.00', '0.00', '0.00', '0.00', '0.00'),
(3642, 100, '3', 'PREPARE HOUSE TENANCY AGREEMENT FOR CUSTOMER FOR THE YEAR 2023 AND 2024', '1.00', 'LOT', 0, 5, '900.00', '900.00', 4, '34.00', '290.70', '1145.70', '5.00', '45.00', '855.00'),
(3643, 100, '4', 'JETTING WORKS AND CLEAR BLOCKAGES WITH RODDER MACHINE', '0.00', 'unit', 0, 6, '800.00', '800.00', 1, '0.00', '0.00', '800.00', '0.00', '0.00', '800.00'),
(3644, 100, '5', 'TO USE TOOLS AND MANUALLY ENTER THE  DRAIN TO REMOVE ALL SAND, STONES, DEBRIS ETC FROM THE SIDES AND BOTTOM OF DRAINAGE.', '0.00', 'LOT', 0, 7, '3700.00', '3700.00', 1, '0.00', '0.00', '3700.00', '0.00', '0.00', '3700.00'),
(3645, 100, '6', 'REMOVE WINDSCREEN AND TINTING WORKS DONE FOR THE WHOLE CAR', '0.00', 'UNITS', 0, 8, '0.00', '0.00', 1, '0.00', '0.00', '0.00', '0.00', '0.00', '0.00'),
(3646, 101, '1', 'APPLE CIDER (KOREAN GINSENG)', '0.00', '', 0, 1, '90.60', '90.60', 1, '0.00', '0.00', '90.60', '0.00', '0.00', '90.60'),
(3647, 101, '2', 'JETTING WORKS AND CLEAR BLOCKAGES WITH RODDER MACHINE', '0.00', 'unit', 0, 2, '800.00', '800.00', 1, '0.00', '0.00', '800.00', '0.00', '0.00', '800.00'),
(3648, 101, '3', 'PREPARE HOUSE TENANCY AGREEMENT FOR CUSTOMER FOR THE YEAR 2023 AND 2024', '0.00', 'LOT', 0, 3, '900.00', '900.00', 1, '0.00', '0.00', '900.00', '0.00', '0.00', '900.00'),
(3649, 101, '4', 'TO USE TOOLS AND MANUALLY ENTER THE  DRAIN TO REMOVE ALL SAND, STONES, DEBRIS ETC FROM THE SIDES AND BOTTOM OF DRAINAGE.', '0.00', 'LOT', 0, 4, '3700.00', '3700.00', 1, '0.00', '0.00', '3700.00', '0.00', '0.00', '3700.00'),
(3650, 101, '5', 'TEAK WOOD IKEA TABLE 5 X 7 FEET', '0.00', 'PCS', 0, 5, '0.00', '0.00', 1, '0.00', '0.00', '0.00', '0.00', '0.00', '0.00'),
(3651, 102, '', 'CALENDAR FOR YEAR 2023 INCLUDING STICKERS MICKEY MOUSE', '2.00', 'PCS', 0, 1, '50.95', '101.90', 6, '1.50', '1.53', '103.43', '0.00', '0.00', '101.90'),
(3652, 102, '', 'JETTING WORKS AND CLEAR BLOCKAGES WITH RODDER MACHINE', '5.00', 'unit', 0, 2, '800.00', '4000.00', 6, '1.50', '46.20', '3126.20', '23.00', '920.00', '3080.00'),
(3653, 102, '', 'MANUAL RODDING WORK USING ROD AND WIRE LINE', '0.00', 'unit', 0, 3, '450.00', '450.00', 6, '1.50', '6.75', '456.75', '0.00', '0.00', '450.00'),
(3654, 102, '', 'TO USE TOOLS AND MANUALLY ENTER THE  DRAIN TO REMOVE ALL SAND, STONES, DEBRIS ETC FROM THE SIDES AND BOTTOM OF DRAINAGE.', '5.00', 'LOT', 0, 4, '78.00', '390.00', 6, '1.50', '5.85', '395.85', '0.00', '0.00', '390.00'),
(3655, 102, '', 'FRANCE PERFUME ( LAVENDAR SMELL)', '0.00', '', 0, 5, '98.00', '98.00', 1, '0.00', '0.00', '98.00', '0.00', '0.00', '98.00'),
(3656, 102, '', '', '0.00', '', 0, 6, '0.00', '0.00', 1, '0.00', '0.00', '0.00', '0.00', '0.00', '0.00'),
(3657, 102, '', '', '0.00', '', 0, 7, '0.00', '0.00', 1, '0.00', '0.00', '0.00', '0.00', '0.00', '0.00'),
(3658, 102, '', '', '0.00', '', 0, 8, '0.00', '0.00', 1, '0.00', '0.00', '0.00', '0.00', '0.00', '0.00'),
(3659, 102, '', '', '0.00', '', 0, 9, '0.00', '0.00', 1, '0.00', '0.00', '0.00', '0.00', '0.00', '0.00'),
(3674, 104, '', 'AIRCOND CLEANING AND SERVICING FOR JAPANESE CARS ONLY', '0.00', '', 0, 1, '145.60', '145.60', 1, '0.00', '0.00', '145.60', '0.00', '0.00', '145.60'),
(3675, 104, '', 'COMPUTER DELL XPS 15 16GB RAM 512GB SSD INTEL I9 PROCESSOR', '0.00', 'PCS', 0, 2, '0.00', '0.00', 1, '0.00', '0.00', '0.00', '0.00', '0.00', '0.00'),
(3676, 104, '', 'TO USE TOOLS AND MANUALLY ENTER THE  DRAIN TO REMOVE ALL SAND, STONES, DEBRIS ETC FROM THE SIDES AND BOTTOM OF DRAINAGE.', '0.00', 'LOT', 0, 3, '3700.00', '3700.00', 1, '0.00', '0.00', '3700.00', '0.00', '0.00', '3700.00'),
(3677, 104, '', '', '0.00', '', 0, 4, '0.00', '0.00', 1, '0.00', '0.00', '0.00', '0.00', '0.00', '0.00'),
(3678, 104, '', '', '0.00', '', 0, 5, '0.00', '0.00', 1, '0.00', '0.00', '0.00', '0.00', '0.00', '0.00'),
(3684, 105, '', 'AIRCOND CLEANING AND SERVICING FOR JAPANESE CARS ONLY', '0.00', '', 0, 1, '145.60', '145.60', 4, '34.00', '49.50', '195.10', '0.00', '0.00', '145.60'),
(3685, 105, '', 'COMPUTER DELL XPS 15 16GB RAM 512GB SSD INTEL I9 PROCESSOR', '0.00', 'PCS', 0, 2, '0.00', '0.00', 1, '0.00', '0.00', '0.00', '0.00', '0.00', '0.00'),
(3686, 105, '', 'TO USE TOOLS AND MANUALLY ENTER THE  DRAIN TO REMOVE ALL SAND, STONES, DEBRIS ETC FROM THE SIDES AND BOTTOM OF DRAINAGE.', '0.00', 'LOT', 0, 3, '3700.00', '3700.00', 1, '0.00', '0.00', '3700.00', '0.00', '0.00', '3700.00'),
(3687, 105, '', '', '0.00', '', 0, 4, '0.00', '0.00', 1, '0.00', '0.00', '0.00', '0.00', '0.00', '0.00'),
(3688, 105, '', '', '0.00', '', 0, 5, '0.00', '0.00', 1, '0.00', '0.00', '0.00', '0.00', '0.00', '0.00'),
(3689, 105, '', '', '0.00', '', 0, 6, '0.00', '0.00', 1, '0.00', '0.00', '0.00', '0.00', '0.00', '0.00'),
(3690, 105, '', 'AIRCOND CLEANING AND SERVICING FOR JAPANESE CARS ONLY', '0.00', '', 0, 7, '145.60', '145.60', 4, '34.00', '49.50', '195.10', '0.00', '0.00', '145.60'),
(3705, 103, '', 'JOB SCOPE FOR EACH BLOCK OF CONDOMINIUMS', '6.00', 'BLOCK', 0, 1, '5800.00', '34800.00', 1, '0.00', '0.00', '34800.00', '0.00', '0.00', '34800.00'),
(3706, 103, '1.', 'DESLUDGING SERVICES', '0.00', '', 0, 2, '0.00', '0.00', 1, '0.00', '0.00', '0.00', '0.00', '0.00', '0.00'),
(3707, 103, '', 'TO USE DESLUDGING TANKER TO VACUUM AND PUMP OUT ALL GREASE, SLUDGE, WASTE WATER FROM GREASE TRAP TANK.\r\nTOTAL 10 UNITS PER BLOCK\r\nTOTAL IS 60 UNITS OF GREASE TRAP TANK', '0.00', '', 0, 3, '0.00', '0.00', 1, '0.00', '0.00', '0.00', '0.00', '0.00', '0.00'),
(3708, 103, '', 'PRICE QUOTED IS INCLUSIVE OF TRANSPORT AND DISPOSAL RATES AT GREASE WASTE AUTHORISED SITE.', '0.00', '', 0, 4, '0.00', '0.00', 1, '0.00', '0.00', '0.00', '0.00', '0.00', '0.00'),
(3709, 103, '2.', 'JETTING SERVICES', '0.00', '', 0, 5, '0.00', '0.00', 1, '0.00', '0.00', '0.00', '0.00', '0.00', '0.00'),
(3710, 103, '', 'TO USE JETTER TRUCK MACHINE TO CLEAR BLOCKAGES AND SERVICE PIPELINE CHAMBERS.\r\nJETTING METHOD USES VERY HIGH PRESSURE WATER JET TO CLEAR ALL TYPE OF BLOCKAGES WITHIN THE PIPELINES AND CHAMBERS.', '0.00', '', 0, 6, '0.00', '0.00', 1, '0.00', '0.00', '0.00', '0.00', '0.00', '0.00'),
(3711, 103, '', 'TO USE TOOLS TO OPEN ALL THE MANHOLE COVERS TO DO THE JETTING.\r\n\r\nTOTAL 25 UNITS PER BLOCK\r\nTOTAL IS 150 UNITS OF PIPELINE CHAMBERS', '0.00', '', 0, 7, '0.00', '0.00', 1, '0.00', '0.00', '0.00', '0.00', '0.00', '0.00'),
(3712, 103, '', 'TO CLOSE ALL THE CHAMBER MANHOLE COVERS AND CLEAN WORKSITE AREA.', '0.00', '', 0, 8, '0.00', '0.00', 1, '0.00', '0.00', '0.00', '0.00', '0.00', '0.00'),
(3713, 103, '3.', 'SAFETY PROCEDURES', '0.00', '', 0, 9, '0.00', '0.00', 1, '0.00', '0.00', '0.00', '0.00', '0.00', '0.00'),
(3714, 103, '', 'TO FOLLOW ALL SAFETY PROCEDURES AT WORKSITE\r\n- SAFETY CONES AND SIGNS AT ALL WORK AREAS\r\n- SAFETY CLOTHING AND EQUIPMENT FOR ALL STAFF', '0.00', '', 0, 10, '0.00', '0.00', 1, '0.00', '0.00', '0.00', '0.00', '0.00', '0.00'),
(3715, 103, '4.', 'WARRANTY PROVIDED FOR WORK DONE', '0.00', '', 0, 11, '0.00', '0.00', 1, '0.00', '0.00', '0.00', '0.00', '0.00', '0.00'),
(3716, 103, '', 'IF AFTER DOING THE MONTHLY SERVICE FOR THE MONTH, IF ANY BLOCKAGES OR OVERFLOW OF GREASE TRAP TANK OCCURS, BERJAYA EARA RESOURCES WILL PROVIDE OUR SERVICES TO SOLVE THIS ISSUE ASAP.', '0.00', '', 0, 12, '455.00', '455.00', 1, '0.00', '0.00', '432.25', '5.00', '22.75', '432.25'),
(3717, 103, '', 'NO PAYMENT WILL BE CHARGED FOR THIS WORK. THIS DOES NOT INCLUDE REPLACEMENT OF ANY PARTS DAMAGED OR MISSING.', '0.00', '', 0, 13, '0.00', '0.00', 1, '0.00', '0.00', '0.00', '0.00', '0.00', '0.00'),
(3718, 103, '', 'THIS WARRANTY PERIOD IS PROVIDED TILL THE NEXT MONTHLY SERVICE DATE.', '0.00', '', 0, 14, '0.00', '0.00', 1, '0.00', '0.00', '0.00', '0.00', '0.00', '0.00'),
(3771, 106, '', 'JOB SCOPE FOR EACH BLOCK OF CONDOMINIUMS', '3.00', 'BLOCK', 0, 1, '7500.00', '22500.00', 1, '0.00', '0.00', '22500.00', '0.00', '0.00', '22500.00'),
(3772, 106, '1.', 'DESLUDGING SERVICES', '0.00', '', 0, 2, '0.00', '0.00', 1, '0.00', '0.00', '0.00', '0.00', '0.00', '0.00'),
(3773, 106, '', 'TO USE DESLUDGING TANKER TO VACUUM AND PUMP OUT ALL GREASE, SLUDGE, WASTE WATER FROM GREASE TRAP TANK.\r\nTOTAL 10 UNITS PER BLOCK\r\nTOTAL IS 30 UNITS OF GREASE TRAP TANK', '0.00', '', 0, 3, '0.00', '0.00', 1, '0.00', '0.00', '0.00', '0.00', '0.00', '0.00'),
(3774, 106, '', 'PRICE IS INCLUSIVE OF TRANSPORT AND DISPOSAL RATES AT GREASE WASTE AUTHORISED SITE.', '0.00', '', 0, 4, '0.00', '0.00', 1, '0.00', '0.00', '0.00', '0.00', '0.00', '0.00'),
(3775, 106, '2.', 'JETTING SERVICES', '0.00', '', 0, 5, '0.00', '0.00', 1, '0.00', '0.00', '0.00', '0.00', '0.00', '0.00'),
(3776, 106, '', 'TO USE JETTER TRUCK MACHINE TO CLEAR BLOCKAGES AND SERVICE PIPELINE CHAMBERS.\r\nJETTING METHOD USES VERY HIGH PRESSURE WATER JET TO CLEAR ALL TYPE OF BLOCKAGES WITHIN THE PIPELINES AND CHAMBERS.', '0.00', '', 0, 6, '0.00', '0.00', 1, '0.00', '0.00', '0.00', '0.00', '0.00', '0.00'),
(3777, 106, '', 'TO USE TOOLS TO OPEN ALL THE MANHOLE COVERS TO DO THE JETTING.\r\n\r\nTOTAL 25 UNITS PER BLOCK\r\nTOTAL IS 75 UNITS OF PIPELINE CHAMBERS', '0.00', '', 0, 7, '0.00', '0.00', 1, '0.00', '0.00', '0.00', '0.00', '0.00', '0.00'),
(3778, 106, '', 'TO CLOSE ALL THE CHAMBER MANHOLE COVERS AND CLEAN WORKSITE AREA.', '0.00', '', 0, 8, '0.00', '0.00', 1, '0.00', '0.00', '0.00', '0.00', '0.00', '0.00'),
(3779, 106, '3.', 'SAFETY PROCEDURES', '0.00', '', 0, 9, '0.00', '0.00', 1, '0.00', '0.00', '0.00', '0.00', '0.00', '0.00'),
(3780, 106, '', 'TO FOLLOW ALL SAFETY PROCEDURES AT WORKSITE\r\n- SAFETY CONES AND SIGNS AT ALL WORK AREAS\r\n- SAFETY CLOTHING AND EQUIPMENT FOR ALL STAFF', '0.00', '', 0, 10, '0.00', '0.00', 1, '0.00', '0.00', '0.00', '0.00', '0.00', '0.00'),
(3781, 106, '', '', '0.00', '', 0, 11, '0.00', '0.00', 1, '0.00', '0.00', '0.00', '0.00', '0.00', '0.00'),
(3782, 106, '', '', '0.00', '', 0, 12, '0.00', '0.00', 1, '0.00', '0.00', '0.00', '0.00', '0.00', '0.00'),
(3783, 106, '', '', '0.00', '', 0, 13, '0.00', '0.00', 1, '0.00', '0.00', '0.00', '0.00', '0.00', '0.00'),
(3784, 107, '', 'AIRCOND CLEANING AND SERVICING FOR JAPANESE CARS ONLY', '0.00', '', 0, 1, '145.60', '145.60', 1, '0.00', '0.00', '145.60', '0.00', '0.00', '145.60'),
(3785, 107, '', 'CABBAGE PRODUCE', '0.00', '', 0, 2, '77.00', '77.00', 1, '0.00', '0.00', '77.00', '0.00', '0.00', '77.00'),
(3786, 107, '', 'APPLE CIDER (KOREAN GINSENG)', '0.00', '', 0, 3, '90.60', '90.60', 1, '0.00', '0.00', '90.60', '0.00', '0.00', '90.60'),
(3787, 107, '', 'COMPUTER DELL XPS 15 16GB RAM 512GB SSD INTEL I9 PROCESSOR', '0.00', 'PCS', 0, 4, '0.00', '0.00', 1, '0.00', '0.00', '0.00', '0.00', '0.00', '0.00'),
(3788, 107, '', 'GRAND TURISMO 2.4', '0.00', 'UNIT', 0, 5, '12000.00', '12000.00', 1, '0.00', '0.00', '12000.00', '0.00', '0.00', '12000.00'),
(3789, 107, '', 'RATTAN CHAIR (japan made)', '0.00', 'PCS', 0, 6, '99.00', '99.00', 1, '0.00', '0.00', '99.00', '0.00', '0.00', '99.00'),
(3790, 107, '', 'PREPARE HOUSE TENANCY AGREEMENT FOR CUSTOMER FOR THE YEAR 2023 AND 2024', '0.00', 'LOT', 0, 7, '900.00', '900.00', 1, '0.00', '0.00', '900.00', '0.00', '0.00', '900.00'),
(3791, 107, '', '', '0.00', '', 0, 8, '0.00', '0.00', 1, '0.00', '0.00', '0.00', '0.00', '0.00', '0.00'),
(3792, 107, '', '', '0.00', '', 0, 9, '0.00', '0.00', 1, '0.00', '0.00', '0.00', '0.00', '0.00', '0.00'),
(3793, 107, '', '', '0.00', '', 0, 10, '0.00', '0.00', 1, '0.00', '0.00', '0.00', '0.00', '0.00', '0.00'),
(3794, 108, '1.', 'AIRCOND CLEANING AND SERVICING FOR JAPANESE CARS ONLY', '2.00', '', 0, 1, '145.60', '291.20', 1, '0.00', '0.00', '291.20', '0.00', '0.00', '291.20'),
(3795, 108, '2.', 'CAR CARBURATOR CHANGE', '2.00', '', 0, 2, '33.00', '66.00', 1, '0.00', '0.00', '66.00', '0.00', '0.00', '66.00'),
(3796, 108, '3.', 'DESLUDGING TANKER 3 CUBIC METERS', '0.00', 'TRIP', 0, 3, '900.00', '900.00', 2, '6.00', '54.00', '954.00', '0.00', '0.00', '900.00'),
(3797, 108, '4.', 'DESLUDGING TANKER 8 CUBIC METERS', '0.00', 'TRIP', 0, 4, '1200.00', '1200.00', 1, '0.00', '0.00', '1200.00', '0.00', '0.00', '1200.00'),
(3798, 108, '5.', 'COMPUTER DELL XPS 15 16GB RAM 512GB SSD INTEL I9 PROCESSOR', '0.00', 'PCS', 0, 5, '0.00', '0.00', 4, '34.00', '0.00', '0.00', '0.00', '0.00', '0.00'),
(3799, 108, '', '', '0.00', '', 0, 6, '0.00', '0.00', 1, '0.00', '0.00', '0.00', '0.00', '0.00', '0.00'),
(3800, 108, '', '', '0.00', '', 0, 7, '0.00', '0.00', 1, '0.00', '0.00', '0.00', '0.00', '0.00', '0.00'),
(3801, 108, '', '', '0.00', '', 0, 8, '0.00', '0.00', 1, '0.00', '0.00', '0.00', '0.00', '0.00', '0.00'),
(3802, 108, '', '', '0.00', '', 0, 9, '0.00', '0.00', 1, '0.00', '0.00', '0.00', '0.00', '0.00', '0.00'),
(3803, 108, '', '', '0.00', '', 0, 10, '0.00', '0.00', 1, '0.00', '0.00', '0.00', '0.00', '0.00', '0.00');

-- --------------------------------------------------------

--
-- Table structure for table `tbpayment`
--

DROP TABLE IF EXISTS `tbpayment`;
CREATE TABLE IF NOT EXISTS `tbpayment` (
  `payment_id` int(11) NOT NULL AUTO_INCREMENT,
  `payment_no` varchar(30) NOT NULL,
  `payment_date` date NOT NULL,
  `payment_paymentMethodID` int(11) NOT NULL DEFAULT '0',
  `payment_chequeInfo` varchar(100) NOT NULL,
  `payment_amount` decimal(10,2) NOT NULL DEFAULT '0.00',
  `payment_userID` int(11) NOT NULL,
  `payment_remark` varchar(100) NOT NULL,
  `payment_status` int(1) NOT NULL DEFAULT '1' COMMENT '1=paid, 0=cancel, 2=post date',
  `payment_cancelDate` date DEFAULT NULL,
  `payment_cancelReason` varchar(150) NOT NULL,
  `payment_cancelUserID` int(11) NOT NULL,
  `payment_customerID` int(11) NOT NULL,
  PRIMARY KEY (`payment_id`)
) ENGINE=InnoDB AUTO_INCREMENT=47 DEFAULT CHARSET=latin1;

--
-- Dumping data for table `tbpayment`
--

INSERT INTO `tbpayment` (`payment_id`, `payment_no`, `payment_date`, `payment_paymentMethodID`, `payment_chequeInfo`, `payment_amount`, `payment_userID`, `payment_remark`, `payment_status`, `payment_cancelDate`, `payment_cancelReason`, `payment_cancelUserID`, `payment_customerID`) VALUES
(13, 'RPT/2023/001', '2023-07-08', 1, '', '1000.00', 4, '', 1, NULL, '', 0, 94),
(14, 'RPT/2023/002', '2023-07-12', 1, '', '888.00', 4, '', 1, NULL, '', 0, 94),
(15, 'RPT/2023/003', '2023-07-17', 1, '', '350.00', 4, '', 1, NULL, '', 0, 76),
(16, 'RPT/2023/005', '2023-08-25', 2, '', '48250.17', 4, 'DHDH', 1, NULL, '', 0, 94),
(17, 'RPT/2023/006', '2023-09-05', 1, '', '33.00', 4, '', 1, NULL, '', 0, 234),
(18, 'RPT/2023/007', '2023-09-18', 3, 'bank tansfer 094358', '550.00', 4, '', 1, NULL, '', 0, 132),
(19, 'RPT/2023/008', '2023-09-18', 1, '', '50.65', 4, '', 1, NULL, '', 0, 94),
(20, 'RPT/2023/009', '2023-09-20', 3, 'ID 3232093323', '1500.00', 4, '', 1, NULL, '', 0, 94),
(21, 'RPT/2023/010', '2023-09-20', 1, 'PAY BY MOBILE', '12009.85', 4, 'CUSTOMER PAY COMPLETE', 1, NULL, '', 0, 94),
(22, 'RPT/2023/011', '2023-09-21', 1, '', '28946.90', 4, '', 1, NULL, '', 0, 18),
(23, 'RPT/2023/015', '2023-09-21', 3, '3e3e', '32533.64', 4, '', 1, NULL, '', 0, 132),
(24, 'RPT/2023/016', '2023-10-01', 2, 'PUBLIC BANK CHEQUE NO 980042', '70.00', 4, '', 1, NULL, '', 0, 243),
(25, 'RPT/2023/017', '2023-10-02', 3, '', '7713.00', 4, '', 1, NULL, '', 0, 243),
(26, 'RPT/2023/018', '2023-10-04', 1, '', '650.00', 4, '', 1, NULL, '', 0, 36),
(27, 'RPT/2023/019', '2023-10-04', 1, '', '350.00', 4, '', 1, NULL, '', 0, 36),
(28, 'RPT/2023/020', '2023-10-04', 3, 'trasfer to maybank', '888.00', 4, '', 1, NULL, '', 0, 88),
(29, 'RPT/2023/021', '2023-10-04', 1, '', '555.00', 4, '', 1, NULL, '', 0, 34),
(30, 'RPT/2023/022', '2023-10-04', 1, '', '111.00', 4, '', 1, NULL, '', 0, 34),
(31, 'RPT/2023/023', '2023-10-05', 1, '', '3232.00', 4, '', 1, NULL, '', 0, 76),
(32, 'RPT/2023/024', '2023-10-08', 1, '', '100.00', 4, '', 1, NULL, '', 0, 40),
(33, 'RPT/2023/025', '2023-10-09', 6, '', '100.00', 4, '', 1, NULL, '', 0, 40),
(34, 'RPT/2023/028', '2023-10-10', 1, '', '906.00', 4, '', 1, NULL, '', 0, 94),
(35, 'RPT/2023/029', '2023-10-11', 1, '', '6094.00', 4, '', 1, NULL, '', 0, 94),
(36, 'RPT/2023/030', '2023-10-11', 1, '', '150.00', 4, '', 1, NULL, '', 0, 174),
(37, 'RPT/2023/031', '2023-10-16', 3, 'MAYBANK 2U TO CIMB', '6600.00', 4, 'Reference ID 206943229M DuitNow Transfer', 1, NULL, '', 0, 245),
(38, 'RPT/2023/032', '2024-03-25', 3, 'bank transfer from CIMB', '2600.00', 4, '', 1, NULL, '', 0, 18),
(39, 'RPT/2023/033', '2024-05-16', 1, '', '12381.15', 4, '', 1, NULL, '', 0, 248),
(40, 'RPT/2023/034', '2024-06-04', 1, '', '372.90', 4, '', 1, NULL, '', 0, 132),
(41, 'RPT/2023/035', '2024-06-09', 1, '', '600.00', 4, '', 1, NULL, '', 0, 251),
(42, 'RPT/2023/036', '2024-06-10', 1, '', '635.00', 4, '', 1, NULL, '', 0, 174),
(43, 'RPT/2023/037', '2024-06-10', 3, 'duit now', '800.00', 4, '', 1, NULL, '', 0, 74),
(44, 'RPT/2023/038', '2024-06-10', 1, '', '200.00', 4, '', 1, NULL, '', 0, 250),
(45, 'RPT/2023/039', '2024-06-10', 1, '', '100.00', 4, '', 1, NULL, '', 0, 24),
(46, 'RPT/2023/040', '2024-06-26', 3, 'duit now', '3312.86', 4, '', 1, NULL, '', 0, 132);

-- --------------------------------------------------------

--
-- Table structure for table `tbpaymentdetail`
--

DROP TABLE IF EXISTS `tbpaymentdetail`;
CREATE TABLE IF NOT EXISTS `tbpaymentdetail` (
  `paymentDetail_id` int(11) NOT NULL AUTO_INCREMENT,
  `paymentDetail_paymentID` int(11) NOT NULL,
  `paymentDetail_invoiceID` int(11) NOT NULL,
  `paymentDetail_amount` decimal(10,2) NOT NULL,
  PRIMARY KEY (`paymentDetail_id`)
) ENGINE=InnoDB AUTO_INCREMENT=92 DEFAULT CHARSET=latin1;

--
-- Dumping data for table `tbpaymentdetail`
--

INSERT INTO `tbpaymentdetail` (`paymentDetail_id`, `paymentDetail_paymentID`, `paymentDetail_invoiceID`, `paymentDetail_amount`) VALUES
(27, 13, 1, '500.00'),
(28, 13, 2, '500.00'),
(29, 14, 5, '888.00'),
(30, 15, 8, '350.00'),
(31, 16, 1, '500.00'),
(32, 16, 2, '722.80'),
(33, 16, 4, '6000.00'),
(34, 16, 5, '6142.50'),
(35, 16, 6, '4482.88'),
(36, 16, 11, '3325.95'),
(37, 16, 15, '16902.00'),
(38, 16, 17, '4718.09'),
(39, 16, 32, '5455.95'),
(40, 17, 37, '33.00'),
(41, 18, 50, '550.00'),
(42, 19, 51, '50.65'),
(43, 20, 55, '1500.00'),
(44, 21, 33, '3900.95'),
(45, 21, 42, '999.00'),
(46, 21, 51, '4326.90'),
(47, 21, 55, '2783.00'),
(48, 22, 12, '6295.95'),
(49, 22, 16, '21552.95'),
(50, 22, 52, '1098.00'),
(51, 23, 13, '6545.35'),
(52, 23, 30, '14793.85'),
(53, 23, 41, '888.00'),
(54, 23, 45, '666.00'),
(55, 23, 50, '404.10'),
(56, 23, 57, '9236.34'),
(57, 24, 66, '35.00'),
(58, 24, 67, '35.00'),
(59, 25, 66, '4248.00'),
(60, 25, 67, '3465.00'),
(61, 26, 70, '650.00'),
(62, 27, 70, '350.00'),
(63, 28, 71, '888.00'),
(64, 29, 72, '555.00'),
(65, 30, 72, '111.00'),
(66, 31, 46, '3232.00'),
(67, 32, 75, '100.00'),
(68, 33, 75, '100.00'),
(69, 34, 78, '906.00'),
(70, 35, 78, '6094.00'),
(71, 36, 79, '150.00'),
(72, 37, 80, '6600.00'),
(73, 38, 3, '7000.00'),
(74, 38, 14, '7177.65'),
(75, 38, 87, '11000.00'),
(76, 39, 88, '12381.15'),
(77, 40, 64, '700.00'),
(78, 40, 63, '4550.95'),
(79, 40, 84, '8931.40'),
(80, 40, 95, '22500.00'),
(81, 40, 98, '5099.90'),
(82, 41, 99, '5099.90'),
(83, 42, 9, '5293.45'),
(84, 42, 79, '1000.00'),
(85, 42, 89, '18186.29'),
(86, 42, 101, '5490.60'),
(87, 43, 100, '5905.50'),
(88, 44, 94, '22500.00'),
(89, 44, 103, '34800.00'),
(90, 45, 104, '3845.60'),
(91, 46, 102, '4180.23');

-- --------------------------------------------------------

--
-- Table structure for table `tbpaymentmethod`
--

DROP TABLE IF EXISTS `tbpaymentmethod`;
CREATE TABLE IF NOT EXISTS `tbpaymentmethod` (
  `paymentMethod_id` int(11) NOT NULL AUTO_INCREMENT,
  `paymentMethod_name` varchar(50) NOT NULL,
  PRIMARY KEY (`paymentMethod_id`)
) ENGINE=InnoDB AUTO_INCREMENT=7 DEFAULT CHARSET=latin1;

--
-- Dumping data for table `tbpaymentmethod`
--

INSERT INTO `tbpaymentmethod` (`paymentMethod_id`, `paymentMethod_name`) VALUES
(1, 'CASH'),
(2, 'CHEQUE'),
(3, 'BANK TRANSFER'),
(4, 'DEBIT CARD'),
(5, 'CREDIT CARD'),
(6, 'MOBILE PAYMENTS');

-- --------------------------------------------------------

--
-- Table structure for table `tbpaymentvoucher`
--

DROP TABLE IF EXISTS `tbpaymentvoucher`;
CREATE TABLE IF NOT EXISTS `tbpaymentvoucher` (
  `paymentVoucher_id` int(11) NOT NULL AUTO_INCREMENT,
  `paymentVoucher_no` varchar(30) NOT NULL,
  `paymentVoucher_date` date NOT NULL,
  `paymentVoucher_paymentMethodID` int(11) NOT NULL DEFAULT '0',
  `paymentVoucher_chequeInfo` varchar(100) NOT NULL,
  `paymentVoucher_grandTotalRound` decimal(10,2) NOT NULL DEFAULT '0.00',
  `paymentVoucher_userID` int(11) NOT NULL,
  `paymentVoucher_remark` text NOT NULL,
  `paymentVoucher_status` int(1) NOT NULL DEFAULT '1' COMMENT '1=paid, 0=cancel, 2=post date',
  `paymentVoucher_cancelDate` date DEFAULT NULL,
  `paymentVoucher_cancelReason` varchar(150) NOT NULL,
  `paymentVoucher_cancelUserID` int(11) NOT NULL,
  `paymentVoucher_customerID` int(11) NOT NULL,
  `paymentVoucher_type` varchar(1) NOT NULL DEFAULT 's' COMMENT 's=separate, p=purchase bill',
  `paymentVoucher_invoiceNo` varchar(80) NOT NULL,
  `paymentVoucher_subTotal` decimal(10,2) NOT NULL DEFAULT '0.00',
  `paymentVoucher_taxTotal` decimal(10,2) NOT NULL DEFAULT '0.00',
  `paymentVoucher_grandTotal` decimal(10,2) NOT NULL DEFAULT '0.00',
  `paymentVoucher_discountTotal` decimal(10,2) NOT NULL DEFAULT '0.00',
  `paymentVoucher_totalAfterDiscount` decimal(10,2) NOT NULL DEFAULT '0.00',
  `paymentVoucher_roundAmount` decimal(10,2) NOT NULL DEFAULT '0.00',
  `paymentVoucher_roundStatus` int(1) NOT NULL DEFAULT '0',
  `paymentVoucher_terms` text NOT NULL,
  `paymentVoucher_attention` varchar(100) NOT NULL,
  `paymentVoucher_email` varchar(100) NOT NULL,
  PRIMARY KEY (`paymentVoucher_id`)
) ENGINE=InnoDB AUTO_INCREMENT=22 DEFAULT CHARSET=latin1;

--
-- Dumping data for table `tbpaymentvoucher`
--

INSERT INTO `tbpaymentvoucher` (`paymentVoucher_id`, `paymentVoucher_no`, `paymentVoucher_date`, `paymentVoucher_paymentMethodID`, `paymentVoucher_chequeInfo`, `paymentVoucher_grandTotalRound`, `paymentVoucher_userID`, `paymentVoucher_remark`, `paymentVoucher_status`, `paymentVoucher_cancelDate`, `paymentVoucher_cancelReason`, `paymentVoucher_cancelUserID`, `paymentVoucher_customerID`, `paymentVoucher_type`, `paymentVoucher_invoiceNo`, `paymentVoucher_subTotal`, `paymentVoucher_taxTotal`, `paymentVoucher_grandTotal`, `paymentVoucher_discountTotal`, `paymentVoucher_totalAfterDiscount`, `paymentVoucher_roundAmount`, `paymentVoucher_roundStatus`, `paymentVoucher_terms`, `paymentVoucher_attention`, `paymentVoucher_email`) VALUES
(1, 'PV/2023/001', '2023-08-03', 2, 'public bank 657744', '70.00', 4, '', 1, NULL, '', 0, 18, 'p', '', '0.00', '0.00', '0.00', '0.00', '0.00', '0.00', 0, '', '', ''),
(2, 'PV/2023/002', '2023-09-20', 1, '', '8155.00', 4, '', 1, NULL, '', 0, 202, 'p', '', '0.00', '0.00', '0.00', '0.00', '0.00', '0.00', 0, '', '', ''),
(3, 'PV/2023/003', '2023-10-04', 3, 'pay electir bill', '600.00', 4, '', 1, NULL, '', 0, 118, 'p', '', '0.00', '0.00', '0.00', '0.00', '0.00', '0.00', 0, '', '', ''),
(4, 'PV/2023/004', '2023-10-06', 3, 'pay for electric bill', '933.00', 4, '', 1, NULL, '', 0, 208, 'p', '', '0.00', '0.00', '0.00', '0.00', '0.00', '0.00', 0, '', '', ''),
(5, 'PV/2023/005', '2023-10-06', 1, '', '1300.00', 4, '', 0, NULL, '', 0, 208, 'p', '', '0.00', '0.00', '0.00', '0.00', '0.00', '0.00', 0, '', '', ''),
(6, 'PV/2023/007', '2023-10-10', 3, 'WETT', '2200.00', 4, '', 1, NULL, '', 0, 208, 'p', '', '0.00', '0.00', '0.00', '0.00', '0.00', '0.00', 0, '', '', ''),
(7, 'PV/2023/008', '2024-03-15', 1, '', '1000.07', 4, '', 1, NULL, '', 0, 94, 'p', '', '0.00', '0.00', '0.00', '0.00', '0.00', '0.00', 0, '', '', ''),
(8, 'PV/2023/009', '2024-03-15', 3, '', '1200.00', 4, '', 1, NULL, '', 0, 241, 'p', '', '0.00', '0.00', '0.00', '0.00', '0.00', '0.00', 0, '', '', ''),
(9, 'PV/2024/010', '2024-03-16', 3, '', '1000.00', 4, '', 1, NULL, '', 0, 24, 'p', '', '0.00', '0.00', '0.00', '0.00', '0.00', '0.00', 0, '', '', ''),
(10, 'PV/2024/011', '2024-06-26', 1, '', '210.00', 4, '', 1, NULL, '', 0, 193, 'p', '', '0.00', '0.00', '0.00', '0.00', '0.00', '0.00', 0, '', '', ''),
(11, 'PV/2024/012', '2024-06-26', 1, '', '900.00', 4, '', 0, NULL, '', 0, 242, 'p', '', '0.00', '0.00', '0.00', '0.00', '0.00', '0.00', 0, '', '', ''),
(12, 'PV/2024/013', '2024-06-27', 3, 'bank transfer', '1000.00', 4, '', 0, NULL, '', 0, 242, 'p', '', '0.00', '0.00', '0.00', '0.00', '0.00', '0.00', 0, '', '', ''),
(13, 'PV/2024/014', '2024-06-27', 6, 'qr code', '1400.00', 4, '', 0, NULL, '', 0, 242, 'p', '', '0.00', '0.00', '0.00', '0.00', '0.00', '0.00', 0, '', '', ''),
(14, 'PV/2024/015', '2024-06-27', 3, 'bank transfer', '1000.00', 4, '', 1, NULL, '', 0, 148, 'p', '', '0.00', '0.00', '0.00', '0.00', '0.00', '0.00', 0, '', '', ''),
(15, 'PV/2024/016', '2024-07-05', 1, '', '1397.50', 4, '', 1, NULL, '', 0, 148, 'p', '', '0.00', '0.00', '0.00', '0.00', '0.00', '0.00', 0, '', '', ''),
(16, 'PV/2024/017', '2024-07-05', 1, '', '1400.00', 4, '', 1, NULL, '', 0, 148, 'p', '', '0.00', '0.00', '0.00', '0.00', '0.00', '0.00', 0, '', '', ''),
(17, 'PV/2024/018', '2024-07-08', 1, '', '5763.85', 4, '', 1, NULL, '', 0, 132, 'p', '', '0.00', '0.00', '0.00', '0.00', '0.00', '0.00', 0, '', '', ''),
(18, 'PV/2024/019', '2024-07-12', 1, '', '1000.00', 4, '', 1, NULL, '', 0, 18, 'p', '', '0.00', '0.00', '0.00', '0.00', '0.00', '0.00', 0, '', '', ''),
(19, 'PV/2024/020', '2024-07-12', 1, '', '1397.50', 4, '', 1, NULL, '', 0, 82, 'p', '', '0.00', '0.00', '0.00', '0.00', '0.00', '0.00', 0, '', '', ''),
(20, 'PV/2024/025', '2024-07-16', 1, '', '27752.30', 4, '', 1, NULL, '', 0, 242, 'p', '', '0.00', '0.00', '0.00', '0.00', '0.00', '0.00', 0, '', '', ''),
(21, 'PV/2024/026', '2024-07-16', 3, 'duit now 399045', '6450.00', 4, '', 1, NULL, '', 0, 66, 'p', '', '0.00', '0.00', '0.00', '0.00', '0.00', '0.00', 0, '', '', '');

-- --------------------------------------------------------

--
-- Table structure for table `tbpaymentvoucherdetail`
--

DROP TABLE IF EXISTS `tbpaymentvoucherdetail`;
CREATE TABLE IF NOT EXISTS `tbpaymentvoucherdetail` (
  `paymentVoucherDetail_id` int(11) NOT NULL AUTO_INCREMENT,
  `paymentVoucherDetail_paymentVoucherID` int(11) NOT NULL,
  `paymentVoucherDetail_purchaseBillID` int(11) NOT NULL DEFAULT '0',
  `paymentVoucherDetail_amount` decimal(10,2) NOT NULL DEFAULT '0.00',
  `paymentVoucherDetail_no1` varchar(200) NOT NULL,
  `paymentVoucherDetail_no2` varchar(200) NOT NULL,
  `paymentVoucherDetail_no3` decimal(10,2) NOT NULL DEFAULT '0.00',
  `paymentVoucherDetail_no4` varchar(200) NOT NULL,
  `paymentVoucherDetail_bold` int(11) NOT NULL DEFAULT '0',
  `paymentVoucherDetail_sortID` int(2) DEFAULT '0',
  `paymentVoucherDetail_no5` decimal(10,2) NOT NULL DEFAULT '0.00',
  `paymentVoucherDetail_rowTotal` decimal(10,2) NOT NULL DEFAULT '0.00',
  `paymentVoucherDetail_taxRateID` int(10) NOT NULL DEFAULT '0',
  `paymentVoucherDetail_taxPercent` decimal(10,2) NOT NULL DEFAULT '0.00',
  `paymentVoucherDetail_taxTotal` decimal(10,2) NOT NULL DEFAULT '0.00',
  `paymentVoucherDetail_rowGrandTotal` decimal(10,2) NOT NULL DEFAULT '0.00',
  `paymentVoucherDetail_discountPercent` decimal(10,2) NOT NULL DEFAULT '0.00',
  `paymentVoucherDetail_discountAmount` decimal(10,2) NOT NULL DEFAULT '0.00',
  `paymentVoucherDetail_rowTotalAfterDiscount` decimal(10,2) NOT NULL DEFAULT '0.00',
  PRIMARY KEY (`paymentVoucherDetail_id`)
) ENGINE=InnoDB AUTO_INCREMENT=32 DEFAULT CHARSET=latin1;

--
-- Dumping data for table `tbpaymentvoucherdetail`
--

INSERT INTO `tbpaymentvoucherdetail` (`paymentVoucherDetail_id`, `paymentVoucherDetail_paymentVoucherID`, `paymentVoucherDetail_purchaseBillID`, `paymentVoucherDetail_amount`, `paymentVoucherDetail_no1`, `paymentVoucherDetail_no2`, `paymentVoucherDetail_no3`, `paymentVoucherDetail_no4`, `paymentVoucherDetail_bold`, `paymentVoucherDetail_sortID`, `paymentVoucherDetail_no5`, `paymentVoucherDetail_rowTotal`, `paymentVoucherDetail_taxRateID`, `paymentVoucherDetail_taxPercent`, `paymentVoucherDetail_taxTotal`, `paymentVoucherDetail_rowGrandTotal`, `paymentVoucherDetail_discountPercent`, `paymentVoucherDetail_discountAmount`, `paymentVoucherDetail_rowTotalAfterDiscount`) VALUES
(1, 1, 2, '70.00', '', '', '0.00', '', 0, 0, '0.00', '0.00', 0, '0.00', '0.00', '0.00', '0.00', '0.00', '0.00'),
(2, 2, 5, '8155.00', '', '', '0.00', '', 0, 0, '0.00', '0.00', 0, '0.00', '0.00', '0.00', '0.00', '0.00', '0.00'),
(3, 3, 7, '600.00', '', '', '0.00', '', 0, 0, '0.00', '0.00', 0, '0.00', '0.00', '0.00', '0.00', '0.00', '0.00'),
(4, 4, 1, '45.00', '', '', '0.00', '', 0, 0, '0.00', '0.00', 0, '0.00', '0.00', '0.00', '0.00', '0.00', '0.00'),
(5, 4, 4, '888.00', '', '', '0.00', '', 0, 0, '0.00', '0.00', 0, '0.00', '0.00', '0.00', '0.00', '0.00', '0.00'),
(6, 5, 8, '600.00', '', '', '0.00', '', 0, 0, '0.00', '0.00', 0, '0.00', '0.00', '0.00', '0.00', '0.00', '0.00'),
(7, 5, 9, '700.00', '', '', '0.00', '', 0, 0, '0.00', '0.00', 0, '0.00', '0.00', '0.00', '0.00', '0.00', '0.00'),
(8, 6, 8, '600.00', '', '', '0.00', '', 0, 0, '0.00', '0.00', 0, '0.00', '0.00', '0.00', '0.00', '0.00', '0.00'),
(9, 6, 9, '700.00', '', '', '0.00', '', 0, 0, '0.00', '0.00', 0, '0.00', '0.00', '0.00', '0.00', '0.00', '0.00'),
(10, 6, 10, '900.00', '', '', '0.00', '', 0, 0, '0.00', '0.00', 0, '0.00', '0.00', '0.00', '0.00', '0.00', '0.00'),
(11, 7, 11, '1000.07', '', '', '0.00', '', 0, 0, '0.00', '0.00', 0, '0.00', '0.00', '0.00', '0.00', '0.00', '0.00'),
(12, 8, 12, '300.00', '', '', '0.00', '', 0, 0, '0.00', '0.00', 0, '0.00', '0.00', '0.00', '0.00', '0.00', '0.00'),
(13, 8, 13, '400.00', '', '', '0.00', '', 0, 0, '0.00', '0.00', 0, '0.00', '0.00', '0.00', '0.00', '0.00', '0.00'),
(14, 8, 14, '500.00', '', '', '0.00', '', 0, 0, '0.00', '0.00', 0, '0.00', '0.00', '0.00', '0.00', '0.00', '0.00'),
(15, 9, 15, '1000.00', '', '', '0.00', '', 0, 0, '0.00', '0.00', 0, '0.00', '0.00', '0.00', '0.00', '0.00', '0.00'),
(16, 10, 20, '210.00', '', '', '0.00', '', 0, 0, '0.00', '0.00', 0, '0.00', '0.00', '0.00', '0.00', '0.00', '0.00'),
(17, 11, 19, '900.00', '', '', '0.00', '', 0, 0, '0.00', '0.00', 0, '0.00', '0.00', '0.00', '0.00', '0.00', '0.00'),
(18, 12, 21, '1000.00', '', '', '0.00', '', 0, 0, '0.00', '0.00', 0, '0.00', '0.00', '0.00', '0.00', '0.00', '0.00'),
(19, 13, 19, '800.00', '', '', '0.00', '', 0, 0, '0.00', '0.00', 0, '0.00', '0.00', '0.00', '0.00', '0.00', '0.00'),
(20, 13, 21, '600.00', '', '', '0.00', '', 0, 0, '0.00', '0.00', 0, '0.00', '0.00', '0.00', '0.00', '0.00', '0.00'),
(21, 14, 22, '1000.00', '', '', '0.00', '', 0, 0, '0.00', '0.00', 0, '0.00', '0.00', '0.00', '0.00', '0.00', '0.00'),
(22, 15, 26, '1397.50', '', '', '0.00', '', 0, 0, '0.00', '0.00', 0, '0.00', '0.00', '0.00', '0.00', '0.00', '0.00'),
(23, 16, 27, '1000.00', '', '', '0.00', '', 0, 0, '0.00', '0.00', 0, '0.00', '0.00', '0.00', '0.00', '0.00', '0.00'),
(24, 16, 28, '400.00', '', '', '0.00', '', 0, 0, '0.00', '0.00', 0, '0.00', '0.00', '0.00', '0.00', '0.00', '0.00'),
(25, 17, 25, '5763.85', '', '', '0.00', '', 0, 0, '0.00', '0.00', 0, '0.00', '0.00', '0.00', '0.00', '0.00', '0.00'),
(26, 18, 29, '0.00', '', '', '0.00', '', 0, 0, '0.00', '0.00', 0, '0.00', '0.00', '0.00', '0.00', '0.00', '1000.00'),
(27, 19, 30, '0.00', '', '', '0.00', '', 0, 0, '0.00', '0.00', 0, '0.00', '0.00', '0.00', '0.00', '0.00', '1397.50'),
(28, 20, 19, '0.00', '', '', '0.00', '', 0, 0, '0.00', '0.00', 0, '0.00', '0.00', '0.00', '0.00', '0.00', '24354.80'),
(29, 20, 21, '0.00', '', '', '0.00', '', 0, 0, '0.00', '0.00', 0, '0.00', '0.00', '0.00', '0.00', '0.00', '3397.50'),
(30, 21, 32, '0.00', '', '', '0.00', '', 0, 0, '0.00', '0.00', 0, '0.00', '0.00', '0.00', '0.00', '0.00', '6000.00'),
(31, 21, 33, '0.00', '', '', '0.00', '', 0, 0, '0.00', '0.00', 0, '0.00', '0.00', '0.00', '0.00', '0.00', '450.00');

-- --------------------------------------------------------

--
-- Table structure for table `tbproduct`
--

DROP TABLE IF EXISTS `tbproduct`;
CREATE TABLE IF NOT EXISTS `tbproduct` (
  `product_id` int(11) NOT NULL AUTO_INCREMENT,
  `product_code` varchar(30) NOT NULL,
  `product_name` varchar(200) NOT NULL,
  `product_description` varchar(200) NOT NULL,
  `product_type` varchar(1) NOT NULL DEFAULT 'p' COMMENT 'p=product, s=service',
  `product_buyingPrice` decimal(10,2) NOT NULL DEFAULT '0.00',
  `product_sellingPrice` decimal(10,2) NOT NULL DEFAULT '0.00',
  `product_stock` decimal(10,2) NOT NULL DEFAULT '0.00',
  `product_uom` varchar(15) NOT NULL,
  PRIMARY KEY (`product_id`)
) ENGINE=InnoDB AUTO_INCREMENT=104 DEFAULT CHARSET=latin1;

--
-- Dumping data for table `tbproduct`
--

INSERT INTO `tbproduct` (`product_id`, `product_code`, `product_name`, `product_description`, `product_type`, `product_buyingPrice`, `product_sellingPrice`, `product_stock`, `product_uom`) VALUES
(36, '', 'DESLUDGING TANKER 3 CUBIC METERS', '', 's', '450.00', '900.00', '0.00', 'TRIP'),
(37, '', 'JETTING WORKS AND CLEAR BLOCKAGES WITH RODDER MACHINE', '', 's', '700.00', '800.00', '0.00', 'unit'),
(38, '', 'MOTOROLLA HANDPHONE MODEL X-9', '', 'p', '1340.00', '5006.75', '0.00', 'unit'),
(43, '', 'LABOUR TO REPLACE PARTS & SERVICE', '', 's', '45.00', '56.00', '0.00', 'bundles'),
(44, '', 'TOP RADIATOR HOSE ORIGINAL', '', 'p', '345.00', '450.00', '0.00', ''),
(45, '', 'NOKIA CHARGER TYPE CARBON 4598BK', '', 'p', '50.00', '59.00', '0.00', 'UNIT'),
(48, '', 'TO USE TOOLS AND MANUALLY ENTER THE  DRAIN TO REMOVE ALL SAND, STONES, DEBRIS ETC FROM THE SIDES AND BOTTOM OF DRAINAGE.', '', 's', '3400.00', '3700.00', '0.00', 'LOT'),
(55, '', 'REMOVE WINDSCREEN AND TINTING WORKS DONE FOR THE WHOLE CAR', '', 's', '0.00', '0.00', '0.00', 'UNITS'),
(56, '', 'COMPUTER DELL XPS 15 16GB RAM 512GB SSD INTEL I9 PROCESSOR', '', 'p', '0.00', '0.00', '0.00', 'PCS'),
(57, '', 'PREPARE HOUSE TENANCY AGREEMENT FOR CUSTOMER FOR THE YEAR 2023 AND 2024', '', 's', '800.00', '900.00', '0.00', 'LOT'),
(58, '', 'CAR DENT KNOCKING AND PAINTING', '', 's', '0.00', '0.00', '0.00', 'LOT'),
(59, '', 'TEAK WOOD IKEA TABLE 5 X 7 FEET', '', 's', '0.00', '0.00', '0.00', 'PCS'),
(61, '', 'KUFAAN CHEESE PASTRY', '', 'p', '15.00', '30.00', '0.00', 'PCS'),
(62, '', 'COLGATE MEDIUM PACKET', '', 'p', '33.00', '55.00', '0.00', 'bottle'),
(69, '', 'CHANGE CAR TYRES', '', 's', '55.00', '66.00', '0.00', 'PERSON'),
(70, '', 'COMPUTER HP 16GB RAM 256 GB RAM JAPAN MADE', '', 'p', '500.00', '100.00', '0.00', 'PC'),
(71, '', 'MILO TIN BIG ( MADE IN HOLLAND)', '', 'p', '55.00', '66.00', '0.00', 'TIN'),
(73, '', 'RATTAN CHAIR (japan made)', '', 's', '55.00', '99.00', '0.00', 'PCS'),
(74, '', 'STEEL CHAIR', '', 'p', '33.00', '209.50', '0.00', 'UNIT'),
(75, '', 'PLASTIC CHAIR', '', 's', '32.50', '421.00', '0.00', 'CRATE'),
(76, '', 'CAR AIRCOND REFILL GAS AND SERVICE', '', 's', '77.00', '99.65', '0.00', ''),
(77, '', 'EYE CHECKUP', '', 's', '33.00', '90.00', '0.00', ''),
(78, '', 'LADDER', '', 'p', '36.00', '55.00', '0.00', ''),
(79, '', 'DHLD PACKAGE DELIVERY CHARGES', '', 's', '23.50', '50.00', '0.00', 'LOT'),
(80, '', 'COLORED PAPER A4', '', 'p', '3.50', '5.00', '0.00', ''),
(81, '', 'GRAND TURISMO 2.4', '', 'p', '11500.00', '12000.00', '0.00', 'UNIT'),
(82, '', 'CALENDAR FOR YEAR 2023 INCLUDING STICKERS MICKEY MOUSE', '', 'p', '41.55', '50.95', '0.00', 'PCS'),
(83, '', 'CAR POLISH 2.5 LITRES', '', 'p', '16.90', '19.00', '0.00', 'BOTTLE'),
(84, '', 'CAR TINTING SERVICE - V COOL HOLLAND TYPE', '', 'p', '100.00', '66.00', '0.00', 'PCS'),
(85, '', 'MAZDA X5 TYRE CHANGE 175/90PSI JAPAN MADE', '', 's', '100.00', '130.50', '0.00', 'PCS'),
(86, '', 'CAR AIRCOND HOSE 99', '', 'p', '45.00', '65.65', '0.00', 'UNITS'),
(87, '', 'CAR CARBURATOR CHANGE', '', 's', '0.00', '33.00', '0.00', ''),
(91, '', 'FRANCE PERFUME ( LAVENDAR SMELL)', '', 's', '67.00', '98.00', '0.00', ''),
(92, '', 'FRAGRANCE SHAMPOO', '', 's', '55.00', '78.95', '0.00', 'PCS'),
(93, '', 'BEZA CAR MALAYSIA MADE', '', 'p', '2500.45', '3500.90', '0.00', 'PCS'),
(94, '', 'BUTTER CHICKEN', '', 'p', '56.00', '67.55', '0.00', 'pcs'),
(95, '', 'CABBAGE PRODUCE', '', 's', '34.00', '77.00', '0.00', ''),
(97, '', 'MANUAL RODDING WORK USING ROD AND WIRE LINE', '', 'p', '4500.00', '6590.55', '0.00', 'unit'),
(98, '', 'APPLE WATCH SMART', '', 'p', '450.00', '665.00', '0.00', 'PCS'),
(99, '', 'CASIO SCIENTIFIC CALCULATOR\nMODEL 4590-J', '', 'p', '560.75', '650.85', '0.00', 'UNIT'),
(100, '', 'OPEN HEAVY DUTY MANHOLE COVERS SING SPECIAL TOOLS', '', 's', '280.00', '325.45', '0.00', 'UNITS'),
(101, '', 'DESLUDGING TANKER 8 CUBIC METERS', '', 's', '945.00', '1200.00', '0.00', 'TRIP'),
(102, '', 'APPLE CIDER (KOREAN GINSENG)', '', 'p', '80.55', '90.60', '0.00', ''),
(103, '', 'AIRCOND CLEANING AND SERVICING FOR JAPANESE CARS ONLY', '', 's', '0.00', '145.60', '0.00', '');

-- --------------------------------------------------------

--
-- Table structure for table `tbproject`
--

DROP TABLE IF EXISTS `tbproject`;
CREATE TABLE IF NOT EXISTS `tbproject` (
  `project_id` int(11) NOT NULL AUTO_INCREMENT,
  `project_name` varchar(100) NOT NULL,
  `project_status` int(1) NOT NULL DEFAULT '1',
  PRIMARY KEY (`project_id`)
) ENGINE=InnoDB AUTO_INCREMENT=2 DEFAULT CHARSET=latin1;

--
-- Dumping data for table `tbproject`
--

INSERT INTO `tbproject` (`project_id`, `project_name`, `project_status`) VALUES
(1, 'No Project', 1);

-- --------------------------------------------------------

--
-- Table structure for table `tbpurchasebill`
--

DROP TABLE IF EXISTS `tbpurchasebill`;
CREATE TABLE IF NOT EXISTS `tbpurchasebill` (
  `purchaseBill_id` int(11) NOT NULL AUTO_INCREMENT,
  `purchaseBill_no` varchar(30) NOT NULL,
  `purchaseBill_date` date NOT NULL,
  `purchaseBill_customerID` int(11) NOT NULL,
  `purchaseBill_title` varchar(200) NOT NULL,
  `purchaseBill_from` varchar(50) NOT NULL,
  `purchaseBill_terms` text NOT NULL,
  `purchaseBill_attention` varchar(100) NOT NULL,
  `purchaseBill_email` varchar(100) NOT NULL,
  `purchaseBill_subTotal` decimal(10,2) NOT NULL DEFAULT '0.00',
  `purchaseBill_taxTotal` decimal(10,2) NOT NULL DEFAULT '0.00',
  `purchaseBill_grandTotal` decimal(10,2) NOT NULL DEFAULT '0.00',
  `purchaseBill_discountTotal` decimal(10,2) NOT NULL DEFAULT '0.00',
  `purchaseBill_totalAfterDiscount` decimal(10,2) NOT NULL DEFAULT '0.00',
  `purchaseBill_roundAmount` decimal(10,2) NOT NULL DEFAULT '0.00',
  `purchaseBill_grandTotalRound` decimal(10,2) NOT NULL DEFAULT '0.00',
  `purchaseBill_roundStatus` int(1) NOT NULL DEFAULT '0',
  `purchaseBill_content` text NOT NULL,
  `purchaseBill_account3ID` int(6) NOT NULL,
  `purchaseBill_customerInvoiceNo` varchar(80) NOT NULL,
  `purchaseBill_purchaseOrderID` int(11) NOT NULL DEFAULT '0',
  `purchaseBill_purchaseOrderNo` varchar(30) NOT NULL,
  `purchaseBill_paid` decimal(10,2) NOT NULL DEFAULT '0.00',
  `purchaseBill_status` varchar(1) NOT NULL DEFAULT 'a' COMMENT 'a=active, c=cancel',
  PRIMARY KEY (`purchaseBill_id`)
) ENGINE=InnoDB AUTO_INCREMENT=36 DEFAULT CHARSET=latin1;

--
-- Dumping data for table `tbpurchasebill`
--

INSERT INTO `tbpurchasebill` (`purchaseBill_id`, `purchaseBill_no`, `purchaseBill_date`, `purchaseBill_customerID`, `purchaseBill_title`, `purchaseBill_from`, `purchaseBill_terms`, `purchaseBill_attention`, `purchaseBill_email`, `purchaseBill_subTotal`, `purchaseBill_taxTotal`, `purchaseBill_grandTotal`, `purchaseBill_discountTotal`, `purchaseBill_totalAfterDiscount`, `purchaseBill_roundAmount`, `purchaseBill_grandTotalRound`, `purchaseBill_roundStatus`, `purchaseBill_content`, `purchaseBill_account3ID`, `purchaseBill_customerInvoiceNo`, `purchaseBill_purchaseOrderID`, `purchaseBill_purchaseOrderNo`, `purchaseBill_paid`, `purchaseBill_status`) VALUES
(1, 'PB001', '2023-07-10', 208, '', '', '<p><strong>Purchase Order Terms</strong></p><ol><li>PO terms annd te ther day</li><li>f.) Hirer have to issue the Purchase Order before we can proceed the job.</li></ol>', '', '', '45.00', '0.00', '45.00', '0.00', '45.00', '0.00', '45.00', 0, '', 13, '', 0, '', '45.00', 'a'),
(2, 'PB002', '2023-07-12', 18, '', '', '<p><strong>Purchase Order Terms</strong></p><ol><li>PO terms annd te ther day</li><li>f.) Hirer have to issue the Purchase Order before we can proceed the job.</li></ol>', 'ENCIK KAMARUDDIN', 'fn_malaysia@gmail.com', '70.00', '0.00', '70.00', '0.00', '70.00', '0.00', '70.00', 0, '', 17, '', 0, '', '70.00', 'a'),
(3, 'PB003', '2023-09-05', 221, '', '', '<p><strong>Purchase Order Terms</strong></p><ol><li>PO terms annd te ther day</li><li>f.) Hirer have to issue the Purchase Order before we can proceed the job.</li></ol>', '', '', '700.00', '0.00', '700.00', '0.00', '700.00', '0.00', '700.00', 0, '', 12, 'IN5609-8786', 0, '', '0.00', 'a'),
(4, 'PB004', '2023-09-13', 208, '', '', '<p><strong>Purchase Order Terms</strong></p><ol><li>PO terms annd te ther day</li><li>f.) Hirer have to issue the Purchase Order before we can proceed the job.</li></ol>', '', '', '888.00', '0.00', '888.00', '0.00', '888.00', '0.00', '888.00', 0, '', 13, '', 0, '', '888.00', 'a'),
(5, 'PB005', '2023-09-20', 202, '', '', '<p><strong>Purchase Order Terms</strong></p><ol><li>PO terms annd te ther day</li><li>f.) Hirer have to issue the Purchase Order before we can proceed the job.</li></ol>', 'MADAM AISAH', 'aaa_insurance@gmail.com', '8155.00', '0.00', '8155.00', '0.00', '8155.00', '0.00', '8155.00', 0, '', 12, '', 3, 'PO/2023/003', '8155.00', 'a'),
(6, 'PB006', '2023-10-03', 239, '', '', '<p><strong>Purchase Order Terms</strong></p><ol><li>PO terms annd te ther day</li><li>f.) Hirer have to issue the Purchase Order before we can proceed the job.</li></ol>', 'MR RAVINDRAN', 'ravin_989@gmail.com', '24796.55', '2.49', '24353.84', '445.20', '24351.35', '0.00', '24353.84', 0, '', 12, '', 5, 'PO/2023/005', '0.00', 'a'),
(7, 'PB007', '2023-10-04', 118, '', '', '<p><strong>Purchase Order Terms</strong></p><ol><li>PO terms annd te ther day</li><li>f.) Hirer have to issue the Purchase Order before we can proceed the job.</li></ol>', 'MS CATHERINE', 'kenny_90@gmail.com', '600.00', '0.00', '600.00', '0.00', '600.00', '0.00', '600.00', 0, '', 13, '', 0, '', '600.00', 'a'),
(8, 'PB008', '2023-10-06', 208, '', '', '<p><strong>Purchase Order Terms</strong></p><ol><li>PO terms annd te ther day</li><li>f.) Hirer have to issue the Purchase Order before we can proceed the job.</li></ol>', '', '', '600.00', '0.00', '600.00', '0.00', '600.00', '0.00', '600.00', 0, '', 13, '', 0, '', '600.00', 'a'),
(9, 'PB009', '2023-10-06', 208, '', '', '<p><strong>Purchase Order Terms</strong></p><ol><li>PO terms annd te ther day</li><li>f.) Hirer have to issue the Purchase Order before we can proceed the job.</li></ol>', '', '', '700.00', '0.00', '700.00', '0.00', '700.00', '0.00', '700.00', 0, '', 13, 'TNB0232-09', 0, '', '700.00', 'a'),
(10, 'PB0099', '2023-10-10', 208, '', '', '<p><strong>Purchase Order Terms</strong></p><ol><li>PO terms annd te ther day</li><li>f.) Hirer have to issue the Purchase Order before we can proceed the job.</li></ol>', '', '', '900.00', '0.00', '900.00', '0.00', '900.00', '0.00', '900.00', 0, '', 13, '', 0, '', '900.00', 'a'),
(11, 'PB00100', '2024-03-15', 94, '', '', '<p><strong>Purchase Order Terms</strong></p><ol><li>PO terms annd te ther day</li><li>f.) Hirer have to issue the Purchase Order before we can proceed the job.</li></ol>', 'MR RAMESH / SHOBA', 'admin@clean_sewers.com', '1000.07', '0.00', '1000.07', '0.00', '1000.07', '0.00', '1000.07', 0, '', 12, '', 1, 'PO/2023/001', '1000.07', 'a'),
(12, 'PB00101', '2023-08-15', 241, '', '', '<p><strong>Purchase Order Terms</strong></p><ol><li>PO terms annd te ther day</li><li>f.) Hirer have to issue the Purchase Order before we can proceed the job.</li></ol>', 'MS JANET JI', 'pharmacy_99@gmail.com', '3441.55', '0.00', '3441.55', '0.00', '3441.55', '0.00', '3441.55', 0, '', 12, '', 0, '', '300.00', 'a'),
(13, 'PB00102', '2024-03-15', 241, '', '', '<p><strong>Purchase Order Terms</strong></p><ol><li>PO terms annd te ther day</li><li>f.) Hirer have to issue the Purchase Order before we can proceed the job.</li></ol>', 'MS JANET JI', 'pharmacy_99@gmail.com', '24796.55', '2.49', '24353.84', '445.20', '24351.35', '0.00', '24353.84', 0, '', 12, '', 6, 'PO/2023/006', '400.00', 'a'),
(14, 'PB00103', '2024-03-15', 241, '', '', '<p><strong>Purchase Order Terms</strong></p><ol><li>PO terms annd te ther day</li><li>f.) Hirer have to issue the Purchase Order before we can proceed the job.</li></ol>', 'MS JANET JI', 'pharmacy_99@gmail.com', '1000.00', '0.00', '1000.00', '0.00', '1000.00', '0.00', '1000.00', 0, '', 12, '', 0, '', '500.00', 'a'),
(15, 'PB00104', '2024-03-16', 24, '', '', '<p><strong>Purchase Order Terms</strong></p><ol><li>PO terms annd te ther day</li><li>f.) Hirer have to issue the Purchase Order before we can proceed the job.</li></ol>', 'MR KUMAR RAO', 'telug_assc@gmail.com', '1000.00', '0.00', '1000.00', '0.00', '1000.00', '0.00', '1000.00', 0, '', 12, '', 0, '', '1000.00', 'a'),
(16, 'PB00105', '2024-03-22', 148, '', '', '<p><strong>Purchase Order Terms</strong></p><ol><li>PO terms annd te ther day</li><li>f.) Hirer have to issue the Purchase Order before we can proceed the job.</li></ol>', 'MR KUMAR RAO', '', '24796.55', '2.49', '24353.84', '445.20', '24351.35', '0.00', '24353.84', 0, '', 12, '', 8, 'PO/2023/008', '0.00', 'a'),
(17, 'PB00106', '2024-06-24', 3, '', '', '<p><strong>Purchase Order Terms</strong></p><ol><li>PO terms annd te ther day</li><li>f.) Hirer have to issue the Purchase Order before we can proceed the job.</li></ol>', 'Mr John Tan', 'american_88@hotmailcom', '24796.55', '2.49', '24353.84', '445.20', '24351.35', '0.00', '24353.84', 0, '', 12, '', 0, '', '0.00', 'a'),
(18, 'PB00107', '2024-06-24', 83, '', '', '<p><strong>Purchase Order Terms</strong></p><ol><li>PO terms annd te ther day</li><li>f.) Hirer have to issue the Purchase Order before we can proceed the job.</li></ol>', 'Ms Fatimah Kassim', 'desa_90@gmail.com', '5099.90', '0.00', '5099.90', '0.00', '5099.90', '0.00', '5099.90', 0, '', 12, '', 0, '', '0.00', 'a'),
(19, 'PB00108', '2024-06-25', 242, '', '', '<p><strong>Purchase Order Terms</strong></p><ol><li>PO terms annd te ther day</li><li>f.) Hirer have to issue the Purchase Order before we can proceed the job.</li></ol>', '', 'appb@gmail.com', '24797.51', '2.49', '24354.80', '445.20', '24352.31', '0.00', '24354.80', 0, '', 12, '', 0, '', '24354.80', 'a'),
(20, 'PB00109', '2024-06-26', 193, '', '', '<p><strong>Purchase Order Terms</strong></p><ol><li>PO terms annd te ther day</li><li>f.) Hirer have to issue the Purchase Order before we can proceed the job.</li></ol>', 'MR HARIHAREN', 'hari@gmail.com', '210.00', '0.00', '210.00', '0.00', '210.00', '0.00', '210.00', 0, '', 12, '', 0, '', '210.00', 'a'),
(21, 'PB00110', '2024-06-27', 242, '', '', '<p><strong>Purchase Order Terms</strong></p><ol><li>PO terms annd te ther day</li><li>f.) Hirer have to issue the Purchase Order before we can proceed the job.</li></ol>', '', 'appb@gmail.com', '3397.50', '0.00', '3397.50', '0.00', '3397.50', '0.00', '3397.50', 0, '', 12, '', 16, 'PO/2023/017', '3397.50', 'a'),
(22, 'PB00111', '2024-06-27', 148, '', '', '<p><strong>Purchase Order Terms</strong></p><ol><li>PO terms annd te ther day</li><li>f.) Hirer have to issue the Purchase Order before we can proceed the job.</li></ol>', 'MR KUMAR RAO', '', '1000.00', '0.00', '1000.00', '0.00', '1000.00', '0.00', '1000.00', 0, '', 12, 'IN45009-90', 0, '', '1000.00', 'a'),
(23, 'PB00112', '2024-06-29', 23, '', '', '<p><strong>Purchase Order Terms</strong></p><ol><li>PO terms annd te ther day</li><li>f.) Hirer have to issue the Purchase Order before we can proceed the job.</li></ol>', 'Mr Alex Tan', 'soonfatt@hotmail.com', '7000.00', '0.00', '7000.00', '0.00', '7000.00', '0.00', '7000.00', 0, '', 16, '', 0, '', '0.00', 'a'),
(24, 'PB00113', '2024-06-29', 208, '', '', '<p><strong>Purchase Order Terms</strong></p><ol><li>PO terms annd te ther day</li><li>f.) Hirer have to issue the Purchase Order before we can proceed the job.</li></ol>', '', '', '999.00', '0.00', '999.00', '0.00', '999.00', '0.00', '999.00', 0, '', 13, '', 0, '', '0.00', 'a'),
(25, 'PB00114', '2024-07-02', 132, '', '', '<p><strong>Purchase Order Terms</strong></p><ol><li>PO terms annd te ther day</li><li>f.) Hirer have to issue the Purchase Order before we can proceed the job.</li></ol>', 'MR ALI KAMARUDDIN', 'care@iwk.com.my', '5763.85', '0.00', '5763.85', '0.00', '5763.85', '0.00', '5763.85', 0, '', 16, '', 15, 'PO/2023/016', '5763.85', 'a'),
(26, 'PB00115', '2024-07-05', 148, '', '', '<p><strong>Purchase Order Terms</strong></p><ol><li>PO terms annd te ther day</li><li>f.) Hirer have to issue the Purchase Order before we can proceed the job.</li></ol>', 'MR KUMAR RAO', '', '1397.50', '0.00', '1397.50', '0.00', '1397.50', '0.00', '1397.50', 0, '', 16, '', 17, 'PO/2023/018', '1397.50', 'a'),
(27, 'PB00116', '2024-07-05', 148, '', '', '<p><strong>Purchase Order Terms</strong></p><ol><li>PO terms annd te ther day</li><li>f.) Hirer have to issue the Purchase Order before we can proceed the job.</li></ol>', 'MR KUMAR RAO', '', '1000.00', '0.00', '1000.00', '0.00', '1000.00', '0.00', '1000.00', 0, '', 14, '', 0, '', '1000.00', 'a'),
(28, 'PB00117', '2024-07-05', 148, '', '', '<p><strong>Purchase Order Terms</strong></p><ol><li>PO terms annd te ther day</li><li>f.) Hirer have to issue the Purchase Order before we can proceed the job.</li></ol>', 'MR KUMAR RAO', '', '400.00', '0.00', '400.00', '0.00', '400.00', '0.00', '400.00', 0, '', 16, '', 0, '', '400.00', 'a'),
(29, 'PB00118', '2024-07-12', 18, '', '', '<p><strong>Purchase Order Terms</strong></p><ol><li>PO terms annd te ther day</li><li>f.) Hirer have to issue the Purchase Order before we can proceed the job.</li></ol>', 'ENCIK KAMARUDDIN', 'fn_malaysia@gmail.com', '1000.00', '0.00', '1000.00', '0.00', '1000.00', '0.00', '1000.00', 0, '', 16, 'INV0094/24', 0, '', '1000.00', 'a'),
(30, 'PB00119', '2024-07-12', 82, '', '', '<p><strong>Purchase Order Terms</strong></p><ol><li>PO terms annd te ther day</li><li>f.) Hirer have to issue the Purchase Order before we can proceed the job.</li></ol>', '', '', '1397.50', '0.00', '1397.50', '0.00', '1397.50', '0.00', '1397.50', 0, '', 16, 'INV00213/009', 18, 'PO/2023/019', '1397.50', 'a'),
(31, 'PB00120', '2024-07-14', 118, '', '', '<p><strong>Purchase Order Terms</strong></p><ol><li>PO terms annd te ther day</li><li>f.) Hirer have to issue the Purchase Order before we can proceed the job.</li></ol>', 'MS CATHERINE', 'kenny_90@gmail.com', '2500.45', '0.00', '2500.45', '0.00', '2500.45', '0.00', '2500.45', 0, '', 16, '', 0, '', '0.00', 'a'),
(32, 'PB00121', '2024-07-16', 66, '', '', '<p><strong>Purchase Order Terms</strong></p><ol><li>PO terms annd te ther day</li><li>f.) Hirer have to issue the Purchase Order before we can proceed the job.</li></ol>', '', '', '6000.00', '0.00', '6000.00', '0.00', '6000.00', '0.00', '6000.00', 0, '', 16, 'IN434500239', 0, '', '6000.00', 'a'),
(33, 'PB00122', '2024-07-16', 66, '', '', '<p><strong>Purchase Order Terms</strong></p><ol><li>PO terms annd te ther day</li><li>f.) Hirer have to issue the Purchase Order before we can proceed the job.</li></ol>', '', '', '450.00', '0.00', '450.00', '0.00', '450.00', '0.00', '450.00', 0, '', 16, 'IN43453321', 0, '', '450.00', 'a'),
(34, 'PB00123', '2024-07-19', 118, '', '', '<p><strong>Purchase Order Terms</strong></p><ol><li>PO terms annd te ther day</li><li>f.) Hirer have to issue the Purchase Order before we can proceed the job.</li></ol>', 'MS CATHERINE', 'kenny_90@gmail.com', '141.55', '0.00', '141.55', '0.00', '141.55', '0.00', '141.55', 0, '', 16, '', 0, '', '0.00', 'a'),
(35, 'PB002890', '2024-07-19', 228, '', '', '<p><strong>Purchase Order Terms</strong></p><ol><li>PO terms annd te ther day</li><li>f.) Hirer have to issue the Purchase Order before we can proceed the job.</li></ol>', 'MR SAID ISKANDAR', '', '1397.50', '0.00', '1397.50', '0.00', '1397.50', '0.00', '1397.50', 0, '', 16, '', 19, 'PO/2023/020', '0.00', 'a');

-- --------------------------------------------------------

--
-- Table structure for table `tbpurchasebilldetail`
--

DROP TABLE IF EXISTS `tbpurchasebilldetail`;
CREATE TABLE IF NOT EXISTS `tbpurchasebilldetail` (
  `purchaseBillDetail_id` int(11) NOT NULL AUTO_INCREMENT,
  `purchaseBillDetail_purchaseBillID` int(10) NOT NULL,
  `purchaseBillDetail_no1` varchar(200) NOT NULL,
  `purchaseBillDetail_no2` varchar(200) NOT NULL,
  `purchaseBillDetail_no3` decimal(10,2) NOT NULL DEFAULT '0.00',
  `purchaseBillDetail_no4` varchar(200) NOT NULL,
  `purchaseBillDetail_bold` int(11) NOT NULL DEFAULT '0' COMMENT '0=normal, 1=bold',
  `purchaseBillDetail_sortID` int(2) NOT NULL DEFAULT '0',
  `purchaseBillDetail_no5` decimal(10,2) NOT NULL DEFAULT '0.00',
  `purchaseBillDetail_rowTotal` decimal(10,2) NOT NULL DEFAULT '0.00',
  `purchaseBillDetail_taxRateID` int(10) NOT NULL DEFAULT '0',
  `purchaseBillDetail_taxPercent` decimal(10,2) NOT NULL DEFAULT '0.00',
  `purchaseBillDetail_taxTotal` decimal(10,2) NOT NULL DEFAULT '0.00',
  `purchaseBillDetail_rowGrandTotal` decimal(10,2) NOT NULL DEFAULT '0.00',
  `purchaseBillDetail_discountPercent` decimal(10,2) NOT NULL DEFAULT '0.00',
  `purchaseBillDetail_discountAmount` decimal(10,2) NOT NULL DEFAULT '0.00',
  `purchaseBillDetail_rowTotalAfterDiscount` decimal(10,2) NOT NULL DEFAULT '0.00',
  PRIMARY KEY (`purchaseBillDetail_id`),
  KEY `purchaseBillDetail_purchaseBillID` (`purchaseBillDetail_purchaseBillID`)
) ENGINE=InnoDB AUTO_INCREMENT=367 DEFAULT CHARSET=latin1;

--
-- Dumping data for table `tbpurchasebilldetail`
--

INSERT INTO `tbpurchasebilldetail` (`purchaseBillDetail_id`, `purchaseBillDetail_purchaseBillID`, `purchaseBillDetail_no1`, `purchaseBillDetail_no2`, `purchaseBillDetail_no3`, `purchaseBillDetail_no4`, `purchaseBillDetail_bold`, `purchaseBillDetail_sortID`, `purchaseBillDetail_no5`, `purchaseBillDetail_rowTotal`, `purchaseBillDetail_taxRateID`, `purchaseBillDetail_taxPercent`, `purchaseBillDetail_taxTotal`, `purchaseBillDetail_rowGrandTotal`, `purchaseBillDetail_discountPercent`, `purchaseBillDetail_discountAmount`, `purchaseBillDetail_rowTotalAfterDiscount`) VALUES
(1, 1, '', '', '0.00', '', 0, 1, '45.00', '45.00', 1, '0.00', '0.00', '45.00', '0.00', '0.00', '45.00'),
(2, 1, '', '', '0.00', '', 0, 2, '0.00', '0.00', 1, '0.00', '0.00', '0.00', '0.00', '0.00', '0.00'),
(3, 1, '', '', '0.00', '', 0, 3, '0.00', '0.00', 1, '0.00', '0.00', '0.00', '0.00', '0.00', '0.00'),
(4, 1, '', '', '0.00', '', 0, 4, '0.00', '0.00', 1, '0.00', '0.00', '0.00', '0.00', '0.00', '0.00'),
(5, 1, '', '', '0.00', '', 0, 5, '0.00', '0.00', 1, '0.00', '0.00', '0.00', '0.00', '0.00', '0.00'),
(6, 2, '', '', '0.00', '', 0, 1, '70.00', '70.00', 1, '0.00', '0.00', '70.00', '0.00', '0.00', '70.00'),
(7, 2, '', '', '0.00', '', 0, 2, '0.00', '0.00', 1, '0.00', '0.00', '0.00', '0.00', '0.00', '0.00'),
(8, 2, '', '', '0.00', '', 0, 3, '0.00', '0.00', 1, '0.00', '0.00', '0.00', '0.00', '0.00', '0.00'),
(9, 2, '', '', '0.00', '', 0, 4, '0.00', '0.00', 1, '0.00', '0.00', '0.00', '0.00', '0.00', '0.00'),
(10, 2, '', '', '0.00', '', 0, 5, '0.00', '0.00', 1, '0.00', '0.00', '0.00', '0.00', '0.00', '0.00'),
(11, 3, '', '', '0.00', '', 0, 1, '700.00', '700.00', 1, '0.00', '0.00', '700.00', '0.00', '0.00', '700.00'),
(12, 3, '', '', '0.00', '', 0, 2, '0.00', '0.00', 1, '0.00', '0.00', '0.00', '0.00', '0.00', '0.00'),
(13, 3, '', '', '0.00', '', 0, 3, '0.00', '0.00', 1, '0.00', '0.00', '0.00', '0.00', '0.00', '0.00'),
(14, 3, '', '', '0.00', '', 0, 4, '0.00', '0.00', 1, '0.00', '0.00', '0.00', '0.00', '0.00', '0.00'),
(15, 3, '', '', '0.00', '', 0, 5, '0.00', '0.00', 1, '0.00', '0.00', '0.00', '0.00', '0.00', '0.00'),
(16, 4, '', '', '0.00', '', 0, 1, '888.00', '888.00', 1, '0.00', '0.00', '888.00', '0.00', '0.00', '888.00'),
(17, 4, '', '', '0.00', '', 0, 2, '0.00', '0.00', 1, '0.00', '0.00', '0.00', '0.00', '0.00', '0.00'),
(18, 4, '', '', '0.00', '', 0, 3, '0.00', '0.00', 1, '0.00', '0.00', '0.00', '0.00', '0.00', '0.00'),
(19, 4, '', '', '0.00', '', 0, 4, '0.00', '0.00', 1, '0.00', '0.00', '0.00', '0.00', '0.00', '0.00'),
(20, 4, '', '', '0.00', '', 0, 5, '0.00', '0.00', 1, '0.00', '0.00', '0.00', '0.00', '0.00', '0.00'),
(21, 5, '', 'APPLE WATCH SMART', '3.00', 'PCS', 0, 1, '450.00', '1350.00', 1, '0.00', '0.00', '1350.00', '0.00', '0.00', '1350.00'),
(22, 5, '', 'COMPUTER DELL XPS 15 16GB RAM 512GB SSD INTEL I9 PROCESSOR', '2.00', 'PCS', 0, 2, '0.00', '0.00', 1, '0.00', '0.00', '0.00', '0.00', '0.00', '0.00'),
(23, 5, '', 'TO USE TOOLS AND MANUALLY ENTER THE  DRAIN TO REMOVE ALL SAND, STONES, DEBRIS ETC FROM THE SIDES AND BOTTOM OF DRAINAGE.', '2.00', 'LOT', 0, 3, '3400.00', '6800.00', 1, '0.00', '0.00', '6800.00', '0.00', '0.00', '6800.00'),
(24, 5, '', 'Jetting Works and Clear blockages with rodder machine', '0.00', 'unit', 0, 4, '5.00', '5.00', 1, '0.00', '0.00', '5.00', '0.00', '0.00', '5.00'),
(25, 5, '', '', '0.00', '', 0, 5, '0.00', '0.00', 1, '0.00', '0.00', '0.00', '0.00', '0.00', '0.00'),
(26, 5, '', '', '0.00', '', 0, 6, '0.00', '0.00', 1, '0.00', '0.00', '0.00', '0.00', '0.00', '0.00'),
(27, 5, '', '', '0.00', '', 0, 7, '0.00', '0.00', 1, '0.00', '0.00', '0.00', '0.00', '0.00', '0.00'),
(28, 6, '1', 'CALENDAR FOR YEAR 2023 INCLUDING STICKERS MICKEY MOUSE', '1.00', 'PCS', 0, 1, '41.55', '41.55', 2, '6.00', '2.49', '44.04', '0.00', '0.00', '41.55'),
(29, 6, '2', 'JETTING WORKS AND CLEAR BLOCKAGES WITH RODDER MACHINE', '0.00', 'unit', 0, 2, '700.00', '700.00', 1, '0.00', '0.00', '630.00', '10.00', '70.00', '630.00'),
(30, 6, '3', 'DESLUDGING TANKER 3 CUBIC METERS', '3.00', 'TRIP', 0, 3, '450.00', '1350.00', 1, '0.00', '0.00', '1350.00', '0.00', '0.00', '1350.00'),
(31, 6, '4', 'TO USE TOOLS AND MANUALLY ENTER THE  DRAIN TO REMOVE ALL SAND, STONES, DEBRIS ETC FROM THE SIDES AND BOTTOM OF DRAINAGE.', '0.00', 'LOT', 0, 4, '3400.00', '3400.00', 1, '0.00', '0.00', '3400.00', '0.00', '0.00', '3400.00'),
(32, 6, '5', 'REMOVE WINDSCREEN AND TINTING WORKS DONE FOR THE WHOLE CAR', '0.00', 'UNITS', 0, 5, '0.00', '0.00', 1, '0.00', '0.00', '0.00', '0.00', '0.00', '0.00'),
(33, 6, '6', 'TEAK WOOD IKEA TABLE 5 X 7 FEET', '0.00', 'PCS', 0, 6, '0.00', '0.00', 1, '0.00', '0.00', '0.00', '0.00', '0.00', '0.00'),
(34, 6, '', 'LABOUR', '0.00', '', 0, 7, '0.00', '0.00', 1, '0.00', '0.00', '0.00', '0.00', '0.00', '0.00'),
(35, 6, '1', 'TO USE TOOLS AND MANUALLY ENTER THE  DRAIN TO REMOVE ALL SAND, STONES, DEBRIS ETC FROM THE SIDES AND BOTTOM OF DRAINAGE.', '4.00', 'LOT', 0, 8, '3400.00', '13600.00', 1, '0.00', '0.00', '13600.00', '0.00', '0.00', '13600.00'),
(36, 6, '2', 'TOP RADIATOR HOSE ORIGINAL', '0.00', '', 0, 9, '345.00', '345.00', 1, '0.00', '0.00', '345.00', '0.00', '0.00', '345.00'),
(37, 6, '3', 'MOTOROLLA HANDPHONE MODEL X-9', '4.00', 'unit', 0, 10, '1340.00', '5360.00', 1, '0.00', '0.00', '4984.80', '7.00', '375.20', '4984.80'),
(38, 6, '', '', '0.00', '', 0, 11, '0.00', '0.00', 1, '0.00', '0.00', '0.00', '0.00', '0.00', '0.00'),
(39, 7, '', '', '0.00', '', 0, 1, '600.00', '600.00', 1, '0.00', '0.00', '600.00', '0.00', '0.00', '600.00'),
(40, 7, '', '', '0.00', '', 0, 2, '0.00', '0.00', 1, '0.00', '0.00', '0.00', '0.00', '0.00', '0.00'),
(41, 7, '', '', '0.00', '', 0, 3, '0.00', '0.00', 1, '0.00', '0.00', '0.00', '0.00', '0.00', '0.00'),
(42, 7, '', '', '0.00', '', 0, 4, '0.00', '0.00', 1, '0.00', '0.00', '0.00', '0.00', '0.00', '0.00'),
(43, 7, '', '', '0.00', '', 0, 5, '0.00', '0.00', 1, '0.00', '0.00', '0.00', '0.00', '0.00', '0.00'),
(49, 9, '', '', '0.00', '', 0, 1, '700.00', '700.00', 1, '0.00', '0.00', '700.00', '0.00', '0.00', '700.00'),
(50, 9, '', '', '0.00', '', 0, 2, '0.00', '0.00', 1, '0.00', '0.00', '0.00', '0.00', '0.00', '0.00'),
(51, 9, '', '', '0.00', '', 0, 3, '0.00', '0.00', 1, '0.00', '0.00', '0.00', '0.00', '0.00', '0.00'),
(52, 9, '', '', '0.00', '', 0, 4, '0.00', '0.00', 1, '0.00', '0.00', '0.00', '0.00', '0.00', '0.00'),
(53, 9, '', '', '0.00', '', 0, 5, '0.00', '0.00', 1, '0.00', '0.00', '0.00', '0.00', '0.00', '0.00'),
(54, 8, '', '', '0.00', '', 0, 1, '600.00', '600.00', 1, '0.00', '0.00', '600.00', '0.00', '0.00', '600.00'),
(55, 8, '', '', '0.00', '', 0, 2, '0.00', '0.00', 1, '0.00', '0.00', '0.00', '0.00', '0.00', '0.00'),
(56, 8, '', '', '0.00', '', 0, 3, '0.00', '0.00', 1, '0.00', '0.00', '0.00', '0.00', '0.00', '0.00'),
(57, 8, '', '', '0.00', '', 0, 4, '0.00', '0.00', 1, '0.00', '0.00', '0.00', '0.00', '0.00', '0.00'),
(58, 8, '', '', '0.00', '', 0, 5, '0.00', '0.00', 1, '0.00', '0.00', '0.00', '0.00', '0.00', '0.00'),
(59, 10, '', '', '0.00', '', 0, 1, '900.00', '900.00', 1, '0.00', '0.00', '900.00', '0.00', '0.00', '900.00'),
(60, 10, '', '', '0.00', '', 0, 2, '0.00', '0.00', 1, '0.00', '0.00', '0.00', '0.00', '0.00', '0.00'),
(61, 10, '', '', '0.00', '', 0, 3, '0.00', '0.00', 1, '0.00', '0.00', '0.00', '0.00', '0.00', '0.00'),
(62, 10, '', '', '0.00', '', 0, 4, '0.00', '0.00', 1, '0.00', '0.00', '0.00', '0.00', '0.00', '0.00'),
(63, 10, '', '', '0.00', '', 0, 5, '0.00', '0.00', 1, '0.00', '0.00', '0.00', '0.00', '0.00', '0.00'),
(64, 11, '', '', '0.00', '', 0, 1, '1000.07', '1000.07', 1, '0.00', '0.00', '1000.07', '0.00', '0.00', '1000.07'),
(65, 11, '', '', '0.00', '', 0, 2, '0.00', '0.00', 1, '0.00', '0.00', '0.00', '0.00', '0.00', '0.00'),
(66, 11, '', '', '0.00', '', 0, 3, '0.00', '0.00', 1, '0.00', '0.00', '0.00', '0.00', '0.00', '0.00'),
(67, 11, '', '', '0.00', '', 0, 4, '0.00', '0.00', 1, '0.00', '0.00', '0.00', '0.00', '0.00', '0.00'),
(68, 11, '', '', '0.00', '', 0, 5, '0.00', '0.00', 1, '0.00', '0.00', '0.00', '0.00', '0.00', '0.00'),
(69, 12, '', 'CALENDAR FOR YEAR 2023 INCLUDING STICKERS MICKEY MOUSE', '0.00', 'PCS', 0, 1, '41.55', '41.55', 1, '0.00', '0.00', '41.55', '0.00', '0.00', '41.55'),
(70, 12, '', 'REMOVE WINDSCREEN AND TINTING WORKS DONE FOR THE WHOLE CAR', '0.00', 'UNITS', 0, 2, '0.00', '0.00', 1, '0.00', '0.00', '0.00', '0.00', '0.00', '0.00'),
(71, 12, '', '', '0.00', '', 0, 3, '0.00', '0.00', 1, '0.00', '0.00', '0.00', '0.00', '0.00', '0.00'),
(72, 12, '', 'TO USE TOOLS AND MANUALLY ENTER THE  DRAIN TO REMOVE ALL SAND, STONES, DEBRIS ETC FROM THE SIDES AND BOTTOM OF DRAINAGE.', '0.00', 'LOT', 0, 4, '3400.00', '3400.00', 1, '0.00', '0.00', '3400.00', '0.00', '0.00', '3400.00'),
(73, 12, '', '', '0.00', '', 0, 5, '0.00', '0.00', 1, '0.00', '0.00', '0.00', '0.00', '0.00', '0.00'),
(74, 13, '1', 'CALENDAR FOR YEAR 2023 INCLUDING STICKERS MICKEY MOUSE', '1.00', 'PCS', 0, 1, '41.55', '41.55', 2, '6.00', '2.49', '44.04', '0.00', '0.00', '41.55'),
(75, 13, '2', 'JETTING WORKS AND CLEAR BLOCKAGES WITH RODDER MACHINE', '0.00', 'unit', 0, 2, '700.00', '700.00', 1, '0.00', '0.00', '630.00', '10.00', '70.00', '630.00'),
(76, 13, '3', 'DESLUDGING TANKER 3 CUBIC METERS', '3.00', 'TRIP', 0, 3, '450.00', '1350.00', 1, '0.00', '0.00', '1350.00', '0.00', '0.00', '1350.00'),
(77, 13, '4', 'TO USE TOOLS AND MANUALLY ENTER THE  DRAIN TO REMOVE ALL SAND, STONES, DEBRIS ETC FROM THE SIDES AND BOTTOM OF DRAINAGE.', '0.00', 'LOT', 0, 4, '3400.00', '3400.00', 1, '0.00', '0.00', '3400.00', '0.00', '0.00', '3400.00'),
(78, 13, '5', 'REMOVE WINDSCREEN AND TINTING WORKS DONE FOR THE WHOLE CAR', '0.00', 'UNITS', 0, 5, '0.00', '0.00', 1, '0.00', '0.00', '0.00', '0.00', '0.00', '0.00'),
(79, 13, '6', 'TEAK WOOD IKEA TABLE 5 X 7 FEET', '0.00', 'PCS', 0, 6, '0.00', '0.00', 1, '0.00', '0.00', '0.00', '0.00', '0.00', '0.00'),
(80, 13, '', 'LABOUR', '0.00', '', 0, 7, '0.00', '0.00', 1, '0.00', '0.00', '0.00', '0.00', '0.00', '0.00'),
(81, 13, '1', 'TO USE TOOLS AND MANUALLY ENTER THE  DRAIN TO REMOVE ALL SAND, STONES, DEBRIS ETC FROM THE SIDES AND BOTTOM OF DRAINAGE.', '4.00', 'LOT', 0, 8, '3400.00', '13600.00', 1, '0.00', '0.00', '13600.00', '0.00', '0.00', '13600.00'),
(82, 13, '2', 'TOP RADIATOR HOSE ORIGINAL', '0.00', '', 0, 9, '345.00', '345.00', 1, '0.00', '0.00', '345.00', '0.00', '0.00', '345.00'),
(83, 13, '3', 'MOTOROLLA HANDPHONE MODEL X-9', '4.00', 'unit', 0, 10, '1340.00', '5360.00', 1, '0.00', '0.00', '4984.80', '7.00', '375.20', '4984.80'),
(84, 13, '', '', '0.00', '', 0, 11, '0.00', '0.00', 1, '0.00', '0.00', '0.00', '0.00', '0.00', '0.00'),
(85, 14, '', '', '0.00', '', 0, 1, '1000.00', '1000.00', 1, '0.00', '0.00', '1000.00', '0.00', '0.00', '1000.00'),
(86, 14, '', '', '0.00', '', 0, 2, '0.00', '0.00', 1, '0.00', '0.00', '0.00', '0.00', '0.00', '0.00'),
(87, 14, '', '', '0.00', '', 0, 3, '0.00', '0.00', 1, '0.00', '0.00', '0.00', '0.00', '0.00', '0.00'),
(88, 14, '', '', '0.00', '', 0, 4, '0.00', '0.00', 1, '0.00', '0.00', '0.00', '0.00', '0.00', '0.00'),
(89, 14, '', '', '0.00', '', 0, 5, '0.00', '0.00', 1, '0.00', '0.00', '0.00', '0.00', '0.00', '0.00'),
(90, 15, '', '', '0.00', '', 0, 1, '1000.00', '1000.00', 1, '0.00', '0.00', '1000.00', '0.00', '0.00', '1000.00'),
(91, 15, '', '', '0.00', '', 0, 2, '0.00', '0.00', 1, '0.00', '0.00', '0.00', '0.00', '0.00', '0.00'),
(92, 15, '', '', '0.00', '', 0, 3, '0.00', '0.00', 1, '0.00', '0.00', '0.00', '0.00', '0.00', '0.00'),
(93, 15, '', '', '0.00', '', 0, 4, '0.00', '0.00', 1, '0.00', '0.00', '0.00', '0.00', '0.00', '0.00'),
(94, 15, '', '', '0.00', '', 0, 5, '0.00', '0.00', 1, '0.00', '0.00', '0.00', '0.00', '0.00', '0.00'),
(95, 16, '1', 'CALENDAR FOR YEAR 2023 INCLUDING STICKERS MICKEY MOUSE', '1.00', 'PCS', 0, 1, '41.55', '41.55', 2, '6.00', '2.49', '44.04', '0.00', '0.00', '41.55'),
(96, 16, '2', 'JETTING WORKS AND CLEAR BLOCKAGES WITH RODDER MACHINE', '0.00', 'unit', 0, 2, '700.00', '700.00', 1, '0.00', '0.00', '630.00', '10.00', '70.00', '630.00'),
(97, 16, '3', 'DESLUDGING TANKER 3 CUBIC METERS', '3.00', 'TRIP', 0, 3, '450.00', '1350.00', 1, '0.00', '0.00', '1350.00', '0.00', '0.00', '1350.00'),
(98, 16, '4', 'TO USE TOOLS AND MANUALLY ENTER THE  DRAIN TO REMOVE ALL SAND, STONES, DEBRIS ETC FROM THE SIDES AND BOTTOM OF DRAINAGE.', '0.00', 'LOT', 0, 4, '3400.00', '3400.00', 1, '0.00', '0.00', '3400.00', '0.00', '0.00', '3400.00'),
(99, 16, '5', 'REMOVE WINDSCREEN AND TINTING WORKS DONE FOR THE WHOLE CAR', '0.00', 'UNITS', 0, 5, '0.00', '0.00', 1, '0.00', '0.00', '0.00', '0.00', '0.00', '0.00'),
(100, 16, '6', 'TEAK WOOD IKEA TABLE 5 X 7 FEET', '0.00', 'PCS', 0, 6, '0.00', '0.00', 1, '0.00', '0.00', '0.00', '0.00', '0.00', '0.00'),
(101, 16, '', 'LABOUR', '0.00', '', 0, 7, '0.00', '0.00', 1, '0.00', '0.00', '0.00', '0.00', '0.00', '0.00'),
(102, 16, '1', 'TO USE TOOLS AND MANUALLY ENTER THE  DRAIN TO REMOVE ALL SAND, STONES, DEBRIS ETC FROM THE SIDES AND BOTTOM OF DRAINAGE.', '4.00', 'LOT', 0, 8, '3400.00', '13600.00', 1, '0.00', '0.00', '13600.00', '0.00', '0.00', '13600.00'),
(103, 16, '2', 'TOP RADIATOR HOSE ORIGINAL', '0.00', '', 0, 9, '345.00', '345.00', 1, '0.00', '0.00', '345.00', '0.00', '0.00', '345.00'),
(104, 16, '3', 'MOTOROLLA HANDPHONE MODEL X-9', '4.00', 'unit', 0, 10, '1340.00', '5360.00', 1, '0.00', '0.00', '4984.80', '7.00', '375.20', '4984.80'),
(105, 16, '', '', '0.00', '', 0, 11, '0.00', '0.00', 1, '0.00', '0.00', '0.00', '0.00', '0.00', '0.00'),
(106, 17, '1', 'CALENDAR FOR YEAR 2023 INCLUDING STICKERS MICKEY MOUSE', '1.00', 'PCS', 0, 1, '41.55', '41.55', 2, '6.00', '2.49', '44.04', '0.00', '0.00', '41.55'),
(107, 17, '2', 'JETTING WORKS AND CLEAR BLOCKAGES WITH RODDER MACHINE', '0.00', 'unit', 0, 2, '700.00', '700.00', 1, '0.00', '0.00', '630.00', '10.00', '70.00', '630.00'),
(108, 17, '3', 'DESLUDGING TANKER 3 CUBIC METERS', '3.00', 'TRIP', 0, 3, '450.00', '1350.00', 1, '0.00', '0.00', '1350.00', '0.00', '0.00', '1350.00'),
(109, 17, '4', 'TO USE TOOLS AND MANUALLY ENTER THE  DRAIN TO REMOVE ALL SAND, STONES, DEBRIS ETC FROM THE SIDES AND BOTTOM OF DRAINAGE.', '0.00', 'LOT', 0, 4, '3400.00', '3400.00', 1, '0.00', '0.00', '3400.00', '0.00', '0.00', '3400.00'),
(110, 17, '5', 'REMOVE WINDSCREEN AND TINTING WORKS DONE FOR THE WHOLE CAR', '0.00', 'UNITS', 0, 5, '0.00', '0.00', 1, '0.00', '0.00', '0.00', '0.00', '0.00', '0.00'),
(111, 17, '6', 'TEAK WOOD IKEA TABLE 5 X 7 FEET', '0.00', 'PCS', 0, 6, '0.00', '0.00', 1, '0.00', '0.00', '0.00', '0.00', '0.00', '0.00'),
(112, 17, '', 'LABOUR', '0.00', '', 0, 7, '0.00', '0.00', 1, '0.00', '0.00', '0.00', '0.00', '0.00', '0.00'),
(113, 17, '1', 'TO USE TOOLS AND MANUALLY ENTER THE  DRAIN TO REMOVE ALL SAND, STONES, DEBRIS ETC FROM THE SIDES AND BOTTOM OF DRAINAGE.', '4.00', 'LOT', 0, 8, '3400.00', '13600.00', 1, '0.00', '0.00', '13600.00', '0.00', '0.00', '13600.00'),
(114, 17, '2', 'TOP RADIATOR HOSE ORIGINAL', '0.00', '', 0, 9, '345.00', '345.00', 1, '0.00', '0.00', '345.00', '0.00', '0.00', '345.00'),
(115, 17, '3', 'MOTOROLLA HANDPHONE MODEL X-9', '4.00', 'unit', 0, 10, '1340.00', '5360.00', 1, '0.00', '0.00', '4984.80', '7.00', '375.20', '4984.80'),
(116, 17, '', '', '0.00', '', 0, 11, '0.00', '0.00', 1, '0.00', '0.00', '0.00', '0.00', '0.00', '0.00'),
(117, 17, '', '', '0.00', '', 0, 12, '0.00', '0.00', 1, '0.00', '0.00', '0.00', '0.00', '0.00', '0.00'),
(118, 17, '', '', '0.00', '', 0, 13, '0.00', '0.00', 1, '0.00', '0.00', '0.00', '0.00', '0.00', '0.00'),
(129, 18, '', 'AIRCOND CLEANING AND SERVICING FOR JAPANESE CARS ONLY', '0.00', '', 0, 1, '0.00', '0.00', 1, '0.00', '0.00', '0.00', '0.00', '0.00', '0.00'),
(130, 18, '', 'BEZA CAR MALAYSIA MADE', '2.00', 'PCS', 0, 2, '2500.45', '5000.90', 1, '0.00', '0.00', '5000.90', '0.00', '0.00', '5000.90'),
(131, 18, '', 'APPLE CIDER', '0.00', 'units', 0, 3, '99.00', '99.00', 1, '0.00', '0.00', '99.00', '0.00', '0.00', '99.00'),
(132, 18, '', '', '0.00', '', 0, 4, '0.00', '0.00', 1, '0.00', '0.00', '0.00', '0.00', '0.00', '0.00'),
(133, 18, '', '', '0.00', '', 0, 5, '0.00', '0.00', 1, '0.00', '0.00', '0.00', '0.00', '0.00', '0.00'),
(145, 19, '1', 'CALENDAR FOR YEAR 2023 INCLUDING STICKERS MICKEY MOUSE', '1.00', 'PCS', 0, 1, '41.55', '41.55', 2, '6.00', '2.49', '44.04', '0.00', '0.00', '41.55'),
(146, 19, '2', 'JETTING WORKS AND CLEAR BLOCKAGES WITH RODDER MACHINE', '0.00', 'unit', 0, 2, '700.00', '700.00', 1, '0.00', '0.00', '630.00', '10.00', '70.00', '630.00'),
(147, 19, '3', 'DESLUDGING TANKER 3 CUBIC METERS', '3.00', '', 1, 3, '450.30', '1350.90', 1, '0.00', '0.00', '1350.90', '0.00', '0.00', '1350.90'),
(148, 19, '4', 'TO USE TOOLS AND MANUALLY ENTER THE  DRAIN TO REMOVE ALL SAND, STONES, DEBRIS ETC FROM THE SIDES AND BOTTOM OF DRAINAGE.', '0.00', 'LOT', 0, 4, '3400.00', '3400.00', 1, '0.00', '0.00', '3400.00', '0.00', '0.00', '3400.00'),
(149, 19, '5', 'REMOVE WINDSCREEN AND TINTING WORKS DONE FOR THE WHOLE CAR', '0.00', 'UNITS', 0, 5, '0.00', '0.00', 1, '0.00', '0.00', '0.00', '0.00', '0.00', '0.00'),
(150, 19, '6', 'TEAK WOOD IKEA TABLE 5 X 7 FEET', '0.00', 'PCS', 0, 6, '0.00', '0.00', 1, '0.00', '0.00', '0.00', '0.00', '0.00', '0.00'),
(151, 19, '', 'LABOUR', '0.00', '', 0, 7, '0.00', '0.00', 1, '0.00', '0.00', '0.00', '0.00', '0.00', '0.00'),
(152, 19, '1', 'TO USE TOOLS AND MANUALLY ENTER THE  DRAIN TO REMOVE ALL SAND, STONES, DEBRIS ETC FROM THE SIDES AND BOTTOM OF DRAINAGE.', '4.00', 'LOT', 0, 8, '3400.00', '13600.00', 1, '0.00', '0.00', '13600.00', '0.00', '0.00', '13600.00'),
(153, 19, '2', 'TOP RADIATOR HOSE ORIGINAL', '0.00', '', 0, 9, '345.00', '345.00', 1, '0.00', '0.00', '345.00', '0.00', '0.00', '345.00'),
(154, 19, '3', 'MOTOROLLA HANDPHONE MODEL X-9', '4.00', 'unit', 0, 10, '1340.00', '5360.00', 1, '0.00', '0.00', '4984.80', '7.00', '375.20', '4984.80'),
(155, 19, '', '', '0.01', '', 0, 11, '10.00', '0.06', 1, '0.00', '0.00', '0.06', '0.00', '0.00', '0.06'),
(156, 20, '', 'AIRCOND CLEANING AND SERVICING FOR JAPANESE CARS ONLY', '0.00', '', 0, 1, '45.00', '45.00', 1, '0.00', '0.00', '45.00', '0.00', '0.00', '45.00'),
(157, 20, '', 'REMOVE WINDSCREEN AND TINTING WORKS DONE FOR THE WHOLE CAR', '4.00', 'UNITS', 0, 2, '33.00', '132.00', 1, '0.00', '0.00', '132.00', '0.00', '0.00', '132.00'),
(158, 20, '', 'COLGATE MEDIUM PACKET', '0.00', 'bottle', 0, 3, '33.00', '33.00', 1, '0.00', '0.00', '33.00', '0.00', '0.00', '33.00'),
(159, 20, '', '', '0.00', '', 0, 4, '0.00', '0.00', 1, '0.00', '0.00', '0.00', '0.00', '0.00', '0.00'),
(160, 20, '', '', '0.00', '', 0, 5, '0.00', '0.00', 1, '0.00', '0.00', '0.00', '0.00', '0.00', '0.00'),
(161, 20, '', '', '0.00', '', 0, 6, '0.00', '0.00', 1, '0.00', '0.00', '0.00', '0.00', '0.00', '0.00'),
(162, 20, '', '', '0.00', '', 0, 7, '0.00', '0.00', 1, '0.00', '0.00', '0.00', '0.00', '0.00', '0.00'),
(163, 20, '', '', '0.00', '', 0, 8, '0.00', '0.00', 1, '0.00', '0.00', '0.00', '0.00', '0.00', '0.00'),
(164, 20, '', '', '0.00', '', 0, 9, '0.00', '0.00', 1, '0.00', '0.00', '0.00', '0.00', '0.00', '0.00'),
(165, 20, '', '', '0.00', '', 0, 10, '0.00', '0.00', 1, '0.00', '0.00', '0.00', '0.00', '0.00', '0.00'),
(176, 21, '1', 'AIRCOND CLEANING AND SERVICING FOR JAPANESE CARS ONLY', '3.00', '', 0, 1, '56.00', '168.00', 1, '0.00', '0.00', '168.00', '0.00', '0.00', '168.00'),
(177, 21, '2', 'APPLE WATCH SMART', '0.00', 'PCS', 0, 2, '450.00', '450.00', 1, '0.00', '0.00', '450.00', '0.00', '0.00', '450.00'),
(178, 21, '3', 'DHLD PACKAGE DELIVERY CHARGES', '0.00', 'LOT', 0, 3, '23.50', '23.50', 1, '0.00', '0.00', '23.50', '0.00', '0.00', '23.50'),
(179, 21, '4', 'BUTTER CHICKEN', '0.00', 'pcs', 0, 4, '56.00', '56.00', 1, '0.00', '0.00', '56.00', '0.00', '0.00', '56.00'),
(180, 21, '5', 'JETTING WORKS AND CLEAR BLOCKAGES WITH RODDER MACHINE', '0.00', 'unit', 0, 5, '700.00', '700.00', 1, '0.00', '0.00', '700.00', '0.00', '0.00', '700.00'),
(181, 21, '', '', '0.00', '', 0, 6, '2000.00', '2000.00', 1, '0.00', '0.00', '2000.00', '0.00', '0.00', '2000.00'),
(182, 21, '', '', '0.00', '', 0, 7, '0.00', '0.00', 1, '0.00', '0.00', '0.00', '0.00', '0.00', '0.00'),
(183, 21, '', '', '0.00', '', 0, 8, '0.00', '0.00', 1, '0.00', '0.00', '0.00', '0.00', '0.00', '0.00'),
(184, 21, '', '', '0.00', '', 0, 9, '0.00', '0.00', 1, '0.00', '0.00', '0.00', '0.00', '0.00', '0.00'),
(185, 21, '', '', '0.00', '', 0, 10, '0.00', '0.00', 1, '0.00', '0.00', '0.00', '0.00', '0.00', '0.00'),
(186, 22, '', '', '0.00', '', 0, 1, '1000.00', '1000.00', 1, '0.00', '0.00', '1000.00', '0.00', '0.00', '1000.00'),
(187, 22, '', '', '0.00', '', 0, 2, '0.00', '0.00', 1, '0.00', '0.00', '0.00', '0.00', '0.00', '0.00'),
(188, 22, '', '', '0.00', '', 0, 3, '0.00', '0.00', 1, '0.00', '0.00', '0.00', '0.00', '0.00', '0.00'),
(189, 22, '', '', '0.00', '', 0, 4, '0.00', '0.00', 1, '0.00', '0.00', '0.00', '0.00', '0.00', '0.00'),
(190, 22, '', '', '0.00', '', 0, 5, '0.00', '0.00', 1, '0.00', '0.00', '0.00', '0.00', '0.00', '0.00'),
(191, 22, '', '', '0.00', '', 0, 6, '0.00', '0.00', 1, '0.00', '0.00', '0.00', '0.00', '0.00', '0.00'),
(192, 22, '', '', '0.00', '', 0, 7, '0.00', '0.00', 1, '0.00', '0.00', '0.00', '0.00', '0.00', '0.00'),
(193, 22, '', '', '0.00', '', 0, 8, '0.00', '0.00', 1, '0.00', '0.00', '0.00', '0.00', '0.00', '0.00'),
(194, 22, '', '', '0.00', '', 0, 9, '0.00', '0.00', 1, '0.00', '0.00', '0.00', '0.00', '0.00', '0.00'),
(195, 22, '', '', '0.00', '', 0, 10, '0.00', '0.00', 1, '0.00', '0.00', '0.00', '0.00', '0.00', '0.00'),
(196, 23, '', '', '0.00', '', 0, 1, '7000.00', '7000.00', 1, '0.00', '0.00', '7000.00', '0.00', '0.00', '7000.00'),
(197, 23, '', '', '0.00', '', 0, 2, '0.00', '0.00', 1, '0.00', '0.00', '0.00', '0.00', '0.00', '0.00'),
(198, 23, '', '', '0.00', '', 0, 3, '0.00', '0.00', 1, '0.00', '0.00', '0.00', '0.00', '0.00', '0.00'),
(199, 23, '', '', '0.00', '', 0, 4, '0.00', '0.00', 1, '0.00', '0.00', '0.00', '0.00', '0.00', '0.00'),
(200, 23, '', '', '0.00', '', 0, 5, '0.00', '0.00', 1, '0.00', '0.00', '0.00', '0.00', '0.00', '0.00'),
(201, 23, '', '', '0.00', '', 0, 6, '0.00', '0.00', 1, '0.00', '0.00', '0.00', '0.00', '0.00', '0.00'),
(202, 23, '', '', '0.00', '', 0, 7, '0.00', '0.00', 1, '0.00', '0.00', '0.00', '0.00', '0.00', '0.00'),
(203, 23, '', '', '0.00', '', 0, 8, '0.00', '0.00', 1, '0.00', '0.00', '0.00', '0.00', '0.00', '0.00'),
(204, 23, '', '', '0.00', '', 0, 9, '0.00', '0.00', 1, '0.00', '0.00', '0.00', '0.00', '0.00', '0.00'),
(205, 23, '', '', '0.00', '', 0, 10, '0.00', '0.00', 1, '0.00', '0.00', '0.00', '0.00', '0.00', '0.00'),
(206, 24, '', '', '0.00', '', 0, 1, '999.00', '999.00', 1, '0.00', '0.00', '999.00', '0.00', '0.00', '999.00'),
(207, 24, '', '', '0.00', '', 0, 2, '0.00', '0.00', 1, '0.00', '0.00', '0.00', '0.00', '0.00', '0.00'),
(208, 24, '', '', '0.00', '', 0, 3, '0.00', '0.00', 1, '0.00', '0.00', '0.00', '0.00', '0.00', '0.00'),
(209, 24, '', '', '0.00', '', 0, 4, '0.00', '0.00', 1, '0.00', '0.00', '0.00', '0.00', '0.00', '0.00'),
(210, 24, '', '', '0.00', '', 0, 5, '0.00', '0.00', 1, '0.00', '0.00', '0.00', '0.00', '0.00', '0.00'),
(211, 24, '', '', '0.00', '', 0, 6, '0.00', '0.00', 1, '0.00', '0.00', '0.00', '0.00', '0.00', '0.00'),
(212, 24, '', '', '0.00', '', 0, 7, '0.00', '0.00', 1, '0.00', '0.00', '0.00', '0.00', '0.00', '0.00'),
(213, 24, '', '', '0.00', '', 0, 8, '0.00', '0.00', 1, '0.00', '0.00', '0.00', '0.00', '0.00', '0.00'),
(214, 24, '', '', '0.00', '', 0, 9, '0.00', '0.00', 1, '0.00', '0.00', '0.00', '0.00', '0.00', '0.00'),
(215, 24, '', '', '0.00', '', 0, 10, '0.00', '0.00', 1, '0.00', '0.00', '0.00', '0.00', '0.00', '0.00'),
(216, 25, '1', 'CALENDAR FOR YEAR 2023 INCLUDING STICKERS MICKEY MOUSE', '67.00', 'PCS', 0, 1, '41.55', '2783.85', 1, '0.00', '0.00', '2783.85', '0.00', '0.00', '2783.85'),
(217, 25, '2', 'DESLUDGING TANKER 3 CUBIC METERS', '0.00', 'TRIP', 0, 2, '450.00', '450.00', 1, '0.00', '0.00', '450.00', '0.00', '0.00', '450.00'),
(218, 25, '3', 'DESLUDGING TANKER 8 CUBIC METERS', '0.00', 'TRIP', 0, 3, '945.00', '945.00', 1, '0.00', '0.00', '945.00', '0.00', '0.00', '945.00'),
(219, 25, '4', 'TO USE TOOLS AND MANUALLY ENTER THE  DRAIN TO REMOVE ALL SAND, STONES, DEBRIS ETC FROM THE SIDES AND BOTTOM OF DRAINAGE.', '3.00', 'LOT', 0, 4, '56.00', '168.00', 1, '0.00', '0.00', '168.00', '0.00', '0.00', '168.00'),
(220, 25, '', '', '0.00', '', 0, 5, '0.00', '0.00', 1, '0.00', '0.00', '0.00', '0.00', '0.00', '0.00'),
(221, 25, '', '', '0.00', '', 0, 6, '0.00', '0.00', 1, '0.00', '0.00', '0.00', '0.00', '0.00', '0.00'),
(222, 25, '', '', '0.00', '', 0, 7, '0.00', '0.00', 1, '0.00', '0.00', '0.00', '0.00', '0.00', '0.00'),
(223, 25, '', '', '0.00', '', 0, 8, '0.00', '0.00', 1, '0.00', '0.00', '0.00', '0.00', '0.00', '0.00'),
(224, 25, '', '', '0.00', '', 0, 9, '0.00', '0.00', 1, '0.00', '0.00', '0.00', '0.00', '0.00', '0.00'),
(225, 25, '', 'CAR AIRCOND REFILL GAS AND SERVICE', '0.00', '', 0, 10, '77.00', '77.00', 1, '0.00', '0.00', '77.00', '0.00', '0.00', '77.00'),
(226, 25, '', 'MOTOROLLA HANDPHONE MODEL X-9', '0.00', 'unit', 0, 11, '1340.00', '1340.00', 1, '0.00', '0.00', '1340.00', '0.00', '0.00', '1340.00'),
(227, 26, '1', 'AIRCOND CLEANING AND SERVICING FOR JAPANESE CARS ONLY', '3.00', '', 0, 1, '56.00', '168.00', 1, '0.00', '0.00', '168.00', '0.00', '0.00', '168.00'),
(228, 26, '2', 'APPLE WATCH SMART', '0.00', 'PCS', 0, 2, '450.00', '450.00', 1, '0.00', '0.00', '450.00', '0.00', '0.00', '450.00'),
(229, 26, '3', 'DHLD PACKAGE DELIVERY CHARGES', '0.00', 'LOT', 0, 3, '23.50', '23.50', 1, '0.00', '0.00', '23.50', '0.00', '0.00', '23.50'),
(230, 26, '4', 'BUTTER CHICKEN', '0.00', 'pcs', 0, 4, '56.00', '56.00', 1, '0.00', '0.00', '56.00', '0.00', '0.00', '56.00'),
(231, 26, '5', 'JETTING WORKS AND CLEAR BLOCKAGES WITH RODDER MACHINE', '0.00', 'unit', 0, 5, '700.00', '700.00', 1, '0.00', '0.00', '700.00', '0.00', '0.00', '700.00'),
(232, 26, '', '', '0.00', '', 0, 6, '0.00', '0.00', 1, '0.00', '0.00', '0.00', '0.00', '0.00', '0.00'),
(233, 26, '', '', '0.00', '', 0, 7, '0.00', '0.00', 1, '0.00', '0.00', '0.00', '0.00', '0.00', '0.00'),
(234, 26, '', '', '0.00', '', 0, 8, '0.00', '0.00', 1, '0.00', '0.00', '0.00', '0.00', '0.00', '0.00'),
(235, 26, '', '', '0.00', '', 0, 9, '0.00', '0.00', 1, '0.00', '0.00', '0.00', '0.00', '0.00', '0.00'),
(236, 26, '', '', '0.00', '', 0, 10, '0.00', '0.00', 1, '0.00', '0.00', '0.00', '0.00', '0.00', '0.00'),
(237, 27, '', '', '0.00', '', 0, 1, '1000.00', '1000.00', 1, '0.00', '0.00', '1000.00', '0.00', '0.00', '1000.00'),
(238, 27, '', '', '0.00', '', 0, 2, '0.00', '0.00', 1, '0.00', '0.00', '0.00', '0.00', '0.00', '0.00'),
(239, 27, '', '', '0.00', '', 0, 3, '0.00', '0.00', 1, '0.00', '0.00', '0.00', '0.00', '0.00', '0.00'),
(240, 27, '', '', '0.00', '', 0, 4, '0.00', '0.00', 1, '0.00', '0.00', '0.00', '0.00', '0.00', '0.00'),
(241, 27, '', '', '0.00', '', 0, 5, '0.00', '0.00', 1, '0.00', '0.00', '0.00', '0.00', '0.00', '0.00'),
(242, 27, '', '', '0.00', '', 0, 6, '0.00', '0.00', 1, '0.00', '0.00', '0.00', '0.00', '0.00', '0.00'),
(243, 27, '', '', '0.00', '', 0, 7, '0.00', '0.00', 1, '0.00', '0.00', '0.00', '0.00', '0.00', '0.00'),
(244, 27, '', '', '0.00', '', 0, 8, '0.00', '0.00', 1, '0.00', '0.00', '0.00', '0.00', '0.00', '0.00'),
(245, 27, '', '', '0.00', '', 0, 9, '0.00', '0.00', 1, '0.00', '0.00', '0.00', '0.00', '0.00', '0.00'),
(246, 27, '', '', '0.00', '', 0, 10, '0.00', '0.00', 1, '0.00', '0.00', '0.00', '0.00', '0.00', '0.00'),
(247, 28, '', '', '0.00', '', 0, 1, '400.00', '400.00', 1, '0.00', '0.00', '400.00', '0.00', '0.00', '400.00'),
(248, 28, '', '', '0.00', '', 0, 2, '0.00', '0.00', 1, '0.00', '0.00', '0.00', '0.00', '0.00', '0.00'),
(249, 28, '', '', '0.00', '', 0, 3, '0.00', '0.00', 1, '0.00', '0.00', '0.00', '0.00', '0.00', '0.00'),
(250, 28, '', '', '0.00', '', 0, 4, '0.00', '0.00', 1, '0.00', '0.00', '0.00', '0.00', '0.00', '0.00'),
(251, 28, '', '', '0.00', '', 0, 5, '0.00', '0.00', 1, '0.00', '0.00', '0.00', '0.00', '0.00', '0.00'),
(252, 28, '', '', '0.00', '', 0, 6, '0.00', '0.00', 1, '0.00', '0.00', '0.00', '0.00', '0.00', '0.00'),
(253, 28, '', '', '0.00', '', 0, 7, '0.00', '0.00', 1, '0.00', '0.00', '0.00', '0.00', '0.00', '0.00'),
(254, 28, '', '', '0.00', '', 0, 8, '0.00', '0.00', 1, '0.00', '0.00', '0.00', '0.00', '0.00', '0.00'),
(255, 28, '', '', '0.00', '', 0, 9, '0.00', '0.00', 1, '0.00', '0.00', '0.00', '0.00', '0.00', '0.00'),
(256, 28, '', '', '0.00', '', 0, 10, '0.00', '0.00', 1, '0.00', '0.00', '0.00', '0.00', '0.00', '0.00'),
(267, 29, '', '', '0.00', '', 0, 1, '1000.00', '1000.00', 1, '0.00', '0.00', '1000.00', '0.00', '0.00', '1000.00'),
(268, 29, '', '', '0.00', '', 0, 2, '0.00', '0.00', 1, '0.00', '0.00', '0.00', '0.00', '0.00', '0.00'),
(269, 29, '', '', '0.00', '', 0, 3, '0.00', '0.00', 1, '0.00', '0.00', '0.00', '0.00', '0.00', '0.00'),
(270, 29, '', '', '0.00', '', 0, 4, '0.00', '0.00', 1, '0.00', '0.00', '0.00', '0.00', '0.00', '0.00'),
(271, 29, '', '', '0.00', '', 0, 5, '0.00', '0.00', 1, '0.00', '0.00', '0.00', '0.00', '0.00', '0.00'),
(272, 29, '', '', '0.00', '', 0, 6, '0.00', '0.00', 1, '0.00', '0.00', '0.00', '0.00', '0.00', '0.00'),
(273, 29, '', '', '0.00', '', 0, 7, '0.00', '0.00', 1, '0.00', '0.00', '0.00', '0.00', '0.00', '0.00'),
(274, 29, '', '', '0.00', '', 0, 8, '0.00', '0.00', 1, '0.00', '0.00', '0.00', '0.00', '0.00', '0.00'),
(275, 29, '', '', '0.00', '', 0, 9, '0.00', '0.00', 1, '0.00', '0.00', '0.00', '0.00', '0.00', '0.00'),
(276, 29, '', '', '0.00', '', 0, 10, '0.00', '0.00', 1, '0.00', '0.00', '0.00', '0.00', '0.00', '0.00'),
(287, 30, '1', 'AIRCOND CLEANING AND SERVICING FOR JAPANESE CARS ONLY', '3.00', '', 0, 1, '56.00', '168.00', 1, '0.00', '0.00', '168.00', '0.00', '0.00', '168.00'),
(288, 30, '2', 'APPLE WATCH SMART', '0.00', 'PCS', 0, 2, '450.00', '450.00', 1, '0.00', '0.00', '450.00', '0.00', '0.00', '450.00'),
(289, 30, '3', 'DHLD PACKAGE DELIVERY CHARGES', '0.00', 'LOT', 0, 3, '23.50', '23.50', 1, '0.00', '0.00', '23.50', '0.00', '0.00', '23.50'),
(290, 30, '4', 'BUTTER CHICKEN', '0.00', 'pcs', 0, 4, '56.00', '56.00', 1, '0.00', '0.00', '56.00', '0.00', '0.00', '56.00'),
(291, 30, '5', 'JETTING WORKS AND CLEAR BLOCKAGES WITH RODDER MACHINE', '0.00', 'unit', 0, 5, '700.00', '700.00', 1, '0.00', '0.00', '700.00', '0.00', '0.00', '700.00'),
(292, 30, '', '', '0.00', '', 0, 6, '0.00', '0.00', 1, '0.00', '0.00', '0.00', '0.00', '0.00', '0.00'),
(293, 30, '', '', '0.00', '', 0, 7, '0.00', '0.00', 1, '0.00', '0.00', '0.00', '0.00', '0.00', '0.00'),
(294, 30, '', '', '0.00', '', 0, 8, '0.00', '0.00', 1, '0.00', '0.00', '0.00', '0.00', '0.00', '0.00'),
(295, 30, '', '', '0.00', '', 0, 9, '0.00', '0.00', 1, '0.00', '0.00', '0.00', '0.00', '0.00', '0.00'),
(296, 30, '', '', '0.00', '', 0, 10, '0.00', '0.00', 1, '0.00', '0.00', '0.00', '0.00', '0.00', '0.00'),
(297, 31, '', 'BEZA CAR MALAYSIA MADE', '0.00', 'PCS', 0, 1, '2500.45', '2500.45', 1, '0.00', '0.00', '2500.45', '0.00', '0.00', '2500.45'),
(298, 31, '', '', '0.00', '', 0, 2, '0.00', '0.00', 1, '0.00', '0.00', '0.00', '0.00', '0.00', '0.00'),
(299, 31, '', '', '0.00', '', 0, 3, '0.00', '0.00', 1, '0.00', '0.00', '0.00', '0.00', '0.00', '0.00'),
(300, 31, '', '', '0.00', '', 0, 4, '0.00', '0.00', 1, '0.00', '0.00', '0.00', '0.00', '0.00', '0.00'),
(301, 31, '', '', '0.00', '', 0, 5, '0.00', '0.00', 1, '0.00', '0.00', '0.00', '0.00', '0.00', '0.00'),
(302, 31, '', '', '0.00', '', 0, 6, '0.00', '0.00', 1, '0.00', '0.00', '0.00', '0.00', '0.00', '0.00'),
(303, 31, '', '', '0.00', '', 0, 7, '0.00', '0.00', 1, '0.00', '0.00', '0.00', '0.00', '0.00', '0.00'),
(304, 31, '', '', '0.00', '', 0, 8, '0.00', '0.00', 1, '0.00', '0.00', '0.00', '0.00', '0.00', '0.00'),
(305, 31, '', '', '0.00', '', 0, 9, '0.00', '0.00', 1, '0.00', '0.00', '0.00', '0.00', '0.00', '0.00'),
(306, 31, '', '', '0.00', '', 0, 10, '0.00', '0.00', 1, '0.00', '0.00', '0.00', '0.00', '0.00', '0.00'),
(317, 32, '', '', '0.00', '', 0, 1, '6000.00', '6000.00', 1, '0.00', '0.00', '6000.00', '0.00', '0.00', '6000.00'),
(318, 32, '', '', '0.00', '', 0, 2, '0.00', '0.00', 1, '0.00', '0.00', '0.00', '0.00', '0.00', '0.00'),
(319, 32, '', '', '0.00', '', 0, 3, '0.00', '0.00', 1, '0.00', '0.00', '0.00', '0.00', '0.00', '0.00'),
(320, 32, '', '', '0.00', '', 0, 4, '0.00', '0.00', 1, '0.00', '0.00', '0.00', '0.00', '0.00', '0.00'),
(321, 32, '', '', '0.00', '', 0, 5, '0.00', '0.00', 1, '0.00', '0.00', '0.00', '0.00', '0.00', '0.00'),
(322, 32, '', '', '0.00', '', 0, 6, '0.00', '0.00', 1, '0.00', '0.00', '0.00', '0.00', '0.00', '0.00'),
(323, 32, '', '', '0.00', '', 0, 7, '0.00', '0.00', 1, '0.00', '0.00', '0.00', '0.00', '0.00', '0.00'),
(324, 32, '', '', '0.00', '', 0, 8, '0.00', '0.00', 1, '0.00', '0.00', '0.00', '0.00', '0.00', '0.00'),
(325, 32, '', '', '0.00', '', 0, 9, '0.00', '0.00', 1, '0.00', '0.00', '0.00', '0.00', '0.00', '0.00'),
(326, 32, '', '', '0.00', '', 0, 10, '0.00', '0.00', 1, '0.00', '0.00', '0.00', '0.00', '0.00', '0.00'),
(337, 33, '', '', '0.00', '', 0, 1, '450.00', '450.00', 1, '0.00', '0.00', '450.00', '0.00', '0.00', '450.00'),
(338, 33, '', '', '0.00', '', 0, 2, '0.00', '0.00', 1, '0.00', '0.00', '0.00', '0.00', '0.00', '0.00'),
(339, 33, '', '', '0.00', '', 0, 3, '0.00', '0.00', 1, '0.00', '0.00', '0.00', '0.00', '0.00', '0.00'),
(340, 33, '', '', '0.00', '', 0, 4, '0.00', '0.00', 1, '0.00', '0.00', '0.00', '0.00', '0.00', '0.00'),
(341, 33, '', '', '0.00', '', 0, 5, '0.00', '0.00', 1, '0.00', '0.00', '0.00', '0.00', '0.00', '0.00'),
(342, 33, '', '', '0.00', '', 0, 6, '0.00', '0.00', 1, '0.00', '0.00', '0.00', '0.00', '0.00', '0.00'),
(343, 33, '', '', '0.00', '', 0, 7, '0.00', '0.00', 1, '0.00', '0.00', '0.00', '0.00', '0.00', '0.00'),
(344, 33, '', '', '0.00', '', 0, 8, '0.00', '0.00', 1, '0.00', '0.00', '0.00', '0.00', '0.00', '0.00'),
(345, 33, '', '', '0.00', '', 0, 9, '0.00', '0.00', 1, '0.00', '0.00', '0.00', '0.00', '0.00', '0.00'),
(346, 33, '', '', '0.00', '', 0, 10, '0.00', '0.00', 1, '0.00', '0.00', '0.00', '0.00', '0.00', '0.00'),
(347, 34, '', 'CALENDAR FOR YEAR 2023 INCLUDING STICKERS MICKEY MOUSE', '0.00', 'PCS', 0, 1, '41.55', '41.55', 1, '0.00', '0.00', '41.55', '0.00', '0.00', '41.55'),
(348, 34, '', 'CAR TINTING SERVICE - V COOL HOLLAND TYPE', '0.00', 'PCS', 0, 2, '100.00', '100.00', 1, '0.00', '0.00', '100.00', '0.00', '0.00', '100.00'),
(349, 34, '', '', '0.00', '', 0, 3, '0.00', '0.00', 1, '0.00', '0.00', '0.00', '0.00', '0.00', '0.00'),
(350, 34, '', '', '0.00', '', 0, 4, '0.00', '0.00', 1, '0.00', '0.00', '0.00', '0.00', '0.00', '0.00'),
(351, 34, '', '', '0.00', '', 0, 5, '0.00', '0.00', 1, '0.00', '0.00', '0.00', '0.00', '0.00', '0.00'),
(352, 34, '', '', '0.00', '', 0, 6, '0.00', '0.00', 1, '0.00', '0.00', '0.00', '0.00', '0.00', '0.00'),
(353, 34, '', '', '0.00', '', 0, 7, '0.00', '0.00', 1, '0.00', '0.00', '0.00', '0.00', '0.00', '0.00'),
(354, 34, '', '', '0.00', '', 0, 8, '0.00', '0.00', 1, '0.00', '0.00', '0.00', '0.00', '0.00', '0.00'),
(355, 34, '', '', '0.00', '', 0, 9, '0.00', '0.00', 1, '0.00', '0.00', '0.00', '0.00', '0.00', '0.00'),
(356, 34, '', '', '0.00', '', 0, 10, '0.00', '0.00', 1, '0.00', '0.00', '0.00', '0.00', '0.00', '0.00'),
(357, 35, '1', 'AIRCOND CLEANING AND SERVICING FOR JAPANESE CARS ONLY', '3.00', '', 0, 1, '56.00', '168.00', 1, '0.00', '0.00', '168.00', '0.00', '0.00', '168.00'),
(358, 35, '2', 'APPLE WATCH SMART', '0.00', 'PCS', 0, 2, '450.00', '450.00', 1, '0.00', '0.00', '450.00', '0.00', '0.00', '450.00'),
(359, 35, '3', 'DHLD PACKAGE DELIVERY CHARGES', '0.00', 'LOT', 0, 3, '23.50', '23.50', 1, '0.00', '0.00', '23.50', '0.00', '0.00', '23.50'),
(360, 35, '4', 'BUTTER CHICKEN', '0.00', 'pcs', 0, 4, '56.00', '56.00', 1, '0.00', '0.00', '56.00', '0.00', '0.00', '56.00'),
(361, 35, '5', 'JETTING WORKS AND CLEAR BLOCKAGES WITH RODDER MACHINE', '0.00', 'unit', 0, 5, '700.00', '700.00', 1, '0.00', '0.00', '700.00', '0.00', '0.00', '700.00'),
(362, 35, '', '', '0.00', '', 0, 6, '0.00', '0.00', 1, '0.00', '0.00', '0.00', '0.00', '0.00', '0.00'),
(363, 35, '', '', '0.00', '', 0, 7, '0.00', '0.00', 1, '0.00', '0.00', '0.00', '0.00', '0.00', '0.00'),
(364, 35, '', '', '0.00', '', 0, 8, '0.00', '0.00', 1, '0.00', '0.00', '0.00', '0.00', '0.00', '0.00'),
(365, 35, '', '', '0.00', '', 0, 9, '0.00', '0.00', 1, '0.00', '0.00', '0.00', '0.00', '0.00', '0.00'),
(366, 35, '', '', '0.00', '', 0, 10, '0.00', '0.00', 1, '0.00', '0.00', '0.00', '0.00', '0.00', '0.00');

-- --------------------------------------------------------

--
-- Table structure for table `tbpurchaseorder`
--

DROP TABLE IF EXISTS `tbpurchaseorder`;
CREATE TABLE IF NOT EXISTS `tbpurchaseorder` (
  `purchaseOrder_id` int(11) NOT NULL AUTO_INCREMENT,
  `purchaseOrder_no` varchar(30) NOT NULL,
  `purchaseOrder_date` date NOT NULL,
  `purchaseOrder_customerID` int(11) NOT NULL,
  `purchaseOrder_title` varchar(200) NOT NULL,
  `purchaseOrder_from` varchar(50) NOT NULL,
  `purchaseOrder_terms` text NOT NULL,
  `purchaseOrder_attention` varchar(100) NOT NULL,
  `purchaseOrder_email` varchar(100) NOT NULL,
  `purchaseOrder_subTotal` decimal(10,2) NOT NULL DEFAULT '0.00',
  `purchaseOrder_taxTotal` decimal(10,2) NOT NULL DEFAULT '0.00',
  `purchaseOrder_grandTotal` decimal(10,2) NOT NULL DEFAULT '0.00',
  `purchaseOrder_discountTotal` decimal(10,2) NOT NULL DEFAULT '0.00',
  `purchaseOrder_totalAfterDiscount` decimal(10,2) NOT NULL DEFAULT '0.00',
  `purchaseOrder_roundAmount` decimal(10,2) NOT NULL DEFAULT '0.00',
  `purchaseOrder_grandTotalRound` decimal(10,2) NOT NULL DEFAULT '0.00',
  `purchaseOrder_roundStatus` int(1) NOT NULL DEFAULT '0',
  `purchaseOrder_content` text NOT NULL,
  `purchaseOrder_purchaseBillID` int(11) NOT NULL DEFAULT '0',
  `purchaseOrder_purchaseBillNo` varchar(30) NOT NULL,
  PRIMARY KEY (`purchaseOrder_id`)
) ENGINE=InnoDB AUTO_INCREMENT=20 DEFAULT CHARSET=latin1;

--
-- Dumping data for table `tbpurchaseorder`
--

INSERT INTO `tbpurchaseorder` (`purchaseOrder_id`, `purchaseOrder_no`, `purchaseOrder_date`, `purchaseOrder_customerID`, `purchaseOrder_title`, `purchaseOrder_from`, `purchaseOrder_terms`, `purchaseOrder_attention`, `purchaseOrder_email`, `purchaseOrder_subTotal`, `purchaseOrder_taxTotal`, `purchaseOrder_grandTotal`, `purchaseOrder_discountTotal`, `purchaseOrder_totalAfterDiscount`, `purchaseOrder_roundAmount`, `purchaseOrder_grandTotalRound`, `purchaseOrder_roundStatus`, `purchaseOrder_content`, `purchaseOrder_purchaseBillID`, `purchaseOrder_purchaseBillNo`) VALUES
(1, 'PO/2023/001', '2023-08-17', 94, '', '', '<p><strong>Purchase Order Terms</strong></p><ol><li>PO terms annd te ther day</li><li>f.) Hirer have to issue the Purchase Order before we can proceed the job.</li></ol>', 'MR RAMESH / SHOBA', 'admin@clean_sewers.com', '1000.07', '0.00', '1000.07', '0.00', '1000.07', '0.00', '1000.07', 0, '', 11, 'PB00100'),
(2, 'PO/2023/002', '2023-08-22', 18, 'PARTS FOR KELANA JAYA PHARMACY', 'RANJIV SINGH', '<p><strong>Purchase Order Terms</strong></p><ol><li>PO terms annd te ther day</li><li>f.) Hirer have to issue the Purchase Order before we can proceed the job.</li></ol>', 'ENCIK KAMARUDDIN', 'fn_malaysia@gmail.com', '8941.00', '472.86', '9254.86', '159.00', '8782.00', '0.00', '9254.86', 0, '<p><strong>Sewerage Engineering Service</strong> takes full responsibility on all Grease Trap tank waste collected from <strong>HAIDILAO INTERNATIONAL FOOD SERVICES MALAYSIA SDN BHD</strong></p>', 0, ''),
(3, 'PO/2023/003', '2023-09-20', 202, '', '', '<p><strong>Purchase Order Terms</strong></p><ol><li>PO terms annd te ther day</li><li>f.) Hirer have to issue the Purchase Order before we can proceed the job.</li></ol>', 'MADAM AISAH', 'aaa_insurance@gmail.com', '8155.00', '0.00', '8155.00', '0.00', '8155.00', '0.00', '8155.00', 0, '', 5, 'PB005'),
(4, 'PO/2023/004', '2023-09-21', 11, '', '', '<p><strong>Purchase Order Terms</strong></p><ol><li>PO terms annd te ther day</li><li>f.) Hirer have to issue the Purchase Order before we can proceed the job.</li></ol>', 'Mr Saravanan', 'sara_98@hotmail.com', '19436.55', '0.00', '19436.55', '0.00', '19436.55', '0.00', '19436.55', 0, '', 0, ''),
(5, 'PO/2023/005', '2023-09-21', 239, '', '', '<p><strong>Purchase Order Terms</strong></p><ol><li>PO terms annd te ther day</li><li>f.) Hirer have to issue the Purchase Order before we can proceed the job.</li></ol>', 'MR RAVINDRAN', 'ravin_989@gmail.com', '24796.55', '2.49', '24353.84', '445.20', '24351.35', '0.00', '24353.84', 0, '', 6, 'PB006'),
(6, 'PO/2023/006', '2024-03-15', 241, 'SENT FROM WAREHOUSE TO PENANG TO PORT KLANG', '', '<p><strong>Purchase Order Terms</strong></p><ol><li>PO terms annd te ther day</li><li>f.) Hirer have to issue the Purchase Order before we can proceed the job.</li></ol>', 'MS JANET JI', 'pharmacy_99@gmail.com', '24796.55', '2.49', '24353.84', '445.20', '24351.35', '0.00', '24353.84', 0, '<p>TO MR ALEX TAN</p><p>ON BEHALF OF FRIEGHT FORWARDING 9098/0884</p>', 13, 'PB00102'),
(7, 'PO/2023/007', '2024-03-15', 242, '', '', '<p><strong>Purchase Order Terms</strong></p><ol><li>PO terms annd te ther day</li><li>f.) Hirer have to issue the Purchase Order before we can proceed the job.</li></ol>', '', 'appb@gmail.com', '24796.55', '2.49', '24353.84', '445.20', '24351.35', '0.00', '24353.84', 0, '', 0, ''),
(8, 'PO/2023/008', '2024-03-22', 148, '', '', '<p><strong>Purchase Order Terms</strong></p><ol><li>PO terms annd te ther day</li><li>f.) Hirer have to issue the Purchase Order before we can proceed the job.</li></ol>', 'MR KUMAR RAO', '', '24796.55', '2.49', '24353.84', '445.20', '24351.35', '0.00', '24353.84', 0, '', 16, 'PB00105'),
(9, 'PO/2023/009', '2024-06-10', 94, '', '', '<p><strong>Purchase Order Terms</strong></p><ol><li>PO terms annd te ther day</li><li>f.) Hirer have to issue the Purchase Order before we can proceed the job.</li></ol>', 'MR RAMESH / SHOBA', 'admin@clean_sewers.com', '24796.55', '2.49', '24353.84', '445.20', '24351.35', '0.00', '24353.84', 0, '', 0, ''),
(10, 'PO/2023/010', '2024-06-10', 66, '', '', '<p><strong>Purchase Order Terms</strong></p><ol><li>PO terms annd te ther day</li><li>f.) Hirer have to issue the Purchase Order before we can proceed the job.</li></ol>', '', '', '31596.55', '2.49', '31153.84', '445.20', '31151.35', '0.01', '31153.85', 1, '', 0, ''),
(11, 'PO/2023/011', '2024-06-10', 3, '', '', '<p><strong>Purchase Order Terms</strong></p><ol><li>PO terms annd te ther day</li><li>f.) Hirer have to issue the Purchase Order before we can proceed the job.</li></ol>', 'Mr John Tan', 'american_88@hotmailcom', '25060.55', '2.49', '24617.84', '445.20', '24615.35', '0.00', '24617.84', 0, '', 0, ''),
(12, 'PO/2023/012', '2024-06-10', 11, '', '', '<p><strong>Purchase Order Terms</strong></p><ol><li>PO terms annd te ther day</li><li>f.) Hirer have to issue the Purchase Order before we can proceed the job.</li></ol>', 'Mr Saravanan', 'sara_98@hotmail.com', '24796.55', '2.49', '24353.84', '445.20', '24351.35', '0.00', '24353.84', 0, '', 0, ''),
(13, 'PO/2023/013', '2024-06-09', 24, '', '', '<p><strong>Purchase Order Terms</strong></p><ol><li>PO terms annd te ther day</li><li>f.) Hirer have to issue the Purchase Order before we can proceed the job.</li></ol>', 'MR KUMAR RAO', 'telug_assc@gmail.com', '3440.40', '0.00', '3440.40', '0.00', '3440.40', '0.00', '3440.40', 0, '', 0, ''),
(14, 'PO/2023/015', '2024-06-23', 202, '', '', '<p><strong>Purchase Order Terms</strong></p><ol><li>PO terms annd te ther day</li><li>f.) Hirer have to issue the Purchase Order before we can proceed the job.</li></ol>', 'MADAM AISAH', 'aaa_insurance@gmail.com', '4100.00', '0.00', '4100.00', '0.00', '4100.00', '0.00', '4100.00', 0, '', 0, ''),
(15, 'PO/2023/016', '2024-06-24', 132, '', '', '<p><strong>Purchase Order Terms</strong></p><ol><li>PO terms annd te ther day</li><li>f.) Hirer have to issue the Purchase Order before we can proceed the job.</li></ol>', 'MR ALI KAMARUDDIN', 'care@iwk.com.my', '5763.85', '0.00', '5763.85', '0.00', '5763.85', '0.00', '5763.85', 0, '', 25, 'PB00114'),
(16, 'PO/2023/017', '2024-06-27', 242, '', '', '<p><strong>Purchase Order Terms</strong></p><ol><li>PO terms annd te ther day</li><li>f.) Hirer have to issue the Purchase Order before we can proceed the job.</li></ol>', '', 'appb@gmail.com', '1397.50', '0.00', '1397.50', '0.00', '1397.50', '0.00', '1397.50', 0, '', 21, 'PB00110'),
(17, 'PO/2023/018', '2024-07-05', 148, '', '', '<p><strong>Purchase Order Terms</strong></p><ol><li>PO terms annd te ther day</li><li>f.) Hirer have to issue the Purchase Order before we can proceed the job.</li></ol>', 'MR KUMAR RAO', '', '1397.50', '0.00', '1397.50', '0.00', '1397.50', '0.00', '1397.50', 0, '', 26, 'PB00115'),
(18, 'PO/2023/019', '2024-07-12', 82, '', '', '<p><strong>Purchase Order Terms</strong></p><ol><li>PO terms annd te ther day</li><li>f.) Hirer have to issue the Purchase Order before we can proceed the job.</li></ol>', '', '', '1397.50', '0.00', '1397.50', '0.00', '1397.50', '0.00', '1397.50', 0, '', 30, 'PB00119'),
(19, 'PO/2023/020', '2024-07-19', 228, '', '', '<p><strong>Purchase Order Terms</strong></p><ol><li>PO terms annd te ther day</li><li>f.) Hirer have to issue the Purchase Order before we can proceed the job.</li></ol>', 'MR SAID ISKANDAR', '', '1397.50', '0.00', '1397.50', '0.00', '1397.50', '0.00', '1397.50', 0, '', 35, 'PB002890');

-- --------------------------------------------------------

--
-- Table structure for table `tbpurchaseorderdetail`
--

DROP TABLE IF EXISTS `tbpurchaseorderdetail`;
CREATE TABLE IF NOT EXISTS `tbpurchaseorderdetail` (
  `purchaseOrderDetail_id` int(11) NOT NULL AUTO_INCREMENT,
  `purchaseOrderDetail_purchaseOrderID` int(10) NOT NULL,
  `purchaseOrderDetail_no1` varchar(200) NOT NULL,
  `purchaseOrderDetail_no2` varchar(200) NOT NULL,
  `purchaseOrderDetail_no3` decimal(10,2) NOT NULL DEFAULT '0.00',
  `purchaseOrderDetail_no4` varchar(200) NOT NULL,
  `purchaseOrderDetail_bold` int(11) NOT NULL DEFAULT '0' COMMENT '0=normal, 1=bold',
  `purchaseOrderDetail_sortID` int(2) NOT NULL DEFAULT '0',
  `purchaseOrderDetail_no5` decimal(10,2) NOT NULL DEFAULT '0.00',
  `purchaseOrderDetail_rowTotal` decimal(10,2) NOT NULL DEFAULT '0.00',
  `purchaseOrderDetail_taxRateID` int(10) NOT NULL DEFAULT '0',
  `purchaseOrderDetail_taxPercent` decimal(10,2) NOT NULL DEFAULT '0.00',
  `purchaseOrderDetail_taxTotal` decimal(10,2) NOT NULL DEFAULT '0.00',
  `purchaseOrderDetail_rowGrandTotal` decimal(10,2) NOT NULL DEFAULT '0.00',
  `purchaseOrderDetail_discountPercent` decimal(10,2) NOT NULL DEFAULT '0.00',
  `purchaseOrderDetail_discountAmount` decimal(10,2) NOT NULL DEFAULT '0.00',
  `purchaseOrderDetail_rowTotalAfterDiscount` decimal(10,2) NOT NULL DEFAULT '0.00',
  PRIMARY KEY (`purchaseOrderDetail_id`)
) ENGINE=InnoDB AUTO_INCREMENT=302 DEFAULT CHARSET=latin1;

--
-- Dumping data for table `tbpurchaseorderdetail`
--

INSERT INTO `tbpurchaseorderdetail` (`purchaseOrderDetail_id`, `purchaseOrderDetail_purchaseOrderID`, `purchaseOrderDetail_no1`, `purchaseOrderDetail_no2`, `purchaseOrderDetail_no3`, `purchaseOrderDetail_no4`, `purchaseOrderDetail_bold`, `purchaseOrderDetail_sortID`, `purchaseOrderDetail_no5`, `purchaseOrderDetail_rowTotal`, `purchaseOrderDetail_taxRateID`, `purchaseOrderDetail_taxPercent`, `purchaseOrderDetail_taxTotal`, `purchaseOrderDetail_rowGrandTotal`, `purchaseOrderDetail_discountPercent`, `purchaseOrderDetail_discountAmount`, `purchaseOrderDetail_rowTotalAfterDiscount`) VALUES
(1, 1, '', '', '0.00', '', 0, 1, '1000.07', '1000.07', 1, '0.00', '0.00', '1000.07', '0.00', '0.00', '1000.07'),
(2, 1, '', '', '0.00', '', 0, 2, '0.00', '0.00', 1, '0.00', '0.00', '0.00', '0.00', '0.00', '0.00'),
(3, 1, '', '', '0.00', '', 0, 3, '0.00', '0.00', 1, '0.00', '0.00', '0.00', '0.00', '0.00', '0.00'),
(4, 1, '', '', '0.00', '', 0, 4, '0.00', '0.00', 1, '0.00', '0.00', '0.00', '0.00', '0.00', '0.00'),
(5, 1, '', '', '0.00', '', 0, 5, '0.00', '0.00', 1, '0.00', '0.00', '0.00', '0.00', '0.00', '0.00'),
(55, 2, '', 'PARTS AND SPARES', '0.00', '', 1, 1, '0.00', '0.00', 1, '0.00', '0.00', '0.00', '0.00', '0.00', '0.00'),
(56, 2, '1.', 'CAR AIRCOND REFILL GAS AND SERVICE', '3.00', '', 0, 2, '77.00', '231.00', 2, '6.00', '13.86', '244.86', '0.00', '0.00', '231.00'),
(57, 2, '2.', 'CAR CARBURATOR CHANGE', '0.00', '', 0, 3, '77.00', '77.00', 1, '0.00', '0.00', '77.00', '0.00', '0.00', '77.00'),
(58, 2, '3.', 'CAR TINTING SERVICE - V COOL HOLLAND TYPE', '0.00', 'PCS', 0, 4, '100.00', '100.00', 1, '0.00', '0.00', '91.00', '9.00', '9.00', '91.00'),
(59, 2, '', 'ELECTRICAL PARTS', '0.00', '', 1, 5, '0.00', '0.00', 1, '0.00', '0.00', '0.00', '0.00', '0.00', '0.00'),
(60, 2, '1.', 'COLGATE MEDIUM PACKET', '0.00', 'bottle', 0, 6, '33.00', '33.00', 1, '0.00', '0.00', '33.00', '0.00', '0.00', '33.00'),
(61, 2, '2.', 'MAZDA X5 TYRE CHANGE 175/90PSI JAPAN MADE', '0.00', 'PCS', 0, 7, '100.00', '100.00', 1, '0.00', '0.00', '100.00', '0.00', '0.00', '100.00'),
(62, 2, '3.', 'PREPARE HOUSE TENANCY AGREEMENT FOR CUSTOMER FOR THE YEAR 2023 AND 2024', '5.00', 'LOT', 0, 8, '690.00', '3450.00', 1, '0.00', '0.00', '3450.00', '0.00', '0.00', '3450.00'),
(63, 2, '4.', 'NOKIA CHARGER TYPE CARBON 4598BK', '0.00', 'UNIT', 0, 9, '50.00', '50.00', 1, '0.00', '0.00', '50.00', '0.00', '0.00', '50.00'),
(64, 2, '5.', 'REMOVE WINDSCREEN AND TINTING WORKS DONE FOR THE WHOLE CAR', '3.00', 'UNITS', 0, 10, '500.00', '1500.00', 4, '34.00', '459.00', '1809.00', '10.00', '150.00', '1350.00'),
(65, 2, '', 'LABOUR', '0.00', '', 1, 11, '0.00', '0.00', 1, '0.00', '0.00', '0.00', '0.00', '0.00', '0.00'),
(66, 2, '1.', 'TO USE TOOLS AND MANUALLY ENTER THE  DRAIN TO REMOVE ALL SAND, STONES, DEBRIS ETC FROM THE SIDES AND BOTTOM OF DRAIN.', '0.00', 'LOT', 0, 12, '3400.00', '3400.00', 1, '0.00', '0.00', '3400.00', '0.00', '0.00', '3400.00'),
(67, 2, '', '', '0.00', '', 0, 13, '0.00', '0.00', 1, '0.00', '0.00', '0.00', '0.00', '0.00', '0.00'),
(68, 2, '', '', '0.00', '', 0, 14, '0.00', '0.00', 1, '0.00', '0.00', '0.00', '0.00', '0.00', '0.00'),
(69, 3, '', 'APPLE WATCH SMART', '3.00', 'PCS', 0, 1, '450.00', '1350.00', 1, '0.00', '0.00', '1350.00', '0.00', '0.00', '1350.00'),
(70, 3, '', 'COMPUTER DELL XPS 15 16GB RAM 512GB SSD INTEL I9 PROCESSOR', '2.00', 'PCS', 0, 2, '0.00', '0.00', 1, '0.00', '0.00', '0.00', '0.00', '0.00', '0.00'),
(71, 3, '', 'TO USE TOOLS AND MANUALLY ENTER THE  DRAIN TO REMOVE ALL SAND, STONES, DEBRIS ETC FROM THE SIDES AND BOTTOM OF DRAINAGE.', '2.00', 'LOT', 0, 3, '3400.00', '6800.00', 1, '0.00', '0.00', '6800.00', '0.00', '0.00', '6800.00'),
(72, 3, '', 'Jetting Works and Clear blockages with rodder machine', '0.00', 'unit', 0, 4, '5.00', '5.00', 1, '0.00', '0.00', '5.00', '0.00', '0.00', '5.00'),
(73, 3, '', '', '0.00', '', 0, 5, '0.00', '0.00', 1, '0.00', '0.00', '0.00', '0.00', '0.00', '0.00'),
(74, 3, '', '', '0.00', '', 0, 6, '0.00', '0.00', 1, '0.00', '0.00', '0.00', '0.00', '0.00', '0.00'),
(75, 3, '', '', '0.00', '', 0, 7, '0.00', '0.00', 1, '0.00', '0.00', '0.00', '0.00', '0.00', '0.00'),
(76, 4, '1', 'CALENDAR FOR YEAR 2023 INCLUDING STICKERS MICKEY MOUSE', '1.00', 'PCS', 0, 1, '41.55', '41.55', 1, '0.00', '0.00', '41.55', '0.00', '0.00', '41.55'),
(77, 4, '2', 'JETTING WORKS AND CLEAR BLOCKAGES WITH RODDER MACHINE', '0.00', 'unit', 0, 2, '700.00', '700.00', 1, '0.00', '0.00', '700.00', '0.00', '0.00', '700.00'),
(78, 4, '3', 'DESLUDGING TANKER 3 CUBIC METERS', '3.00', 'TRIP', 0, 3, '450.00', '1350.00', 1, '0.00', '0.00', '1350.00', '0.00', '0.00', '1350.00'),
(79, 4, '4', 'TO USE TOOLS AND MANUALLY ENTER THE  DRAIN TO REMOVE ALL SAND, STONES, DEBRIS ETC FROM THE SIDES AND BOTTOM OF DRAINAGE.', '0.00', 'LOT', 0, 4, '3400.00', '3400.00', 1, '0.00', '0.00', '3400.00', '0.00', '0.00', '3400.00'),
(80, 4, '5', 'REMOVE WINDSCREEN AND TINTING WORKS DONE FOR THE WHOLE CAR', '0.00', 'UNITS', 0, 5, '0.00', '0.00', 1, '0.00', '0.00', '0.00', '0.00', '0.00', '0.00'),
(81, 4, '6', 'TEAK WOOD IKEA TABLE 5 X 7 FEET', '0.00', 'PCS', 0, 6, '0.00', '0.00', 1, '0.00', '0.00', '0.00', '0.00', '0.00', '0.00'),
(82, 4, '', 'LABOUR', '0.00', '', 1, 7, '0.00', '0.00', 1, '0.00', '0.00', '0.00', '0.00', '0.00', '0.00'),
(83, 4, '1', 'TO USE TOOLS AND MANUALLY ENTER THE  DRAIN TO REMOVE ALL SAND, STONES, DEBRIS ETC FROM THE SIDES AND BOTTOM OF DRAINAGE.', '4.00', 'LOT', 0, 8, '3400.00', '13600.00', 1, '0.00', '0.00', '13600.00', '0.00', '0.00', '13600.00'),
(84, 4, '2', 'TOP RADIATOR HOSE ORIGINAL', '0.00', '', 0, 9, '345.00', '345.00', 1, '0.00', '0.00', '345.00', '0.00', '0.00', '345.00'),
(85, 5, '1', 'CALENDAR FOR YEAR 2023 INCLUDING STICKERS MICKEY MOUSE', '1.00', 'PCS', 0, 1, '41.55', '41.55', 2, '6.00', '2.49', '44.04', '0.00', '0.00', '41.55'),
(86, 5, '2', 'JETTING WORKS AND CLEAR BLOCKAGES WITH RODDER MACHINE', '0.00', 'unit', 0, 2, '700.00', '700.00', 1, '0.00', '0.00', '630.00', '10.00', '70.00', '630.00'),
(87, 5, '3', 'DESLUDGING TANKER 3 CUBIC METERS', '3.00', 'TRIP', 0, 3, '450.00', '1350.00', 1, '0.00', '0.00', '1350.00', '0.00', '0.00', '1350.00'),
(88, 5, '4', 'TO USE TOOLS AND MANUALLY ENTER THE  DRAIN TO REMOVE ALL SAND, STONES, DEBRIS ETC FROM THE SIDES AND BOTTOM OF DRAINAGE.', '0.00', 'LOT', 0, 4, '3400.00', '3400.00', 1, '0.00', '0.00', '3400.00', '0.00', '0.00', '3400.00'),
(89, 5, '5', 'REMOVE WINDSCREEN AND TINTING WORKS DONE FOR THE WHOLE CAR', '0.00', 'UNITS', 0, 5, '0.00', '0.00', 1, '0.00', '0.00', '0.00', '0.00', '0.00', '0.00'),
(90, 5, '6', 'TEAK WOOD IKEA TABLE 5 X 7 FEET', '0.00', 'PCS', 0, 6, '0.00', '0.00', 1, '0.00', '0.00', '0.00', '0.00', '0.00', '0.00'),
(91, 5, '', 'LABOUR', '0.00', '', 1, 7, '0.00', '0.00', 1, '0.00', '0.00', '0.00', '0.00', '0.00', '0.00'),
(92, 5, '1', 'TO USE TOOLS AND MANUALLY ENTER THE  DRAIN TO REMOVE ALL SAND, STONES, DEBRIS ETC FROM THE SIDES AND BOTTOM OF DRAINAGE.', '4.00', 'LOT', 0, 8, '3400.00', '13600.00', 1, '0.00', '0.00', '13600.00', '0.00', '0.00', '13600.00'),
(93, 5, '2', 'TOP RADIATOR HOSE ORIGINAL', '0.00', '', 0, 9, '345.00', '345.00', 1, '0.00', '0.00', '345.00', '0.00', '0.00', '345.00'),
(94, 5, '3', 'MOTOROLLA HANDPHONE MODEL X-9', '4.00', 'unit', 0, 10, '1340.00', '5360.00', 1, '0.00', '0.00', '4984.80', '7.00', '375.20', '4984.80'),
(95, 5, '', '', '0.00', '', 0, 11, '0.00', '0.00', 1, '0.00', '0.00', '0.00', '0.00', '0.00', '0.00'),
(107, 7, '1', 'CALENDAR FOR YEAR 2023 INCLUDING STICKERS MICKEY MOUSE', '1.00', 'PCS', 0, 1, '41.55', '41.55', 2, '6.00', '2.49', '44.04', '0.00', '0.00', '41.55'),
(108, 7, '2', 'JETTING WORKS AND CLEAR BLOCKAGES WITH RODDER MACHINE', '0.00', 'unit', 0, 2, '700.00', '700.00', 1, '0.00', '0.00', '630.00', '10.00', '70.00', '630.00'),
(109, 7, '3', 'DESLUDGING TANKER 3 CUBIC METERS', '3.00', 'TRIP', 0, 3, '450.00', '1350.00', 1, '0.00', '0.00', '1350.00', '0.00', '0.00', '1350.00'),
(110, 7, '4', 'TO USE TOOLS AND MANUALLY ENTER THE  DRAIN TO REMOVE ALL SAND, STONES, DEBRIS ETC FROM THE SIDES AND BOTTOM OF DRAINAGE.', '0.00', 'LOT', 0, 4, '3400.00', '3400.00', 1, '0.00', '0.00', '3400.00', '0.00', '0.00', '3400.00'),
(111, 7, '5', 'REMOVE WINDSCREEN AND TINTING WORKS DONE FOR THE WHOLE CAR', '0.00', 'UNITS', 0, 5, '0.00', '0.00', 1, '0.00', '0.00', '0.00', '0.00', '0.00', '0.00'),
(112, 7, '6', 'TEAK WOOD IKEA TABLE 5 X 7 FEET', '0.00', 'PCS', 0, 6, '0.00', '0.00', 1, '0.00', '0.00', '0.00', '0.00', '0.00', '0.00'),
(113, 7, '', 'LABOUR', '0.00', '', 1, 7, '0.00', '0.00', 1, '0.00', '0.00', '0.00', '0.00', '0.00', '0.00'),
(114, 7, '1', 'TO USE TOOLS AND MANUALLY ENTER THE  DRAIN TO REMOVE ALL SAND, STONES, DEBRIS ETC FROM THE SIDES AND BOTTOM OF DRAINAGE.', '4.00', 'LOT', 0, 8, '3400.00', '13600.00', 1, '0.00', '0.00', '13600.00', '0.00', '0.00', '13600.00'),
(115, 7, '2', 'TOP RADIATOR HOSE ORIGINAL', '0.00', '', 0, 9, '345.00', '345.00', 1, '0.00', '0.00', '345.00', '0.00', '0.00', '345.00'),
(116, 7, '3', 'MOTOROLLA HANDPHONE MODEL X-9', '4.00', 'unit', 0, 10, '1340.00', '5360.00', 1, '0.00', '0.00', '4984.80', '7.00', '375.20', '4984.80'),
(117, 7, '', '', '0.00', '', 0, 11, '0.00', '0.00', 1, '0.00', '0.00', '0.00', '0.00', '0.00', '0.00'),
(118, 6, '1', 'CALENDAR FOR YEAR 2023 INCLUDING STICKERS MICKEY MOUSE', '1.00', 'PCS', 0, 1, '41.55', '41.55', 2, '6.00', '2.49', '44.04', '0.00', '0.00', '41.55'),
(119, 6, '2', 'JETTING WORKS AND CLEAR BLOCKAGES WITH RODDER MACHINE', '0.00', 'unit', 0, 2, '700.00', '700.00', 1, '0.00', '0.00', '630.00', '10.00', '70.00', '630.00'),
(120, 6, '3', 'DESLUDGING TANKER 3 CUBIC METERS', '3.00', 'TRIP', 0, 3, '450.00', '1350.00', 1, '0.00', '0.00', '1350.00', '0.00', '0.00', '1350.00'),
(121, 6, '4', 'TO USE TOOLS AND MANUALLY ENTER THE  DRAIN TO REMOVE ALL SAND, STONES, DEBRIS ETC FROM THE SIDES AND BOTTOM OF DRAINAGE.', '0.00', 'LOT', 0, 4, '3400.00', '3400.00', 1, '0.00', '0.00', '3400.00', '0.00', '0.00', '3400.00'),
(122, 6, '5', 'REMOVE WINDSCREEN AND TINTING WORKS DONE FOR THE WHOLE CAR', '0.00', 'UNITS', 0, 5, '0.00', '0.00', 1, '0.00', '0.00', '0.00', '0.00', '0.00', '0.00'),
(123, 6, '6', 'TEAK WOOD IKEA TABLE 5 X 7 FEET', '0.00', 'PCS', 0, 6, '0.00', '0.00', 1, '0.00', '0.00', '0.00', '0.00', '0.00', '0.00'),
(124, 6, '', 'LABOUR', '0.00', '', 1, 7, '0.00', '0.00', 1, '0.00', '0.00', '0.00', '0.00', '0.00', '0.00'),
(125, 6, '1', 'TO USE TOOLS AND MANUALLY ENTER THE  DRAIN TO REMOVE ALL SAND, STONES, DEBRIS ETC FROM THE SIDES AND BOTTOM OF DRAINAGE.', '4.00', 'LOT', 0, 8, '3400.00', '13600.00', 1, '0.00', '0.00', '13600.00', '0.00', '0.00', '13600.00'),
(126, 6, '2', 'TOP RADIATOR HOSE ORIGINAL', '0.00', '', 0, 9, '345.00', '345.00', 1, '0.00', '0.00', '345.00', '0.00', '0.00', '345.00'),
(127, 6, '3', 'MOTOROLLA HANDPHONE MODEL X-9', '4.00', 'unit', 0, 10, '1340.00', '5360.00', 1, '0.00', '0.00', '4984.80', '7.00', '375.20', '4984.80'),
(128, 6, '', '', '0.00', '', 0, 11, '0.00', '0.00', 1, '0.00', '0.00', '0.00', '0.00', '0.00', '0.00'),
(129, 8, '1', 'CALENDAR FOR YEAR 2023 INCLUDING STICKERS MICKEY MOUSE', '1.00', 'PCS', 0, 1, '41.55', '41.55', 2, '6.00', '2.49', '44.04', '0.00', '0.00', '41.55'),
(130, 8, '2', 'JETTING WORKS AND CLEAR BLOCKAGES WITH RODDER MACHINE', '0.00', 'unit', 0, 2, '700.00', '700.00', 1, '0.00', '0.00', '630.00', '10.00', '70.00', '630.00'),
(131, 8, '3', 'DESLUDGING TANKER 3 CUBIC METERS', '3.00', 'TRIP', 0, 3, '450.00', '1350.00', 1, '0.00', '0.00', '1350.00', '0.00', '0.00', '1350.00'),
(132, 8, '4', 'TO USE TOOLS AND MANUALLY ENTER THE  DRAIN TO REMOVE ALL SAND, STONES, DEBRIS ETC FROM THE SIDES AND BOTTOM OF DRAINAGE.', '0.00', 'LOT', 0, 4, '3400.00', '3400.00', 1, '0.00', '0.00', '3400.00', '0.00', '0.00', '3400.00'),
(133, 8, '5', 'REMOVE WINDSCREEN AND TINTING WORKS DONE FOR THE WHOLE CAR', '0.00', 'UNITS', 0, 5, '0.00', '0.00', 1, '0.00', '0.00', '0.00', '0.00', '0.00', '0.00'),
(134, 8, '6', 'TEAK WOOD IKEA TABLE 5 X 7 FEET', '0.00', 'PCS', 0, 6, '0.00', '0.00', 1, '0.00', '0.00', '0.00', '0.00', '0.00', '0.00'),
(135, 8, '', 'LABOUR', '0.00', '', 1, 7, '0.00', '0.00', 1, '0.00', '0.00', '0.00', '0.00', '0.00', '0.00'),
(136, 8, '1', 'TO USE TOOLS AND MANUALLY ENTER THE  DRAIN TO REMOVE ALL SAND, STONES, DEBRIS ETC FROM THE SIDES AND BOTTOM OF DRAINAGE.', '4.00', 'LOT', 0, 8, '3400.00', '13600.00', 1, '0.00', '0.00', '13600.00', '0.00', '0.00', '13600.00'),
(137, 8, '2', 'TOP RADIATOR HOSE ORIGINAL', '0.00', '', 0, 9, '345.00', '345.00', 1, '0.00', '0.00', '345.00', '0.00', '0.00', '345.00'),
(138, 8, '3', 'MOTOROLLA HANDPHONE MODEL X-9', '4.00', 'unit', 0, 10, '1340.00', '5360.00', 1, '0.00', '0.00', '4984.80', '7.00', '375.20', '4984.80'),
(139, 8, '', '', '0.00', '', 0, 11, '0.00', '0.00', 1, '0.00', '0.00', '0.00', '0.00', '0.00', '0.00'),
(140, 9, '1', 'CALENDAR FOR YEAR 2023 INCLUDING STICKERS MICKEY MOUSE', '1.00', 'PCS', 0, 1, '41.55', '41.55', 2, '6.00', '2.49', '44.04', '0.00', '0.00', '41.55'),
(141, 9, '2', 'JETTING WORKS AND CLEAR BLOCKAGES WITH RODDER MACHINE', '0.00', 'unit', 0, 2, '700.00', '700.00', 1, '0.00', '0.00', '630.00', '10.00', '70.00', '630.00'),
(142, 9, '3', 'DESLUDGING TANKER 3 CUBIC METERS', '3.00', 'TRIP', 0, 3, '450.00', '1350.00', 1, '0.00', '0.00', '1350.00', '0.00', '0.00', '1350.00'),
(143, 9, '4', 'TO USE TOOLS AND MANUALLY ENTER THE  DRAIN TO REMOVE ALL SAND, STONES, DEBRIS ETC FROM THE SIDES AND BOTTOM OF DRAINAGE.', '0.00', 'LOT', 0, 4, '3400.00', '3400.00', 1, '0.00', '0.00', '3400.00', '0.00', '0.00', '3400.00'),
(144, 9, '5', 'REMOVE WINDSCREEN AND TINTING WORKS DONE FOR THE WHOLE CAR', '0.00', 'UNITS', 0, 5, '0.00', '0.00', 1, '0.00', '0.00', '0.00', '0.00', '0.00', '0.00'),
(145, 9, '6', 'TEAK WOOD IKEA TABLE 5 X 7 FEET', '0.00', 'PCS', 0, 6, '0.00', '0.00', 1, '0.00', '0.00', '0.00', '0.00', '0.00', '0.00'),
(146, 9, '', 'LABOUR', '0.00', '', 1, 7, '0.00', '0.00', 1, '0.00', '0.00', '0.00', '0.00', '0.00', '0.00'),
(147, 9, '1', 'TO USE TOOLS AND MANUALLY ENTER THE  DRAIN TO REMOVE ALL SAND, STONES, DEBRIS ETC FROM THE SIDES AND BOTTOM OF DRAINAGE.', '4.00', 'LOT', 0, 8, '3400.00', '13600.00', 1, '0.00', '0.00', '13600.00', '0.00', '0.00', '13600.00'),
(148, 9, '2', 'TOP RADIATOR HOSE ORIGINAL', '0.00', '', 0, 9, '345.00', '345.00', 1, '0.00', '0.00', '345.00', '0.00', '0.00', '345.00'),
(149, 9, '3', 'MOTOROLLA HANDPHONE MODEL X-9', '4.00', 'unit', 0, 10, '1340.00', '5360.00', 1, '0.00', '0.00', '4984.80', '7.00', '375.20', '4984.80'),
(150, 9, '', '', '0.00', '', 0, 11, '0.00', '0.00', 1, '0.00', '0.00', '0.00', '0.00', '0.00', '0.00'),
(151, 10, '1', 'CALENDAR FOR YEAR 2023 INCLUDING STICKERS MICKEY MOUSE', '1.00', 'PCS', 0, 1, '41.55', '41.55', 2, '6.00', '2.49', '44.04', '0.00', '0.00', '41.55'),
(152, 10, '2', 'JETTING WORKS AND CLEAR BLOCKAGES WITH RODDER MACHINE', '0.00', 'unit', 0, 2, '700.00', '700.00', 1, '0.00', '0.00', '630.00', '10.00', '70.00', '630.00'),
(153, 10, '3', 'DESLUDGING TANKER 3 CUBIC METERS', '3.00', 'TRIP', 0, 3, '450.00', '1350.00', 1, '0.00', '0.00', '1350.00', '0.00', '0.00', '1350.00'),
(154, 10, '4', 'TO USE TOOLS AND MANUALLY ENTER THE  DRAIN TO REMOVE ALL SAND, STONES, DEBRIS ETC FROM THE SIDES AND BOTTOM OF DRAINAGE.', '0.00', 'LOT', 0, 4, '3400.00', '3400.00', 1, '0.00', '0.00', '3400.00', '0.00', '0.00', '3400.00'),
(155, 10, '5', 'REMOVE WINDSCREEN AND TINTING WORKS DONE FOR THE WHOLE CAR', '0.00', 'UNITS', 0, 5, '0.00', '0.00', 1, '0.00', '0.00', '0.00', '0.00', '0.00', '0.00'),
(156, 10, '6', 'TEAK WOOD IKEA TABLE 5 X 7 FEET', '0.00', 'PCS', 0, 6, '0.00', '0.00', 1, '0.00', '0.00', '0.00', '0.00', '0.00', '0.00'),
(157, 10, '', 'LABOUR', '0.00', '', 1, 7, '0.00', '0.00', 1, '0.00', '0.00', '0.00', '0.00', '0.00', '0.00'),
(158, 10, '1', 'TO USE TOOLS AND MANUALLY ENTER THE  DRAIN TO REMOVE ALL SAND, STONES, DEBRIS ETC FROM THE SIDES AND BOTTOM OF DRAINAGE.', '5.00', 'LOT', 0, 8, '3400.00', '17000.00', 1, '0.00', '0.00', '17000.00', '0.00', '0.00', '17000.00'),
(159, 10, '2', 'TOP RADIATOR HOSE ORIGINAL', '0.00', '', 0, 9, '345.00', '345.00', 1, '0.00', '0.00', '345.00', '0.00', '0.00', '345.00'),
(160, 10, '3', 'MOTOROLLA HANDPHONE MODEL X-9', '4.00', 'unit', 0, 10, '1340.00', '5360.00', 1, '0.00', '0.00', '4984.80', '7.00', '375.20', '4984.80'),
(161, 10, '', 'TO USE TOOLS AND MANUALLY ENTER THE  DRAIN TO REMOVE ALL SAND, STONES, DEBRIS ETC FROM THE SIDES AND BOTTOM OF DRAINAGE.', '0.00', 'LOT', 0, 11, '3400.00', '3400.00', 1, '0.00', '0.00', '3400.00', '0.00', '0.00', '3400.00'),
(162, 11, '1', 'CALENDAR FOR YEAR 2023 INCLUDING STICKERS MICKEY MOUSE', '1.00', 'PCS', 0, 1, '41.55', '41.55', 2, '6.00', '2.49', '44.04', '0.00', '0.00', '41.55'),
(163, 11, '2', 'JETTING WORKS AND CLEAR BLOCKAGES WITH RODDER MACHINE', '0.00', 'unit', 0, 2, '700.00', '700.00', 1, '0.00', '0.00', '630.00', '10.00', '70.00', '630.00'),
(164, 11, '3', 'DESLUDGING TANKER 3 CUBIC METERS', '3.00', 'TRIP', 0, 3, '450.00', '1350.00', 1, '0.00', '0.00', '1350.00', '0.00', '0.00', '1350.00'),
(165, 11, '4', 'TO USE TOOLS AND MANUALLY ENTER THE  DRAIN TO REMOVE ALL SAND, STONES, DEBRIS ETC FROM THE SIDES AND BOTTOM OF DRAINAGE.', '0.00', 'LOT', 0, 4, '3400.00', '3400.00', 1, '0.00', '0.00', '3400.00', '0.00', '0.00', '3400.00'),
(166, 11, '5', 'REMOVE WINDSCREEN AND TINTING WORKS DONE FOR THE WHOLE CAR', '0.00', 'UNITS', 0, 5, '0.00', '0.00', 1, '0.00', '0.00', '0.00', '0.00', '0.00', '0.00'),
(167, 11, '6', 'TEAK WOOD IKEA TABLE 5 X 7 FEET', '0.00', 'PCS', 0, 6, '0.00', '0.00', 1, '0.00', '0.00', '0.00', '0.00', '0.00', '0.00'),
(168, 11, '', 'LABOUR', '0.00', '', 1, 7, '0.00', '0.00', 1, '0.00', '0.00', '0.00', '0.00', '0.00', '0.00'),
(169, 11, '1', 'TO USE TOOLS AND MANUALLY ENTER THE  DRAIN TO REMOVE ALL SAND, STONES, DEBRIS ETC FROM THE SIDES AND BOTTOM OF DRAINAGE.', '4.00', 'LOT', 0, 8, '3400.00', '13600.00', 1, '0.00', '0.00', '13600.00', '0.00', '0.00', '13600.00'),
(170, 11, '2', 'TOP RADIATOR HOSE ORIGINAL', '0.00', '', 0, 9, '345.00', '345.00', 1, '0.00', '0.00', '345.00', '0.00', '0.00', '345.00'),
(171, 11, '3', 'MOTOROLLA HANDPHONE MODEL X-9', '4.00', 'unit', 0, 10, '1340.00', '5360.00', 1, '0.00', '0.00', '4984.80', '7.00', '375.20', '4984.80'),
(172, 11, '', 'COMPUTER DELL XPS 15 16GB RAM 512GB SSD INTEL I9 PROCESSOR', '12.00', 'PCS', 0, 11, '22.00', '264.00', 1, '0.00', '0.00', '264.00', '0.00', '0.00', '264.00'),
(184, 13, '', 'CAR POLISH 2.5 LITRES', '0.00', 'BOTTLE', 0, 1, '16.90', '16.90', 1, '0.00', '0.00', '16.90', '0.00', '0.00', '16.90'),
(185, 13, '', 'DHLD PACKAGE DELIVERY CHARGES', '0.00', 'LOT', 0, 2, '23.50', '23.50', 1, '0.00', '0.00', '23.50', '0.00', '0.00', '23.50'),
(186, 13, '', 'TO USE TOOLS AND MANUALLY ENTER THE  DRAIN TO REMOVE ALL SAND, STONES, DEBRIS ETC FROM THE SIDES AND BOTTOM OF DRAINAGE.', '0.00', 'LOT', 0, 3, '3400.00', '3400.00', 1, '0.00', '0.00', '3400.00', '0.00', '0.00', '3400.00'),
(187, 13, '', '', '0.00', '', 0, 4, '0.00', '0.00', 1, '0.00', '0.00', '0.00', '0.00', '0.00', '0.00'),
(188, 13, '', '', '0.00', '', 0, 5, '0.00', '0.00', 1, '0.00', '0.00', '0.00', '0.00', '0.00', '0.00'),
(220, 12, '1', 'CALENDAR FOR YEAR 2023 INCLUDING STICKERS MICKEY MOUSE', '1.00', 'PCS', 0, 1, '41.55', '41.55', 2, '6.00', '2.49', '44.04', '0.00', '0.00', '41.55'),
(221, 12, '2', 'JETTING WORKS AND CLEAR BLOCKAGES WITH RODDER MACHINE', '0.00', 'unit', 0, 2, '700.00', '700.00', 1, '0.00', '0.00', '630.00', '10.00', '70.00', '630.00'),
(222, 12, '3', 'DESLUDGING TANKER 3 CUBIC METERS', '3.00', 'TRIP', 0, 3, '450.00', '1350.00', 1, '0.00', '0.00', '1350.00', '0.00', '0.00', '1350.00'),
(223, 12, '4', 'TO USE TOOLS AND MANUALLY ENTER THE  DRAIN TO REMOVE ALL SAND, STONES, DEBRIS ETC FROM THE SIDES AND BOTTOM OF DRAINAGE.', '0.00', 'LOT', 0, 4, '3400.00', '3400.00', 1, '0.00', '0.00', '3400.00', '0.00', '0.00', '3400.00'),
(224, 12, '5', 'REMOVE WINDSCREEN AND TINTING WORKS DONE FOR THE WHOLE CAR', '0.00', 'UNITS', 0, 5, '0.00', '0.00', 1, '0.00', '0.00', '0.00', '0.00', '0.00', '0.00'),
(225, 12, '6', 'TEAK WOOD IKEA TABLE 5 X 7 FEET', '0.00', 'PCS', 0, 6, '0.00', '0.00', 1, '0.00', '0.00', '0.00', '0.00', '0.00', '0.00'),
(226, 12, '', 'LABOUR', '0.00', '', 1, 7, '0.00', '0.00', 1, '0.00', '0.00', '0.00', '0.00', '0.00', '0.00'),
(227, 12, '1', 'TO USE TOOLS AND MANUALLY ENTER THE  DRAIN TO REMOVE ALL SAND, STONES, DEBRIS ETC FROM THE SIDES AND BOTTOM OF DRAINAGE.', '4.00', 'LOT', 0, 8, '3400.00', '13600.00', 1, '0.00', '0.00', '13600.00', '0.00', '0.00', '13600.00'),
(228, 12, '2', 'TOP RADIATOR HOSE ORIGINAL', '0.00', '', 0, 9, '345.00', '345.00', 1, '0.00', '0.00', '345.00', '0.00', '0.00', '345.00'),
(229, 12, '3', 'MOTOROLLA HANDPHONE MODEL X-9', '4.00', 'unit', 0, 10, '1340.00', '5360.00', 1, '0.00', '0.00', '4984.80', '7.00', '375.20', '4984.80'),
(230, 12, '', '', '0.00', '', 0, 11, '0.00', '0.00', 1, '0.00', '0.00', '0.00', '0.00', '0.00', '0.00'),
(241, 16, '1', 'AIRCOND CLEANING AND SERVICING FOR JAPANESE CARS ONLY', '3.00', '', 0, 1, '56.00', '168.00', 1, '0.00', '0.00', '168.00', '0.00', '0.00', '168.00'),
(242, 16, '2', 'APPLE WATCH SMART', '0.00', 'PCS', 0, 2, '450.00', '450.00', 1, '0.00', '0.00', '450.00', '0.00', '0.00', '450.00'),
(243, 16, '3', 'DHLD PACKAGE DELIVERY CHARGES', '0.00', 'LOT', 0, 3, '23.50', '23.50', 1, '0.00', '0.00', '23.50', '0.00', '0.00', '23.50'),
(244, 16, '4', 'BUTTER CHICKEN', '0.00', 'pcs', 0, 4, '56.00', '56.00', 1, '0.00', '0.00', '56.00', '0.00', '0.00', '56.00'),
(245, 16, '5', 'JETTING WORKS AND CLEAR BLOCKAGES WITH RODDER MACHINE', '0.00', 'unit', 0, 5, '700.00', '700.00', 1, '0.00', '0.00', '700.00', '0.00', '0.00', '700.00'),
(246, 16, '', '', '0.00', '', 0, 6, '0.00', '0.00', 1, '0.00', '0.00', '0.00', '0.00', '0.00', '0.00'),
(247, 16, '', '', '0.00', '', 0, 7, '0.00', '0.00', 1, '0.00', '0.00', '0.00', '0.00', '0.00', '0.00'),
(248, 16, '', '', '0.00', '', 0, 8, '0.00', '0.00', 1, '0.00', '0.00', '0.00', '0.00', '0.00', '0.00'),
(249, 16, '', '', '0.00', '', 0, 9, '0.00', '0.00', 1, '0.00', '0.00', '0.00', '0.00', '0.00', '0.00'),
(250, 16, '', '', '0.00', '', 0, 10, '0.00', '0.00', 1, '0.00', '0.00', '0.00', '0.00', '0.00', '0.00'),
(251, 15, '1', 'CALENDAR FOR YEAR 2023 INCLUDING STICKERS MICKEY MOUSE', '67.00', 'PCS', 0, 1, '41.55', '2783.85', 1, '0.00', '0.00', '2783.85', '0.00', '0.00', '2783.85'),
(252, 15, '2', 'DESLUDGING TANKER 3 CUBIC METERS', '0.00', 'TRIP', 0, 2, '450.00', '450.00', 1, '0.00', '0.00', '450.00', '0.00', '0.00', '450.00'),
(253, 15, '3', 'DESLUDGING TANKER 8 CUBIC METERS', '0.00', 'TRIP', 0, 3, '945.00', '945.00', 1, '0.00', '0.00', '945.00', '0.00', '0.00', '945.00'),
(254, 15, '4', 'TO USE TOOLS AND MANUALLY ENTER THE  DRAIN TO REMOVE ALL SAND, STONES, DEBRIS ETC FROM THE SIDES AND BOTTOM OF DRAINAGE.', '3.00', 'LOT', 0, 4, '56.00', '168.00', 1, '0.00', '0.00', '168.00', '0.00', '0.00', '168.00'),
(255, 15, '', '', '0.00', '', 0, 5, '0.00', '0.00', 1, '0.00', '0.00', '0.00', '0.00', '0.00', '0.00'),
(256, 15, '', '', '0.00', '', 0, 6, '0.00', '0.00', 1, '0.00', '0.00', '0.00', '0.00', '0.00', '0.00'),
(257, 15, '', '', '0.00', '', 0, 7, '0.00', '0.00', 1, '0.00', '0.00', '0.00', '0.00', '0.00', '0.00'),
(258, 15, '', '', '0.00', '', 0, 8, '0.00', '0.00', 1, '0.00', '0.00', '0.00', '0.00', '0.00', '0.00'),
(259, 15, '', '', '0.00', '', 0, 9, '0.00', '0.00', 1, '0.00', '0.00', '0.00', '0.00', '0.00', '0.00'),
(260, 15, '', 'CAR AIRCOND REFILL GAS AND SERVICE', '0.00', '', 1, 10, '77.00', '77.00', 1, '0.00', '0.00', '77.00', '0.00', '0.00', '77.00'),
(261, 15, '', 'MOTOROLLA HANDPHONE MODEL X-9', '0.00', 'unit', 0, 11, '1340.00', '1340.00', 1, '0.00', '0.00', '1340.00', '0.00', '0.00', '1340.00'),
(262, 14, '', 'AIRCOND CLEANING AND SERVICING FOR JAPANESE CARS ONLY', '0.00', '', 0, 1, '0.00', '0.00', 1, '0.00', '0.00', '0.00', '0.00', '0.00', '0.00'),
(263, 14, '', '', '0.00', '', 0, 2, '0.00', '0.00', 1, '0.00', '0.00', '0.00', '0.00', '0.00', '0.00'),
(264, 14, '', '', '0.00', '', 0, 3, '0.00', '0.00', 1, '0.00', '0.00', '0.00', '0.00', '0.00', '0.00'),
(265, 14, '', '', '0.00', '', 0, 4, '0.00', '0.00', 1, '0.00', '0.00', '0.00', '0.00', '0.00', '0.00'),
(266, 14, '', '', '0.00', '', 0, 5, '0.00', '0.00', 1, '0.00', '0.00', '0.00', '0.00', '0.00', '0.00'),
(267, 14, '', 'JETTING WORKS AND CLEAR BLOCKAGES WITH RODDER MACHINE', '0.00', 'unit', 0, 6, '700.00', '700.00', 1, '0.00', '0.00', '700.00', '0.00', '0.00', '700.00'),
(268, 14, '', '', '0.00', '', 0, 7, '0.00', '0.00', 1, '0.00', '0.00', '0.00', '0.00', '0.00', '0.00'),
(269, 14, '', '', '0.00', '', 0, 8, '0.00', '0.00', 1, '0.00', '0.00', '0.00', '0.00', '0.00', '0.00'),
(270, 14, '', '', '0.00', '', 0, 9, '0.00', '0.00', 1, '0.00', '0.00', '0.00', '0.00', '0.00', '0.00'),
(271, 14, '', 'TO USE TOOLS AND MANUALLY ENTER THE  DRAIN TO REMOVE ALL SAND, STONES, DEBRIS ETC FROM THE SIDES AND BOTTOM OF DRAINAGE.', '0.00', 'LOT', 0, 10, '3400.00', '3400.00', 1, '0.00', '0.00', '3400.00', '0.00', '0.00', '3400.00'),
(272, 17, '1', 'AIRCOND CLEANING AND SERVICING FOR JAPANESE CARS ONLY', '3.00', '', 0, 1, '56.00', '168.00', 1, '0.00', '0.00', '168.00', '0.00', '0.00', '168.00'),
(273, 17, '2', 'APPLE WATCH SMART', '0.00', 'PCS', 0, 2, '450.00', '450.00', 1, '0.00', '0.00', '450.00', '0.00', '0.00', '450.00'),
(274, 17, '3', 'DHLD PACKAGE DELIVERY CHARGES', '0.00', 'LOT', 0, 3, '23.50', '23.50', 1, '0.00', '0.00', '23.50', '0.00', '0.00', '23.50'),
(275, 17, '4', 'BUTTER CHICKEN', '0.00', 'pcs', 0, 4, '56.00', '56.00', 1, '0.00', '0.00', '56.00', '0.00', '0.00', '56.00'),
(276, 17, '5', 'JETTING WORKS AND CLEAR BLOCKAGES WITH RODDER MACHINE', '0.00', 'unit', 0, 5, '700.00', '700.00', 1, '0.00', '0.00', '700.00', '0.00', '0.00', '700.00'),
(277, 17, '', '', '0.00', '', 0, 6, '0.00', '0.00', 1, '0.00', '0.00', '0.00', '0.00', '0.00', '0.00'),
(278, 17, '', '', '0.00', '', 0, 7, '0.00', '0.00', 1, '0.00', '0.00', '0.00', '0.00', '0.00', '0.00'),
(279, 17, '', '', '0.00', '', 0, 8, '0.00', '0.00', 1, '0.00', '0.00', '0.00', '0.00', '0.00', '0.00'),
(280, 17, '', '', '0.00', '', 0, 9, '0.00', '0.00', 1, '0.00', '0.00', '0.00', '0.00', '0.00', '0.00'),
(281, 17, '', '', '0.00', '', 0, 10, '0.00', '0.00', 1, '0.00', '0.00', '0.00', '0.00', '0.00', '0.00'),
(282, 18, '1', 'AIRCOND CLEANING AND SERVICING FOR JAPANESE CARS ONLY', '3.00', '', 0, 1, '56.00', '168.00', 1, '0.00', '0.00', '168.00', '0.00', '0.00', '168.00'),
(283, 18, '2', 'APPLE WATCH SMART', '0.00', 'PCS', 0, 2, '450.00', '450.00', 1, '0.00', '0.00', '450.00', '0.00', '0.00', '450.00'),
(284, 18, '3', 'DHLD PACKAGE DELIVERY CHARGES', '0.00', 'LOT', 0, 3, '23.50', '23.50', 1, '0.00', '0.00', '23.50', '0.00', '0.00', '23.50'),
(285, 18, '4', 'BUTTER CHICKEN', '0.00', 'pcs', 0, 4, '56.00', '56.00', 1, '0.00', '0.00', '56.00', '0.00', '0.00', '56.00'),
(286, 18, '5', 'JETTING WORKS AND CLEAR BLOCKAGES WITH RODDER MACHINE', '0.00', 'unit', 0, 5, '700.00', '700.00', 1, '0.00', '0.00', '700.00', '0.00', '0.00', '700.00'),
(287, 18, '', '', '0.00', '', 0, 6, '0.00', '0.00', 1, '0.00', '0.00', '0.00', '0.00', '0.00', '0.00'),
(288, 18, '', '', '0.00', '', 0, 7, '0.00', '0.00', 1, '0.00', '0.00', '0.00', '0.00', '0.00', '0.00'),
(289, 18, '', '', '0.00', '', 0, 8, '0.00', '0.00', 1, '0.00', '0.00', '0.00', '0.00', '0.00', '0.00'),
(290, 18, '', '', '0.00', '', 0, 9, '0.00', '0.00', 1, '0.00', '0.00', '0.00', '0.00', '0.00', '0.00'),
(291, 18, '', '', '0.00', '', 0, 10, '0.00', '0.00', 1, '0.00', '0.00', '0.00', '0.00', '0.00', '0.00'),
(292, 19, '1', 'AIRCOND CLEANING AND SERVICING FOR JAPANESE CARS ONLY', '3.00', '', 0, 1, '56.00', '168.00', 1, '0.00', '0.00', '168.00', '0.00', '0.00', '168.00'),
(293, 19, '2', 'APPLE WATCH SMART', '0.00', 'PCS', 0, 2, '450.00', '450.00', 1, '0.00', '0.00', '450.00', '0.00', '0.00', '450.00'),
(294, 19, '3', 'DHLD PACKAGE DELIVERY CHARGES', '0.00', 'LOT', 0, 3, '23.50', '23.50', 1, '0.00', '0.00', '23.50', '0.00', '0.00', '23.50'),
(295, 19, '4', 'BUTTER CHICKEN', '0.00', 'pcs', 0, 4, '56.00', '56.00', 1, '0.00', '0.00', '56.00', '0.00', '0.00', '56.00'),
(296, 19, '5', 'JETTING WORKS AND CLEAR BLOCKAGES WITH RODDER MACHINE', '0.00', 'unit', 0, 5, '700.00', '700.00', 1, '0.00', '0.00', '700.00', '0.00', '0.00', '700.00'),
(297, 19, '', '', '0.00', '', 0, 6, '0.00', '0.00', 1, '0.00', '0.00', '0.00', '0.00', '0.00', '0.00'),
(298, 19, '', '', '0.00', '', 0, 7, '0.00', '0.00', 1, '0.00', '0.00', '0.00', '0.00', '0.00', '0.00'),
(299, 19, '', '', '0.00', '', 0, 8, '0.00', '0.00', 1, '0.00', '0.00', '0.00', '0.00', '0.00', '0.00'),
(300, 19, '', '', '0.00', '', 0, 9, '0.00', '0.00', 1, '0.00', '0.00', '0.00', '0.00', '0.00', '0.00'),
(301, 19, '', '', '0.00', '', 0, 10, '0.00', '0.00', 1, '0.00', '0.00', '0.00', '0.00', '0.00', '0.00');

-- --------------------------------------------------------

--
-- Table structure for table `tbquotation`
--

DROP TABLE IF EXISTS `tbquotation`;
CREATE TABLE IF NOT EXISTS `tbquotation` (
  `quotation_id` int(11) NOT NULL AUTO_INCREMENT,
  `quotation_no` varchar(30) NOT NULL,
  `quotation_date` date NOT NULL,
  `quotation_customerID` int(11) NOT NULL,
  `quotation_title` varchar(200) NOT NULL,
  `quotation_from` varchar(50) NOT NULL,
  `quotation_terms` text NOT NULL,
  `quotation_attention` varchar(100) NOT NULL,
  `quotation_email` varchar(100) NOT NULL,
  `quotation_subTotal` decimal(10,2) NOT NULL DEFAULT '0.00',
  `quotation_taxTotal` decimal(10,2) NOT NULL DEFAULT '0.00',
  `quotation_grandTotal` decimal(10,2) NOT NULL DEFAULT '0.00',
  `quotation_discountTotal` decimal(10,2) NOT NULL DEFAULT '0.00',
  `quotation_totalAfterDiscount` decimal(10,2) NOT NULL DEFAULT '0.00',
  `quotation_roundAmount` decimal(10,2) NOT NULL DEFAULT '0.00',
  `quotation_grandTotalRound` decimal(10,2) NOT NULL DEFAULT '0.00',
  `quotation_roundStatus` int(1) NOT NULL DEFAULT '0',
  `quotation_content` text NOT NULL,
  `quotation_invoiceNo` varchar(30) NOT NULL,
  `quotation_invoiceID` int(11) NOT NULL DEFAULT '0',
  `quotation_deliveryOrderNo` varchar(30) NOT NULL,
  `quotation_deliveryOrderID` int(11) NOT NULL DEFAULT '0',
  PRIMARY KEY (`quotation_id`)
) ENGINE=InnoDB AUTO_INCREMENT=50 DEFAULT CHARSET=latin1;

--
-- Dumping data for table `tbquotation`
--

INSERT INTO `tbquotation` (`quotation_id`, `quotation_no`, `quotation_date`, `quotation_customerID`, `quotation_title`, `quotation_from`, `quotation_terms`, `quotation_attention`, `quotation_email`, `quotation_subTotal`, `quotation_taxTotal`, `quotation_grandTotal`, `quotation_discountTotal`, `quotation_totalAfterDiscount`, `quotation_roundAmount`, `quotation_grandTotalRound`, `quotation_roundStatus`, `quotation_content`, `quotation_invoiceNo`, `quotation_invoiceID`, `quotation_deliveryOrderNo`, `quotation_deliveryOrderID`) VALUES
(1, 'QO/2023/001', '2023-07-08', 94, '', '', '<p><strong>Quotation Terms</strong></p><ol><li>Quatation is valid two weeks from date above.</li><li>Payment should be made to <strong>KSN SEWERAGE ENGINEERING SERVICE</strong> &quot; at Public Bank 3122 136 534&nbsp;</li></ol>', 'MR RAMESH / SHOBA', 'admin@clean_sewers.com', '1000.00', '0.00', '1000.00', '0.00', '1000.00', '0.00', '1000.00', 0, '', 'INV/2023/001', 1, '', 0),
(2, 'QO/2023/002', '2023-07-24', 174, '', '', '<p><strong>Quotation Terms</strong></p><ol><li>Quatation is valid two weeks from date above.</li><li>Payment should be made to <strong>KSN SEWERAGE ENGINEERING SERVICE</strong> &quot; at Public Bank 3122 136 534&nbsp;</li></ol>', 'MANAGEMENT OFFICE', '', '4953.45', '0.00', '4953.45', '0.00', '4953.45', '0.00', '4953.45', 0, '', 'INV/2023/010', 9, '', 0),
(3, 'QO/2023/003', '2023-08-14', 132, '', '', '<p><strong>Quotation Terms</strong></p><ol><li>Quatation is valid two weeks from date above.</li><li>Payment should be made to <strong>KSN SEWERAGE ENGINEERING SERVICE</strong> &quot; at Public Bank 3122 136 534&nbsp;</li></ol>', 'MR ALI KAMARUDDIN', 'care@iwk.com.my', '5088.05', '0.00', '5088.05', '0.00', '5088.05', '0.00', '5088.05', 0, '', '', 0, '', 0),
(4, 'QO/2023/005', '2023-08-17', 95, 'SENT PARTS TO IPOH AND ALL THE PORT KLANG ( BY AIR KARGO YT00098764-89  rap tank waste collected from HAIDILAO INTERNATIONAL FOOD SERVICES MALAYSIA', '', '<p><strong>Quotation Terms</strong></p><ol><li>Quatation is valid two weeks from date above.</li><li>Payment should be made to <strong>KSN SEWERAGE ENGINEERING SERVICE</strong> &quot; at Public Bank 3122 136 534&nbsp;</li></ol>', 'JAMES LOWERENCE', '', '13121.55', '0.00', '13121.55', '0.00', '13121.55', '0.00', '13121.55', 0, '<p>SENT PARTS TO IPOH AND ALL THE PORT KLANG ( BY AIR KARGO YT00098764-89 &nbsp;rap tank waste collected from HAIDILAO INTERNATIONAL FOOD SERVICES MALAYSIA SDN BHD</p>', 'INV/2023/031', 31, '', 0),
(5, 'QO/2023/006', '2023-08-18', 94, 'QUOTATION FOR TREE CUTTING, HOUSE DEMOLISHMENT AND OTHER RELATED WORKS', 'Mr Subramaniam', '<p><strong>Quotation Terms</strong></p><ol><li>Quatation is valid two weeks from date above.</li><li>Payment should be made to <strong>KSN SEWERAGE ENGINEERING SERVICE</strong> &quot; at Public Bank 3122 136 534&nbsp;</li></ol>', 'MR RAMESH / SHOBA', 'admin@clean_sewers.com', '13520.70', '447.62', '13817.02', '151.30', '13369.40', '0.00', '13817.02', 0, '<p>Please send all the Drawings and report from MPPJ Selangor. All other related works need to get MPSJ Subang approval first.</p><p>Please acknowledge delivery of report.</p>', '', 0, '', 0),
(6, 'QO/2023/007', '2023-08-19', 132, '', '', '<p><strong>Quotation Terms</strong></p><ol><li>Quatation is valid two weeks from date above.</li><li>Payment should be made to <strong>KSN SEWERAGE ENGINEERING SERVICE</strong> &quot; at Public Bank 3122 136 534&nbsp;</li></ol>', 'MR ALI KAMARUDDIN', 'care@iwk.com.my', '14412.65', '568.80', '14793.85', '187.60', '14225.05', '0.00', '14793.85', 0, '<p>Please send all the Drawings and report from MPPJ Selangor. All other related works need to get MPSJ Subang approval first.</p><p>Please acknowledge delivery of report.</p>', 'INV/2023/030', 30, '', 0),
(7, 'QO/2023/008', '2023-08-23', 34, '', '', '<p><strong>Quotation Terms</strong></p><ol><li>Quatation is valid two weeks from date above.</li><li>Payment should be made to <strong>KSN SEWERAGE ENGINEERING SERVICE</strong> &quot; at Public Bank 3122 136 534&nbsp;</li></ol>', 'Mr Gobalan', 'gobalan2829@gmail.com', '0.00', '0.00', '0.00', '0.00', '0.00', '0.00', '0.00', 0, '', '', 0, '', 0),
(8, 'QO/2023/009', '2023-08-28', 118, '', '', '<p><strong>Quotation Terms</strong></p><ol><li>Quatation is valid two weeks from date above.</li><li>Payment should be made to <strong>KSN SEWERAGE ENGINEERING SERVICE</strong> &quot; at Public Bank 3122 136 534&nbsp;</li></ol>', '', '', '3700.00', '0.00', '3700.00', '0.00', '3700.00', '0.00', '3700.00', 0, '', 'INV/2023/038', 38, '', 0),
(9, 'QO/2023/010', '2023-09-05', 146, '', '', '<p><strong>Quotation Terms</strong></p><ol><li>Quatation is valid two weeks from date above.</li><li>Payment should be made to <strong>KSN SEWERAGE ENGINEERING SERVICE</strong> &quot; at Public Bank 3122 136 534&nbsp;</li></ol>', 'CIKGU RAMESH', '', '13121.55', '0.00', '13121.55', '0.00', '13121.55', '0.00', '13121.55', 0, '<p>SENT PARTS TO IPOH AND ALL THE PORT KLANG ( BY AIR KARGO YT00098764-89 &nbsp;rap tank waste collected from HAIDILAO INTERNATIONAL FOOD SERVICES MALAYSIA SDN BHD</p>', 'INV/2023/039', 39, 'DO/2023/005', 5),
(10, 'QO/2023/011', '2023-09-08', 132, '', '', '<p><strong>Quotation Terms</strong></p><ol><li>Quatation is valid two weeks from date above.</li><li>Payment should be made to <strong>KSN SEWERAGE ENGINEERING SERVICE</strong> &quot; at Public Bank 3122 136 534&nbsp;</li></ol>', 'MR ALI KAMARUDDIN', 'care@iwk.com.my', '666.00', '0.00', '666.00', '0.00', '666.00', '0.00', '666.00', 0, '', 'INV/2023/046', 45, '', 0),
(11, 'QO/2023/012', '2023-09-08', 76, '', '', '<p><strong>Quotation Terms</strong></p><ol><li>Quatation is valid two weeks from date above.</li><li>Payment should be made to <strong>KSN SEWERAGE ENGINEERING SERVICE</strong> &quot; at Public Bank 3122 136 534&nbsp;</li></ol>', 'SERI WAHYU RESINDENCE MANAGEMENT OFFICE', '', '3232.00', '0.00', '3232.00', '0.00', '3232.00', '0.00', '3232.00', 0, '', 'INV/2023/047', 46, 'DO/2023/006', 6),
(12, 'QO/2023/013', '2023-09-18', 237, 'PAINTING WORKS', '', '<p><strong>Quotation Terms</strong></p><ol><li>Quatation is valid two weeks from date above.</li><li>The title of the above goods does not pass to the purchaser until the goods are paid in full.</li><li>All cheques must be crossed &quot;A/C PAYEE ONLY&quot; and made payable to <strong>Hybrid Technologies Solutions 562085613738 </strong>(Maybank)</li></ol>', 'LIOW WING CHING', '', '350.00', '0.00', '350.00', '0.00', '350.00', '0.00', '350.00', 0, '', '', 0, '', 0),
(13, 'QO/2023/014', '2023-09-20', 238, 'DESLUDGING WORK AT CONDO BASEMENT', '', '<p><strong>Quotation Terms</strong></p><ol><li>Quatation is valid two weeks from date above.</li><li>The title of the above goods does not pass to the purchaser until the goods are paid in full.</li><li>All cheques must be crossed &quot;A/C PAYEE ONLY&quot; and made payable to <strong>Hybrid Technologies Solutions 562085613738 </strong>(Maybank)</li></ol>', 'MR ONG KIM YEE', 'tanah@gmail.com', '4250.00', '0.00', '4250.00', '0.00', '4250.00', '0.00', '4250.00', 0, '<p>WORK LOCATION : TAN CHONG MOTOR SDN BHD - JALAN IPOH</p>', 'INV/2023/055', 54, 'DO/2023/009', 9),
(14, 'QO/2023/015', '2023-09-20', 11, 'DESLUDGING WORK AT CONDO BASEMENT AND JETTING WORKS', '', '<p><strong>Quotation Terms</strong></p><ol><li>Quatation is valid two weeks from date above.</li><li>The title of the above goods does not pass to the purchaser until the goods are paid in full.</li><li>All cheques must be crossed &quot;A/C PAYEE ONLY&quot; and made payable to <strong>Hybrid Technologies Solutions 562085613738 </strong>(Maybank)</li></ol>', 'Mr Saravanan', 'sara_98@hotmail.com', '9282.20', '0.00', '9236.34', '45.85', '9236.34', '0.00', '9236.34', 0, '<p>TO&nbsp;</p><p>MR ALEX FOONG</p>', 'INV/2023/057', 56, 'DO/2023/010', 10),
(15, 'QO/2023/016', '2023-09-20', 76, '', '', '<p><strong>Quotation Terms</strong></p><ol><li>Quatation is valid two weeks from date above.</li><li>The title of the above goods does not pass to the purchaser until the goods are paid in full.</li><li>All cheques must be crossed &quot;A/C PAYEE ONLY&quot; and made payable to <strong>Hybrid Technologies Solutions 562085613738 </strong>(Maybank)</li></ol>', 'SERI WAHYU RESINDENCE MANAGEMENT OFFICE', '', '12432.20', '0.00', '12386.34', '45.85', '12386.34', '0.00', '12386.34', 0, '<p>TO&nbsp;</p><p>MR ALEX FOONG</p>', '', 0, '', 0),
(16, 'QO/2023/017', '2023-09-21', 94, '', '', '<p><strong>Quotation Terms</strong></p><ol><li>Quatation is valid two weeks from date above.</li><li>The title of the above goods does not pass to the purchaser until the goods are paid in full.</li><li>All cheques must be crossed &quot;A/C PAYEE ONLY&quot; and made payable to <strong>Hybrid Technologies Solutions 562085613738 </strong>(Maybank)</li></ol>', 'MR RAMESH / SHOBA', 'admin@clean_sewers.com', '9574.05', '0.00', '9553.67', '20.38', '9553.67', '0.00', '9553.67', 0, '<p>TO&nbsp;</p><p>MR ALEX FOONG</p>', '', 0, '', 0),
(17, 'QO/2023/018', '2023-09-21', 18, '', '', '<p><strong>Quotation Terms</strong></p><ol><li>Quatation is valid two weeks from date above.</li><li>The title of the above goods does not pass to the purchaser until the goods are paid in full.</li><li>All cheques must be crossed &quot;A/C PAYEE ONLY&quot; and made payable to <strong>Hybrid Technologies Solutions 562085613738 </strong>(Maybank)</li></ol>', 'ENCIK KAMARUDDIN', 'fn_malaysia@gmail.com', '12432.20', '0.00', '12386.34', '45.85', '12386.34', '0.00', '12386.34', 0, '<p>TO&nbsp;</p><p>MR ALEX FOONG</p>', '', 0, '', 0),
(18, 'QO/2023/019', '2023-09-21', 118, '', '', '<p><strong>Quotation Terms</strong></p><ol><li>Quatation is valid two weeks from date above.</li><li>The title of the above goods does not pass to the purchaser until the goods are paid in full.</li><li>All cheques must be crossed &quot;A/C PAYEE ONLY&quot; and made payable to <strong>Hybrid Technologies Solutions 562085613738 </strong>(Maybank)</li></ol>', 'MS CATHERINE', 'kenny_90@gmail.com', '9025.10', '0.00', '8994.53', '30.57', '8994.53', '0.00', '8994.53', 0, '<p>TO&nbsp;</p><p>MR ALEX FOONG</p>', 'INV/2023/061', 60, '', 0),
(19, 'QO/2023/020', '2023-09-21', 18, '', '', '<p><strong>Quotation Terms</strong></p><ol><li>Quatation is valid two weeks from date above.</li><li>The title of the above goods does not pass to the purchaser until the goods are paid in full.</li><li>All cheques must be crossed &quot;A/C PAYEE ONLY&quot; and made payable to <strong>Hybrid Technologies Solutions 562085613738 </strong>(Maybank)</li></ol>', 'ENCIK KAMARUDDIN', 'fn_malaysia@gmail.com', '57675.20', '0.00', '53105.05', '4570.15', '53105.05', '0.00', '53105.05', 0, '<p>TO&nbsp;</p><p>MR ALEX FOONG</p>', 'INV/2023/063', 61, 'DO/2023/018', 13),
(20, 'QO/2023/021', '2023-09-21', 230, '', '', '<p><strong>Quotation Terms</strong></p><ol><li>Quatation is valid two weeks from date above.</li><li>The title of the above goods does not pass to the purchaser until the goods are paid in full.</li><li>All cheques must be crossed &quot;A/C PAYEE ONLY&quot; and made payable to <strong>Hybrid Technologies Solutions 562085613738 </strong>(Maybank)</li></ol>', '', '', '6701.55', '0.00', '6701.55', '0.00', '6701.55', '0.00', '6701.55', 0, '', '', 0, '', 0),
(21, 'QO/2023/022', '2023-09-26', 11, '', '', '<p><strong>Quotation Terms</strong></p><ol><li>Quatation is valid two weeks from date above.</li><li>The title of the above goods does not pass to the purchaser until the goods are paid in full.</li><li>All cheques must be crossed &quot;A/C PAYEE ONLY&quot; and made payable to <strong>Hybrid Technologies Solutions 562085613738 </strong>(Maybank)</li></ol>', 'Mr Saravanan', 'sara_98@hotmail.com', '9140.00', '0.00', '8770.00', '370.00', '8770.00', '0.00', '8770.00', 0, '', '', 0, 'DO/2023/021', 16),
(22, 'QO/2023/023', '2023-10-06', 40, '', 'MS PRAYANKKA KAUR', '<p><strong>Quotation Terms</strong></p><ol><li>Quatation is valid two weeks from date above.</li><li>The title of the above goods does not pass to the purchaser until the goods are paid in full.</li><li>All cheques must be crossed &quot;A/C PAYEE ONLY&quot; and made payable to <strong>Hybrid Technologies Solutions 562085613738 </strong>(Maybank)</li></ol>', 'MR RAMESH (DATOK)', '', '6701.55', '0.00', '6701.55', '0.00', '6701.55', '0.00', '6701.55', 0, '', 'INV/2023/099', 75, 'DO/2023/022', 17),
(23, 'QO/2023/024', '2023-10-06', 244, 'CLEAN AND CLEAR BLOCKAGES IN KITCHEN CAFETERIA AREA', 'MR KARIM NOR', '<p><strong>Quotation Terms</strong></p><ol><li>All cheques must be&nbsp; made payable to &quot;<strong>KSN SEWERAGE ENGINEERING SERVICE &quot; at Public Bank 3122 136 534 &nbsp;</strong></li><li>Quotation valid for 2 weeks from stated date.</li></ol>', 'ENCIK FAZLAN', '', '6300.00', '0.00', '6300.00', '0.00', '6300.00', '0.00', '6300.00', 0, '<ul><li>JETTING SERVICES</li><li>DESLUDGING SERVICES : TANKER SIZE 3 CUBIC METRES</li></ul><p>&nbsp;</p>', '', 0, '', 0),
(24, 'QO/2023/025', '2023-10-15', 245, 'CUSTOMISED ONLINE TUITION CENTRE MANAGEMENT SYSTEM ( TYPE A )', 'MDM CHANDRIKA', '<p><strong>MISCELLANEOUS</strong></p><ol><li>CUSTOMER HAS REQUSTED FOR STUDENT ATTENDANCE CAPTURING SYSTEM. AT THE MOMENT THIS FUNCTION IS FULLY INSIDE EACH CLASS ATTENDANCE MENU AND IT WORKS BY MOUSE CLICK METHOD.</li><li>THIS ISSUE WILL BE LOOKED AT LATER STAGE ONCE ALL CENTRES SYSTEM WORKING FINE AND IS IN STABLE CONDITION INCLUDING WORKFLOW. AT THE MOMENT WE HAVE NOT IDENTIFIED THIS NEW METHOD YET.</li><li>SEPARATE QUOTATION WILL BE PROVIDED FOR THIS WORK.<br />&nbsp;</li></ol><p><strong>Quotation Terms</strong></p><p>1. Quatation is valid two weeks from date above.<br />2. All cheques must be crossed &quot;A/C PAYEE ONLY&quot; and made payable to &quot;<strong>MEL SYSTEMS</strong>&quot;.<br />3. Bank Info : <strong>CIMB ( MEL SYSTEMS 860 477 3732 &nbsp;)</strong></p>', 'DR KATHIR', '', '11000.00', '0.00', '11000.00', '0.00', '11000.00', '0.00', '11000.00', 0, '<ul><li><strong>SYSTEM TYPE</strong> : FULLY ONLINE WEB APPLICATION</li><li>PROGRAMING LANGUAGE : HTML, JAVASCRIPT, PHP, CSS</li><li>DATABASE : MySQL</li><li>INDIVIDUAL DOMAIN NAME AND HOSTING FOR EACH CENTRE.</li><li>EACH CENTRE COMPLETELY INDEPENDANT, NO SHARING OF ANY DATA AT ALL.</li><li>ANY IMPACT OR DOWN TIME DOES NOT AFFECT OTHER CENTRES.</li><li>SPEED FASTER THAN TYPE B DUE NOT SHARING ANY RESOURCES OF SERVER INCLUDING BANDWIDTH, STORAGE</li><li>MUCH SAFER INCASE OF ANY INTRUSION TO ONE OF THE CENTRES APPLICATION OR DATABASE</li><li>UNLIMITED USERS</li><li>UNLIMITED STUDENTS</li><li>SYSTEM COMPLETELY GROUPED BY YEAR, NO SHARING OF DATA EXPECT STUDENT, TEACHER DATABASE</li></ul>', 'INV/2023/108', 80, '', 0),
(25, 'QO/2023/026', '2023-10-15', 245, 'CUSTOMISED ONLINE TUITION CENTRE MANAGEMENT SYSTEM ( TYPE B )', '', '<p><strong>MISCELLANEOUS</strong></p><ol><li>CUSTOMER HAS REQUSTED FOR STUDENT ATTENDANCE CAPTURING SYSTEM. AT THE MOMENT THIS FUNCTION IS FULLY INSIDE EACH CLASS ATTENDANCE MENU AND IT WORKS BY MOUSE CLICK METHOD.</li><li>THIS ISSUE WILL BE LOOKED AT LATER STAGE ONCE ALL CENTRES SYSTEM WORKING FINE AND IS IN STABLE CONDITION INCLUDING WORKFLOW. AT THE MOMENT WE HAVE NOT IDENTIFIED THIS NEW METHOD YET.</li><li>SEPARATE QUOTATION WILL BE PROVIDED FOR THIS WORK.<br />&nbsp;</li></ol><p><strong>Quotation Terms</strong></p><p>1. Quatation is valid two weeks from date above.<br />2. All cheques must be crossed &quot;A/C PAYEE ONLY&quot; and made payable to &quot;<strong>MEL SYSTEMS</strong>&quot;.<br />3. Bank Info : <strong>CIMB ( MEL SYSTEMS 860 477 3732 &nbsp;)</strong></p>', 'DR KATHIR', '', '10500.00', '0.00', '10500.00', '0.00', '10500.00', '0.00', '10500.00', 0, '<ul><li><strong>SYSTEM TYPE</strong> : FULLY ONLINE WEB APPLICATION</li><li>PROGRAMING LANGUAGE : HTML, JAVASCRIPT, PHP, CSS</li><li>DATABASE : MySQL</li><li>SINGLE DOMAIN NAME AND HOSTING. EACH CENTRE SEPARATED BY FOLDER SUBDOMAINS.</li><li>EACH CENTRE COMPLETELY INDEPENDANT, NO SHARING OF ANY DATA AT ALL.</li><li>ANY IMPACT OR DOWN TIME&nbsp; AFFECTS OTHER CENTRES AT THE SAME TIME.</li><li>SPEED SLOWER THAN TYPE A DUE TO SHARING&nbsp; RESOURCES OF SERVER INCLUDING BANDWIDTH, STORAGE</li><li>LESS SAFER THAN INVIDUAL DOMAINS, ANY INTRUSION TO ONE OF THE CENTRES APPLICATION OR DATABASE WILL AFFECT OTHER CENTRES.</li><li>UNLIMITED USERS</li><li>UNLIMITED STUDENTS</li><li>SYSTEM COMPLETELY GROUPED BY YEAR, NO SHARING OF DATA EXPECT STUDENT, TEACHER DATABASE WITHIN CENTRE. EACH CENTRE CANNOT SHARE STUDENT OR TEACHER DATABASE AS WELL.</li></ul>', '', 0, '', 0),
(26, 'QO/2024/005', '2024-01-15', 244, 'CLEANING AND CLEARING BLOKAGES AT PIPE LINE', '', '<p><strong>Quotation Terms</strong></p><p>1. Quatation is valid two weeks from till 15th February 2024<br />2. All cheques must be crossed &quot;A/C PAYEE ONLY&quot; and made payable to &quot;KSN SEWERAGE ENGINEERING SERVICE&quot;.</p>', 'ENCIK FAZLAN', '', '2750.00', '0.00', '2750.00', '0.00', '2750.00', '0.00', '2750.00', 0, '<p>TO&nbsp;<br />MAINTENANCE DEPARTMENT</p>', '', 0, '', 0),
(27, 'QO/2024/006', '2024-03-15', 34, 'CUTTING TREES AND OTHER RELATED WORS]KS', 'MR KANNAN', '<p><strong>Quotation Terms</strong></p><p>1. Quatation is valid two weeks from date above.<br />2. All cheques must be crossed &quot;A/C PAYEE ONLY&quot; and made payable to &quot;KSN SEWERAGE ENGINEERING SERVICE&quot;.</p>', 'Mr Gobalan', 'gobalan2829@gmail.com', '2803.80', '0.00', '2803.80', '0.00', '2803.80', '0.00', '2803.80', 0, '<p>PLEASE SEND US THE PAYMENT WITHIN 14 DAYS OF WORK COMPLETION.</p>', 'INV/2024/007', 85, '', 0),
(28, 'QO/2024/007', '2024-04-02', 250, 'QUOTATION FOR DESLUDGING GREASE TRAP TANK, CLEAR BLOCKAGES, SERVICE PIPELINE CHAMBER AND RELATED WORKS.', '', '<p><strong>YEARLY MAINTENANCE WORKS</strong></p><ul><li>WE RECOMMEND THE FOLLOWING MAINTENANCE SERVICE FOR BOTH THE <strong>GREASE TRAP TANKS</strong> AND <strong>PIPELINE CHAMBER</strong> TO PREVENT BAD ODOUR, BLOCKAGES, HYGINE AND ENVIROMENTAL ISSUES FROM OCCURING.&nbsp;</li><li>3 MONTHS ONCE COMPLETE DESLUDGING SERVICES FOR ALL THE GREASE TRAP TANKS.</li><li>6 MONTHS ONCE COMPLETE JETTING SERVICES TO CLEAR AND CLEAN THE CHAMBERS AND PIPELINE.</li></ul><p>&nbsp;</p><p>&nbsp;</p><p>&nbsp;</p><p><strong>Quotation Terms</strong></p><p>1. Quatation is valid two weeks from date above.<br />2. All cheques must be crossed &quot;A/C PAYEE ONLY&quot; and made payable to &quot;BERJAYA EARA RESOURCES&quot;.</p>', '(Registration No. SEL 1659/08)', '', '45000.00', '0.00', '45000.00', '0.00', '45000.00', '0.00', '45000.00', 0, '<p>TO DO DESLUDGING, CLEAR PIPE BLOCKAGES, SERVICE PIPELINE AND OTHER RELATED WORKS FOR 6 BLOCKS OF CONDOMINIUM UNITS</p><p>BLOCK A, BLOCK B,&nbsp;BLOCK C,&nbsp;BLOCK D,&nbsp;BLOCK E,&nbsp;BLOCK F</p><p>SUPPLY DESLUDGING TANKER, JETTER TRUCK MACHINE, TOOLS, MATERIALS AND SKILLED WORKERS</p><p>&nbsp;</p>', '', 0, '', 0),
(29, 'QO/2024/008', '2024-04-04', 250, 'QUOTATION FOR DESLUDGING GREASE TRAP TANK, CLEAR BLOCKAGES, SERVICE PIPELINE CHAMBER AND RELATED WORKS.', '', '<p><strong>YEARLY MAINTENANCE WORKS</strong></p><ul><li>WE RECOMMEND THE FOLLOWING MAINTENANCE SERVICE FOR BOTH THE <strong>GREASE TRAP TANKS</strong> AND <strong>PIPELINE CHAMBER</strong> TO PREVENT BAD ODOUR, BLOCKAGES, HYGINE AND ENVIROMENTAL ISSUES FROM OCCURING.&nbsp;</li><li>3 MONTHS ONCE COMPLETE DESLUDGING SERVICES FOR ALL THE GREASE TRAP TANKS.</li><li>6 MONTHS ONCE COMPLETE JETTING SERVICES TO CLEAR AND CLEAN THE CHAMBERS AND PIPELINE.</li></ul><p>&nbsp;</p><p>&nbsp;</p><p>&nbsp;</p><p><strong>Quotation Terms</strong></p><p>1. Quatation is valid two weeks from date above.<br />2. All cheques must be crossed &quot;A/C PAYEE ONLY&quot; and made payable to &quot;BERJAYA EARA RESOURCES&quot;.</p>', '(Registration No. SEL 1659/08)', 'palmspring_damansara@yahoo.com', '45000.00', '0.00', '45000.00', '0.00', '45000.00', '0.00', '45000.00', 0, '<p>TO DO DESLUDGING, CLEAR PIPE BLOCKAGES, SERVICE PIPELINE AND OTHER RELATED WORKS FOR 6 BLOCKS OF CONDOMINIUM UNITS</p><p>BLOCK A, BLOCK B,&nbsp;BLOCK C,&nbsp;BLOCK D,&nbsp;BLOCK E,&nbsp;BLOCK F</p><p>SUPPLY DESLUDGING TANKER, JETTER TRUCK MACHINE, TOOLS, MATERIALS AND SKILLED WORKERS</p><p>&nbsp;</p>', 'INV/2024/015', 94, '', 0),
(30, 'QO/2024/009', '2024-04-04', 250, 'SUPPLY AND INSTALL NEW CHAMBER MANHOLE COVERS INCLUDING INSTALLATION', '', '<p>&nbsp;</p><p><strong>Quotation Terms</strong></p><p>1. Quatation is valid two weeks from date above.<br />2. All cheques must be crossed &quot;A/C PAYEE ONLY&quot; and made payable to &quot;BERJAYA EARA RESOURCES&quot;.</p>', '(Registration No. SEL 1659/08)', 'palmspring_damansara@yahoo.com', '1540.00', '0.00', '1540.00', '0.00', '1540.00', '0.00', '1540.00', 0, '<p>TO SUPPLY NEW CHAMBER MANHOLE COVERS ( Cast Iron type) FOR EXISTING DAMAGED MANHOLE COVERS.</p><p>SUPPLY&nbsp; TOOLS, MATERIALS AND SKILLED WORKERS</p><p>&nbsp;</p>', '', 0, '', 0),
(31, 'QO/2024/010', '2024-05-01', 132, '', '', '<p><strong>Quotation Terms</strong></p><p>1. Quatation is valid two weeks from till 15th February 2024<br />2. All cheques must be crossed &quot;A/C PAYEE ONLY&quot; and made payable to &quot;KSN SEWERAGE ENGINEERING SERVICE&quot;.</p>', 'MR ALI KAMARUDDIN', 'care@iwk.com.my', '2750.00', '0.00', '2750.00', '0.00', '2750.00', '0.00', '2750.00', 0, '<p>TO&nbsp;<br />MAINTENANCE DEPARTMENT</p>', '', 0, '', 0),
(32, 'QO/2024/011', '2024-05-01', 12, '', '', '<p><strong>Quotation Terms</strong></p><p>1. Quatation is valid two weeks from date above.<br />2. All cheques must be crossed &quot;A/C PAYEE ONLY&quot; and made payable to &quot;BERJAYA EARA RESOURCES&quot;.</p>', 'Mr Paramisivam', 'berjaya_eara@yahoo.com', '4076.40', '0.00', '4076.40', '0.00', '4076.40', '0.00', '4076.40', 0, '', '', 0, '', 0),
(33, 'QO/2024/012', '2024-05-03', 250, 'QUOTATION FOR MONTHLY SERVICE OF DESLUDGING GREASE TRAP TANK, CLEAR BLOCKAGES, SERVICE PIPELINE CHAMBER AND RELATED WORKS.', 'MR NAVIN', '<p><strong>Work Schedule for monthly service</strong></p><ul><li>Monthly Service work to be carried out in first week of each month.</li><li>Exact date of service for the month to be decided with&nbsp;PERBADANAN PENGURUSAN PALM SPRING management later based on their convinience.</li></ul><p><strong>Quotation Terms</strong></p><p>1. Quatation is valid two weeks from date above.<br />2. All cheques must be crossed &quot;A/C PAYEE ONLY&quot; and made payable to &quot;BERJAYA EARA RESOURCES&quot;.</p>', '(Registration No. SEL 1659/08)', 'palmspring_damansara@yahoo.com', '34800.00', '0.00', '34800.00', '0.00', '34800.00', '0.00', '34800.00', 0, '<p>TO DO DESLUDGING, CLEAR PIPE BLOCKAGES, SERVICE PIPELINE AND OTHER RELATED WORKS FOR 6 BLOCKS OF CONDOMINIUM UNITS</p><p>BLOCK A, BLOCK B,&nbsp;BLOCK C,&nbsp;BLOCK D,&nbsp;BLOCK E,&nbsp;BLOCK F</p><p>SUPPLY DESLUDGING TANKER, JETTER TRUCK MACHINE, TOOLS, MATERIALS AND SKILLED WORKERS</p><p>&nbsp;</p>', 'INV/2024/024', 103, '', 0),
(34, 'QO/2024/013', '2024-05-14', 244, 'Quotation for Sewerage Pipe Blockage Clearance and Pipe Section Replacement', 'MS KAVITA', '<p><strong>Terms and Conditions:</strong></p><ul><li><strong>Validity:</strong> This quotation is valid for 30 days from the date of issue.</li><li><strong>Payment Terms:</strong> Payment due within 30 days of invoice date.</li><li><strong>Work Schedule:</strong> Work to be scheduled within 14 days of acceptance of this quotation.</li><li><strong>Warranty:</strong> All work is guaranteed for 3 months from the date of completion.</li><li><strong>Additional Costs:</strong> Any additional work not covered in this quotation will be discussed and quoted separately.</li></ul>', 'ENCIK FAZLAN', '', '7300.00', '0.00', '7300.00', '0.00', '7300.00', '0.00', '7300.00', 0, '', '', 0, '', 0),
(35, 'QO/2024/014', '2024-06-10', 22, '', '', '<p><strong>Terms and Conditions:</strong></p><ul><li><strong>Validity:</strong> This quotation is valid for 30 days from the date of issue.</li><li><strong>Payment Terms:</strong> Payment due within 30 days of invoice date.</li><li><strong>Work Schedule:</strong> Work to be scheduled within 14 days of acceptance of this quotation.</li><li><strong>Warranty:</strong> All work is guaranteed for 3 months from the date of completion.</li><li><strong>Additional Costs:</strong> Any additional work not covered in this quotation will be discussed and quoted separately.</li></ul>', 'Mr Teng Ken Fatt', 'giant_selayang@gmail.com', '7300.00', '0.00', '7300.00', '0.00', '7300.00', '0.00', '7300.00', 0, '', '', 0, 'DO/2023/025', 20),
(36, 'QO/2024/015', '2024-06-05', 3, '', '', '<p><strong>Terms and Conditions:</strong></p><ul><li><strong>Validity:</strong> This quotation is valid for 30 days from the date of issue.</li><li><strong>Payment Terms:</strong> Payment due within 30 days of invoice date.</li><li><strong>Work Schedule:</strong> Work to be scheduled within 14 days of acceptance of this quotation.</li><li><strong>Warranty:</strong> All work is guaranteed for 3 months from the date of completion.</li><li><strong>Additional Costs:</strong> Any additional work not covered in this quotation will be discussed and quoted separately.</li></ul>', 'Mr John Tan', 'american_88@hotmailcom', '7300.00', '0.00', '7300.00', '0.00', '7300.00', '0.00', '7300.00', 0, '', '', 0, '', 0),
(37, 'QO/2024/016', '2024-06-05', 33, '', '', '<p><strong>Quotation Terms</strong></p><p>1. Quatation is valid 14 DAYS from date above.<br />2. All cheques must be crossed &quot;A/C PAYEE ONLY&quot; and made payable to &quot;KSN SEWERAGE ENGINEERING SERVICE&quot;.</p>', 'HAZLAN SABTU', 'dcmc.crimson@gmail.com', '14901.90', '0.00', '14901.90', '0.00', '14901.90', '0.00', '14901.90', 0, '', '', 0, '', 0),
(38, 'QO/2024/017', '2024-06-12', 250, 'QUOTATION FOR QUATERLY ( 3 MONTHS ONCE ) SERVICE OF DESLUDGING GREASE TRAP TANK, CLEAR BLOCKAGES, SERVICE PIPELINE CHAMBER AND RELATED WORKS.', '', '<p><strong>Work Schedule for&nbsp; Quaterly service</strong></p><ul><li>Service work to be carried out in first week of of the new Quater.</li><li>Exact date of service for the Quater to be decided with&nbsp;PERBADANAN PENGURUSAN PALM SPRING management later based on their convinience.</li></ul><p><strong>Quotation Terms</strong></p><p>1. Quatation is valid two weeks from date above.<br />2. All cheques must be crossed &quot;A/C PAYEE ONLY&quot; and made payable to &quot;BERJAYA EARA RESOURCES&quot;.</p>', '', 'palmspring_damansara@yahoo.com', '40800.00', '0.00', '40800.00', '0.00', '40800.00', '0.00', '40800.00', 0, '<p>TO DO DESLUDGING, CLEAR PIPE BLOCKAGES, SERVICE PIPELINE AND OTHER RELATED WORKS FOR 6 BLOCKS OF CONDOMINIUM UNITS</p><p>BLOCK A, BLOCK B,&nbsp;BLOCK C,&nbsp;BLOCK D,&nbsp;BLOCK E,&nbsp;BLOCK F</p><p>SUPPLY DESLUDGING TANKER, JETTER TRUCK MACHINE, TOOLS, MATERIALS AND SKILLED WORKERS</p><p>&nbsp;</p>', '', 0, '', 0),
(39, 'QO/2024/018', '2024-06-21', 22, '', '', '<p><strong>Quotation Terms</strong></p><p>1. Quatation is valid 14 DAYS from date above.<br />2. All cheques must be crossed &quot;A/C PAYEE ONLY&quot; and made payable to &quot;KSN SEWERAGE ENGINEERING SERVICE&quot;.</p>', 'Mr Teng Ken Fatt', 'giant_selayang@gmail.com', '0.00', '0.00', '0.00', '0.00', '0.00', '0.00', '0.00', 0, '', '', 0, '', 0),
(40, 'QO/2024/019', '2024-06-22', 252, '', '', '<p><strong>Quotation Terms</strong></p><p>1. Quatation is valid 14 DAYS from date above.<br />2. All cheques must be crossed &quot;A/C PAYEE ONLY&quot; and made payable to &quot;KSN SEWERAGE ENGINEERING SERVICE&quot;.</p>', 'MR SHAM SREDEAR', '', '4822.60', '0.00', '4822.60', '0.00', '4822.60', '0.00', '4822.60', 0, '', '', 0, '', 0),
(41, 'QO/2024/020', '2024-06-22', 60, '', '', '<p><strong>Quotation Terms</strong></p><p>1. Quatation is valid 14 DAYS from date above.<br />2. All cheques must be crossed &quot;A/C PAYEE ONLY&quot; and made payable to &quot;KSN SEWERAGE ENGINEERING SERVICE&quot;.</p><p>&nbsp;</p><p>&nbsp;</p><p>&nbsp;</p><p>&nbsp;</p><p>Heloo sir, please test the ystem</p>', 'MR SHAM SREDEAR', 'ksn_sewerage@gmail.com', '9822.45', '469.51', '9877.68', '414.28', '9408.17', '0.02', '9877.70', 1, '', '', 0, '', 0),
(42, 'QO/2024/021', '2024-06-22', 241, '', '', '<p><strong>Quotation Terms</strong></p><p>1. Quatation is valid 14 DAYS from date above.<br />2. All cheques must be crossed &quot;A/C PAYEE ONLY&quot; and made payable to &quot;KSN SEWERAGE ENGINEERING SERVICE&quot;.</p>', 'MS JANET JI', 'pharmacy_99@gmail.com', '85150.95', '0.00', '85150.95', '0.00', '85150.95', '0.00', '85150.95', 0, '', '', 0, '', 0),
(43, 'QO/2024/023', '2024-06-22', 67, '', '', '<p><strong>Work Schedule for&nbsp; Quaterly service</strong></p><ul><li>Service work to be carried out in first week of of the new Quater.</li><li>Exact date of service for the Quater to be decided with&nbsp;PERBADANAN PENGURUSAN PALM SPRING management later based on their convinience.</li></ul><p><strong>Quotation Terms</strong></p><p>1. Quatation is valid two weeks from date above.<br />2. All cheques must be crossed &quot;A/C PAYEE ONLY&quot; and made payable to &quot;BERJAYA EARA RESOURCES&quot;.</p>', 'Mr Ramachandrean', 'caresome_90@gmail.com', '41169.00', '5.54', '39134.54', '2040.00', '39129.00', '0.01', '39134.55', 1, '<p>TO DO DESLUDGING, CLEAR PIPE BLOCKAGES, SERVICE PIPELINE AND OTHER RELATED WORKS FOR 6 BLOCKS OF CONDOMINIUM UNITS</p><p>BLOCK A, BLOCK B,&nbsp;BLOCK C,&nbsp;BLOCK D,&nbsp;BLOCK E,&nbsp;BLOCK F</p><p>SUPPLY DESLUDGING TANKER, JETTER TRUCK MACHINE, TOOLS, MATERIALS AND SKILLED WORKERS</p><p>&nbsp;</p>', '', 0, '', 0),
(44, 'QO/2024/025', '2024-06-22', 76, '', '', '<p><strong>Work Schedule for&nbsp; Quaterly service</strong></p><ul><li>Service work to be carried out in first week of of the new Quater.</li><li>Exact date of service for the Quater to be decided with&nbsp;PERBADANAN PENGURUSAN PALM SPRING management later based on their convinience.</li></ul><p><strong>Quotation Terms</strong></p><p>1. Quatation is valid two weeks from date above.<br />2. All cheques must be crossed &quot;A/C PAYEE ONLY&quot; and made payable to &quot;BERJAYA EARA RESOURCES&quot;.</p>', 'SERI WAHYU RESINDENCE MANAGEMENT OFFICE', '', '41169.00', '5.54', '39134.54', '2040.00', '39129.00', '0.01', '39134.55', 1, '<p>TO DO DESLUDGING, CLEAR PIPE BLOCKAGES, SERVICE PIPELINE AND OTHER RELATED WORKS FOR 6 BLOCKS OF CONDOMINIUM UNITS</p><p>BLOCK A, BLOCK B,&nbsp;BLOCK C,&nbsp;BLOCK D,&nbsp;BLOCK E,&nbsp;BLOCK F</p><p>SUPPLY DESLUDGING TANKER, JETTER TRUCK MACHINE, TOOLS, MATERIALS AND SKILLED WORKERS</p><p>&nbsp;</p>', '', 0, '', 0),
(45, 'QO/2024/026', '2024-06-22', 240, '', '', '<p><strong>Quotation Terms</strong></p><p>1. Quatation is valid 14 DAYS from date above.<br />2. All cheques must be crossed &quot;A/C PAYEE ONLY&quot; and made payable to &quot;KSN SEWERAGE ENGINEERING SERVICE&quot;.</p>', '', '', '109.95', '0.00', '109.95', '0.00', '109.95', '0.00', '109.95', 0, '', '', 0, '', 0),
(46, 'QO/2024/027', '2024-06-23', 11, '', '', '<p><strong>Work Schedule for&nbsp; Quaterly service</strong></p><ul><li>Service work to be carried out in first week of of the new Quater.</li><li>Exact date of service for the Quater to be decided with&nbsp;PERBADANAN PENGURUSAN PALM SPRING management later based on their convinience.</li></ul><p><strong>Quotation Terms</strong></p><p>1. Quatation is valid two weeks from date above.<br />2. All cheques must be crossed &quot;A/C PAYEE ONLY&quot; and made payable to &quot;BERJAYA EARA RESOURCES&quot;.</p>', 'Mr Saravanan', 'sara_98@hotmail.com', '40800.00', '0.00', '40800.00', '0.00', '40800.00', '0.00', '40800.00', 0, '<p>TO DO DESLUDGING, CLEAR PIPE BLOCKAGES, SERVICE PIPELINE AND OTHER RELATED WORKS FOR 6 BLOCKS OF CONDOMINIUM UNITS</p><p>BLOCK A, BLOCK B,&nbsp;BLOCK C,&nbsp;BLOCK D,&nbsp;BLOCK E,&nbsp;BLOCK F</p><p>SUPPLY DESLUDGING TANKER, JETTER TRUCK MACHINE, TOOLS, MATERIALS AND SKILLED WORKERS</p><p>&nbsp;</p>', '', 0, '', 0),
(47, 'QO/2024/028', '2024-06-23', 242, '', '', '<p><strong>Quotation Terms</strong></p><p>1. Quatation is valid 14 DAYS from date above.<br />2. All cheques must be crossed &quot;A/C PAYEE ONLY&quot; and made payable to &quot;KSN SEWERAGE ENGINEERING SERVICE&quot;.</p>', '', 'appb@gmail.com', '145.60', '0.00', '145.60', '0.00', '145.60', '0.00', '145.60', 0, '', '', 0, '', 0),
(48, 'QO/2024/029', '2024-06-23', 206, '', '', '<p><strong>Quotation Terms</strong></p><p>1. Quatation is valid 14 DAYS from date above.<br />2. All cheques must be crossed &quot;A/C PAYEE ONLY&quot; and made payable to &quot;KSN SEWERAGE ENGINEERING SERVICE&quot;.</p>', '', '', '4925.45', '0.00', '4925.45', '0.00', '4925.45', '0.00', '4925.45', 0, '', '', 0, '', 0),
(49, 'QO/2024/030', '2024-06-23', 228, '', '', '<p><strong>Quotation Terms</strong></p><p>1. Quatation is valid 14 DAYS from date above.<br />2. All cheques must be crossed &quot;A/C PAYEE ONLY&quot; and made payable to &quot;KSN SEWERAGE ENGINEERING SERVICE&quot;.</p>', 'MR SAID ISKANDAR', '', '4650.95', '0.00', '4650.95', '0.00', '4650.95', '0.00', '4650.95', 0, '', '', 0, '', 0);

-- --------------------------------------------------------

--
-- Table structure for table `tbquotationdetail`
--

DROP TABLE IF EXISTS `tbquotationdetail`;
CREATE TABLE IF NOT EXISTS `tbquotationdetail` (
  `quotationDetail_id` int(11) NOT NULL AUTO_INCREMENT,
  `quotationDetail_quotationID` int(10) NOT NULL,
  `quotationDetail_no1` varchar(200) NOT NULL,
  `quotationDetail_no2` varchar(200) NOT NULL,
  `quotationDetail_no3` decimal(10,2) NOT NULL DEFAULT '0.00',
  `quotationDetail_no4` varchar(200) NOT NULL,
  `quotationDetail_bold` int(11) NOT NULL DEFAULT '0' COMMENT '0=normal, 1=bold',
  `quotationDetail_sortID` int(2) NOT NULL DEFAULT '0',
  `quotationDetail_no5` decimal(10,2) NOT NULL DEFAULT '0.00',
  `quotationDetail_rowTotal` decimal(10,2) NOT NULL DEFAULT '0.00',
  `quotationDetail_taxRateID` int(10) NOT NULL DEFAULT '0',
  `quotationDetail_taxPercent` decimal(10,2) NOT NULL DEFAULT '0.00',
  `quotationDetail_taxTotal` decimal(10,2) NOT NULL DEFAULT '0.00',
  `quotationDetail_rowGrandTotal` decimal(10,2) NOT NULL DEFAULT '0.00',
  `quotationDetail_discountPercent` decimal(10,2) NOT NULL DEFAULT '0.00',
  `quotationDetail_discountAmount` decimal(10,2) NOT NULL DEFAULT '0.00',
  `quotationDetail_rowTotalAfterDiscount` decimal(10,2) NOT NULL DEFAULT '0.00',
  PRIMARY KEY (`quotationDetail_id`)
) ENGINE=InnoDB AUTO_INCREMENT=2807 DEFAULT CHARSET=latin1;

--
-- Dumping data for table `tbquotationdetail`
--

INSERT INTO `tbquotationdetail` (`quotationDetail_id`, `quotationDetail_quotationID`, `quotationDetail_no1`, `quotationDetail_no2`, `quotationDetail_no3`, `quotationDetail_no4`, `quotationDetail_bold`, `quotationDetail_sortID`, `quotationDetail_no5`, `quotationDetail_rowTotal`, `quotationDetail_taxRateID`, `quotationDetail_taxPercent`, `quotationDetail_taxTotal`, `quotationDetail_rowGrandTotal`, `quotationDetail_discountPercent`, `quotationDetail_discountAmount`, `quotationDetail_rowTotalAfterDiscount`) VALUES
(1, 1, '', 'DHLD PACKAGE DELIVERY CHARGES', '20.00', 'LOT', 0, 1, '50.00', '1000.00', 1, '0.00', '0.00', '1000.00', '0.00', '0.00', '1000.00'),
(2, 1, '', '', '0.00', '', 0, 2, '0.00', '0.00', 1, '0.00', '0.00', '0.00', '0.00', '0.00', '0.00'),
(3, 1, '', '', '0.00', '', 0, 3, '0.00', '0.00', 1, '0.00', '0.00', '0.00', '0.00', '0.00', '0.00'),
(4, 1, '', '', '0.00', '', 0, 4, '0.00', '0.00', 1, '0.00', '0.00', '0.00', '0.00', '0.00', '0.00'),
(5, 1, '', '', '0.00', '', 0, 5, '0.00', '0.00', 1, '0.00', '0.00', '0.00', '0.00', '0.00', '0.00'),
(11, 2, '1', 'DHLD PACKAGE DELIVERY CHARGES', '20.00', 'LOT', 0, 1, '50.00', '1000.00', 1, '0.00', '0.00', '1000.00', '0.00', '0.00', '1000.00'),
(12, 2, '2', 'CALENDAR FOR YEAR 2023 INCLUDING STICKERS MICKEY MOUSE', '0.00', 'PCS', 0, 2, '50.95', '50.95', 1, '0.00', '0.00', '50.95', '0.00', '0.00', '50.95'),
(13, 2, '3', 'REMOVE WINDSCREEN AND TINTING WORKS DONE FOR THE WHOLE CAR', '0.00', 'UNITS', 0, 3, '0.00', '0.00', 1, '0.00', '0.00', '0.00', '0.00', '0.00', '0.00'),
(14, 2, '4', 'TO USE TOOLS AND MANUALLY ENTER THE  DRAIN TO REMOVE ALL SAND, STONES, DEBRIS ETC FROM THE SIDES AND BOTTOM OF DRAIN.', '0.00', 'LOT', 0, 4, '3700.00', '3700.00', 1, '0.00', '0.00', '3700.00', '0.00', '0.00', '3700.00'),
(15, 2, '5', 'Jetting Works and Clear blockages with rodder machine', '0.00', 'unit', 0, 5, '6.00', '6.00', 1, '0.00', '0.00', '6.00', '0.00', '0.00', '6.00'),
(16, 2, '6', 'MAZDA X5 TYRE CHANGE 175/90PSI JAPAN MADE', '0.00', 'PCS', 0, 6, '130.50', '130.50', 1, '0.00', '0.00', '130.50', '0.00', '0.00', '130.50'),
(17, 2, '7', 'MILO TIN BIG ( MADE IN HOLLAND)', '0.00', 'TIN', 0, 7, '66.00', '66.00', 1, '0.00', '0.00', '66.00', '0.00', '0.00', '66.00'),
(33, 3, '', '', '0.00', '', 0, 1, '5088.05', '5088.05', 1, '0.00', '0.00', '5088.05', '0.00', '0.00', '5088.05'),
(34, 3, '', '', '0.00', '', 0, 2, '0.00', '0.00', 1, '0.00', '0.00', '0.00', '0.00', '0.00', '0.00'),
(35, 3, '', '', '0.00', '', 0, 3, '0.00', '0.00', 1, '0.00', '0.00', '0.00', '0.00', '0.00', '0.00'),
(36, 3, '', '', '0.00', '', 0, 4, '0.00', '0.00', 1, '0.00', '0.00', '0.00', '0.00', '0.00', '0.00'),
(37, 3, '', '', '0.00', '', 0, 5, '0.00', '0.00', 1, '0.00', '0.00', '0.00', '0.00', '0.00', '0.00'),
(53, 4, '', 'BUTTER CHICKEN', '0.00', 'pcs', 0, 1, '67.55', '67.55', 1, '0.00', '0.00', '67.55', '0.00', '0.00', '67.55'),
(54, 4, '', 'PREPARE HOUSE TENANCY AGREEMENT FOR CUSTOMER FOR THE YEAR 2023 AND 2024', '0.00', 'LOT', 0, 2, '900.00', '900.00', 1, '0.00', '0.00', '900.00', '0.00', '0.00', '900.00'),
(55, 4, '', 'FRANCE PERFUME ( LAVENDAR SMELL)', '0.00', '', 0, 3, '98.00', '98.00', 1, '0.00', '0.00', '98.00', '0.00', '0.00', '98.00'),
(56, 4, '', 'LABOUR TO REPLACE PARTS & SERVICE', '0.00', 'bundles', 0, 4, '56.00', '56.00', 1, '0.00', '0.00', '56.00', '0.00', '0.00', '56.00'),
(57, 4, '', 'GRAND TURISMO 2.4', '0.00', 'UNIT', 0, 5, '12000.00', '12000.00', 1, '0.00', '0.00', '12000.00', '0.00', '0.00', '12000.00'),
(76, 5, '', 'WORK SCOPE', '0.00', '', 1, 1, '0.00', '0.00', 1, '0.00', '0.00', '0.00', '0.00', '0.00', '0.00'),
(77, 5, '1.', 'CAR CARBURATOR CHANGE', '0.00', '', 0, 2, '33.00', '33.00', 1, '0.00', '0.00', '29.70', '10.00', '3.30', '29.70'),
(78, 5, '2.', 'PREPARE HOUSE TENANCY AGREEMENT FOR CUSTOMER FOR THE YEAR 2023 AND 2024', '0.00', 'LOT', 0, 3, '900.00', '900.00', 1, '0.00', '0.00', '900.00', '0.00', '0.00', '900.00'),
(79, 5, '3.', 'REMOVE WINDSCREEN AND TINTING WORKS DONE FOR THE WHOLE CAR', '2.00', 'UNITS', 0, 4, '65.00', '130.00', 1, '0.00', '0.00', '130.00', '0.00', '0.00', '130.00'),
(80, 5, '4.', 'TO USE TOOLS AND MANUALLY ENTER THE  DRAIN TO REMOVE ALL SAND, STONES, DEBRIS ETC FROM THE SIDES AND BOTTOM OF DRAIN.', '0.00', 'LOT', 0, 5, '3700.00', '3700.00', 1, '0.00', '0.00', '3700.00', '0.00', '0.00', '3700.00'),
(81, 5, '', 'TRANSPORT', '0.00', '', 1, 6, '0.00', '0.00', 1, '0.00', '0.00', '0.00', '0.00', '0.00', '0.00'),
(82, 5, '1.', 'CALENDAR FOR YEAR 2023 INCLUDING STICKERS MICKEY MOUSE', '0.00', 'PCS', 0, 7, '50.95', '50.95', 4, '34.00', '17.32', '68.27', '0.00', '0.00', '50.95'),
(83, 5, '2.', 'MOTOROLLA HANDPHONE MODEL X-9', '1.00', 'unit', 0, 8, '5006.75', '5006.75', 6, '1.50', '75.10', '5081.85', '0.00', '0.00', '5006.75'),
(84, 5, '3.', 'TO USE TOOLS AND MANUALLY ENTER THE  DRAIN TO REMOVE ALL SAND, STONES, DEBRIS ETC FROM THE SIDES AND BOTTOM OF DRAIN.', '0.00', 'LOT', 0, 9, '3700.00', '3700.00', 3, '10.00', '355.20', '3907.20', '4.00', '148.00', '3552.00'),
(176, 7, '', '', '0.00', '', 0, 1, '0.00', '0.00', 1, '0.00', '0.00', '0.00', '0.00', '0.00', '0.00'),
(177, 7, '', '', '0.00', '', 0, 2, '0.00', '0.00', 1, '0.00', '0.00', '0.00', '0.00', '0.00', '0.00'),
(178, 7, '', '', '0.00', '', 0, 3, '0.00', '0.00', 1, '0.00', '0.00', '0.00', '0.00', '0.00', '0.00'),
(179, 7, '', '', '0.00', '', 0, 4, '0.00', '0.00', 1, '0.00', '0.00', '0.00', '0.00', '0.00', '0.00'),
(180, 7, '', '', '0.00', '', 0, 5, '0.00', '0.00', 1, '0.00', '0.00', '0.00', '0.00', '0.00', '0.00'),
(181, 7, '', '', '0.00', '', 0, 6, '0.00', '0.00', 1, '0.00', '0.00', '0.00', '0.00', '0.00', '0.00'),
(182, 7, '', '', '0.00', '', 0, 7, '0.00', '0.00', 1, '0.00', '0.00', '0.00', '0.00', '0.00', '0.00'),
(183, 7, '', '', '0.00', '', 0, 8, '0.00', '0.00', 1, '0.00', '0.00', '0.00', '0.00', '0.00', '0.00'),
(184, 7, '', '', '0.00', '', 0, 9, '0.00', '0.00', 1, '0.00', '0.00', '0.00', '0.00', '0.00', '0.00'),
(185, 7, '', '', '0.00', '', 0, 10, '0.00', '0.00', 1, '0.00', '0.00', '0.00', '0.00', '0.00', '0.00'),
(186, 7, '', '', '0.00', '', 0, 11, '0.00', '0.00', 1, '0.00', '0.00', '0.00', '0.00', '0.00', '0.00'),
(187, 7, '', '', '0.00', '', 0, 12, '0.00', '0.00', 1, '0.00', '0.00', '0.00', '0.00', '0.00', '0.00'),
(188, 7, '', '', '0.00', '', 0, 13, '0.00', '0.00', 1, '0.00', '0.00', '0.00', '0.00', '0.00', '0.00'),
(189, 7, '', '', '0.00', '', 0, 14, '0.00', '0.00', 1, '0.00', '0.00', '0.00', '0.00', '0.00', '0.00'),
(190, 7, '', '', '0.00', '', 0, 15, '0.00', '0.00', 1, '0.00', '0.00', '0.00', '0.00', '0.00', '0.00'),
(191, 7, '', '', '0.00', '', 0, 16, '0.00', '0.00', 1, '0.00', '0.00', '0.00', '0.00', '0.00', '0.00'),
(192, 7, '', '', '0.00', '', 0, 17, '0.00', '0.00', 1, '0.00', '0.00', '0.00', '0.00', '0.00', '0.00'),
(193, 7, '', '', '0.00', '', 0, 18, '0.00', '0.00', 1, '0.00', '0.00', '0.00', '0.00', '0.00', '0.00'),
(194, 7, '', '', '0.00', '', 0, 19, '0.00', '0.00', 1, '0.00', '0.00', '0.00', '0.00', '0.00', '0.00'),
(195, 7, '', '', '0.00', '', 0, 20, '0.00', '0.00', 1, '0.00', '0.00', '0.00', '0.00', '0.00', '0.00'),
(196, 7, '', '', '0.00', '', 0, 21, '0.00', '0.00', 1, '0.00', '0.00', '0.00', '0.00', '0.00', '0.00'),
(197, 7, '', '', '0.00', '', 0, 22, '0.00', '0.00', 1, '0.00', '0.00', '0.00', '0.00', '0.00', '0.00'),
(198, 7, '', '', '0.00', '', 0, 23, '0.00', '0.00', 1, '0.00', '0.00', '0.00', '0.00', '0.00', '0.00'),
(199, 7, '', '', '0.00', '', 0, 24, '0.00', '0.00', 1, '0.00', '0.00', '0.00', '0.00', '0.00', '0.00'),
(200, 7, '', '', '0.00', '', 0, 25, '0.00', '0.00', 1, '0.00', '0.00', '0.00', '0.00', '0.00', '0.00'),
(201, 7, '', '', '0.00', '', 0, 26, '0.00', '0.00', 1, '0.00', '0.00', '0.00', '0.00', '0.00', '0.00'),
(202, 7, '', '', '0.00', '', 0, 27, '0.00', '0.00', 1, '0.00', '0.00', '0.00', '0.00', '0.00', '0.00'),
(203, 7, '', '', '0.00', '', 0, 28, '0.00', '0.00', 1, '0.00', '0.00', '0.00', '0.00', '0.00', '0.00'),
(204, 7, '', '', '0.00', '', 0, 29, '0.00', '0.00', 1, '0.00', '0.00', '0.00', '0.00', '0.00', '0.00'),
(205, 7, '', '', '0.00', '', 0, 30, '0.00', '0.00', 1, '0.00', '0.00', '0.00', '0.00', '0.00', '0.00'),
(206, 7, '', '', '0.00', '', 0, 31, '0.00', '0.00', 1, '0.00', '0.00', '0.00', '0.00', '0.00', '0.00'),
(207, 7, '', '', '0.00', '', 0, 32, '0.00', '0.00', 1, '0.00', '0.00', '0.00', '0.00', '0.00', '0.00'),
(208, 7, '', '', '0.00', '', 0, 33, '0.00', '0.00', 1, '0.00', '0.00', '0.00', '0.00', '0.00', '0.00'),
(209, 7, '', '', '0.00', '', 0, 34, '0.00', '0.00', 1, '0.00', '0.00', '0.00', '0.00', '0.00', '0.00'),
(210, 7, '', '', '0.00', '', 0, 35, '0.00', '0.00', 1, '0.00', '0.00', '0.00', '0.00', '0.00', '0.00'),
(211, 7, '', '', '0.00', '', 0, 36, '0.00', '0.00', 1, '0.00', '0.00', '0.00', '0.00', '0.00', '0.00'),
(212, 7, '', '', '0.00', '', 0, 37, '0.00', '0.00', 1, '0.00', '0.00', '0.00', '0.00', '0.00', '0.00'),
(213, 7, '', '', '0.00', '', 0, 38, '0.00', '0.00', 1, '0.00', '0.00', '0.00', '0.00', '0.00', '0.00'),
(214, 7, '', '', '0.00', '', 0, 39, '0.00', '0.00', 1, '0.00', '0.00', '0.00', '0.00', '0.00', '0.00'),
(215, 7, '', '', '0.00', '', 0, 40, '0.00', '0.00', 1, '0.00', '0.00', '0.00', '0.00', '0.00', '0.00'),
(216, 7, '', '', '0.00', '', 0, 41, '0.00', '0.00', 1, '0.00', '0.00', '0.00', '0.00', '0.00', '0.00'),
(217, 7, '', '', '0.00', '', 0, 42, '0.00', '0.00', 1, '0.00', '0.00', '0.00', '0.00', '0.00', '0.00'),
(218, 7, '', '', '0.00', '', 0, 43, '0.00', '0.00', 1, '0.00', '0.00', '0.00', '0.00', '0.00', '0.00'),
(219, 7, '', '', '0.00', '', 0, 44, '0.00', '0.00', 1, '0.00', '0.00', '0.00', '0.00', '0.00', '0.00'),
(220, 7, '', '', '0.00', '', 0, 45, '0.00', '0.00', 1, '0.00', '0.00', '0.00', '0.00', '0.00', '0.00'),
(286, 6, '', 'WORK SCOPE', '0.00', '', 1, 1, '0.00', '0.00', 1, '0.00', '0.00', '0.00', '0.00', '0.00', '0.00'),
(287, 6, '1.', 'CAR CARBURATOR CHANGE', '12.00', '', 0, 2, '33.00', '396.00', 4, '34.00', '121.18', '477.58', '10.00', '39.60', '356.40'),
(288, 6, '2.', 'PREPARE HOUSE TENANCY AGREEMENT FOR CUSTOMER FOR THE YEAR 2023 AND 2024', '0.00', 'LOT', 0, 3, '900.00', '900.00', 1, '0.00', '0.00', '900.00', '0.00', '0.00', '900.00'),
(289, 6, '3.', 'REMOVE WINDSCREEN AND TINTING WORKS DONE FOR THE WHOLE CAR', '2.00', 'UNITS', 0, 4, '65.00', '130.00', 1, '0.00', '0.00', '130.00', '0.00', '0.00', '130.00'),
(290, 6, '4.', 'TO USE TOOLS AND MANUALLY ENTER THE  DRAIN TO REMOVE ALL SAND, STONES, DEBRIS ETC FROM THE SIDES AND BOTTOM OF DRAIN.', '0.00', 'LOT', 0, 5, '3700.00', '3700.00', 1, '0.00', '0.00', '3700.00', '0.00', '0.00', '3700.00'),
(291, 6, '', 'TRANSPORT', '0.00', '', 1, 6, '0.00', '0.00', 1, '0.00', '0.00', '0.00', '0.00', '0.00', '0.00'),
(292, 6, '1.', 'CALENDAR FOR YEAR 2023 INCLUDING STICKERS MICKEY MOUSE', '0.00', 'PCS', 0, 7, '50.95', '50.95', 4, '34.00', '17.32', '68.27', '0.00', '0.00', '50.95'),
(293, 6, '2.', 'MOTOROLLA HANDPHONE MODEL X-9', '1.00', 'unit', 0, 8, '5006.75', '5006.75', 6, '1.50', '75.10', '5081.85', '0.00', '0.00', '5006.75'),
(294, 6, '3.', 'TO USE TOOLS AND MANUALLY ENTER THE  DRAIN TO REMOVE ALL SAND, STONES, DEBRIS ETC FROM THE SIDES AND BOTTOM OF DRAIN.', '0.00', 'LOT', 0, 9, '3700.00', '3700.00', 3, '10.00', '355.20', '3907.20', '4.00', '148.00', '3552.00'),
(295, 6, '5.', 'TEAK WOOD IKEA TABLE 5 X 7 FEET', '0.00', 'PCS', 0, 10, '0.00', '0.00', 1, '0.00', '0.00', '0.00', '0.00', '0.00', '0.00'),
(296, 6, '', 'LABOUR', '0.00', '', 1, 11, '0.00', '0.00', 1, '0.00', '0.00', '0.00', '0.00', '0.00', '0.00'),
(297, 6, '1.', 'NOKIA CHARGER TYPE CARBON 4598BK', '2.00', 'UNIT', 0, 12, '59.00', '118.00', 1, '0.00', '0.00', '118.00', '0.00', '0.00', '118.00'),
(298, 6, '2.', 'TO USE TOOLS AND MANUALLY ENTER THE  DRAIN TO REMOVE ALL SAND, STONES, DEBRIS ETC FROM THE SIDES AND BOTTOM OF DRAIN.', '6.00', 'LOT', 0, 13, '60.00', '360.00', 1, '0.00', '0.00', '360.00', '0.00', '0.00', '360.00'),
(299, 6, '', 'CALENDAR FOR YEAR 2023 INCLUDING STICKERS MICKEY MOUSE', '0.00', 'PCS', 1, 14, '50.95', '50.95', 1, '0.00', '0.00', '50.95', '0.00', '0.00', '50.95'),
(300, 6, '', '', '0.00', '', 0, 15, '0.00', '0.00', 1, '0.00', '0.00', '0.00', '0.00', '0.00', '0.00'),
(301, 6, '', '', '0.00', '', 0, 16, '0.00', '0.00', 1, '0.00', '0.00', '0.00', '0.00', '0.00', '0.00'),
(302, 6, '', '', '0.00', '', 0, 17, '0.00', '0.00', 1, '0.00', '0.00', '0.00', '0.00', '0.00', '0.00'),
(303, 6, '', '', '0.00', '', 0, 18, '0.00', '0.00', 1, '0.00', '0.00', '0.00', '0.00', '0.00', '0.00'),
(304, 6, '', '', '0.00', '', 0, 19, '0.00', '0.00', 1, '0.00', '0.00', '0.00', '0.00', '0.00', '0.00'),
(305, 6, '', '', '0.00', '', 0, 20, '0.00', '0.00', 1, '0.00', '0.00', '0.00', '0.00', '0.00', '0.00'),
(306, 6, '', '', '0.00', '', 0, 21, '0.00', '0.00', 1, '0.00', '0.00', '0.00', '0.00', '0.00', '0.00'),
(307, 6, '', '', '0.00', '', 0, 22, '0.00', '0.00', 1, '0.00', '0.00', '0.00', '0.00', '0.00', '0.00'),
(308, 6, '', '', '0.00', '', 0, 23, '0.00', '0.00', 1, '0.00', '0.00', '0.00', '0.00', '0.00', '0.00'),
(309, 6, '', '', '0.00', '', 0, 24, '0.00', '0.00', 1, '0.00', '0.00', '0.00', '0.00', '0.00', '0.00'),
(310, 6, '', '', '0.00', '', 0, 25, '0.00', '0.00', 1, '0.00', '0.00', '0.00', '0.00', '0.00', '0.00'),
(311, 6, '', '', '0.00', '', 0, 26, '0.00', '0.00', 1, '0.00', '0.00', '0.00', '0.00', '0.00', '0.00'),
(312, 6, '', '', '0.00', '', 0, 27, '0.00', '0.00', 1, '0.00', '0.00', '0.00', '0.00', '0.00', '0.00'),
(313, 6, '', '', '0.00', '', 0, 28, '0.00', '0.00', 1, '0.00', '0.00', '0.00', '0.00', '0.00', '0.00'),
(314, 6, '', '', '0.00', '', 0, 29, '0.00', '0.00', 1, '0.00', '0.00', '0.00', '0.00', '0.00', '0.00'),
(315, 6, '', '', '0.00', '', 0, 30, '0.00', '0.00', 1, '0.00', '0.00', '0.00', '0.00', '0.00', '0.00'),
(321, 8, '', 'TO USE TOOLS AND MANUALLY ENTER THE  DRAIN TO REMOVE ALL SAND, STONES, DEBRIS ETC FROM THE SIDES AND BOTTOM OF DRAINAGE.', '0.00', 'LOT', 0, 1, '3700.00', '3700.00', 1, '0.00', '0.00', '3700.00', '0.00', '0.00', '3700.00'),
(322, 8, '', '', '0.00', '', 0, 2, '0.00', '0.00', 1, '0.00', '0.00', '0.00', '0.00', '0.00', '0.00'),
(323, 8, '', '', '0.00', '', 0, 3, '0.00', '0.00', 1, '0.00', '0.00', '0.00', '0.00', '0.00', '0.00'),
(324, 8, '', '', '0.00', '', 0, 4, '0.00', '0.00', 1, '0.00', '0.00', '0.00', '0.00', '0.00', '0.00'),
(325, 8, '', '', '0.00', '', 0, 5, '0.00', '0.00', 1, '0.00', '0.00', '0.00', '0.00', '0.00', '0.00'),
(326, 8, '', '', '0.00', '', 0, 6, '0.00', '0.00', 1, '0.00', '0.00', '0.00', '0.00', '0.00', '0.00'),
(327, 8, '', '', '0.00', '', 0, 7, '0.00', '0.00', 1, '0.00', '0.00', '0.00', '0.00', '0.00', '0.00'),
(328, 8, '', '', '0.00', '', 0, 8, '0.00', '0.00', 1, '0.00', '0.00', '0.00', '0.00', '0.00', '0.00'),
(329, 8, '', '', '0.00', '', 0, 9, '0.00', '0.00', 1, '0.00', '0.00', '0.00', '0.00', '0.00', '0.00'),
(330, 8, '', '', '0.00', '', 0, 10, '0.00', '0.00', 1, '0.00', '0.00', '0.00', '0.00', '0.00', '0.00'),
(331, 8, '', '', '0.00', '', 0, 11, '0.00', '0.00', 1, '0.00', '0.00', '0.00', '0.00', '0.00', '0.00'),
(332, 8, '', '', '0.00', '', 0, 12, '0.00', '0.00', 1, '0.00', '0.00', '0.00', '0.00', '0.00', '0.00'),
(333, 8, '', '', '0.00', '', 0, 13, '0.00', '0.00', 1, '0.00', '0.00', '0.00', '0.00', '0.00', '0.00'),
(334, 9, '', 'BUTTER CHICKEN', '0.00', 'pcs', 0, 1, '67.55', '67.55', 1, '0.00', '0.00', '67.55', '0.00', '0.00', '67.55'),
(335, 9, '', 'PREPARE HOUSE TENANCY AGREEMENT FOR CUSTOMER FOR THE YEAR 2023 AND 2024', '0.00', 'LOT', 0, 2, '900.00', '900.00', 1, '0.00', '0.00', '900.00', '0.00', '0.00', '900.00'),
(336, 9, '', 'FRANCE PERFUME ( LAVENDAR SMELL)', '0.00', '', 0, 3, '98.00', '98.00', 1, '0.00', '0.00', '98.00', '0.00', '0.00', '98.00'),
(337, 9, '', 'LABOUR TO REPLACE PARTS & SERVICE', '0.00', 'bundles', 0, 4, '56.00', '56.00', 1, '0.00', '0.00', '56.00', '0.00', '0.00', '56.00'),
(338, 9, '', 'GRAND TURISMO 2.4', '0.00', 'UNIT', 0, 5, '12000.00', '12000.00', 1, '0.00', '0.00', '12000.00', '0.00', '0.00', '12000.00'),
(339, 10, '', '', '0.00', '', 0, 1, '666.00', '666.00', 1, '0.00', '0.00', '666.00', '0.00', '0.00', '666.00'),
(340, 10, '', '', '0.00', '', 0, 2, '0.00', '0.00', 1, '0.00', '0.00', '0.00', '0.00', '0.00', '0.00'),
(341, 10, '', '', '0.00', '', 0, 3, '0.00', '0.00', 1, '0.00', '0.00', '0.00', '0.00', '0.00', '0.00'),
(342, 10, '', '', '0.00', '', 0, 4, '0.00', '0.00', 1, '0.00', '0.00', '0.00', '0.00', '0.00', '0.00'),
(343, 10, '', '', '0.00', '', 0, 5, '0.00', '0.00', 1, '0.00', '0.00', '0.00', '0.00', '0.00', '0.00'),
(344, 11, '', '', '0.00', '', 0, 1, '3232.00', '3232.00', 1, '0.00', '0.00', '3232.00', '0.00', '0.00', '3232.00'),
(345, 11, '', '', '0.00', '', 0, 2, '0.00', '0.00', 1, '0.00', '0.00', '0.00', '0.00', '0.00', '0.00'),
(346, 11, '', '', '0.00', '', 0, 3, '0.00', '0.00', 1, '0.00', '0.00', '0.00', '0.00', '0.00', '0.00'),
(347, 11, '', '', '0.00', '', 0, 4, '0.00', '0.00', 1, '0.00', '0.00', '0.00', '0.00', '0.00', '0.00'),
(348, 11, '', '', '0.00', '', 0, 5, '0.00', '0.00', 1, '0.00', '0.00', '0.00', '0.00', '0.00', '0.00'),
(374, 12, '1.', 'REPAINT REAR BUMPER', '0.00', '', 0, 1, '350.00', '350.00', 1, '0.00', '0.00', '350.00', '0.00', '0.00', '350.00'),
(375, 12, '', '', '0.00', '', 0, 2, '0.00', '0.00', 1, '0.00', '0.00', '0.00', '0.00', '0.00', '0.00'),
(376, 12, '', '', '0.00', '', 0, 3, '0.00', '0.00', 1, '0.00', '0.00', '0.00', '0.00', '0.00', '0.00'),
(377, 12, '', '', '0.00', '', 0, 4, '0.00', '0.00', 1, '0.00', '0.00', '0.00', '0.00', '0.00', '0.00'),
(378, 12, '', '', '0.00', '', 0, 5, '0.00', '0.00', 1, '0.00', '0.00', '0.00', '0.00', '0.00', '0.00'),
(389, 13, '', 'DESLUDGING SEPTIC TANK AND CLEAR BLOCKAGES', '0.00', '', 1, 1, '0.00', '0.00', 1, '0.00', '0.00', '0.00', '0.00', '0.00', '0.00'),
(390, 13, '1.', 'TO USE DESLUDGING TANKER TO PUMP OUT AND REMOVE ALL SLUDGE AND WASTE WATER TO LOCATE PIPE BLOCKAGE', '0.00', '', 0, 2, '550.00', '550.00', 1, '0.00', '0.00', '550.00', '0.00', '0.00', '550.00'),
(391, 13, '2.', 'TO SUPPLY DESLUDGING TANKER, TOOLS, MATERIAL AND SKILLED WORKERS', '0.00', '', 0, 3, '0.00', '0.00', 1, '0.00', '0.00', '0.00', '0.00', '0.00', '0.00'),
(392, 13, '3.', 'ALL SAFETY PROCEDURES FOLLOWED AT WORK SITE', '0.00', '', 0, 4, '0.00', '0.00', 1, '0.00', '0.00', '0.00', '0.00', '0.00', '0.00'),
(393, 13, '4.', 'TO USE TOOLS AND MANUALLY ENTER THE  DRAIN TO REMOVE ALL SAND, STONES, DEBRIS ETC FROM THE SIDES AND BOTTOM OF DRAINAGE.', '0.00', 'LOT', 0, 5, '3700.00', '3700.00', 1, '0.00', '0.00', '3700.00', '0.00', '0.00', '3700.00'),
(394, 13, '', '', '0.00', '', 0, 6, '0.00', '0.00', 1, '0.00', '0.00', '0.00', '0.00', '0.00', '0.00'),
(395, 13, '', '', '0.00', '', 0, 7, '0.00', '0.00', 1, '0.00', '0.00', '0.00', '0.00', '0.00', '0.00'),
(396, 13, '', '', '0.00', '', 0, 8, '0.00', '0.00', 1, '0.00', '0.00', '0.00', '0.00', '0.00', '0.00'),
(397, 14, '', 'PARTS MAINTENANCE', '0.00', '', 1, 1, '0.00', '0.00', 1, '0.00', '0.00', '0.00', '0.00', '0.00', '0.00'),
(398, 14, '1.', 'CALENDAR FOR YEAR 2023 INCLUDING STICKERS MICKEY MOUSE', '9.00', 'PCS', 0, 2, '50.95', '458.55', 1, '0.00', '0.00', '412.69', '10.00', '45.85', '412.69'),
(399, 14, '2.', 'CASIO SCIENTIFIC CALCULATOR\r\nMODEL 4590-J', '9.00', 'UNIT', 0, 3, '650.85', '5857.65', 1, '0.00', '0.00', '5857.65', '0.00', '0.00', '5857.65'),
(400, 14, '3.', 'CAR TINTING SERVICE - V COOL HOLLAND TYPE', '1.00', 'PCS', 0, 4, '66.00', '66.00', 1, '0.00', '0.00', '66.00', '0.00', '0.00', '66.00'),
(401, 14, '4.', 'COMPUTER DELL XPS 15 16GB RAM 512GB SSD INTEL I9 PROCESSOR', '4.00', 'PCS', 0, 5, '0.00', '0.00', 1, '0.00', '0.00', '0.00', '0.00', '0.00', '0.00'),
(402, 14, '5.', 'REMOVE WINDSCREEN AND TINTING WORKS DONE FOR THE WHOLE CAR', '0.00', 'UNITS', 0, 6, '0.00', '0.00', 1, '0.00', '0.00', '0.00', '0.00', '0.00', '0.00'),
(403, 14, '', 'LABOUR', '0.00', '', 1, 7, '0.00', '0.00', 1, '0.00', '0.00', '0.00', '0.00', '0.00', '0.00'),
(404, 14, '1.', 'DESLUDGING TANKER 3 CUBIC METERS', '0.00', 'TRIP', 0, 8, '900.00', '900.00', 1, '0.00', '0.00', '900.00', '0.00', '0.00', '900.00'),
(405, 14, '2.', 'DESLUDGING TANKER 8 CUBIC METERS', '0.00', 'TRIP', 0, 9, '1200.00', '1200.00', 1, '0.00', '0.00', '1200.00', '0.00', '0.00', '1200.00'),
(406, 14, '3.', 'JETTING WORKS AND CLEAR BLOCKAGES WITH RODDER MACHINE', '0.00', 'unit', 0, 10, '800.00', '800.00', 1, '0.00', '0.00', '800.00', '0.00', '0.00', '800.00'),
(407, 14, '', '', '0.00', '', 0, 11, '0.00', '0.00', 1, '0.00', '0.00', '0.00', '0.00', '0.00', '0.00'),
(408, 14, '', '', '0.00', '', 0, 12, '0.00', '0.00', 1, '0.00', '0.00', '0.00', '0.00', '0.00', '0.00'),
(409, 15, '', 'PARTS MAINTENANCE', '0.00', '', 1, 1, '0.00', '0.00', 1, '0.00', '0.00', '0.00', '0.00', '0.00', '0.00'),
(410, 15, '1.', 'CALENDAR FOR YEAR 2023 INCLUDING STICKERS MICKEY MOUSE', '9.00', 'PCS', 0, 2, '50.95', '458.55', 1, '0.00', '0.00', '412.69', '10.00', '45.85', '412.69'),
(411, 15, '2.', 'CASIO SCIENTIFIC CALCULATOR\r\nMODEL 4590-J', '9.00', 'UNIT', 0, 3, '650.85', '5857.65', 1, '0.00', '0.00', '5857.65', '0.00', '0.00', '5857.65'),
(412, 15, '3.', 'CAR TINTING SERVICE - V COOL HOLLAND TYPE', '1.00', 'PCS', 0, 4, '66.00', '66.00', 1, '0.00', '0.00', '66.00', '0.00', '0.00', '66.00'),
(413, 15, '4.', 'COMPUTER DELL XPS 15 16GB RAM 512GB SSD INTEL I9 PROCESSOR', '4.00', 'PCS', 0, 5, '0.00', '0.00', 1, '0.00', '0.00', '0.00', '0.00', '0.00', '0.00'),
(414, 15, '5.', 'REMOVE WINDSCREEN AND TINTING WORKS DONE FOR THE WHOLE CAR', '0.00', 'UNITS', 0, 6, '0.00', '0.00', 1, '0.00', '0.00', '0.00', '0.00', '0.00', '0.00'),
(415, 15, '', 'LABOUR', '0.00', '', 1, 7, '0.00', '0.00', 1, '0.00', '0.00', '0.00', '0.00', '0.00', '0.00'),
(416, 15, '1.', 'DESLUDGING TANKER 3 CUBIC METERS', '0.00', 'TRIP', 0, 8, '900.00', '900.00', 1, '0.00', '0.00', '900.00', '0.00', '0.00', '900.00'),
(417, 15, '2.', 'DESLUDGING TANKER 8 CUBIC METERS', '0.00', 'TRIP', 0, 9, '1200.00', '1200.00', 1, '0.00', '0.00', '1200.00', '0.00', '0.00', '1200.00'),
(418, 15, '3.', 'JETTING WORKS AND CLEAR BLOCKAGES WITH RODDER MACHINE', '0.00', 'unit', 0, 10, '800.00', '800.00', 1, '0.00', '0.00', '800.00', '0.00', '0.00', '800.00'),
(419, 15, '', 'PREPARE HOUSE TENANCY AGREEMENT FOR CUSTOMER FOR THE YEAR 2023 AND 2024', '3.50', 'LOT', 0, 11, '900.00', '3150.00', 1, '0.00', '0.00', '3150.00', '0.00', '0.00', '3150.00'),
(420, 15, '', '', '0.00', '', 0, 12, '0.00', '0.00', 1, '0.00', '0.00', '0.00', '0.00', '0.00', '0.00'),
(421, 16, '', 'PARTS MAINTENANCE', '0.00', '', 1, 1, '0.00', '0.00', 1, '0.00', '0.00', '0.00', '0.00', '0.00', '0.00'),
(422, 16, '1.', 'CALENDAR FOR YEAR 2023 INCLUDING STICKERS MICKEY MOUSE', '4.00', 'PCS', 0, 2, '50.95', '203.80', 1, '0.00', '0.00', '183.42', '10.00', '20.38', '183.42'),
(423, 16, '2.', 'CASIO SCIENTIFIC CALCULATOR\r\nMODEL 4590-J', '5.00', 'UNIT', 0, 3, '650.85', '3254.25', 1, '0.00', '0.00', '3254.25', '0.00', '0.00', '3254.25'),
(424, 16, '3.', 'CAR TINTING SERVICE - V COOL HOLLAND TYPE', '1.00', 'PCS', 0, 4, '66.00', '66.00', 1, '0.00', '0.00', '66.00', '0.00', '0.00', '66.00'),
(425, 16, '4.', 'COMPUTER DELL XPS 15 16GB RAM 512GB SSD INTEL I9 PROCESSOR', '4.00', 'PCS', 0, 5, '0.00', '0.00', 1, '0.00', '0.00', '0.00', '0.00', '0.00', '0.00'),
(426, 16, '5.', 'REMOVE WINDSCREEN AND TINTING WORKS DONE FOR THE WHOLE CAR', '0.00', 'UNITS', 0, 6, '0.00', '0.00', 1, '0.00', '0.00', '0.00', '0.00', '0.00', '0.00'),
(427, 16, '', 'LABOUR', '0.00', '', 1, 7, '0.00', '0.00', 1, '0.00', '0.00', '0.00', '0.00', '0.00', '0.00'),
(428, 16, '1.', 'DESLUDGING TANKER 3 CUBIC METERS', '0.00', 'TRIP', 0, 8, '900.00', '900.00', 1, '0.00', '0.00', '900.00', '0.00', '0.00', '900.00'),
(429, 16, '2.', 'DESLUDGING TANKER 8 CUBIC METERS', '0.00', 'TRIP', 0, 9, '1200.00', '1200.00', 1, '0.00', '0.00', '1200.00', '0.00', '0.00', '1200.00'),
(430, 16, '3.', 'JETTING WORKS AND CLEAR BLOCKAGES WITH RODDER MACHINE', '0.00', 'unit', 0, 10, '800.00', '800.00', 1, '0.00', '0.00', '800.00', '0.00', '0.00', '800.00'),
(431, 16, '', 'PREPARE HOUSE TENANCY AGREEMENT FOR CUSTOMER FOR THE YEAR 2023 AND 2024', '3.50', 'LOT', 0, 11, '900.00', '3150.00', 1, '0.00', '0.00', '3150.00', '0.00', '0.00', '3150.00'),
(432, 16, '', '', '0.00', '', 0, 12, '0.00', '0.00', 1, '0.00', '0.00', '0.00', '0.00', '0.00', '0.00'),
(433, 17, '', 'PARTS MAINTENANCE', '0.00', '', 1, 1, '0.00', '0.00', 1, '0.00', '0.00', '0.00', '0.00', '0.00', '0.00'),
(434, 17, '1.', 'CALENDAR FOR YEAR 2023 INCLUDING STICKERS MICKEY MOUSE', '9.00', 'PCS', 0, 2, '50.95', '458.55', 1, '0.00', '0.00', '412.69', '10.00', '45.85', '412.69'),
(435, 17, '2.', 'CASIO SCIENTIFIC CALCULATOR\r\nMODEL 4590-J', '9.00', 'UNIT', 0, 3, '650.85', '5857.65', 1, '0.00', '0.00', '5857.65', '0.00', '0.00', '5857.65'),
(436, 17, '3.', 'CAR TINTING SERVICE - V COOL HOLLAND TYPE', '1.00', 'PCS', 0, 4, '66.00', '66.00', 1, '0.00', '0.00', '66.00', '0.00', '0.00', '66.00'),
(437, 17, '4.', 'COMPUTER DELL XPS 15 16GB RAM 512GB SSD INTEL I9 PROCESSOR', '4.00', 'PCS', 0, 5, '0.00', '0.00', 1, '0.00', '0.00', '0.00', '0.00', '0.00', '0.00'),
(438, 17, '5.', 'REMOVE WINDSCREEN AND TINTING WORKS DONE FOR THE WHOLE CAR', '0.00', 'UNITS', 0, 6, '0.00', '0.00', 1, '0.00', '0.00', '0.00', '0.00', '0.00', '0.00'),
(439, 17, '', 'LABOUR', '0.00', '', 1, 7, '0.00', '0.00', 1, '0.00', '0.00', '0.00', '0.00', '0.00', '0.00'),
(440, 17, '1.', 'DESLUDGING TANKER 3 CUBIC METERS', '0.00', 'TRIP', 0, 8, '900.00', '900.00', 1, '0.00', '0.00', '900.00', '0.00', '0.00', '900.00'),
(441, 17, '2.', 'DESLUDGING TANKER 8 CUBIC METERS', '0.00', 'TRIP', 0, 9, '1200.00', '1200.00', 1, '0.00', '0.00', '1200.00', '0.00', '0.00', '1200.00'),
(442, 17, '3.', 'JETTING WORKS AND CLEAR BLOCKAGES WITH RODDER MACHINE', '0.00', 'unit', 0, 10, '800.00', '800.00', 1, '0.00', '0.00', '800.00', '0.00', '0.00', '800.00'),
(443, 17, '', 'PREPARE HOUSE TENANCY AGREEMENT FOR CUSTOMER FOR THE YEAR 2023 AND 2024', '3.50', 'LOT', 0, 11, '900.00', '3150.00', 1, '0.00', '0.00', '3150.00', '0.00', '0.00', '3150.00'),
(444, 17, '', '', '0.00', '', 0, 12, '0.00', '0.00', 1, '0.00', '0.00', '0.00', '0.00', '0.00', '0.00'),
(445, 18, '', 'PARTS MAINTENANCE', '0.00', '', 1, 1, '0.00', '0.00', 1, '0.00', '0.00', '0.00', '0.00', '0.00', '0.00'),
(446, 18, '1.', 'CALENDAR FOR YEAR 2023 INCLUDING STICKERS MICKEY MOUSE', '6.00', 'PCS', 0, 2, '50.95', '305.70', 1, '0.00', '0.00', '275.13', '10.00', '30.57', '275.13'),
(447, 18, '2.', 'CASIO SCIENTIFIC CALCULATOR\r\nMODEL 4590-J', '4.00', 'UNIT', 0, 3, '650.85', '2603.40', 1, '0.00', '0.00', '2603.40', '0.00', '0.00', '2603.40'),
(448, 18, '3.', 'CAR TINTING SERVICE - V COOL HOLLAND TYPE', '1.00', 'PCS', 0, 4, '66.00', '66.00', 1, '0.00', '0.00', '66.00', '0.00', '0.00', '66.00'),
(449, 18, '4.', 'COMPUTER DELL XPS 15 16GB RAM 512GB SSD INTEL I9 PROCESSOR', '4.00', 'PCS', 0, 5, '0.00', '0.00', 1, '0.00', '0.00', '0.00', '0.00', '0.00', '0.00'),
(450, 18, '5.', 'REMOVE WINDSCREEN AND TINTING WORKS DONE FOR THE WHOLE CAR', '0.00', 'UNITS', 0, 6, '0.00', '0.00', 1, '0.00', '0.00', '0.00', '0.00', '0.00', '0.00'),
(451, 18, '', 'LABOUR', '0.00', '', 1, 7, '0.00', '0.00', 1, '0.00', '0.00', '0.00', '0.00', '0.00', '0.00'),
(452, 18, '1.', 'DESLUDGING TANKER 3 CUBIC METERS', '0.00', 'TRIP', 0, 8, '900.00', '900.00', 1, '0.00', '0.00', '900.00', '0.00', '0.00', '900.00'),
(453, 18, '2.', 'DESLUDGING TANKER 8 CUBIC METERS', '0.00', 'TRIP', 0, 9, '1200.00', '1200.00', 1, '0.00', '0.00', '1200.00', '0.00', '0.00', '1200.00'),
(454, 18, '3.', 'JETTING WORKS AND CLEAR BLOCKAGES WITH RODDER MACHINE', '0.00', 'unit', 0, 10, '800.00', '800.00', 1, '0.00', '0.00', '800.00', '0.00', '0.00', '800.00'),
(455, 18, '', 'PREPARE HOUSE TENANCY AGREEMENT FOR CUSTOMER FOR THE YEAR 2023 AND 2024', '3.50', 'LOT', 0, 11, '900.00', '3150.00', 1, '0.00', '0.00', '3150.00', '0.00', '0.00', '3150.00'),
(456, 18, '', '', '0.00', '', 0, 12, '0.00', '0.00', 1, '0.00', '0.00', '0.00', '0.00', '0.00', '0.00'),
(457, 19, '', 'PARTS MAINTENANCE', '0.00', '', 1, 1, '0.00', '0.00', 1, '0.00', '0.00', '0.00', '0.00', '0.00', '0.00'),
(458, 19, '1.', 'CALENDAR FOR YEAR 2023 INCLUDING STICKERS MICKEY MOUSEedeff', '9.00', 'PCS', 0, 2, '5077.95', '45701.55', 1, '0.00', '0.00', '41131.40', '10.00', '4570.15', '41131.40'),
(459, 19, '2.', 'CASIO SCIENTIFIC CALCULATORfef\r\nMODEL 4590-Jfefe', '9.00', 'UNIT', 0, 3, '650.85', '5857.65', 1, '0.00', '0.00', '5857.65', '0.00', '0.00', '5857.65'),
(460, 19, '3.', 'CAR TINTING SERVICE - V COOL HOLLAND TYPE', '1.00', 'PCS', 0, 4, '66.00', '66.00', 1, '0.00', '0.00', '66.00', '0.00', '0.00', '66.00'),
(461, 19, '4.', 'COMPUTER DELL XPS 15 16GB RAM 512GB SSD INTEL I9 PROCESSOR', '4.00', 'PCS', 0, 5, '0.00', '0.00', 1, '0.00', '0.00', '0.00', '0.00', '0.00', '0.00'),
(462, 19, '5.', 'REMOVE WINDSCREEN AND TINTING WORKS DONE FOR THE WHOLE CAR', '0.00', 'UNITS', 0, 6, '0.00', '0.00', 1, '0.00', '0.00', '0.00', '0.00', '0.00', '0.00'),
(463, 19, '', 'LABOUR', '0.00', '', 1, 7, '0.00', '0.00', 1, '0.00', '0.00', '0.00', '0.00', '0.00', '0.00'),
(464, 19, '1.', 'DESLUDGING TANKER 3 CUBIC METERS', '0.00', 'TRIP', 0, 8, '900.00', '900.00', 1, '0.00', '0.00', '900.00', '0.00', '0.00', '900.00'),
(465, 19, '2.', 'DESLUDGING TANKER 8 CUBIC METERS', '0.00', 'TRIP', 0, 9, '1200.00', '1200.00', 1, '0.00', '0.00', '1200.00', '0.00', '0.00', '1200.00'),
(466, 19, '3.', 'JETTING WORKS AND CLEAR BLOCKAGES WITH RODDER MACHINE', '0.00', 'unit', 0, 10, '800.00', '800.00', 1, '0.00', '0.00', '800.00', '0.00', '0.00', '800.00'),
(467, 19, '', 'PREPARE HOUSE TENANCY AGREEMENT FOR CUSTOMER FOR THE YEAR 2023 AND 2024', '3.50', 'LOT', 0, 11, '900.00', '3150.00', 1, '0.00', '0.00', '3150.00', '0.00', '0.00', '3150.00'),
(468, 19, '', '', '0.00', '', 0, 12, '0.00', '0.00', 1, '0.00', '0.00', '0.00', '0.00', '0.00', '0.00'),
(474, 20, '', 'COMPUTER DELL XPS 15 16GB RAM 512GB SSD INTEL I9 PROCESSOR', '0.00', 'PCS', 0, 1, '0.00', '0.00', 1, '0.00', '0.00', '0.00', '0.00', '0.00', '0.00'),
(475, 20, '', 'MANUAL RODDING WORK USING ROD AND WIRE LINE', '0.00', 'unit', 0, 2, '6590.55', '6590.55', 1, '0.00', '0.00', '6590.55', '0.00', '0.00', '6590.55'),
(476, 20, '', 'LABOUR TO REPLACE PARTS & SERVICE', '0.00', 'bundles', 0, 3, '56.00', '56.00', 1, '0.00', '0.00', '56.00', '0.00', '0.00', '56.00'),
(477, 20, '', 'COLGATE MEDIUM PACKET', '0.00', 'bottle', 0, 4, '55.00', '55.00', 1, '0.00', '0.00', '55.00', '0.00', '0.00', '55.00'),
(478, 20, '', '', '0.00', '', 0, 5, '0.00', '0.00', 1, '0.00', '0.00', '0.00', '0.00', '0.00', '0.00'),
(479, 20, '', '', '0.00', '', 0, 6, '0.00', '0.00', 1, '0.00', '0.00', '0.00', '0.00', '0.00', '0.00'),
(480, 20, '', '', '0.00', '', 0, 7, '0.00', '0.00', 1, '0.00', '0.00', '0.00', '0.00', '0.00', '0.00'),
(481, 20, '', '', '0.00', '', 0, 8, '0.00', '0.00', 1, '0.00', '0.00', '0.00', '0.00', '0.00', '0.00'),
(482, 20, '', '', '0.00', '', 0, 9, '0.00', '0.00', 1, '0.00', '0.00', '0.00', '0.00', '0.00', '0.00'),
(483, 20, '', '', '0.00', '', 0, 10, '0.00', '0.00', 1, '0.00', '0.00', '0.00', '0.00', '0.00', '0.00'),
(484, 21, '1.', 'TO USE TOOLS AND MANUALLY ENTER THE  DRAIN TO REMOVE ALL SAND, STONES, DEBRIS ETC FROM THE SIDES AND BOTTOM OF DRAINAGE.', '1.00', 'LOT', 0, 1, '3700.00', '3700.00', 1, '0.00', '0.00', '3330.00', '10.00', '370.00', '3330.00'),
(485, 21, '2.', 'CAR CARBURATOR CHANGE', '1.00', '', 0, 2, '33.00', '33.00', 1, '0.00', '0.00', '33.00', '0.00', '0.00', '33.00'),
(486, 21, '3.', 'REMOVE WINDSCREEN AND TINTING WORKS DONE FOR THE WHOLE CAR', '3.00', 'UNITS', 0, 3, '69.00', '207.00', 1, '0.00', '0.00', '207.00', '0.00', '0.00', '207.00'),
(487, 21, '4.', 'DESLUDGING TANKER 3 CUBIC METERS', '2.00', 'TRIP', 0, 4, '900.00', '1800.00', 1, '0.00', '0.00', '1800.00', '0.00', '0.00', '1800.00'),
(488, 21, '5.', 'TOP RADIATOR HOSE ORIGINAL', '2.00', '', 0, 5, '450.00', '900.00', 1, '0.00', '0.00', '900.00', '0.00', '0.00', '900.00'),
(489, 21, '6.', 'MOTOROLLA HANDPHONE MODEL X-9', '5.00', 'unit', 0, 6, '500.00', '2500.00', 1, '0.00', '0.00', '2500.00', '0.00', '0.00', '2500.00'),
(490, 22, '', 'COMPUTER DELL XPS 15 16GB RAM 512GB SSD INTEL I9 PROCESSOR', '0.00', 'PCS', 0, 1, '0.00', '0.00', 1, '0.00', '0.00', '0.00', '0.00', '0.00', '0.00'),
(491, 22, '', 'MANUAL RODDING WORK USING ROD AND WIRE LINE', '0.00', 'unit', 0, 2, '6590.55', '6590.55', 1, '0.00', '0.00', '6590.55', '0.00', '0.00', '6590.55'),
(492, 22, '', 'LABOUR TO REPLACE PARTS & SERVICE', '0.00', 'bundles', 0, 3, '56.00', '56.00', 1, '0.00', '0.00', '56.00', '0.00', '0.00', '56.00'),
(493, 22, '', 'COLGATE MEDIUM PACKET', '0.00', 'bottle', 0, 4, '55.00', '55.00', 1, '0.00', '0.00', '55.00', '0.00', '0.00', '55.00'),
(494, 22, '', '', '0.00', '', 0, 5, '0.00', '0.00', 1, '0.00', '0.00', '0.00', '0.00', '0.00', '0.00'),
(495, 22, '', '', '0.00', '', 0, 6, '0.00', '0.00', 1, '0.00', '0.00', '0.00', '0.00', '0.00', '0.00'),
(496, 22, '', '', '0.00', '', 0, 7, '0.00', '0.00', 1, '0.00', '0.00', '0.00', '0.00', '0.00', '0.00'),
(553, 23, '', 'DESLUDGING', '0.00', '', 1, 1, '2800.00', '2800.00', 1, '0.00', '0.00', '2800.00', '0.00', '0.00', '2800.00'),
(554, 23, '1.', 'USE DESLUDGING TANKER FOR SUCKING AND REMOVE ALL GREASE TANK CONTENTS.', '0.00', '', 0, 2, '0.00', '0.00', 1, '0.00', '0.00', '0.00', '0.00', '0.00', '0.00'),
(555, 23, '2.', 'GREASE TANK 1 UNIT BIG AND 5 UNITS SMALL', '0.00', '', 0, 3, '0.00', '0.00', 1, '0.00', '0.00', '0.00', '0.00', '0.00', '0.00'),
(556, 23, '3.', 'DISPOSE ALL GREASE TANK WASTE AT LANDFILL DISPOSAL AREA INCLUDING TRANSPORTATION.', '0.00', '', 0, 4, '0.00', '0.00', 1, '0.00', '0.00', '0.00', '0.00', '0.00', '0.00'),
(557, 23, '', 'JETTING TO CLEAN AND CLEAR PIPE BLOCKAGES', '0.00', '', 1, 5, '0.00', '3500.00', 1, '0.00', '0.00', '3500.00', '0.00', '0.00', '3500.00'),
(558, 23, '1.', 'USE JETTING TRUCK', '0.00', '', 0, 6, '0.00', '0.00', 1, '0.00', '0.00', '0.00', '0.00', '0.00', '0.00'),
(559, 23, '2.', 'JETTING USING HIGH PRESSURE WATER HOSE TO CLEAR THE BLOCKAGES.', '0.00', '', 0, 7, '0.00', '0.00', 1, '0.00', '0.00', '0.00', '0.00', '0.00', '0.00'),
(560, 23, '3.', 'USE MANUAL METHOD TO INSERT ROD INTO PIPES TO BREAK THE HARDEN SLUDGE INSIDE THE PIPES.', '0.00', '', 0, 8, '0.00', '0.00', 1, '0.00', '0.00', '0.00', '0.00', '0.00', '0.00'),
(561, 23, '', 'MANPOWER AND WORK SCHEDULE', '0.00', '', 1, 9, '0.00', '0.00', 1, '0.00', '0.00', '0.00', '0.00', '0.00', '0.00'),
(562, 23, '1.', 'SUPPLY WATER FOR JETTING WORKS.', '0.00', '', 0, 10, '0.00', '0.00', 1, '0.00', '0.00', '0.00', '0.00', '0.00', '0.00'),
(563, 23, '2.', 'SKILLED MANPOWER 5 PERSONS TOTAL', '0.00', '', 0, 11, '0.00', '0.00', 1, '0.00', '0.00', '0.00', '0.00', '0.00', '0.00'),
(564, 23, '3.', 'WORK TO BE DONE AFTER HOSPITAL OPERATION HOURS SINCE NOT HYGINIC WORK AND ALSO BAD SMELL.', '0.00', '', 0, 12, '0.00', '0.00', 1, '0.00', '0.00', '0.00', '0.00', '0.00', '0.00'),
(565, 23, '', '', '0.00', '', 0, 13, '0.00', '0.00', 1, '0.00', '0.00', '0.00', '0.00', '0.00', '0.00'),
(1498, 25, '', 'MODULES AVAILABLE', '0.00', '', 1, 1, '0.00', '0.00', 1, '0.00', '0.00', '0.00', '0.00', '0.00', '0.00'),
(1499, 25, '1.', 'PARENTS MODULE - PARENTS DATABASE, LINKED TO SIBLINGS', '0.00', '', 0, 2, '0.00', '0.00', 1, '0.00', '0.00', '0.00', '0.00', '0.00', '0.00'),
(1500, 25, '2.', 'STUDENTS MODULE - PROFILE, NEW STUDENT & EXISTING STUDENT REGISTRATION, CLASS ATTENDANCE, EXAM RESULT & RANKING, ADD & DROP CLASS, TIMETABLE, TRANSPORT', '0.00', '', 0, 3, '0.00', '0.00', 1, '0.00', '0.00', '0.00', '0.00', '0.00', '0.00'),
(1501, 25, '3.', 'TEACHERS MODULE - PROFILE, TIMETABLE, PAYROLL GENERATE & VIEW, DEFAULT & SUBSTITUTE TYPE', '0.00', '', 0, 4, '0.00', '0.00', 1, '0.00', '0.00', '0.00', '0.00', '0.00', '0.00'),
(1502, 25, '4.', 'CLASS MODULE - CLASS DATABASE, CLASSES GENERATION, ATTENDACE, TIMETABLE', '0.00', '', 0, 5, '0.00', '0.00', 1, '0.00', '0.00', '0.00', '0.00', '0.00', '0.00'),
(1503, 25, '5.', 'FEES MODULE - COMPLETELY COLOR CODED VIEW, 3 TYPES OF PAYMENT STATUS, DETAILED RECEIPT PRINTOUT', '0.00', '', 0, 6, '0.00', '0.00', 1, '0.00', '0.00', '0.00', '0.00', '0.00', '0.00'),
(1504, 25, '6.', 'EXPENSES MODULE - AUTO TEACHER CALCULATION, ALL TYPES OF EXPENSES IN MONTHLY BASICS', '0.00', '', 0, 7, '0.00', '0.00', 1, '0.00', '0.00', '0.00', '0.00', '0.00', '0.00'),
(1505, 25, '7.', 'ADMINISTRATION MODULE - CENTRE PROFILE, CATEGORY, GRADES, SUBJECTS, EXEPENSES, FEES PACKAGES, COMPLETE STUDENT DELETION', '0.00', '', 0, 8, '0.00', '0.00', 1, '0.00', '0.00', '0.00', '0.00', '0.00', '0.00'),
(1506, 25, '8.', 'REPORTS MODULE - MONTHLY & YEARLY FEES, PAYMENT, TRANSPORT PICK & DROP, TEACHER PAYROLL, SEMINAR, DEPOSIT REFUND, STUDENT DROP, CLASS SUMMARIES', '0.00', '', 0, 9, '0.00', '0.00', 1, '0.00', '0.00', '0.00', '0.00', '0.00', '0.00'),
(1507, 25, '', 'CUSTOMISATION', '0.00', '', 1, 10, '0.00', '0.00', 1, '0.00', '0.00', '0.00', '0.00', '0.00', '0.00'),
(1508, 25, '1.', 'NEW ADD ONE MODULES - ADMIN LEVELS, PDF MODE, ENHANCE TRANSPORT MODULE, YEAR DATES COMPLETELY CHANGE RANGE TO CATER FOR ALL TYPES OF FUTURE NEEDS.', '0.00', '', 0, 11, '0.00', '0.00', 1, '0.00', '0.00', '0.00', '0.00', '0.00', '0.00'),
(1509, 25, '2.', 'CUSTOMER REQUEST NEW TYPE REPORTS', '0.00', '', 0, 12, '0.00', '0.00', 1, '0.00', '0.00', '0.00', '0.00', '0.00', '0.00'),
(1510, 25, '', 'LIMITATIONS', '0.00', '', 1, 13, '0.00', '0.00', 1, '0.00', '0.00', '0.00', '0.00', '0.00', '0.00'),
(1511, 25, '1.', 'SYSTEM DOES NOT ALLOW STUDENT TO BE IN MULTIPLE CATEGORIES IN THE SAME YEAR RANGE. NO CUSTOMISATION OF EACH CENTRE SEPARATELY', '0.00', '', 0, 14, '0.00', '0.00', 1, '0.00', '0.00', '0.00', '0.00', '0.00', '0.00'),
(1512, 25, '2.', 'NO PHONE APP TYPE INTERFACE. ONLY FOR COMPUTER, LAPTOPS & TABLETS.', '0.00', '', 0, 15, '0.00', '0.00', 1, '0.00', '0.00', '0.00', '0.00', '0.00', '0.00'),
(1513, 25, '', 'PRICING ( TYPE : ONE TIME )', '0.00', '', 1, 16, '0.00', '0.00', 1, '0.00', '0.00', '0.00', '0.00', '0.00', '0.00'),
(1514, 25, '1.', 'FIRST CENTRE - CUSTOMISATION, INSTALLATION & TESTING, DOMAIN NAME & SERVER, TRAINING, FREE FIRST YEAR MAINTENANCE & BACKUP', '1.00', '', 0, 17, '10500.00', '10500.00', 1, '0.00', '0.00', '10500.00', '0.00', '0.00', '10500.00'),
(1515, 25, '2.', 'SECOND CENTRE - INSTALLATION & TESTING, DOMAIN NAME & SERVER, TRAINING, FREE FIRST YEAR MAINTENANCE & BACKUP', '0.00', '', 0, 18, '0.00', '0.00', 1, '0.00', '0.00', '0.00', '0.00', '0.00', '0.00'),
(1516, 25, '3.', 'THIRD CENTRE - INSTALLATION & TESTING, DOMAIN NAME & SERVER, TRAINING, FREE FIRST YEAR MAINTENANCE & BACKUP', '0.00', '', 0, 19, '0.00', '0.00', 1, '0.00', '0.00', '0.00', '0.00', '0.00', '0.00'),
(1517, 25, '', 'PAYMENT TERMS', '0.00', '', 1, 20, '0.00', '0.00', 1, '0.00', '0.00', '0.00', '0.00', '0.00', '0.00'),
(1518, 25, '1.', 'A DEPOSIT OF 50 PERCENT TO BE PAID BEFORE WORK STARTS. THIS AMOUNT IS NOT REFUNDABLE DUE TO PURCHASE OF DOMAIN NAME & SERVER HOSTING ETC', '0.00', '', 0, 21, '0.00', '0.00', 1, '0.00', '0.00', '0.00', '0.00', '0.00', '0.00'),
(1519, 25, '2.', 'BALANCE 50 PERCENT TO BE PAID WITHIN 7 DAYS OF SYSTEM INSTALLATION', '0.00', '', 0, 22, '0.00', '0.00', 1, '0.00', '0.00', '0.00', '0.00', '0.00', '0.00'),
(1520, 25, '', 'WORK DURATION : 45 DAYS', '0.00', '', 1, 23, '0.00', '0.00', 1, '0.00', '0.00', '0.00', '0.00', '0.00', '0.00'),
(1521, 25, '', 'PRICING ( TYPE : YEARLY ) - FIRST YEAR FREE.\r\nSECOND YEAR ONWARDS RM 1700.00 PER YEAR FOR 3 CENTRES', '0.00', '', 1, 24, '0.00', '0.00', 1, '0.00', '0.00', '0.00', '0.00', '0.00', '0.00'),
(1522, 25, '1.', '24 X 7 PHONE & ONLINE SUPPORT, MAINTENANCE, WEEKLY DATABASE BACKUP', '0.00', '', 0, 25, '0.00', '0.00', 1, '0.00', '0.00', '0.00', '0.00', '0.00', '0.00'),
(1523, 25, '2.', 'MINOR MODIFICATIONS TO SYSTEM & REPORTS ETC ( MAX 1 DAY PERIOD )', '0.00', '', 0, 26, '0.00', '0.00', 1, '0.00', '0.00', '0.00', '0.00', '0.00', '0.00'),
(1524, 25, '3.', 'DATABASE AND PROGRAM HOSTED WITH REPUTABLE HOSTING COMPANY\r\nwww.iwhost.com\r\nNO. 36-3 JALAN USJ 9/5Q, SUBANG BUSINESS CENTRE, 47620 SUBANG JAYA, SELANGOR', '0.00', '', 0, 27, '0.00', '0.00', 1, '0.00', '0.00', '0.00', '0.00', '0.00', '0.00'),
(1525, 25, '4.', 'WEB APPLICATION DOWNTIME FULLY DEPENDENT ON HOSTING COMPANY SERVER STATUS WHEREBY MEL SYSTEMS WILL LIASE FULLY WITH THE HOSTING COMPANY IN CASE OF SERVER ISSUES.', '0.00', '', 1, 28, '0.00', '0.00', 1, '0.00', '0.00', '0.00', '0.00', '0.00', '0.00'),
(1526, 25, '', '', '0.00', '', 0, 29, '0.00', '0.00', 1, '0.00', '0.00', '0.00', '0.00', '0.00', '0.00'),
(1527, 24, '', 'MODULES AVAILABLE', '0.00', '', 1, 1, '0.00', '0.00', 1, '0.00', '0.00', '0.00', '0.00', '0.00', '0.00'),
(1528, 24, '1.', 'PARENTS MODULE - PARENTS DATABASE, LINKED TO SIBLINGS', '0.00', '', 0, 2, '0.00', '0.00', 1, '0.00', '0.00', '0.00', '0.00', '0.00', '0.00'),
(1529, 24, '2.', 'STUDENTS MODULE - PROFILE, NEW STUDENT & EXISTING STUDENT REGISTRATION, CLASS ATTENDANCE, EXAM RESULT & RANKING, ADD & DROP CLASS, TIMETABLE, TRANSPORT', '0.00', '', 0, 3, '0.00', '0.00', 1, '0.00', '0.00', '0.00', '0.00', '0.00', '0.00'),
(1530, 24, '3.', 'TEACHERS MODULE - PROFILE, TIMETABLE, PAYROLL GENERATE & VIEW, DEFAULT & SUBSTITUTE TYPE', '0.00', '', 0, 4, '0.00', '0.00', 1, '0.00', '0.00', '0.00', '0.00', '0.00', '0.00'),
(1531, 24, '4.', 'CLASS MODULE - CLASS DATABASE, CLASSES GENERATION, ATTENDACE, TIMETABLE', '0.00', '', 0, 5, '0.00', '0.00', 1, '0.00', '0.00', '0.00', '0.00', '0.00', '0.00'),
(1532, 24, '5.', 'FEES MODULE - COMPLETELY COLOR CODED VIEW, 3 TYPES OF PAYMENT STATUS, DETAILED RECEIPT PRINTOUT', '0.00', '', 0, 6, '0.00', '0.00', 1, '0.00', '0.00', '0.00', '0.00', '0.00', '0.00'),
(1533, 24, '6.', 'EXPENSES MODULE - AUTO TEACHER CALCULATION, ALL TYPES OF EXPENSES IN MONTHLY BASICS', '0.00', '', 0, 7, '0.00', '0.00', 1, '0.00', '0.00', '0.00', '0.00', '0.00', '0.00'),
(1534, 24, '7.', 'ADMINISTRATION MODULE - CENTRE PROFILE, CATEGORY, GRADES, SUBJECTS, EXEPENSES, FEES PACKAGES, COMPLETE STUDENT DELETION', '0.00', '', 0, 8, '0.00', '0.00', 1, '0.00', '0.00', '0.00', '0.00', '0.00', '0.00'),
(1535, 24, '8.', 'REPORTS MODULE - MONTHLY & YEARLY FEES, PAYMENT, TRANSPORT PICK & DROP, TEACHER PAYROLL, SEMINAR, DEPOSIT REFUND, STUDENT DROP, CLASS SUMMARIES', '0.00', '', 0, 9, '0.00', '0.00', 1, '0.00', '0.00', '0.00', '0.00', '0.00', '0.00'),
(1536, 24, '', 'CUSTOMISATION', '0.00', '', 1, 10, '0.00', '0.00', 1, '0.00', '0.00', '0.00', '0.00', '0.00', '0.00'),
(1537, 24, '1.', 'NEW ADD ONE MODULES - ADMIN LEVELS, PDF MODE, ENHANCE TRANSPORT MODULE, YEAR DATES COMPLETELY CHANGE RANGE TO CATER FOR ALL TYPES OF FUTURE NEEDS.', '0.00', '', 0, 11, '0.00', '0.00', 1, '0.00', '0.00', '0.00', '0.00', '0.00', '0.00'),
(1538, 24, '2.', 'CUSTOMER REQUEST NEW TYPE REPORTS', '0.00', '', 0, 12, '0.00', '0.00', 1, '0.00', '0.00', '0.00', '0.00', '0.00', '0.00'),
(1539, 24, '', 'LIMITATIONS', '0.00', '', 1, 13, '0.00', '0.00', 1, '0.00', '0.00', '0.00', '0.00', '0.00', '0.00'),
(1540, 24, '1.', 'SYSTEM DOES NOT ALLOW STUDENT TO BE IN MULTIPLE CATEGORIES IN THE SAME YEAR RANGE. NO CUSTOMISATION OF EACH CENTRE SEPARATELY', '0.00', '', 0, 14, '0.00', '0.00', 1, '0.00', '0.00', '0.00', '0.00', '0.00', '0.00'),
(1541, 24, '2.', 'NO PHONE APP TYPE INTERFACE. ONLY FOR COMPUTER, LAPTOPS & TABLETS.', '0.00', '', 0, 15, '0.00', '0.00', 1, '0.00', '0.00', '0.00', '0.00', '0.00', '0.00'),
(1542, 24, '', 'PRICING ( TYPE : ONE TIME )', '0.00', '', 1, 16, '0.00', '0.00', 1, '0.00', '0.00', '0.00', '0.00', '0.00', '0.00'),
(1543, 24, '1.', 'FIRST CENTRE - CUSTOMISATION, INSTALLATION & TESTING, DOMAIN NAME & SERVER, TRAINING, FREE FIRST YEAR MAINTENANCE & BACKUP', '1.00', '', 0, 17, '6600.00', '6600.00', 1, '0.00', '0.00', '6600.00', '0.00', '0.00', '6600.00'),
(1544, 24, '2.', 'SECOND CENTRE - INSTALLATION & TESTING, DOMAIN NAME & SERVER, TRAINING, FREE FIRST YEAR MAINTENANCE & BACKUP', '1.00', '', 0, 18, '3400.00', '3400.00', 1, '0.00', '0.00', '3400.00', '0.00', '0.00', '3400.00'),
(1545, 24, '3.', 'THIRD CENTRE - INSTALLATION & TESTING, DOMAIN NAME & SERVER, TRAINING, FREE FIRST YEAR MAINTENANCE & BACKUP', '1.00', '', 0, 19, '1000.00', '1000.00', 1, '0.00', '0.00', '1000.00', '0.00', '0.00', '1000.00'),
(1546, 24, '', 'PAYMENT TERMS', '0.00', '', 1, 20, '0.00', '0.00', 1, '0.00', '0.00', '0.00', '0.00', '0.00', '0.00'),
(1547, 24, '1.', 'A DEPOSIT OF 50 PERCENT TO BE PAID BEFORE WORK STARTS FOR EACH CENTRE SEPARATE. THIS AMOUNT IS NOT REFUNDABLE DUE TO PURCHASE OF DOMAIN NAME & SERVER HOSTING ETC', '0.00', '', 0, 21, '0.00', '0.00', 1, '0.00', '0.00', '0.00', '0.00', '0.00', '0.00'),
(1548, 24, '2.', 'BALANCE 50 PERCENT TO BE PAID WITHIN 7 DAYS OF SYSTEM INSTALLATION', '0.00', '', 0, 22, '0.00', '0.00', 1, '0.00', '0.00', '0.00', '0.00', '0.00', '0.00'),
(1549, 24, '', 'WORK DURATION : 40 DAYS FOR FIRST CENTRE, 15 DAYS EACH FOR OTHER CENTRES', '0.00', '', 1, 23, '0.00', '0.00', 1, '0.00', '0.00', '0.00', '0.00', '0.00', '0.00'),
(1550, 24, '', 'PRICING ( TYPE : YEARLY ) - FIRST YEAR FREE.\r\nSECOND YEAR ONWARDS RM 2,000.00 PER YEAR FOR 3 CENTRES', '0.00', '', 1, 24, '0.00', '0.00', 1, '0.00', '0.00', '0.00', '0.00', '0.00', '0.00'),
(1551, 24, '1.', '24 X 7 PHONE & ONLINE SUPPORT, MAINTENANCE, WEEKLY DATABASE BACKUP', '0.00', '', 0, 25, '0.00', '0.00', 1, '0.00', '0.00', '0.00', '0.00', '0.00', '0.00'),
(1552, 24, '2.', 'MINOR MODIFICATIONS TO SYSTEM & REPORTS ETC ( MAX 1 DAY PERIOD )', '0.00', '', 0, 26, '0.00', '0.00', 1, '0.00', '0.00', '0.00', '0.00', '0.00', '0.00'),
(1553, 24, '3.', 'DATABASE AND PROGRAM HOSTED WITH REPUTABLE HOSTING COMPANY\r\nwww.iwhost.com\r\nNO. 36-3 JALAN USJ 9/5Q, SUBANG BUSINESS CENTRE, 47620 SUBANG JAYA, SELANGOR', '0.00', '', 0, 27, '0.00', '0.00', 1, '0.00', '0.00', '0.00', '0.00', '0.00', '0.00'),
(1554, 24, '4.', 'WEB APPLICATION DOWNTIME FULLY DEPENDENT ON HOSTING COMPANY SERVER STATUS WHEREBY MEL SYSTEMS WILL LIASE FULLY WITH THE HOSTING COMPANY IN CASE OF SERVER ISSUES.', '0.00', '', 1, 28, '0.00', '0.00', 1, '0.00', '0.00', '0.00', '0.00', '0.00', '0.00'),
(1555, 24, '', '', '0.00', '', 0, 29, '0.00', '0.00', 1, '0.00', '0.00', '0.00', '0.00', '0.00', '0.00'),
(1613, 26, '', 'JOB SCOPE', '0.00', 'L/S', 1, 1, '2750.00', '2750.00', 1, '0.00', '0.00', '2750.00', '0.00', '0.00', '2750.00'),
(1614, 26, '1.', 'SUPPLY HEAVY DUTY JETTING TANKER', '0.00', '', 0, 2, '0.00', '0.00', 1, '0.00', '0.00', '0.00', '0.00', '0.00', '0.00'),
(1615, 26, '2.', 'TO INSERT JETTING HOSE INTO BLOCKAGE PIPE AND START DOING THE JETTING SERVICE.', '0.00', '', 0, 3, '0.00', '0.00', 1, '0.00', '0.00', '0.00', '0.00', '0.00', '0.00'),
(1616, 26, '3.', 'CLEAR ALL THE BLOCKAGES USING CHEMICAL LACED WATER TO BREAK THE BLOCKAGES INTO SMALLER CHUNKS.', '0.00', '', 0, 4, '0.00', '0.00', 1, '0.00', '0.00', '0.00', '0.00', '0.00', '0.00'),
(1617, 26, '4.', 'REMOVE HARDEN BLOCKAGES USING TOOLS AND WORKERS.', '0.00', '', 0, 5, '0.00', '0.00', 1, '0.00', '0.00', '0.00', '0.00', '0.00', '0.00'),
(1618, 26, '5.', 'TO PUT CONES AND OTHER SAFETY RELATED SIGNAGES AROUND WORK SITE', '0.00', '', 0, 6, '0.00', '0.00', 1, '0.00', '0.00', '0.00', '0.00', '0.00', '0.00'),
(1619, 26, '', 'PAYMENT TERMS', '0.00', '', 1, 7, '0.00', '0.00', 1, '0.00', '0.00', '0.00', '0.00', '0.00', '0.00'),
(1620, 26, '1.', 'DEPOSIT AMOUNT OF 50 TO BE PAID UPFRONT BEFORE WORK STARTS.', '0.00', '', 0, 8, '0.00', '0.00', 1, '0.00', '0.00', '0.00', '0.00', '0.00', '0.00'),
(1621, 26, '2.', 'BALANCE 50 TO PAID WITHIN 14 DAYS AFTER INVOICE ISSUED.', '0.00', '', 0, 9, '0.00', '0.00', 1, '0.00', '0.00', '0.00', '0.00', '0.00', '0.00'),
(1622, 26, '', 'LICENCE', '0.00', '', 1, 10, '0.00', '0.00', 1, '0.00', '0.00', '0.00', '0.00', '0.00', '0.00'),
(1623, 26, '1.', 'SPAN LICENCE', '0.00', '', 0, 11, '0.00', '0.00', 1, '0.00', '0.00', '0.00', '0.00', '0.00', '0.00'),
(1634, 27, '', 'WORK SCOPE', '0.00', '', 1, 1, '0.00', '0.00', 1, '0.00', '0.00', '0.00', '0.00', '0.00', '0.00'),
(1635, 27, '1.', 'CALENDAR FOR YEAR 2023 INCLUDING STICKERS MICKEY MOUSE', '4.00', 'PCS', 0, 2, '50.95', '203.80', 1, '0.00', '0.00', '203.80', '0.00', '0.00', '203.80'),
(1636, 27, '2.', 'COMPUTER DELL XPS 15 16GB RAM 512GB SSD INTEL I9 PROCESSOR', '1.00', 'PCS', 0, 3, '600.00', '600.00', 1, '0.00', '0.00', '600.00', '0.00', '0.00', '600.00'),
(1637, 27, '3.', 'JETTING WORKS AND CLEAR BLOCKAGES WITH RODDER MACHINE', '0.00', 'unit', 0, 4, '800.00', '800.00', 1, '0.00', '0.00', '800.00', '0.00', '0.00', '800.00'),
(1638, 27, '', 'DESLUDGING TANKER 8 CUBIC METERS', '0.00', 'TRIP', 0, 5, '1200.00', '1200.00', 1, '0.00', '0.00', '1200.00', '0.00', '0.00', '1200.00'),
(1639, 27, '', '', '0.00', '', 0, 6, '0.00', '0.00', 1, '0.00', '0.00', '0.00', '0.00', '0.00', '0.00'),
(1640, 27, '', '', '0.00', '', 0, 7, '0.00', '0.00', 1, '0.00', '0.00', '0.00', '0.00', '0.00', '0.00'),
(1641, 27, '', '', '0.00', '', 0, 8, '0.00', '0.00', 1, '0.00', '0.00', '0.00', '0.00', '0.00', '0.00'),
(1642, 27, '', '', '0.00', '', 0, 9, '0.00', '0.00', 1, '0.00', '0.00', '0.00', '0.00', '0.00', '0.00'),
(1643, 27, '', '', '0.00', '', 0, 10, '0.00', '0.00', 1, '0.00', '0.00', '0.00', '0.00', '0.00', '0.00'),
(1933, 28, '', 'JOB SCOPE FOR EACH BLOCK OF CONDOMINIUMS', '6.00', 'BLOCK', 1, 1, '7500.00', '45000.00', 1, '0.00', '0.00', '45000.00', '0.00', '0.00', '45000.00'),
(1934, 28, '1.', 'DESLUDGING SERVICES', '0.00', '', 1, 2, '0.00', '0.00', 1, '0.00', '0.00', '0.00', '0.00', '0.00', '0.00'),
(1935, 28, '', 'TO USE DESLUDGING TANKER TO VACUUM AND PUMP OUT ALL GREASE, SLUDGE, WASTE WATER FROM GREASE TRAP TANK.\r\nTOTAL 10 UNITS PER BLOCK\r\nTOTAL IS 60 UNITS OF GREASE TRAP TANK', '0.00', '', 0, 3, '0.00', '0.00', 1, '0.00', '0.00', '0.00', '0.00', '0.00', '0.00'),
(1936, 28, '', 'PRICE QUOTED IS INCLUSIVE OF TRANSPORT AND DISPOSAL RATES AT GREASE WASTE AUTHORISED SITE.', '0.00', '', 0, 4, '0.00', '0.00', 1, '0.00', '0.00', '0.00', '0.00', '0.00', '0.00'),
(1937, 28, '2.', 'JETTING SERVICES', '0.00', '', 1, 5, '0.00', '0.00', 1, '0.00', '0.00', '0.00', '0.00', '0.00', '0.00'),
(1938, 28, '', 'TO USE JETTER TRUCK MACHINE TO CLEAR BLOCKAGES AND SERVICE PIPELINE CHAMBERS.\r\nJETTING METHOD USES VERY HIGH PRESSURE WATER JET TO CLEAR ALL TYPE OF BLOCKAGES WITHIN THE PIPELINES AND CHAMBERS.', '0.00', '', 0, 6, '0.00', '0.00', 1, '0.00', '0.00', '0.00', '0.00', '0.00', '0.00'),
(1939, 28, '', 'TO USE TOOLS TO OPEN ALL THE MANHOLE COVERS TO DO THE JETTING.\r\n\r\nTOTAL 25 UNITS PER BLOCK\r\nTOTAL IS 250 UNITS OF PIPELINE CHAMBERS', '0.00', '', 0, 7, '0.00', '0.00', 1, '0.00', '0.00', '0.00', '0.00', '0.00', '0.00'),
(1940, 28, '', 'TO CLOSE ALL THE CHAMBER MANHOLE COVERS AND CLEAN WORKSITE AREA.', '0.00', '', 0, 8, '0.00', '0.00', 1, '0.00', '0.00', '0.00', '0.00', '0.00', '0.00'),
(1941, 28, '3.', 'SAFETY PROCEDURES', '0.00', '', 1, 9, '0.00', '0.00', 1, '0.00', '0.00', '0.00', '0.00', '0.00', '0.00');
INSERT INTO `tbquotationdetail` (`quotationDetail_id`, `quotationDetail_quotationID`, `quotationDetail_no1`, `quotationDetail_no2`, `quotationDetail_no3`, `quotationDetail_no4`, `quotationDetail_bold`, `quotationDetail_sortID`, `quotationDetail_no5`, `quotationDetail_rowTotal`, `quotationDetail_taxRateID`, `quotationDetail_taxPercent`, `quotationDetail_taxTotal`, `quotationDetail_rowGrandTotal`, `quotationDetail_discountPercent`, `quotationDetail_discountAmount`, `quotationDetail_rowTotalAfterDiscount`) VALUES
(1942, 28, '', 'TO FOLLOW ALL SAFETY PROCEDURES AT WORKSITE\r\n- SAFETY CONES AND SIGNS AT ALL WORK AREAS\r\n- SAFETY CLOTHING AND EQUIPMENT FOR ALL STAFF', '0.00', '', 0, 10, '0.00', '0.00', 1, '0.00', '0.00', '0.00', '0.00', '0.00', '0.00'),
(1943, 28, '4.', 'NEW CHAMBER MANHOLE COVERS', '0.00', '', 1, 11, '0.00', '0.00', 1, '0.00', '0.00', '0.00', '0.00', '0.00', '0.00'),
(1944, 28, '', 'TO SUPPLY AND INSTALL NEW CHAMBER MANHOLE COVERS FOR EXISTING DAMAGED MANHOLE COVERS.\r\nTHE PRICE IS RM220.00 PERUNIT INCLUDING INSTALLATION.\r\nFINAL PRICE IS RM 220.00 X NUMBER OF UNITS', '0.00', '', 0, 12, '0.00', '0.00', 1, '0.00', '0.00', '0.00', '0.00', '0.00', '0.00'),
(1945, 28, '', 'THIS PRICE IS NOT INCLUDED IN THIS QUOTATION SINCE WE DONT KNOW THE EXACT AMOUNT OF DAMAGED COVERS THAT NEED TO BE REPLACED.', '0.00', '', 0, 13, '0.00', '0.00', 1, '0.00', '0.00', '0.00', '0.00', '0.00', '0.00'),
(1946, 28, '5.', 'PAYMENT TERMS', '0.00', '', 1, 14, '0.00', '0.00', 1, '0.00', '0.00', '0.00', '0.00', '0.00', '0.00'),
(1947, 28, '', 'OUR PAYMENT TERMS IS  30 DAYS AFTER WORK COMPLETED AND INVOICE ISSUED.', '0.00', '', 0, 15, '0.00', '0.00', 1, '0.00', '0.00', '0.00', '0.00', '0.00', '0.00'),
(1948, 28, '', '', '0.00', '', 0, 16, '0.00', '0.00', 1, '0.00', '0.00', '0.00', '0.00', '0.00', '0.00'),
(1949, 28, '', '', '0.00', '', 0, 17, '0.00', '0.00', 1, '0.00', '0.00', '0.00', '0.00', '0.00', '0.00'),
(1950, 28, '', '', '0.00', '', 0, 18, '0.00', '0.00', 1, '0.00', '0.00', '0.00', '0.00', '0.00', '0.00'),
(2101, 30, '1.', 'NEW CHAMBER MANHOLE COVERS', '7.00', 'UNITS', 1, 1, '220.00', '1540.00', 1, '0.00', '0.00', '1540.00', '0.00', '0.00', '1540.00'),
(2102, 30, '', 'TO SUPPLY NEW CHAMBER MANHOLE COVERS FOR EXISTING DAMAGED MANHOLE COVERS.', '0.00', '', 0, 2, '0.00', '0.00', 1, '0.00', '0.00', '0.00', '0.00', '0.00', '0.00'),
(2103, 30, '', 'TO USE TOOLS TO OPEN AND DISMANTLE EXISTING MANHOLE COVERS.', '0.00', '', 0, 3, '0.00', '0.00', 1, '0.00', '0.00', '0.00', '0.00', '0.00', '0.00'),
(2104, 30, '', 'TO INSTALL THE NEW MANHOLE COVERS AND ENSURE FITS SAFELY INTO BRACKET.', '0.00', '', 0, 4, '0.00', '0.00', 1, '0.00', '0.00', '0.00', '0.00', '0.00', '0.00'),
(2105, 30, '', '', '0.00', '', 0, 5, '0.00', '0.00', 1, '0.00', '0.00', '0.00', '0.00', '0.00', '0.00'),
(2106, 30, '2.', 'SAFETY PROCEDURES', '0.00', '', 1, 6, '0.00', '0.00', 1, '0.00', '0.00', '0.00', '0.00', '0.00', '0.00'),
(2107, 30, '', 'TO FOLLOW ALL SAFETY PROCEDURES AT WORKSITE\r\n- SAFETY CONES AND SIGNS AT ALL WORK AREAS\r\n- SAFETY CLOTHING AND EQUIPMENT FOR ALL STAFF', '0.00', '', 0, 7, '0.00', '0.00', 1, '0.00', '0.00', '0.00', '0.00', '0.00', '0.00'),
(2108, 30, '3.', 'PAYMENT TERMS', '0.00', '', 1, 8, '0.00', '0.00', 1, '0.00', '0.00', '0.00', '0.00', '0.00', '0.00'),
(2109, 30, '', 'OUR PAYMENT TERMS IS  30 DAYS AFTER WORK COMPLETED AND INVOICE ISSUED.', '0.00', '', 0, 9, '0.00', '0.00', 1, '0.00', '0.00', '0.00', '0.00', '0.00', '0.00'),
(2110, 29, '', 'JOB SCOPE FOR EACH BLOCK OF CONDOMINIUMS', '6.00', 'BLOCK', 1, 1, '7500.00', '45000.00', 1, '0.00', '0.00', '45000.00', '0.00', '0.00', '45000.00'),
(2111, 29, '1.', 'DESLUDGING SERVICES', '0.00', '', 1, 2, '0.00', '0.00', 1, '0.00', '0.00', '0.00', '0.00', '0.00', '0.00'),
(2112, 29, '', 'TO USE DESLUDGING TANKER TO VACUUM AND PUMP OUT ALL GREASE, SLUDGE, WASTE WATER FROM GREASE TRAP TANK.\r\nTOTAL 10 UNITS PER BLOCK\r\nTOTAL IS 60 UNITS OF GREASE TRAP TANK', '0.00', '', 0, 3, '0.00', '0.00', 1, '0.00', '0.00', '0.00', '0.00', '0.00', '0.00'),
(2113, 29, '', 'PRICE QUOTED IS INCLUSIVE OF TRANSPORT AND DISPOSAL RATES AT GREASE WASTE AUTHORISED SITE.', '0.00', '', 0, 4, '0.00', '0.00', 1, '0.00', '0.00', '0.00', '0.00', '0.00', '0.00'),
(2114, 29, '2.', 'JETTING SERVICES', '0.00', '', 1, 5, '0.00', '0.00', 1, '0.00', '0.00', '0.00', '0.00', '0.00', '0.00'),
(2115, 29, '', 'TO USE JETTER TRUCK MACHINE TO CLEAR BLOCKAGES AND SERVICE PIPELINE CHAMBERS.\r\nJETTING METHOD USES VERY HIGH PRESSURE WATER JET TO CLEAR ALL TYPE OF BLOCKAGES WITHIN THE PIPELINES AND CHAMBERS.', '0.00', '', 0, 6, '0.00', '0.00', 1, '0.00', '0.00', '0.00', '0.00', '0.00', '0.00'),
(2116, 29, '', 'TO USE TOOLS TO OPEN ALL THE MANHOLE COVERS TO DO THE JETTING.\r\n\r\nTOTAL 25 UNITS PER BLOCK\r\nTOTAL IS 150 UNITS OF PIPELINE CHAMBERS', '0.00', '', 0, 7, '0.00', '0.00', 1, '0.00', '0.00', '0.00', '0.00', '0.00', '0.00'),
(2117, 29, '', 'TO CLOSE ALL THE CHAMBER MANHOLE COVERS AND CLEAN WORKSITE AREA.', '0.00', '', 0, 8, '0.00', '0.00', 1, '0.00', '0.00', '0.00', '0.00', '0.00', '0.00'),
(2118, 29, '3.', 'SAFETY PROCEDURES', '0.00', '', 1, 9, '0.00', '0.00', 1, '0.00', '0.00', '0.00', '0.00', '0.00', '0.00'),
(2119, 29, '', 'TO FOLLOW ALL SAFETY PROCEDURES AT WORKSITE\r\n- SAFETY CONES AND SIGNS AT ALL WORK AREAS\r\n- SAFETY CLOTHING AND EQUIPMENT FOR ALL STAFF', '0.00', '', 0, 10, '0.00', '0.00', 1, '0.00', '0.00', '0.00', '0.00', '0.00', '0.00'),
(2120, 29, '5.', 'PAYMENT TERMS', '0.00', '', 1, 11, '0.00', '0.00', 1, '0.00', '0.00', '0.00', '0.00', '0.00', '0.00'),
(2121, 29, '', 'OUR PAYMENT TERMS IS  30 DAYS AFTER WORK COMPLETED AND INVOICE ISSUED.', '0.00', '', 0, 12, '0.00', '0.00', 1, '0.00', '0.00', '0.00', '0.00', '0.00', '0.00'),
(2122, 29, '', '', '0.00', '', 0, 13, '0.00', '0.00', 1, '0.00', '0.00', '0.00', '0.00', '0.00', '0.00'),
(2123, 29, '', '', '0.00', '', 0, 14, '0.00', '0.00', 1, '0.00', '0.00', '0.00', '0.00', '0.00', '0.00'),
(2124, 29, '', '', '0.00', '', 0, 15, '0.00', '0.00', 1, '0.00', '0.00', '0.00', '0.00', '0.00', '0.00'),
(2125, 31, '', 'JOB SCOPE', '0.00', 'L/S', 1, 1, '2750.00', '2750.00', 1, '0.00', '0.00', '2750.00', '0.00', '0.00', '2750.00'),
(2126, 31, '1.', 'SUPPLY HEAVY DUTY JETTING TANKER', '0.00', '', 0, 2, '0.00', '0.00', 1, '0.00', '0.00', '0.00', '0.00', '0.00', '0.00'),
(2127, 31, '2.', 'TO INSERT JETTING HOSE INTO BLOCKAGE PIPE AND START DOING THE JETTING SERVICE.', '0.00', '', 0, 3, '0.00', '0.00', 1, '0.00', '0.00', '0.00', '0.00', '0.00', '0.00'),
(2128, 31, '3.', 'CLEAR ALL THE BLOCKAGES USING CHEMICAL LACED WATER TO BREAK THE BLOCKAGES INTO SMALLER CHUNKS.', '0.00', '', 0, 4, '0.00', '0.00', 1, '0.00', '0.00', '0.00', '0.00', '0.00', '0.00'),
(2129, 31, '4.', 'REMOVE HARDEN BLOCKAGES USING TOOLS AND WORKERS.', '0.00', '', 0, 5, '0.00', '0.00', 1, '0.00', '0.00', '0.00', '0.00', '0.00', '0.00'),
(2130, 31, '5.', 'TO PUT CONES AND OTHER SAFETY RELATED SIGNAGES AROUND WORK SITE', '0.00', '', 0, 6, '0.00', '0.00', 1, '0.00', '0.00', '0.00', '0.00', '0.00', '0.00'),
(2131, 31, '', 'PAYMENT TERMS', '0.00', '', 1, 7, '0.00', '0.00', 1, '0.00', '0.00', '0.00', '0.00', '0.00', '0.00'),
(2132, 31, '1.', 'DEPOSIT AMOUNT OF 50 TO BE PAID UPFRONT BEFORE WORK STARTS.', '0.00', '', 0, 8, '0.00', '0.00', 1, '0.00', '0.00', '0.00', '0.00', '0.00', '0.00'),
(2133, 31, '2.', 'BALANCE 50 TO PAID WITHIN 14 DAYS AFTER INVOICE ISSUED.', '0.00', '', 0, 9, '0.00', '0.00', 1, '0.00', '0.00', '0.00', '0.00', '0.00', '0.00'),
(2134, 31, '', 'LICENCE', '0.00', '', 1, 10, '0.00', '0.00', 1, '0.00', '0.00', '0.00', '0.00', '0.00', '0.00'),
(2135, 31, '1.', 'SPAN LICENCE', '0.00', '', 0, 11, '0.00', '0.00', 1, '0.00', '0.00', '0.00', '0.00', '0.00', '0.00'),
(2136, 32, '', 'CALENDAR FOR YEAR 2023 INCLUDING STICKERS MICKEY MOUSE', '0.00', 'PCS', 0, 1, '50.95', '50.95', 1, '0.00', '0.00', '50.95', '0.00', '0.00', '50.95'),
(2137, 32, '', 'OPEN HEAVY DUTY MANHOLE COVERS SING SPECIAL TOOLS', '0.00', 'UNITS', 0, 2, '325.45', '325.45', 1, '0.00', '0.00', '325.45', '0.00', '0.00', '325.45'),
(2138, 32, '', 'COMPUTER DELL XPS 15 16GB RAM 512GB SSD INTEL I9 PROCESSOR', '0.00', 'PCS', 0, 3, '0.00', '0.00', 1, '0.00', '0.00', '0.00', '0.00', '0.00', '0.00'),
(2139, 32, '', '', '0.00', '', 0, 4, '0.00', '0.00', 1, '0.00', '0.00', '0.00', '0.00', '0.00', '0.00'),
(2140, 32, '', 'TO USE TOOLS AND MANUALLY ENTER THE  DRAIN TO REMOVE ALL SAND, STONES, DEBRIS ETC FROM THE SIDES AND BOTTOM OF DRAINAGE.', '0.00', 'LOT', 0, 5, '3700.00', '3700.00', 1, '0.00', '0.00', '3700.00', '0.00', '0.00', '3700.00'),
(2265, 33, '', 'JOB SCOPE FOR EACH BLOCK OF CONDOMINIUMS', '6.00', 'BLOCK', 1, 1, '5800.00', '34800.00', 1, '0.00', '0.00', '34800.00', '0.00', '0.00', '34800.00'),
(2266, 33, '1.', 'DESLUDGING SERVICES', '0.00', '', 1, 2, '0.00', '0.00', 1, '0.00', '0.00', '0.00', '0.00', '0.00', '0.00'),
(2267, 33, '', 'TO USE DESLUDGING TANKER TO VACUUM AND PUMP OUT ALL GREASE, SLUDGE, WASTE WATER FROM GREASE TRAP TANK.\r\nTOTAL 10 UNITS PER BLOCK\r\nTOTAL IS 60 UNITS OF GREASE TRAP TANK', '0.00', '', 0, 3, '0.00', '0.00', 1, '0.00', '0.00', '0.00', '0.00', '0.00', '0.00'),
(2268, 33, '', 'PRICE QUOTED IS INCLUSIVE OF TRANSPORT AND DISPOSAL RATES AT GREASE WASTE AUTHORISED SITE.', '0.00', '', 0, 4, '0.00', '0.00', 1, '0.00', '0.00', '0.00', '0.00', '0.00', '0.00'),
(2269, 33, '2.', 'JETTING SERVICES', '0.00', '', 1, 5, '0.00', '0.00', 1, '0.00', '0.00', '0.00', '0.00', '0.00', '0.00'),
(2270, 33, '', 'TO USE JETTER TRUCK MACHINE TO CLEAR BLOCKAGES AND SERVICE PIPELINE CHAMBERS.\r\nJETTING METHOD USES VERY HIGH PRESSURE WATER JET TO CLEAR ALL TYPE OF BLOCKAGES WITHIN THE PIPELINES AND CHAMBERS.', '0.00', '', 0, 6, '0.00', '0.00', 1, '0.00', '0.00', '0.00', '0.00', '0.00', '0.00'),
(2271, 33, '', 'TO USE TOOLS TO OPEN ALL THE MANHOLE COVERS TO DO THE JETTING.\r\n\r\nTOTAL 25 UNITS PER BLOCK\r\nTOTAL IS 150 UNITS OF PIPELINE CHAMBERS', '0.00', '', 0, 7, '0.00', '0.00', 1, '0.00', '0.00', '0.00', '0.00', '0.00', '0.00'),
(2272, 33, '', 'TO CLOSE ALL THE CHAMBER MANHOLE COVERS AND CLEAN WORKSITE AREA.', '0.00', '', 0, 8, '0.00', '0.00', 1, '0.00', '0.00', '0.00', '0.00', '0.00', '0.00'),
(2273, 33, '3.', 'SAFETY PROCEDURES', '0.00', '', 1, 9, '0.00', '0.00', 1, '0.00', '0.00', '0.00', '0.00', '0.00', '0.00'),
(2274, 33, '', 'TO FOLLOW ALL SAFETY PROCEDURES AT WORKSITE\r\n- SAFETY CONES AND SIGNS AT ALL WORK AREAS\r\n- SAFETY CLOTHING AND EQUIPMENT FOR ALL STAFF', '0.00', '', 0, 10, '0.00', '0.00', 1, '0.00', '0.00', '0.00', '0.00', '0.00', '0.00'),
(2275, 33, '4.', 'WARRANTY PROVIDED FOR WORK DONE', '0.00', '', 1, 11, '0.00', '0.00', 1, '0.00', '0.00', '0.00', '0.00', '0.00', '0.00'),
(2276, 33, '', 'IF AFTER DOING THE MONTHLY SERVICE FOR THE MONTH, IF ANY BLOCKAGES OR OVERFLOW OF GREASE TRAP TANK OCCURS, BERJAYA EARA RESOURCES WILL PROVIDE OUR SERVICES TO SOLVE THIS ISSUE ASAP.', '0.00', '', 0, 12, '0.00', '0.00', 1, '0.00', '0.00', '0.00', '0.00', '0.00', '0.00'),
(2277, 33, '', 'NO PAYMENT WILL BE CHARGED FOR THIS WORK. THIS DOES NOT INCLUDE REPLACEMENT OF ANY PARTS DAMAGED OR MISSING.', '0.00', '', 0, 13, '0.00', '0.00', 1, '0.00', '0.00', '0.00', '0.00', '0.00', '0.00'),
(2278, 33, '', 'THIS WARRANTY PERIOD IS PROVIDED TILL THE NEXT MONTHLY SERVICE DATE.', '0.00', '', 0, 14, '0.00', '0.00', 1, '0.00', '0.00', '0.00', '0.00', '0.00', '0.00'),
(2376, 34, '', 'Initial Inspection and Diagnosis', '0.00', 'l/s', 1, 1, '1850.00', '1850.00', 1, '0.00', '0.00', '1850.00', '0.00', '0.00', '1850.00'),
(2377, 34, '1.', 'Detailed inspection of sewerage pipes using CCTV technology to identify the location and cause of blockages.', '0.00', '', 0, 2, '0.00', '0.00', 1, '0.00', '0.00', '0.00', '0.00', '0.00', '0.00'),
(2378, 34, '', 'Cutting and Removing Pipe Sections', '0.00', 'l/s', 1, 3, '2500.00', '2500.00', 1, '0.00', '0.00', '2500.00', '0.00', '0.00', '2500.00'),
(2379, 34, '1.', 'Cutting and removing sections of the pipe as necessary to access and remove severe blockages.', '0.00', '', 0, 4, '0.00', '0.00', 1, '0.00', '0.00', '0.00', '0.00', '0.00', '0.00'),
(2380, 34, '2.', 'Safe handling and temporary sealing of open pipe sections.', '0.00', '', 0, 5, '0.00', '0.00', 1, '0.00', '0.00', '0.00', '0.00', '0.00', '0.00'),
(2381, 34, '', 'Clearing Blockages', '0.00', '', 1, 6, '0.00', '0.00', 1, '0.00', '0.00', '0.00', '0.00', '0.00', '0.00'),
(2382, 34, '1.', 'Use of high-pressure water jetting and/or mechanical rodding to clear blockages.', '0.00', '', 0, 7, '0.00', '0.00', 1, '0.00', '0.00', '0.00', '0.00', '0.00', '0.00'),
(2383, 34, '2.', 'Safe disposal of any waste materials.', '0.00', '', 0, 8, '0.00', '0.00', 1, '0.00', '0.00', '0.00', '0.00', '0.00', '0.00'),
(2384, 34, '', 'Pipe Replacement and Repair', '0.00', '1/s', 1, 9, '1750.00', '1750.00', 1, '0.00', '0.00', '1750.00', '0.00', '0.00', '1750.00'),
(2385, 34, '1.', 'Replacing the removed sections of the pipe with new pipe segments.', '0.00', '', 0, 10, '0.00', '0.00', 1, '0.00', '0.00', '0.00', '0.00', '0.00', '0.00'),
(2386, 34, '2.', 'Ensuring secure and leak-proof connections.', '0.00', '', 0, 11, '0.00', '0.00', 1, '0.00', '0.00', '0.00', '0.00', '0.00', '0.00'),
(2387, 34, '', 'Post-Clearing Inspection', '0.00', 'l/s', 1, 12, '1200.00', '1200.00', 1, '0.00', '0.00', '1200.00', '0.00', '0.00', '1200.00'),
(2388, 34, '1.', 'Follow-up CCTV inspection to ensure the blockage has been completely cleared and that the new pipe sections are properly installed.', '0.00', '', 0, 13, '0.00', '0.00', 1, '0.00', '0.00', '0.00', '0.00', '0.00', '0.00'),
(2389, 34, '2.', 'Providing a report and video footage of the cleared and repaired pipes.', '0.00', '', 0, 14, '0.00', '0.00', 1, '0.00', '0.00', '0.00', '0.00', '0.00', '0.00'),
(2390, 34, '', '', '0.00', '', 0, 15, '0.00', '0.00', 1, '0.00', '0.00', '0.00', '0.00', '0.00', '0.00'),
(2391, 34, '', '', '0.00', '', 0, 16, '0.00', '0.00', 1, '0.00', '0.00', '0.00', '0.00', '0.00', '0.00'),
(2392, 34, '', '', '0.00', '', 0, 17, '0.00', '0.00', 1, '0.00', '0.00', '0.00', '0.00', '0.00', '0.00'),
(2393, 34, '', '', '0.00', '', 0, 18, '0.00', '0.00', 1, '0.00', '0.00', '0.00', '0.00', '0.00', '0.00'),
(2394, 34, '', '', '0.00', '', 0, 19, '0.00', '0.00', 1, '0.00', '0.00', '0.00', '0.00', '0.00', '0.00'),
(2414, 35, '', 'Initial Inspection and Diagnosis', '0.00', 'l/s', 1, 1, '1850.00', '1850.00', 1, '0.00', '0.00', '1850.00', '0.00', '0.00', '1850.00'),
(2415, 35, '1.', 'Detailed inspection of sewerage pipes using CCTV technology to identify the location and cause of blockages.', '0.00', '', 0, 2, '0.00', '0.00', 1, '0.00', '0.00', '0.00', '0.00', '0.00', '0.00'),
(2416, 35, '', 'Cutting and Removing Pipe Sections', '0.00', 'l/s', 1, 3, '2500.00', '2500.00', 1, '0.00', '0.00', '2500.00', '0.00', '0.00', '2500.00'),
(2417, 35, '1.', 'Cutting and removing sections of the pipe as necessary to access and remove severe blockages.', '0.00', '', 0, 4, '0.00', '0.00', 1, '0.00', '0.00', '0.00', '0.00', '0.00', '0.00'),
(2418, 35, '2.', 'Safe handling and temporary sealing of open pipe sections.', '0.00', '', 0, 5, '0.00', '0.00', 1, '0.00', '0.00', '0.00', '0.00', '0.00', '0.00'),
(2419, 35, '', 'Clearing Blockages', '0.00', '', 1, 6, '0.00', '0.00', 1, '0.00', '0.00', '0.00', '0.00', '0.00', '0.00'),
(2420, 35, '1.', 'Use of high-pressure water jetting and/or mechanical rodding to clear blockages.', '0.00', '', 0, 7, '0.00', '0.00', 1, '0.00', '0.00', '0.00', '0.00', '0.00', '0.00'),
(2421, 35, '2.', 'Safe disposal of any waste materials.', '0.00', '', 0, 8, '0.00', '0.00', 1, '0.00', '0.00', '0.00', '0.00', '0.00', '0.00'),
(2422, 35, '', 'Pipe Replacement and Repair', '0.00', '1/s', 1, 9, '1750.00', '1750.00', 1, '0.00', '0.00', '1750.00', '0.00', '0.00', '1750.00'),
(2423, 35, '1.', 'Replacing the removed sections of the pipe with new pipe segments.', '0.00', '', 0, 10, '0.00', '0.00', 1, '0.00', '0.00', '0.00', '0.00', '0.00', '0.00'),
(2424, 35, '2.', 'Ensuring secure and leak-proof connections.', '0.00', '', 0, 11, '0.00', '0.00', 1, '0.00', '0.00', '0.00', '0.00', '0.00', '0.00'),
(2425, 35, '', 'Post-Clearing Inspection', '0.00', 'l/s', 1, 12, '1200.00', '1200.00', 1, '0.00', '0.00', '1200.00', '0.00', '0.00', '1200.00'),
(2426, 35, '1.', 'Follow-up CCTV inspection to ensure the blockage has been completely cleared and that the new pipe sections are properly installed.', '0.00', '', 0, 13, '0.00', '0.00', 1, '0.00', '0.00', '0.00', '0.00', '0.00', '0.00'),
(2427, 35, '2.', 'Providing a report and video footage of the cleared and repaired pipes.', '0.00', '', 0, 14, '0.00', '0.00', 1, '0.00', '0.00', '0.00', '0.00', '0.00', '0.00'),
(2428, 35, '', '', '0.00', '', 0, 15, '0.00', '0.00', 1, '0.00', '0.00', '0.00', '0.00', '0.00', '0.00'),
(2429, 35, '', '', '0.00', '', 0, 16, '0.00', '0.00', 1, '0.00', '0.00', '0.00', '0.00', '0.00', '0.00'),
(2430, 36, '', 'Initial Inspection and Diagnosis', '0.00', 'l/s', 1, 1, '1850.00', '1850.00', 1, '0.00', '0.00', '1850.00', '0.00', '0.00', '1850.00'),
(2431, 36, '1.', 'Detailed inspection of sewerage pipes using CCTV technology to identify the location and cause of blockages.', '0.00', '', 0, 2, '0.00', '0.00', 1, '0.00', '0.00', '0.00', '0.00', '0.00', '0.00'),
(2432, 36, '', 'Cutting and Removing Pipe Sections', '0.00', 'l/s', 1, 3, '2500.00', '2500.00', 1, '0.00', '0.00', '2500.00', '0.00', '0.00', '2500.00'),
(2433, 36, '1.', 'Cutting and removing sections of the pipe as necessary to access and remove severe blockages.', '0.00', '', 0, 4, '0.00', '0.00', 1, '0.00', '0.00', '0.00', '0.00', '0.00', '0.00'),
(2434, 36, '2.', 'Safe handling and temporary sealing of open pipe sections.', '0.00', '', 0, 5, '0.00', '0.00', 1, '0.00', '0.00', '0.00', '0.00', '0.00', '0.00'),
(2435, 36, '', 'Clearing Blockages', '0.00', '', 1, 6, '0.00', '0.00', 1, '0.00', '0.00', '0.00', '0.00', '0.00', '0.00'),
(2436, 36, '1.', 'Use of high-pressure water jetting and/or mechanical rodding to clear blockages.', '0.00', '', 0, 7, '0.00', '0.00', 1, '0.00', '0.00', '0.00', '0.00', '0.00', '0.00'),
(2437, 36, '2.', 'Safe disposal of any waste materials.', '0.00', '', 0, 8, '0.00', '0.00', 1, '0.00', '0.00', '0.00', '0.00', '0.00', '0.00'),
(2438, 36, '', 'Pipe Replacement and Repair', '0.00', '1/s', 1, 9, '1750.00', '1750.00', 1, '0.00', '0.00', '1750.00', '0.00', '0.00', '1750.00'),
(2439, 36, '1.', 'Replacing the removed sections of the pipe with new pipe segments.', '0.00', '', 0, 10, '0.00', '0.00', 1, '0.00', '0.00', '0.00', '0.00', '0.00', '0.00'),
(2440, 36, '2.', 'Ensuring secure and leak-proof connections.', '0.00', '', 0, 11, '0.00', '0.00', 1, '0.00', '0.00', '0.00', '0.00', '0.00', '0.00'),
(2441, 36, '', 'Post-Clearing Inspection', '0.00', 'l/s', 1, 12, '1200.00', '1200.00', 1, '0.00', '0.00', '1200.00', '0.00', '0.00', '1200.00'),
(2442, 36, '1.', 'Follow-up CCTV inspection to ensure the blockage has been completely cleared and that the new pipe sections are properly installed.', '0.00', '', 0, 13, '0.00', '0.00', 1, '0.00', '0.00', '0.00', '0.00', '0.00', '0.00'),
(2443, 36, '2.', 'Providing a report and video footage of the cleared and repaired pipes.', '0.00', '', 0, 14, '0.00', '0.00', 1, '0.00', '0.00', '0.00', '0.00', '0.00', '0.00'),
(2444, 36, '', '', '0.00', '', 0, 15, '0.00', '0.00', 1, '0.00', '0.00', '0.00', '0.00', '0.00', '0.00'),
(2445, 36, '', '', '0.00', '', 0, 16, '0.00', '0.00', 1, '0.00', '0.00', '0.00', '0.00', '0.00', '0.00'),
(2446, 36, '', '', '0.00', '', 0, 17, '0.00', '0.00', 1, '0.00', '0.00', '0.00', '0.00', '0.00', '0.00'),
(2447, 36, '', '', '0.00', '', 0, 18, '0.00', '0.00', 1, '0.00', '0.00', '0.00', '0.00', '0.00', '0.00'),
(2448, 36, '', '', '0.00', '', 0, 19, '0.00', '0.00', 1, '0.00', '0.00', '0.00', '0.00', '0.00', '0.00'),
(2449, 37, '', 'CALENDAR FOR YEAR 2023 INCLUDING STICKERS MICKEY MOUSE', '2.00', 'PCS', 0, 1, '50.95', '101.90', 1, '0.00', '0.00', '101.90', '0.00', '0.00', '101.90'),
(2450, 37, '', 'TO USE TOOLS AND MANUALLY ENTER THE  DRAIN TO REMOVE ALL SAND, STONES, DEBRIS ETC FROM THE SIDES AND BOTTOM OF DRAINAGE.', '4.00', 'LOT', 0, 2, '3700.00', '14800.00', 1, '0.00', '0.00', '14800.00', '0.00', '0.00', '14800.00'),
(2451, 37, '', '', '0.00', '', 0, 3, '0.00', '0.00', 1, '0.00', '0.00', '0.00', '0.00', '0.00', '0.00'),
(2452, 37, '', '', '0.00', '', 0, 4, '0.00', '0.00', 1, '0.00', '0.00', '0.00', '0.00', '0.00', '0.00'),
(2453, 37, '', 'REMOVE WINDSCREEN AND TINTING WORKS DONE FOR THE WHOLE CAR', '0.00', 'UNITS', 0, 5, '0.00', '0.00', 1, '0.00', '0.00', '0.00', '0.00', '0.00', '0.00'),
(2627, 38, '', 'JOB SCOPE FOR EACH BLOCK OF CONDOMINIUMS', '6.00', 'BLOCK', 1, 1, '6800.00', '40800.00', 1, '0.00', '0.00', '40800.00', '0.00', '0.00', '40800.00'),
(2628, 38, '1.', 'DESLUDGING SERVICES', '0.00', '', 1, 2, '0.00', '0.00', 1, '0.00', '0.00', '0.00', '0.00', '0.00', '0.00'),
(2629, 38, '', 'TO USE DESLUDGING TANKER TO VACUUM AND PUMP OUT ALL GREASE, SLUDGE, WASTE WATER FROM GREASE TRAP TANK.\r\nTOTAL 10 UNITS PER BLOCK\r\nTOTAL IS 60 UNITS OF GREASE TRAP TANK', '0.00', '', 0, 3, '0.00', '0.00', 1, '0.00', '0.00', '0.00', '0.00', '0.00', '0.00'),
(2630, 38, '', 'PRICE QUOTED IS INCLUSIVE OF TRANSPORT AND DISPOSAL RATES AT GREASE WASTE AUTHORISED SITE.', '0.00', '', 0, 4, '0.00', '0.00', 1, '0.00', '0.00', '0.00', '0.00', '0.00', '0.00'),
(2631, 38, '2.', 'JETTING SERVICES', '0.00', '', 1, 5, '0.00', '0.00', 1, '0.00', '0.00', '0.00', '0.00', '0.00', '0.00'),
(2632, 38, '', 'TO USE JETTER TRUCK MACHINE TO CLEAR BLOCKAGES AND SERVICE PIPELINE CHAMBERS.\r\nJETTING METHOD USES VERY HIGH PRESSURE WATER JET TO CLEAR ALL TYPE OF BLOCKAGES WITHIN THE PIPELINES AND CHAMBERS.', '0.00', '', 0, 6, '0.00', '0.00', 1, '0.00', '0.00', '0.00', '0.00', '0.00', '0.00'),
(2633, 38, '', 'TO USE TOOLS TO OPEN ALL THE MANHOLE COVERS TO DO THE JETTING.\r\n\r\nTOTAL 25 UNITS PER BLOCK\r\nTOTAL IS 150 UNITS OF PIPELINE CHAMBERS', '0.00', '', 0, 7, '0.00', '0.00', 1, '0.00', '0.00', '0.00', '0.00', '0.00', '0.00'),
(2634, 38, '', 'TO CLOSE ALL THE CHAMBER MANHOLE COVERS AND CLEAN WORKSITE AREA.', '0.00', '', 0, 8, '0.00', '0.00', 1, '0.00', '0.00', '0.00', '0.00', '0.00', '0.00'),
(2635, 38, '3.', 'SAFETY PROCEDURES', '0.00', '', 1, 9, '0.00', '0.00', 1, '0.00', '0.00', '0.00', '0.00', '0.00', '0.00'),
(2636, 38, '', 'TO FOLLOW ALL SAFETY PROCEDURES AT WORKSITE\r\n- SAFETY CONES AND SIGNS AT ALL WORK AREAS\r\n- SAFETY CLOTHING AND EQUIPMENT FOR ALL STAFF', '0.00', '', 0, 10, '0.00', '0.00', 1, '0.00', '0.00', '0.00', '0.00', '0.00', '0.00'),
(2637, 38, '4.', 'IMPORTANT INFORMATION', '0.00', '', 1, 11, '0.00', '0.00', 1, '0.00', '0.00', '0.00', '0.00', '0.00', '0.00'),
(2638, 38, 'i.', 'IF ANY BLOCKAGES OR OVERFLOW OF GREASE TRAP TANK OCCURS AFTER THE QUATERLY SERVICE DONE, BERJAYA EARA RESOURCES WILL PROVIDE OUR SERVICES TO SOLVE THIS ISSUE ASAP.', '0.00', '', 0, 12, '0.00', '0.00', 1, '0.00', '0.00', '0.00', '0.00', '0.00', '0.00'),
(2639, 38, 'ii.', 'PAYMENT AMOUNT OF RM 1,200.00 PER BLOCKAGE CLEARANCE WILL BE CHARGED FOR THIS WORK. THIS DOES NOT INCLUDE REPLACEMENT OF ANY PARTS DAMAGED OR MISSING.', '0.00', '', 0, 13, '0.00', '0.00', 1, '0.00', '0.00', '0.00', '0.00', '0.00', '0.00'),
(2640, 38, '', '', '0.00', '', 0, 14, '0.00', '0.00', 1, '0.00', '0.00', '0.00', '0.00', '0.00', '0.00'),
(2641, 38, '', '', '0.00', '', 0, 15, '0.00', '0.00', 1, '0.00', '0.00', '0.00', '0.00', '0.00', '0.00'),
(2642, 38, '5.', 'OTHER INFORMATION', '0.00', '', 1, 16, '0.00', '0.00', 1, '0.00', '0.00', '0.00', '0.00', '0.00', '0.00'),
(2643, 38, 'i.', 'FULL REPORT WITH PICTURES WILL BE PROVIDED AFTER EACH QUATERLY SERVICE COMPLETED.', '0.00', '', 0, 17, '0.00', '0.00', 1, '0.00', '0.00', '0.00', '0.00', '0.00', '0.00'),
(2644, 38, '6.', 'PAYMENT TERMS', '0.00', '', 1, 18, '0.00', '0.00', 1, '0.00', '0.00', '0.00', '0.00', '0.00', '0.00'),
(2645, 38, 'i.', 'PAYMENT TO BE PAID ONCE INVOICE TOGETHER WITH DETAILED REPORT PROVIDED TO CUSTOMER.', '0.00', '', 0, 19, '0.00', '0.00', 1, '0.00', '0.00', '0.00', '0.00', '0.00', '0.00'),
(2646, 39, '', '', '0.00', '', 0, 1, '0.00', '0.00', 1, '0.00', '0.00', '0.00', '0.00', '0.00', '0.00'),
(2647, 39, '', '', '0.00', '', 0, 2, '0.00', '0.00', 1, '0.00', '0.00', '0.00', '0.00', '0.00', '0.00'),
(2648, 39, '', '', '0.00', '', 0, 3, '0.00', '0.00', 1, '0.00', '0.00', '0.00', '0.00', '0.00', '0.00'),
(2649, 39, '', '', '0.00', '', 0, 4, '0.00', '0.00', 1, '0.00', '0.00', '0.00', '0.00', '0.00', '0.00'),
(2650, 39, '', '', '0.00', '', 0, 5, '0.00', '0.00', 1, '0.00', '0.00', '0.00', '0.00', '0.00', '0.00'),
(2651, 39, '', '', '0.00', '', 0, 6, '0.00', '0.00', 1, '0.00', '0.00', '0.00', '0.00', '0.00', '0.00'),
(2652, 39, '', '', '0.00', '', 0, 7, '0.00', '0.00', 1, '0.00', '0.00', '0.00', '0.00', '0.00', '0.00'),
(2653, 39, '', '', '0.00', '', 0, 8, '0.00', '0.00', 1, '0.00', '0.00', '0.00', '0.00', '0.00', '0.00'),
(2654, 39, '', '', '0.00', '', 0, 9, '0.00', '0.00', 1, '0.00', '0.00', '0.00', '0.00', '0.00', '0.00'),
(2655, 39, '', '', '0.00', '', 0, 10, '0.00', '0.00', 1, '0.00', '0.00', '0.00', '0.00', '0.00', '0.00'),
(2656, 40, '', 'AIRCOND CLEANING AND SERVICING FOR JAPANESE CARS ONLY', '0.00', '', 1, 1, '145.60', '145.60', 1, '0.00', '0.00', '145.60', '0.00', '0.00', '145.60'),
(2657, 40, '', 'CABBAGE PRODUCE', '0.00', '', 0, 2, '77.00', '77.00', 1, '0.00', '0.00', '77.00', '0.00', '0.00', '77.00'),
(2658, 40, '', 'PREPARE HOUSE TENANCY AGREEMENT FOR CUSTOMER FOR THE YEAR 2023 AND 2024', '0.00', 'LOT', 0, 3, '900.00', '900.00', 1, '0.00', '0.00', '900.00', '0.00', '0.00', '900.00'),
(2659, 40, '', 'COMPUTER DELL XPS 15 16GB RAM 512GB SSD INTEL I9 PROCESSOR', '0.00', 'PCS', 0, 4, '0.00', '0.00', 1, '0.00', '0.00', '0.00', '0.00', '0.00', '0.00'),
(2660, 40, '', 'TO USE TOOLS AND MANUALLY ENTER THE  DRAIN TO REMOVE ALL SAND, STONES, DEBRIS ETC FROM THE SIDES AND BOTTOM OF DRAINAGE.', '0.00', 'LOT', 0, 5, '3700.00', '3700.00', 1, '0.00', '0.00', '3700.00', '0.00', '0.00', '3700.00'),
(2661, 40, '', '', '0.00', '', 0, 6, '0.00', '0.00', 1, '0.00', '0.00', '0.00', '0.00', '0.00', '0.00'),
(2662, 40, '', '', '0.00', '', 0, 7, '0.00', '0.00', 1, '0.00', '0.00', '0.00', '0.00', '0.00', '0.00'),
(2663, 40, '', '', '0.00', '', 0, 8, '0.00', '0.00', 1, '0.00', '0.00', '0.00', '0.00', '0.00', '0.00'),
(2664, 40, '', '', '0.00', '', 0, 9, '0.00', '0.00', 1, '0.00', '0.00', '0.00', '0.00', '0.00', '0.00'),
(2665, 40, '', '', '0.00', '', 0, 10, '0.00', '0.00', 1, '0.00', '0.00', '0.00', '0.00', '0.00', '0.00'),
(2666, 40, '', '', '0.00', '', 0, 11, '0.00', '0.00', 1, '0.00', '0.00', '0.00', '0.00', '0.00', '0.00'),
(2677, 41, '', 'AIRCOND CLEANING AND SERVICING FOR JAPANESE CARS ONLY', '56.00', '', 0, 1, '145.60', '8153.60', 2, '6.00', '464.76', '8210.68', '5.00', '407.68', '7745.92'),
(2678, 41, '', 'CAR TINTING SERVICE - V COOL HOLLAND TYPE', '0.00', 'PCS', 0, 2, '66.00', '66.00', 5, '8.00', '4.75', '64.15', '10.00', '6.60', '59.40'),
(2679, 41, '', 'CASIO SCIENTIFIC CALCULATOR\r\nMODEL 4590-J', '0.00', 'UNIT', 0, 3, '650.85', '650.85', 1, '0.00', '0.00', '650.85', '0.00', '0.00', '650.85'),
(2680, 41, '', 'CAR POLISH 2.5 LITRES', '0.00', 'BOTTLE', 0, 4, '19.00', '19.00', 1, '0.00', '0.00', '19.00', '0.00', '0.00', '19.00'),
(2681, 41, '', 'CAR CARBURATOR CHANGE', '0.00', '', 0, 5, '33.00', '33.00', 1, '0.00', '0.00', '33.00', '0.00', '0.00', '33.00'),
(2682, 41, '', 'PREPARE HOUSE TENANCY AGREEMENT FOR CUSTOMER FOR THE YEAR 2023 AND 2024', '0.00', 'LOT', 0, 6, '900.00', '900.00', 1, '0.00', '0.00', '900.00', '0.00', '0.00', '900.00'),
(2683, 41, '', '', '0.00', '', 0, 7, '0.00', '0.00', 1, '0.00', '0.00', '0.00', '0.00', '0.00', '0.00'),
(2684, 41, '', '', '0.00', '', 0, 8, '0.00', '0.00', 1, '0.00', '0.00', '0.00', '0.00', '0.00', '0.00'),
(2685, 41, '', '', '0.00', '', 0, 9, '0.00', '0.00', 1, '0.00', '0.00', '0.00', '0.00', '0.00', '0.00'),
(2686, 41, '', '', '0.00', '', 0, 10, '0.00', '0.00', 1, '0.00', '0.00', '0.00', '0.00', '0.00', '0.00'),
(2687, 42, '', 'TO USE TOOLS AND MANUALLY ENTER THE  DRAIN TO REMOVE ALL SAND, STONES, DEBRIS ETC FROM THE SIDES AND BOTTOM OF DRAINAGE.', '23.00', 'LOT', 0, 1, '3700.00', '85100.00', 1, '0.00', '0.00', '85100.00', '0.00', '0.00', '85100.00'),
(2688, 42, '', 'CALENDAR FOR YEAR 2023 INCLUDING STICKERS MICKEY MOUSE', '0.00', 'PCS', 1, 2, '50.95', '50.95', 1, '0.00', '0.00', '50.95', '0.00', '0.00', '50.95'),
(2689, 42, '', 'REMOVE WINDSCREEN AND TINTING WORKS DONE FOR THE WHOLE CAR', '0.00', 'UNITS', 0, 3, '0.00', '0.00', 1, '0.00', '0.00', '0.00', '0.00', '0.00', '0.00'),
(2690, 42, '', '', '0.00', '', 0, 4, '0.00', '0.00', 1, '0.00', '0.00', '0.00', '0.00', '0.00', '0.00'),
(2691, 42, '', '', '0.00', '', 0, 5, '0.00', '0.00', 1, '0.00', '0.00', '0.00', '0.00', '0.00', '0.00'),
(2692, 42, '', '', '0.00', '', 0, 6, '0.00', '0.00', 1, '0.00', '0.00', '0.00', '0.00', '0.00', '0.00'),
(2693, 42, '', '', '0.00', '', 0, 7, '0.00', '0.00', 1, '0.00', '0.00', '0.00', '0.00', '0.00', '0.00'),
(2694, 42, '', '', '0.00', '', 0, 8, '0.00', '0.00', 1, '0.00', '0.00', '0.00', '0.00', '0.00', '0.00'),
(2695, 42, '', '', '0.00', '', 0, 9, '0.00', '0.00', 1, '0.00', '0.00', '0.00', '0.00', '0.00', '0.00'),
(2696, 42, '', '', '0.00', '', 0, 10, '0.00', '0.00', 1, '0.00', '0.00', '0.00', '0.00', '0.00', '0.00'),
(2697, 43, '', 'JOB SCOPE FOR EACH BLOCK OF CONDOMINIUMS', '6.00', 'BLOCK', 1, 1, '6800.00', '40800.00', 1, '0.00', '0.00', '38760.00', '5.00', '2040.00', '38760.00'),
(2698, 43, '1.', 'DESLUDGING SERVICES', '0.00', '', 1, 2, '0.00', '0.00', 1, '0.00', '0.00', '0.00', '0.00', '0.00', '0.00'),
(2699, 43, '', 'TO USE DESLUDGING TANKER TO VACUUM AND PUMP OUT ALL GREASE, SLUDGE, WASTE WATER FROM GREASE TRAP TANK.\r\nTOTAL 10 UNITS PER BLOCK\r\nTOTAL IS 60 UNITS OF GREASE TRAP TANK', '0.00', '', 0, 3, '0.00', '0.00', 1, '0.00', '0.00', '0.00', '0.00', '0.00', '0.00'),
(2700, 43, '', 'PRICE QUOTED IS INCLUSIVE OF TRANSPORT AND DISPOSAL RATES AT GREASE WASTE AUTHORISED SITE.', '0.00', '', 0, 4, '0.00', '0.00', 1, '0.00', '0.00', '0.00', '0.00', '0.00', '0.00'),
(2701, 43, '2.', 'JETTING SERVICES', '0.00', '', 1, 5, '0.00', '0.00', 1, '0.00', '0.00', '0.00', '0.00', '0.00', '0.00'),
(2702, 43, '', 'TO USE JETTER TRUCK MACHINE TO CLEAR BLOCKAGES AND SERVICE PIPELINE CHAMBERS.\r\nJETTING METHOD USES VERY HIGH PRESSURE WATER JET TO CLEAR ALL TYPE OF BLOCKAGES WITHIN THE PIPELINES AND CHAMBERS.', '3.00', '', 0, 6, '123.00', '369.00', 6, '1.50', '5.54', '374.54', '0.00', '0.00', '369.00'),
(2703, 43, '', 'TO USE TOOLS TO OPEN ALL THE MANHOLE COVERS TO DO THE JETTING.\r\n\r\nTOTAL 25 UNITS PER BLOCK\r\nTOTAL IS 150 UNITS OF PIPELINE CHAMBERS', '0.00', '', 0, 7, '0.00', '0.00', 1, '0.00', '0.00', '0.00', '0.00', '0.00', '0.00'),
(2704, 43, '', 'TO CLOSE ALL THE CHAMBER MANHOLE COVERS AND CLEAN WORKSITE AREA.', '0.00', '', 0, 8, '0.00', '0.00', 1, '0.00', '0.00', '0.00', '0.00', '0.00', '0.00'),
(2705, 43, '3.', 'SAFETY PROCEDURES', '0.00', '', 1, 9, '0.00', '0.00', 1, '0.00', '0.00', '0.00', '0.00', '0.00', '0.00'),
(2706, 43, '', 'TO FOLLOW ALL SAFETY PROCEDURES AT WORKSITE\r\n- SAFETY CONES AND SIGNS AT ALL WORK AREAS\r\n- SAFETY CLOTHING AND EQUIPMENT FOR ALL STAFF', '0.00', '', 0, 10, '0.00', '0.00', 1, '0.00', '0.00', '0.00', '0.00', '0.00', '0.00'),
(2707, 43, '4.', 'IMPORTANT INFORMATION', '0.00', '', 1, 11, '0.00', '0.00', 1, '0.00', '0.00', '0.00', '0.00', '0.00', '0.00'),
(2708, 43, 'i.', 'IF ANY BLOCKAGES OR OVERFLOW OF GREASE TRAP TANK OCCURS AFTER THE QUATERLY SERVICE DONE, BERJAYA EARA RESOURCES WILL PROVIDE OUR SERVICES TO SOLVE THIS ISSUE ASAP.', '0.00', '', 0, 12, '0.00', '0.00', 1, '0.00', '0.00', '0.00', '0.00', '0.00', '0.00'),
(2709, 43, 'ii.', 'PAYMENT AMOUNT OF RM 1,200.00 PER BLOCKAGE CLEARANCE WILL BE CHARGED FOR THIS WORK. THIS DOES NOT INCLUDE REPLACEMENT OF ANY PARTS DAMAGED OR MISSING.', '0.00', '', 0, 13, '0.00', '0.00', 1, '0.00', '0.00', '0.00', '0.00', '0.00', '0.00'),
(2710, 43, '', '', '0.00', '', 0, 14, '0.00', '0.00', 1, '0.00', '0.00', '0.00', '0.00', '0.00', '0.00'),
(2711, 43, '', '', '0.00', '', 0, 15, '0.00', '0.00', 1, '0.00', '0.00', '0.00', '0.00', '0.00', '0.00'),
(2712, 43, '5.', 'OTHER INFORMATION', '0.00', '', 1, 16, '0.00', '0.00', 1, '0.00', '0.00', '0.00', '0.00', '0.00', '0.00'),
(2713, 43, 'i.', 'FULL REPORT WITH PICTURES WILL BE PROVIDED AFTER EACH QUATERLY SERVICE COMPLETED.', '0.00', '', 0, 17, '0.00', '0.00', 1, '0.00', '0.00', '0.00', '0.00', '0.00', '0.00'),
(2714, 43, '6.', 'PAYMENT TERMS', '0.00', '', 1, 18, '0.00', '0.00', 1, '0.00', '0.00', '0.00', '0.00', '0.00', '0.00'),
(2715, 43, 'i.', 'PAYMENT TO BE PAID ONCE INVOICE TOGETHER WITH DETAILED REPORT PROVIDED TO CUSTOMER.', '0.00', '', 0, 19, '0.00', '0.00', 1, '0.00', '0.00', '0.00', '0.00', '0.00', '0.00'),
(2716, 44, '', 'JOB SCOPE FOR EACH BLOCK OF CONDOMINIUMS', '6.00', 'BLOCK', 1, 1, '6800.00', '40800.00', 1, '0.00', '0.00', '38760.00', '5.00', '2040.00', '38760.00'),
(2717, 44, '1.', 'DESLUDGING SERVICES', '0.00', '', 1, 2, '0.00', '0.00', 1, '0.00', '0.00', '0.00', '0.00', '0.00', '0.00'),
(2718, 44, '', 'TO USE DESLUDGING TANKER TO VACUUM AND PUMP OUT ALL GREASE, SLUDGE, WASTE WATER FROM GREASE TRAP TANK.\r\nTOTAL 10 UNITS PER BLOCK\r\nTOTAL IS 60 UNITS OF GREASE TRAP TANK', '0.00', '', 0, 3, '0.00', '0.00', 1, '0.00', '0.00', '0.00', '0.00', '0.00', '0.00'),
(2719, 44, '', 'PRICE QUOTED IS INCLUSIVE OF TRANSPORT AND DISPOSAL RATES AT GREASE WASTE AUTHORISED SITE.', '0.00', '', 0, 4, '0.00', '0.00', 1, '0.00', '0.00', '0.00', '0.00', '0.00', '0.00'),
(2720, 44, '2.', 'JETTING SERVICES', '0.00', '', 1, 5, '0.00', '0.00', 1, '0.00', '0.00', '0.00', '0.00', '0.00', '0.00'),
(2721, 44, '', 'TO USE JETTER TRUCK MACHINE TO CLEAR BLOCKAGES AND SERVICE PIPELINE CHAMBERS.\r\nJETTING METHOD USES VERY HIGH PRESSURE WATER JET TO CLEAR ALL TYPE OF BLOCKAGES WITHIN THE PIPELINES AND CHAMBERS.', '3.00', '', 0, 6, '123.00', '369.00', 6, '1.50', '5.54', '374.54', '0.00', '0.00', '369.00'),
(2722, 44, '', 'TO USE TOOLS TO OPEN ALL THE MANHOLE COVERS TO DO THE JETTING.\r\n\r\nTOTAL 25 UNITS PER BLOCK\r\nTOTAL IS 150 UNITS OF PIPELINE CHAMBERS', '0.00', '', 0, 7, '0.00', '0.00', 1, '0.00', '0.00', '0.00', '0.00', '0.00', '0.00'),
(2723, 44, '', 'TO CLOSE ALL THE CHAMBER MANHOLE COVERS AND CLEAN WORKSITE AREA.', '0.00', '', 0, 8, '0.00', '0.00', 1, '0.00', '0.00', '0.00', '0.00', '0.00', '0.00'),
(2724, 44, '3.', 'SAFETY PROCEDURES', '0.00', '', 1, 9, '0.00', '0.00', 1, '0.00', '0.00', '0.00', '0.00', '0.00', '0.00'),
(2725, 44, '', 'TO FOLLOW ALL SAFETY PROCEDURES AT WORKSITE\r\n- SAFETY CONES AND SIGNS AT ALL WORK AREAS\r\n- SAFETY CLOTHING AND EQUIPMENT FOR ALL STAFF', '0.00', '', 0, 10, '0.00', '0.00', 1, '0.00', '0.00', '0.00', '0.00', '0.00', '0.00'),
(2726, 44, '4.', 'IMPORTANT INFORMATION', '0.00', '', 1, 11, '0.00', '0.00', 1, '0.00', '0.00', '0.00', '0.00', '0.00', '0.00'),
(2727, 44, 'i.', 'IF ANY BLOCKAGES OR OVERFLOW OF GREASE TRAP TANK OCCURS AFTER THE QUATERLY SERVICE DONE, BERJAYA EARA RESOURCES WILL PROVIDE OUR SERVICES TO SOLVE THIS ISSUE ASAP.', '0.00', '', 0, 12, '0.00', '0.00', 1, '0.00', '0.00', '0.00', '0.00', '0.00', '0.00'),
(2728, 44, 'ii.', 'PAYMENT AMOUNT OF RM 1,200.00 PER BLOCKAGE CLEARANCE WILL BE CHARGED FOR THIS WORK. THIS DOES NOT INCLUDE REPLACEMENT OF ANY PARTS DAMAGED OR MISSING.', '0.00', '', 0, 13, '0.00', '0.00', 1, '0.00', '0.00', '0.00', '0.00', '0.00', '0.00'),
(2729, 44, '', '', '0.00', '', 0, 14, '0.00', '0.00', 1, '0.00', '0.00', '0.00', '0.00', '0.00', '0.00'),
(2730, 44, '', '', '0.00', '', 0, 15, '0.00', '0.00', 1, '0.00', '0.00', '0.00', '0.00', '0.00', '0.00'),
(2731, 44, '5.', 'OTHER INFORMATION', '0.00', '', 1, 16, '0.00', '0.00', 1, '0.00', '0.00', '0.00', '0.00', '0.00', '0.00'),
(2732, 44, 'i.', 'FULL REPORT WITH PICTURES WILL BE PROVIDED AFTER EACH QUATERLY SERVICE COMPLETED.', '0.00', '', 0, 17, '0.00', '0.00', 1, '0.00', '0.00', '0.00', '0.00', '0.00', '0.00'),
(2733, 44, '6.', 'PAYMENT TERMS', '0.00', '', 1, 18, '0.00', '0.00', 1, '0.00', '0.00', '0.00', '0.00', '0.00', '0.00'),
(2734, 44, 'i.', 'PAYMENT TO BE PAID ONCE INVOICE TOGETHER WITH DETAILED REPORT PROVIDED TO CUSTOMER.', '0.00', '', 0, 19, '0.00', '0.00', 1, '0.00', '0.00', '0.00', '0.00', '0.00', '0.00'),
(2735, 45, '', '', '0.00', '', 0, 1, '0.00', '0.00', 1, '0.00', '0.00', '0.00', '0.00', '0.00', '0.00'),
(2736, 45, '', '', '0.00', '', 0, 2, '0.00', '0.00', 1, '0.00', '0.00', '0.00', '0.00', '0.00', '0.00'),
(2737, 45, '', '', '0.00', '', 0, 3, '0.00', '0.00', 1, '0.00', '0.00', '0.00', '0.00', '0.00', '0.00'),
(2738, 45, '', 'NOKIA CHARGER TYPE CARBON 4598BK. Please asend help as soon as possible and this will affect malaysia china relationships.', '0.00', 'UNIT', 0, 4, '59.00', '59.00', 1, '0.00', '0.00', '59.00', '0.00', '0.00', '59.00'),
(2739, 45, '', '', '0.00', '', 0, 5, '0.00', '0.00', 1, '0.00', '0.00', '0.00', '0.00', '0.00', '0.00'),
(2740, 45, '', '', '0.00', '', 0, 6, '0.00', '0.00', 1, '0.00', '0.00', '0.00', '0.00', '0.00', '0.00'),
(2741, 45, '', '', '0.00', '', 0, 7, '0.00', '0.00', 1, '0.00', '0.00', '0.00', '0.00', '0.00', '0.00'),
(2742, 45, '', '', '0.00', '', 0, 8, '0.00', '0.00', 1, '0.00', '0.00', '0.00', '0.00', '0.00', '0.00'),
(2743, 45, '', '', '0.00', '', 0, 9, '0.00', '0.00', 1, '0.00', '0.00', '0.00', '0.00', '0.00', '0.00'),
(2744, 45, '', 'CALENDAR FOR YEAR 2023 INCLUDING STICKERS MICKEY MOUSE', '0.00', 'PCS', 0, 10, '50.95', '50.95', 1, '0.00', '0.00', '50.95', '0.00', '0.00', '50.95'),
(2745, 45, '', '', '0.00', '', 0, 11, '0.00', '0.00', 1, '0.00', '0.00', '0.00', '0.00', '0.00', '0.00'),
(2746, 45, '', '', '0.00', '', 0, 12, '0.00', '0.00', 1, '0.00', '0.00', '0.00', '0.00', '0.00', '0.00'),
(2747, 45, '', '', '0.00', '', 0, 13, '0.00', '0.00', 1, '0.00', '0.00', '0.00', '0.00', '0.00', '0.00'),
(2748, 46, '', 'JOB SCOPE FOR EACH BLOCK OF CONDOMINIUMS', '6.00', 'BLOCK', 1, 1, '6800.00', '40800.00', 1, '0.00', '0.00', '40800.00', '0.00', '0.00', '40800.00'),
(2749, 46, '1.', 'DESLUDGING SERVICES', '0.00', '', 1, 2, '0.00', '0.00', 1, '0.00', '0.00', '0.00', '0.00', '0.00', '0.00'),
(2750, 46, '', 'TO USE DESLUDGING TANKER TO VACUUM AND PUMP OUT ALL GREASE, SLUDGE, WASTE WATER FROM GREASE TRAP TANK.\r\nTOTAL 10 UNITS PER BLOCK\r\nTOTAL IS 60 UNITS OF GREASE TRAP TANK', '0.00', '', 0, 3, '0.00', '0.00', 1, '0.00', '0.00', '0.00', '0.00', '0.00', '0.00'),
(2751, 46, '', 'PRICE QUOTED IS INCLUSIVE OF TRANSPORT AND DISPOSAL RATES AT GREASE WASTE AUTHORISED SITE.', '0.00', '', 0, 4, '0.00', '0.00', 1, '0.00', '0.00', '0.00', '0.00', '0.00', '0.00'),
(2752, 46, '2.', 'JETTING SERVICES', '0.00', '', 1, 5, '0.00', '0.00', 1, '0.00', '0.00', '0.00', '0.00', '0.00', '0.00'),
(2753, 46, '', 'TO USE JETTER TRUCK MACHINE TO CLEAR BLOCKAGES AND SERVICE PIPELINE CHAMBERS.\r\nJETTING METHOD USES VERY HIGH PRESSURE WATER JET TO CLEAR ALL TYPE OF BLOCKAGES WITHIN THE PIPELINES AND CHAMBERS.', '0.00', '', 0, 6, '0.00', '0.00', 1, '0.00', '0.00', '0.00', '0.00', '0.00', '0.00'),
(2754, 46, '', 'TO USE TOOLS TO OPEN ALL THE MANHOLE COVERS TO DO THE JETTING.\r\n\r\nTOTAL 25 UNITS PER BLOCK\r\nTOTAL IS 150 UNITS OF PIPELINE CHAMBERS', '0.00', '', 0, 7, '0.00', '0.00', 1, '0.00', '0.00', '0.00', '0.00', '0.00', '0.00'),
(2755, 46, '', 'TO CLOSE ALL THE CHAMBER MANHOLE COVERS AND CLEAN WORKSITE AREA.', '0.00', '', 0, 8, '0.00', '0.00', 1, '0.00', '0.00', '0.00', '0.00', '0.00', '0.00'),
(2756, 46, '3.', 'SAFETY PROCEDURES', '0.00', '', 1, 9, '0.00', '0.00', 1, '0.00', '0.00', '0.00', '0.00', '0.00', '0.00'),
(2757, 46, '', 'TO FOLLOW ALL SAFETY PROCEDURES AT WORKSITE\r\n- SAFETY CONES AND SIGNS AT ALL WORK AREAS\r\n- SAFETY CLOTHING AND EQUIPMENT FOR ALL STAFF', '0.00', '', 0, 10, '0.00', '0.00', 1, '0.00', '0.00', '0.00', '0.00', '0.00', '0.00'),
(2758, 46, '4.', 'IMPORTANT INFORMATION', '0.00', '', 1, 11, '0.00', '0.00', 1, '0.00', '0.00', '0.00', '0.00', '0.00', '0.00'),
(2759, 46, 'i.', 'IF ANY BLOCKAGES OR OVERFLOW OF GREASE TRAP TANK OCCURS AFTER THE QUATERLY SERVICE DONE, BERJAYA EARA RESOURCES WILL PROVIDE OUR SERVICES TO SOLVE THIS ISSUE ASAP.', '0.00', '', 0, 12, '0.00', '0.00', 1, '0.00', '0.00', '0.00', '0.00', '0.00', '0.00'),
(2760, 46, 'ii.', 'PAYMENT AMOUNT OF RM 1,200.00 PER BLOCKAGE CLEARANCE WILL BE CHARGED FOR THIS WORK. THIS DOES NOT INCLUDE REPLACEMENT OF ANY PARTS DAMAGED OR MISSING.', '0.00', '', 0, 13, '0.00', '0.00', 1, '0.00', '0.00', '0.00', '0.00', '0.00', '0.00'),
(2761, 46, '', '', '0.00', '', 0, 14, '0.00', '0.00', 1, '0.00', '0.00', '0.00', '0.00', '0.00', '0.00'),
(2762, 46, '', '', '0.00', '', 0, 15, '0.00', '0.00', 1, '0.00', '0.00', '0.00', '0.00', '0.00', '0.00'),
(2763, 46, '5.', 'OTHER INFORMATION', '0.00', '', 1, 16, '0.00', '0.00', 1, '0.00', '0.00', '0.00', '0.00', '0.00', '0.00'),
(2764, 46, 'i.', 'FULL REPORT WITH PICTURES WILL BE PROVIDED AFTER EACH QUATERLY SERVICE COMPLETED.', '0.00', '', 0, 17, '0.00', '0.00', 1, '0.00', '0.00', '0.00', '0.00', '0.00', '0.00'),
(2765, 46, '6.', 'PAYMENT TERMS', '0.00', '', 1, 18, '0.00', '0.00', 1, '0.00', '0.00', '0.00', '0.00', '0.00', '0.00'),
(2766, 46, 'i.', 'PAYMENT TO BE PAID ONCE INVOICE TOGETHER WITH DETAILED REPORT PROVIDED TO CUSTOMER.', '0.00', '', 0, 19, '0.00', '0.00', 1, '0.00', '0.00', '0.00', '0.00', '0.00', '0.00'),
(2767, 47, '', 'AIRCOND CLEANING AND SERVICING FOR JAPANESE CARS ONLY comple the system and this is the vwere for the understading', '0.00', '', 0, 1, '145.60', '145.60', 1, '0.00', '0.00', '145.60', '0.00', '0.00', '145.60'),
(2768, 47, '', '', '0.00', '', 0, 2, '0.00', '0.00', 1, '0.00', '0.00', '0.00', '0.00', '0.00', '0.00'),
(2769, 47, '', '', '0.00', '', 0, 3, '0.00', '0.00', 1, '0.00', '0.00', '0.00', '0.00', '0.00', '0.00'),
(2770, 47, '', '', '0.00', '', 0, 4, '0.00', '0.00', 1, '0.00', '0.00', '0.00', '0.00', '0.00', '0.00'),
(2771, 47, '', '', '0.00', '', 0, 5, '0.00', '0.00', 1, '0.00', '0.00', '0.00', '0.00', '0.00', '0.00'),
(2772, 47, '', '', '0.00', '', 0, 6, '0.00', '0.00', 1, '0.00', '0.00', '0.00', '0.00', '0.00', '0.00'),
(2773, 47, '', '', '0.00', '', 0, 7, '0.00', '0.00', 1, '0.00', '0.00', '0.00', '0.00', '0.00', '0.00'),
(2774, 47, '', '', '0.00', '', 0, 8, '0.00', '0.00', 1, '0.00', '0.00', '0.00', '0.00', '0.00', '0.00'),
(2775, 47, '', '', '0.00', '', 0, 9, '0.00', '0.00', 1, '0.00', '0.00', '0.00', '0.00', '0.00', '0.00'),
(2776, 47, '', '', '0.00', '', 0, 10, '0.00', '0.00', 1, '0.00', '0.00', '0.00', '0.00', '0.00', '0.00'),
(2787, 48, '1', 'COMPUTER DELL XPS 15 16GB RAM 512GB SSD INTEL I9 PROCESSOR', '0.00', 'PCS', 0, 1, '0.00', '0.00', 1, '0.00', '0.00', '0.00', '0.00', '0.00', '0.00'),
(2788, 48, '2', 'OPEN HEAVY DUTY MANHOLE COVERS SING SPECIAL TOOLS', '0.00', 'UNITS', 0, 2, '325.45', '325.45', 1, '0.00', '0.00', '325.45', '0.00', '0.00', '325.45'),
(2789, 48, '3', '', '0.00', '', 0, 3, '0.00', '0.00', 1, '0.00', '0.00', '0.00', '0.00', '0.00', '0.00'),
(2790, 48, '4', '', '0.00', '', 0, 4, '0.00', '0.00', 1, '0.00', '0.00', '0.00', '0.00', '0.00', '0.00'),
(2791, 48, '5', 'PREPARE HOUSE TENANCY AGREEMENT FOR CUSTOMER FOR THE YEAR 2023 AND 2024', '0.00', 'LOT', 0, 5, '900.00', '900.00', 1, '0.00', '0.00', '900.00', '0.00', '0.00', '900.00'),
(2792, 48, '', '', '0.00', '', 0, 6, '0.00', '0.00', 1, '0.00', '0.00', '0.00', '0.00', '0.00', '0.00'),
(2793, 48, '', '', '0.00', '', 0, 7, '0.00', '0.00', 1, '0.00', '0.00', '0.00', '0.00', '0.00', '0.00'),
(2794, 48, '', '', '0.00', '', 0, 8, '0.00', '0.00', 1, '0.00', '0.00', '0.00', '0.00', '0.00', '0.00'),
(2795, 48, '', '', '0.00', '', 0, 9, '0.00', '0.00', 1, '0.00', '0.00', '0.00', '0.00', '0.00', '0.00'),
(2796, 48, '6', 'TO USE TOOLS AND MANUALLY ENTER THE  DRAIN TO REMOVE ALL SAND, STONES, DEBRIS ETC FROM THE SIDES AND BOTTOM OF DRAINAGE.', '0.00', 'LOT', 0, 10, '3700.00', '3700.00', 1, '0.00', '0.00', '3700.00', '0.00', '0.00', '3700.00'),
(2797, 49, '', '', '0.00', '', 0, 1, '0.00', '0.00', 1, '0.00', '0.00', '0.00', '0.00', '0.00', '0.00'),
(2798, 49, '1.', 'TEAK WOOD IKEA TABLE 5 X 7 FEET', '0.00', 'PCS', 0, 2, '0.00', '0.00', 1, '0.00', '0.00', '0.00', '0.00', '0.00', '0.00'),
(2799, 49, '2.', 'REMOVE WINDSCREEN AND TINTING WORKS DONE FOR THE WHOLE CAR', '0.00', 'UNITS', 0, 3, '0.00', '0.00', 1, '0.00', '0.00', '0.00', '0.00', '0.00', '0.00'),
(2800, 49, '', 'PREPARE HOUSE TENANCY AGREEMENT FOR CUSTOMER FOR THE YEAR 2023 AND 2024', '0.00', 'LOT', 0, 4, '900.00', '900.00', 1, '0.00', '0.00', '900.00', '0.00', '0.00', '900.00'),
(2801, 49, '', 'CALENDAR FOR YEAR 2023 INCLUDING STICKERS MICKEY MOUSE', '0.00', 'PCS', 0, 5, '50.95', '50.95', 1, '0.00', '0.00', '50.95', '0.00', '0.00', '50.95'),
(2802, 49, '', '', '0.00', '', 0, 6, '0.00', '0.00', 1, '0.00', '0.00', '0.00', '0.00', '0.00', '0.00'),
(2803, 49, '', '', '0.00', '', 0, 7, '0.00', '0.00', 1, '0.00', '0.00', '0.00', '0.00', '0.00', '0.00'),
(2804, 49, '3.', 'TO USE TOOLS AND MANUALLY ENTER THE  DRAIN TO REMOVE ALL SAND, STONES, DEBRIS ETC FROM THE SIDES AND BOTTOM OF DRAINAGE.', '0.00', 'LOT', 0, 8, '3700.00', '3700.00', 1, '0.00', '0.00', '3700.00', '0.00', '0.00', '3700.00'),
(2805, 49, '', '', '0.00', '', 0, 9, '0.00', '0.00', 1, '0.00', '0.00', '0.00', '0.00', '0.00', '0.00'),
(2806, 49, '', '', '0.00', '', 0, 10, '0.00', '0.00', 1, '0.00', '0.00', '0.00', '0.00', '0.00', '0.00');

-- --------------------------------------------------------

--
-- Table structure for table `tbsecret`
--

DROP TABLE IF EXISTS `tbsecret`;
CREATE TABLE IF NOT EXISTS `tbsecret` (
  `secret_id` int(2) NOT NULL AUTO_INCREMENT,
  `secret_name` varchar(100) NOT NULL,
  `secret_login` varchar(10) NOT NULL,
  `secret_password` varchar(255) NOT NULL,
  `secret_status` int(1) NOT NULL COMMENT '1=boss, 2=clerk',
  PRIMARY KEY (`secret_id`)
) ENGINE=InnoDB AUTO_INCREMENT=6 DEFAULT CHARSET=latin1;

--
-- Dumping data for table `tbsecret`
--

INSERT INTO `tbsecret` (`secret_id`, `secret_name`, `secret_login`, `secret_password`, `secret_status`) VALUES
(2, '', 'john', '$2y$10$7rVKW2jNJIx2RP58ggHmc.cfAMHiEcplaz/oDmu1.s7B2/MaE/0OO', 1),
(3, '', 'palani', '$2y$10$CSe7O.UTL0kII8RIHr72Y.ik7w8pRtO8CSrWDuRdbDVVWqDg0U/hG', 1),
(4, 'melati', 'admin', '$2y$10$nXLhXGp.fxeOPH1UT3n4meRdFfyYW/QqJEGDuBH3zweiseb.G5Al6', 1),
(5, '', 'melati', '$2y$10$XbiatjnoX5jhXRxNdOl5PO/3765QySuDkKHntVbczqE0E3ZK1jptm', 1);

-- --------------------------------------------------------

--
-- Table structure for table `tbtaxrate`
--

DROP TABLE IF EXISTS `tbtaxrate`;
CREATE TABLE IF NOT EXISTS `tbtaxrate` (
  `taxRate_id` int(11) NOT NULL AUTO_INCREMENT,
  `taxRate_code` varchar(10) NOT NULL,
  `taxRate_rate` decimal(10,2) NOT NULL DEFAULT '0.00',
  `taxRate_description` varchar(100) NOT NULL,
  `taxRate_default` int(1) NOT NULL DEFAULT '0' COMMENT '1= default, rest all follow code',
  PRIMARY KEY (`taxRate_id`)
) ENGINE=InnoDB AUTO_INCREMENT=7 DEFAULT CHARSET=latin1;

--
-- Dumping data for table `tbtaxrate`
--

INSERT INTO `tbtaxrate` (`taxRate_id`, `taxRate_code`, `taxRate_rate`, `taxRate_description`, `taxRate_default`) VALUES
(1, 'NRT', '0.00', 'NR = No Rate, default rate = 0, dont DELETE', 1),
(2, 'SST', '6.00', 'Standard Rate', 0),
(3, 'STX', '10.00', 'Sales Tax', 0),
(4, 'PRG', '34.00', 'Electronic Items', 0),
(5, 'SXF', '8.00', 'Services Tax', 0),
(6, 'PPP', '1.50', 'Agriculture Products', 0);

-- --------------------------------------------------------

--
-- Table structure for table `tbtest`
--

DROP TABLE IF EXISTS `tbtest`;
CREATE TABLE IF NOT EXISTS `tbtest` (
  `test_id` int(11) NOT NULL AUTO_INCREMENT,
  `test_name` varchar(100) NOT NULL,
  PRIMARY KEY (`test_id`)
) ENGINE=InnoDB DEFAULT CHARSET=latin1;
COMMIT;

/*!40101 SET CHARACTER_SET_CLIENT=@OLD_CHARACTER_SET_CLIENT */;
/*!40101 SET CHARACTER_SET_RESULTS=@OLD_CHARACTER_SET_RESULTS */;
/*!40101 SET COLLATION_CONNECTION=@OLD_COLLATION_CONNECTION */;
